Index,Filter,Short Name,CSV Column,Section,Entry Group,OO Filter,TB Filter,TV Filter,Entry Filter,Report V1,Report Heatmap,Threshold Analysis Default Report,Filter Type,TB Field,TB Table,Location,TB Notes,OO Parameters,OO Notes,Implication,Computation,tool_tip_info
1,VIX Prior Close,VIX PrC,VIX_Close,Market Conditions,A: Volatility,FALSE,TRUE,,TRUE,TRUE,TRUE,FALSE,continuous,VIX_Close / VIX_Open,market.daily (VIX),parquet market.spot_daily,VIX_Close = prior day (lag); VIX_Open = same day,Min VIX Threashold,VIX regime filter,"Near-redundant with ATR, RV20, Vol_Regime (r > 0.87). Pick one representative.",,"VIX index close on the prior trading day. Level gauge for broad-market implied vol at entry. Calc: prior-day VIX close (t-1).

Top correlates: VIX_High 0.99, VIX_Low 0.99, VIX_Open 0.98."
2,VIX Trade Open,VIX Trade,VIX_Trade,Market Conditions,A: Volatility,TRUE,TRUE,,TRUE,TRUE,TRUE,FALSE,continuous,VIX_Close / VIX_Open,market.daily (VIX),parquet market.spot_daily,VIX_Close = prior day (lag); VIX_Open = same day,Min VIX Threashold,VIX regime filter,"Near-redundant with ATR, RV20, Vol_Regime (r > 0.87). Pick one representative.",,"Prior-day VIX open - proxy for VIX level at entry before the bar closes. Calc: VIX daily open, prior session. Largely interchangeable with VIX_Close for entry-level filtering."
3,VIX at Trade Entry Time,VIX@Entry,VIX_at_Entry,Market Conditions,A: Volatility,TRUE,TRUE,,TRUE,TRUE,TRUE,FALSE,continuous,"VIX intraday bar open at time_opened (same-day, at entry timestamp)",trades.trade_data,duck.db analytics.trades.trade_data,Primary: market.intraday (VIX) 2024-09-03+. Fallback: OO trade log CSV custom VIX column if present. Blank pre-2024-09 unless OO CSV has VIX column.,VIX at entry time,True 'VIX at this moment' - matches OO's per-trade VIX reading at the entry timestamp,Preferred over VIX_Close (prior day) and VIX_Trade (prior-day open) for entry-signal analysis when intraday VIX is available.,Intraday lookup + OO CSV fallback,VIX level captured at the trade's entry timestamp. More precise than prior-day close for intraday entries. Calc: market.intraday VIX 15-min bar open at time_opened; OO-CSV 'Opening VIX' fallback for dates before 2024-09-03.
4,VIX Prior Range High,VIX PriorH,VIX_High,Market Conditions,A: Volatility,FALSE,TRUE,,TRUE,FALSE,FALSE,FALSE,continuous,VIX_High / VIX_Low,market.daily (VIX),parquet market.spot_daily,Prior day VIX range,Not available,Not available,VIX High/Low r > 0.99 with VIX_Close. Redundant with VIX level.,,"VIX daily high, prior session. Peak intraday vol the day before entry. Calc: max of VIX session bars, prior day.

Top correlates: VIX_Close 0.99."
5,VIX Prior Range Low,VIX PriorL,VIX_Low,Market Conditions,A: Volatility,FALSE,TRUE,,TRUE,FALSE,FALSE,FALSE,continuous,VIX_High / VIX_Low,market.daily (VIX),parquet market.spot_daily,Prior day VIX range,Not available,Not available,VIX High/Low r > 0.99 with VIX_Close. Redundant with VIX level.,,"VIX daily low, prior session. Trough intraday vol the day before entry. Calc: min of VIX session bars, prior day.

Top correlates: VIX_Close 0.99."
6,VIX IV Rank,IVR,VIX_IVR,Market Conditions,A: Volatility,FALSE,TRUE,,TRUE,TRUE,TRUE,FALSE,continuous,VIX_IVR,market.daily (VIX),parquet market.spot_daily,IV Rank; prior day lag,Not available,Not available,r = 0.84 with VIX_IVP. Partially overlaps VIX level (r ~0.65) but adds ranking dimension.,,"VIX Implied Volatility Rank - where current VIX sits on the 0-100 scale between its 252-day min and max. 100 = at the yearly high. Calc: (VIX_Close - min_252) / (max_252 - min_252) x 100.

Top correlates: VIX_IVP 0.84, VIX_Close 0.65, Vol_Regime 0.65."
7,VIX IV Percentile,IVP,VIX_IVP,Market Conditions,A: Volatility,FALSE,TRUE,,TRUE,TRUE,TRUE,TRUE,continuous,VIX_IVP,market.daily (VIX),parquet market.spot_daily,IV Percentile; prior day lag,Not available,Not available,r = 0.84 with VIX_IVR. Near-redundant within group; pick one.,,"VIX Implied Volatility Percentile - rank of current VIX vs trailing 252-day history. Unlike IVR this accounts for distribution shape, not just range. Calc: percentile_rank(VIX_Close, window=252).

Top correlates: VIX_IVR 0.84, Vol_Regime 0.57, VIX_Close 0.53."
8,VIX9D Market Open,VIX9D Open,VIX9D_Open,Market Conditions,A: Volatility,FALSE,TRUE,,TRUE,TRUE,TRUE,FALSE,continuous,VIX9D_Open,market.daily (VIX9D),parquet market.spot_daily,Same-day open,Not available,Not available,VIX9D_Close r = 0.97 with VIX. IVR/IVP components overlap Group B.,,"VIX9D (9-day VIX) open, prior session. Shorter-horizon implied vol - more reactive than 30-day VIX. Calc: VIX9D daily open, prior session."
9,VIX9D Prior Close,VIX9D PrC,VIX9D_Close,Market Conditions,A: Volatility,FALSE,TRUE,,TRUE,TRUE,TRUE,FALSE,continuous,VIX9D_Close,market.daily (VIX9D),parquet market.spot_daily,Prior day lag,Not available,Not available,VIX9D_Close r = 0.97 with VIX. IVR/IVP components overlap Group B.,,"VIX9D (9-day VIX) close, prior session. Shorter-horizon implied vol; useful for term-structure reads. Calc: VIX9D daily close, prior session.

Top correlates: VIX_Close 0.97, VIX3M_Close 0.90, VIX9D_IVR 0.73."
10,VIX9D IV Rank,VIX9D IVR,VIX9D_IVR,Market Conditions,A: Volatility,FALSE,TRUE,,TRUE,FALSE,FALSE,FALSE,continuous,ivr,market.daily (VIX9D),parquet market.spot_daily,Prior day lag,,,VIX9D_IVR r ~ 0.84 with VIX9D_IVP. Short-term IV ranking.,,"VIX9D Implied Volatility Rank over 252-day window. Short-horizon-vol position in its own range. Calc: (VIX9D_Close - min_252) / (max_252 - min_252) x 100.

Top correlates: VIX9D_IVP 0.74, VIX9D_Close 0.73."
11,VIX9D IV Percentile,VIX9D IVP,VIX9D_IVP,Market Conditions,A: Volatility,FALSE,TRUE,,TRUE,FALSE,FALSE,FALSE,continuous,ivp,market.daily (VIX9D),parquet market.spot_daily,Prior day lag,,,VIX9D_IVP r ~ 0.84 with VIX9D_IVR. Short-term IV percentile.,,"VIX9D Implied Volatility Percentile over 252-day window. Short-horizon-vol rank by distribution. Calc: percentile_rank(VIX9D_Close, window=252).

Top correlates: VIX9D_IVR 0.74, VIX9D_Close 0.63."
12,VIX3M Market Open,VIX3M Open,VIX3M_Open,Market Conditions,A: Volatility,FALSE,TRUE,,TRUE,TRUE,TRUE,FALSE,continuous,VIX3M_Open,market.daily (VIX3M),parquet market.spot_daily,3-month VIX open; same day,Not available,Not available,VIX3M r = 0.98 with VIX. Redundant with VIX level.,,"VIX3M (3-month VIX) open, prior session. Longer-horizon implied vol - slower-moving baseline for term-structure comparisons. Calc: VIX3M daily open, prior session."
13,VIX3M Prior Close,VIX3M PriorC,VIX3M_Close,Market Conditions,A: Volatility,FALSE,TRUE,,TRUE,TRUE,TRUE,FALSE,continuous,VIX3M_Close,market.daily (VIX3M),parquet market.spot_daily,Prior day lag,,,,,"VIX3M (3-month VIX) close, prior session. Longer-horizon implied vol; denominator for term-structure ratios. Calc: VIX3M daily close, prior session.

Top correlates: VIX_Close 0.98, VIX9D_Close 0.90, VIX3M_IVR 0.58."
14,VIX3M IVR,VIX3M IVR,VIX3M_IVR,Market Conditions,A: Volatility,FALSE,TRUE,,TRUE,FALSE,FALSE,FALSE,continuous,ivr,market.daily (VIX3M),parquet market.spot_daily,Prior day lag,,,,,"VIX3M Implied Volatility Rank over 252-day window. Long-horizon-vol position in its own range. Calc: (VIX3M_Close - min_252) / (max_252 - min_252) x 100.

Top correlates: VIX3M_IVP 0.87, VIX3M_Close 0.58."
15,VIX3M IVP,VIX3M IVP,VIX3M_IVP,Market Conditions,A: Volatility,FALSE,TRUE,,TRUE,FALSE,FALSE,FALSE,continuous,ivp,market.daily (VIX3M),parquet market.spot_daily,Prior day lag,,,,,"VIX3M Implied Volatility Percentile over 252-day window. Long-horizon-vol rank by distribution. Calc: percentile_rank(VIX3M_Close, window=252).

Top correlates: VIX3M_IVR 0.87, VIX3M_Close 0.49."
16,Volatility regime,Vol Regime,Vol_Regime,Market Conditions,A: Volatility,FALSE,TRUE,,TRUE,TRUE,TRUE,FALSE,categorical,Vol_Regime,market._context_derived,parquet market.enriched_context,VIX-based regime bucket; prior day lag,Not available,Not available,r = 0.87 with VIX_Close. Discretized VIX level; near-redundant.,,"Six-bucket categorical VIX regime (1=Very Low <13, 2=Low 13-16, 3=Normal 16-20, 4=Elevated 20-25, 5=High 25-30, 6=Extreme >30). Coarse-grained regime filter. Calc: bucketed prior-day VIX_Close per fixed thresholds.

Top correlates: VIX_Close 0.87, VIX_IVR 0.65, VIX_IVP 0.57."
17,ATR as % of price,ATR%,ATR_Pct,Market Conditions,A: Volatility,FALSE,TRUE,,TRUE,TRUE,TRUE,FALSE,continuous,ATR_Pct,market.daily (SPX),parquet market.spot_daily,Prior day lag,Not available,Not available,"r = 0.94 with VIX_Close, 0.96 with RV20. Near-redundant with VIX level.",,"14-day Average True Range as % of underlying price. Realized-vol proxy - captures actual recent movement, not implied. Calc: Wilder ATR(14) / close x 100.

Top correlates: Realized_Vol_20D 0.96, VIX_Close 0.94, Realized_Vol_5D 0.84."
18,5-day realized volatility,RV5D,Realized_Vol_5D,Market Conditions,A: Volatility,FALSE,TRUE,,TRUE,TRUE,TRUE,FALSE,continuous,Realized_Vol_5D,market.daily (SPX),parquet market.spot_daily,Prior day lag,Not available,Not available,"r = 0.82 with VIX, 0.84 with ATR. Shorter lookback captures recent vol bursts.",,"5-day realized (historical) volatility on the underlying, annualized. Short-horizon realized-move proxy. Calc: stdev(log_returns, 5) x sqrt(252) x 100.

Top correlates: ATR_Pct 0.84, Realized_Vol_20D 0.83, VIX_Close 0.82."
19,20-day realized volatility,RV20D,Realized_Vol_20D,Market Conditions,A: Volatility,FALSE,TRUE,,TRUE,TRUE,TRUE,FALSE,continuous,Realized_Vol_20D,market.daily (SPX),parquet market.spot_daily,Prior day lag,Not available,Not available,"r = 0.88 with VIX, 0.96 with ATR. Near-redundant with ATR and VIX.",,"20-day realized (historical) volatility on the underlying, annualized. Longer-horizon realized-move proxy. Calc: stdev(log_returns, 20) x sqrt(252) x 100.

Top correlates: ATR_Pct 0.96, VIX_Close 0.88, Realized_Vol_5D 0.83."
20,Prior day intraday range,Intra Rng,Intraday_Range_Pct,Market Conditions,A: Volatility,FALSE,TRUE,,TRUE,TRUE,TRUE,FALSE,continuous,Intraday_Range_Pct,market.daily (SPX),parquet market.spot_daily,Prior day lag,Not available,Not available,"r = 0.79 with VIX, 0.77 with ATR. Redundant with VIX / ATR cluster.",,"Prior session's high-low range as % of close. Pure intraday-volatility measurement, no overnight. Calc: (High - Low) / Close x 100, prior session.

Top correlates: VIX_Close 0.79, Realized_Vol_5D 0.78, ATR_Pct 0.77."
21,VIX at Trade Close Time,VIX@Close,VIX_at_Close,Market Conditions,A: Volatility,FALSE,TRUE,,FALSE,FALSE,FALSE,FALSE,continuous,VIX intraday bar open at time_closed (same-day close time),trades.trade_data,duck.db analytics.trades.trade_data,Primary: market.intraday (VIX) 2024-09-03+. Fallback: OO trade log CSV custom column. Used for exit attribution / post-entry VIX move analysis - not an entry filter.,"VIX at close time (post-entry, not an entry filter)",For exit-attribution studies,Exit-time VIX. Flip Report flags TRUE if wanted in heatmap views.,Intraday lookup + OO CSV fallback,"VIX level captured at the trade's close timestamp. Exit-time data - for exit-attribution analysis, NOT a valid entry filter. Calc: market.intraday VIX bar at time_closed; OO-CSV 'Closing VIX' fallback."
22,VIX9D/VIX Ratio,9D/VIX,VIX9D_VIX_Ratio,Market Conditions,B: Term Structure,TRUE,TRUE,,TRUE,TRUE,TRUE,TRUE,continuous,VIX9D_Open / VIX_Open,market.daily (VIX9D / VIX),parquet market.spot_daily,Computed ratio; open = same day / close = prior day,Ratio threshold,Short-term vs longer-term vol ratio,Captures short-term vol premium. Weakly correlated with VIX level; independent signal.,VIX9D open / VIX open,"Term-structure gauge. Values <1 = contango (short-horizon vol below spot), >1 = backwardation (short-term stress). Calc: VIX9D_Close / VIX_Close."
23,VIX term structure state,Term Str,Term_Structure_State,Market Conditions,B: Term Structure,FALSE,TRUE,,TRUE,TRUE,TRUE,FALSE,categorical,Term_Structure_State,market._context_derived,parquet market.enriched_context,Contango / backwardation / flat; prior day lag,Not available,Not available,r = -0.39 with VIX. Independent signal capturing forward vol expectations.,,"Term-structure categorical: -1 backwardation, 0 flat, 1 contango. Coarse risk-on vs risk-off vol signal. Calc: sign(VIX3M_Close - VIX_Close) with a flat band around zero.

Top correlates: VIX_IVR -0.55, VIX_IVP -0.47, VIX_Close -0.39."
24,VIX spike magnitude,VIX Spike,VIX_Spike_Pct,Market Conditions,C: Vol Events,FALSE,TRUE,,TRUE,TRUE,TRUE,FALSE,continuous,VIX_Spike_Pct,market._context_derived,parquet market.enriched_context,VIX spike %; prior day lag,Not available,Not available,r = 0.21 with VIX level. Captures regime-break events independent of level.,,"VIX max intraday spike vs prior close, prior session. Captures vol shocks not visible in close-to-close stats. Calc: (VIX_High - prev_close) / prev_close x 100.

Top correlates: Vol_Regime 0.21, VIX_Close 0.21, Gap_Pct -0.14."
25,VIX O/N Move,VIX O/N,VIX_Gap_Pct,Market Conditions,C: Vol Events,TRUE,TRUE,,TRUE,TRUE,TRUE,FALSE,continuous,VIX_Gap_Pct,market.daily (VIX),parquet market.spot_daily,Open-known same day,Points or % change,Prior 4:15 PM close -> current open,Low correlation with VIX level (r ~0.21). Captures transient overnight dislocations.,,VIX overnight % change (VIX open vs prior close). OO's 'VIX Move Down / Move Up' entry filter maps directly here. Calc: (VIX_Open - VIX_prev_Close) / VIX_prev_Close x 100.
26,RSI momentum filter,RSI,RSI_14,Market Conditions,D: Momentum / Trend,TRUE,TRUE,,TRUE,TRUE,TRUE,FALSE,continuous,RSI_14,market.daily (SPX),parquet market.spot_daily,Prior day lag,Min/max RSI (0-100),14-day rolling minute RSI,"r = 0.83 with EMA21, 0.80 with SMA50. Central momentum proxy; pick RSI or MA position.",,"14-day Wilder Relative Strength Index on the underlying. Classic momentum oscillator; <30 oversold, >70 overbought. Calc: Wilder RSI(14) on daily closes.

Top correlates: Price_vs_EMA21_Pct 0.83, Price_vs_SMA50_Pct 0.80, Return_20D 0.74."
27,Price vs SMA 5,SMA 5,SMA_5,Market Conditions,D: Momentum / Trend,TRUE,TRUE,,TRUE,TRUE,TRUE,FALSE,continuous,Price_vs_SMA5_Pct,market.daily (underlying),computed: parquet market.spot_daily,"COMPUTED ON-THE-FLY by the build script — Price_vs_SMA5_Pct is NOT pre-enriched in market.enriched (only SMA_50 is). The build script (build_entry_filter_data.py, fetch_sma_pct_fields) reads daily closes from parquet market.spot_daily, computes the 5-day rolling SMA over the trailing window [N preceding ... 1 preceding] (strict prior-day lag), then computes (today_open - sma_lag) / sma_lag * 100. Convention matches TB's pre-enriched SMA_50.",SMA period=5; above/below/crossover,"Price at trade open relative to 5-day SMA. Triggers: above, below, or crossover between two SMAs.",Daily SMA 5. Adjacent SMAs (e.g. 10 vs 20) are highly correlated; space periods apart for independence.,(underlying_open - SMA(5d close)) / SMA(5d close) * 100. Computed inline by build script (not pre-enriched in TB).,"5-day simple moving average of the underlying. Very short-term trend level. Calc: mean(close, 5). Reported by the pipeline as Price_vs_SMA5_Pct (percent distance of close from the MA)."
28,Price vs SMA 10,SMA 10,SMA_10,Market Conditions,D: Momentum / Trend,TRUE,TRUE,,TRUE,TRUE,TRUE,FALSE,continuous,Price_vs_SMA10_Pct,market.daily (underlying),computed: parquet market.spot_daily,"COMPUTED ON-THE-FLY by the build script — Price_vs_SMA10_Pct is NOT pre-enriched in market.enriched (only SMA_50 is). The build script (build_entry_filter_data.py, fetch_sma_pct_fields) reads daily closes from parquet market.spot_daily, computes the 10-day rolling SMA over the trailing window [N preceding ... 1 preceding] (strict prior-day lag), then computes (today_open - sma_lag) / sma_lag * 100. Convention matches TB's pre-enriched SMA_50.",SMA period=10; above/below/crossover,"Price at trade open relative to 10-day SMA. Triggers: above, below, or crossover between two SMAs.",Daily SMA 10. Adjacent SMAs (e.g. 10 vs 20) are highly correlated; space periods apart for independence.,(underlying_open - SMA(10d close)) / SMA(10d close) * 100. Computed inline by build script (not pre-enriched in TB).,"10-day simple moving average of the underlying. Short-term trend level. Calc: mean(close, 10). Reported as Price_vs_SMA10_Pct."
29,Price vs SMA 20,SMA 20,SMA_20,Market Conditions,D: Momentum / Trend,TRUE,TRUE,,TRUE,TRUE,TRUE,FALSE,continuous,Price_vs_SMA20_Pct,market.daily (underlying),computed: parquet market.spot_daily,"COMPUTED ON-THE-FLY by the build script — Price_vs_SMA20_Pct is NOT pre-enriched in market.enriched (only SMA_50 is). The build script (build_entry_filter_data.py, fetch_sma_pct_fields) reads daily closes from parquet market.spot_daily, computes the 20-day rolling SMA over the trailing window [N preceding ... 1 preceding] (strict prior-day lag), then computes (today_open - sma_lag) / sma_lag * 100. Convention matches TB's pre-enriched SMA_50.",SMA period=20; above/below/crossover,"Price at trade open relative to 20-day SMA. Triggers: above, below, or crossover between two SMAs.",Daily SMA 20. Adjacent SMAs (e.g. 10 vs 20) are highly correlated; space periods apart for independence.,(underlying_open - SMA(20d close)) / SMA(20d close) * 100. Computed inline by build script (not pre-enriched in TB).,"20-day simple moving average of the underlying. Monthly trend level. Calc: mean(close, 20). Reported as Price_vs_SMA20_Pct."
30,Price vs SMA 50,SMA 50,SMA_50,Market Conditions,D: Momentum / Trend,TRUE,TRUE,,TRUE,TRUE,TRUE,FALSE,continuous,Price_vs_SMA50_Pct,market.daily (underlying),parquet market.spot_daily,Pre-enriched in parquet market.enriched as Price_vs_SMA50_Pct (the only SMA period TB currently enriches). Other SMA periods (5/10/20/200) are computed on-the-fly by the build script. Daily SMA; prior day lag. OO range: 2-200 days. % = (underlying open - SMA) / SMA. Positive = price above SMA. NOTE: enriched data has -100 sentinel values during early-window warmup; consider switching to on-the-fly computation for consistency.,SMA period=50; above/below/crossover,"Price at trade open relative to 50-day SMA. Triggers: above, below, or crossover between two SMAs.",Daily SMA 50. Adjacent SMAs (e.g. 10 vs 20) are highly correlated; space periods apart for independence.,(underlying_open - SMA(50d close)) / SMA(50d close) * 100,"50-day simple moving average of the underlying. Medium-term trend level; classic swing-trader reference. Calc: mean(close, 50). Reported as Price_vs_SMA50_Pct."
31,Price vs SMA 200,SMA 200,SMA_200,Market Conditions,D: Momentum / Trend,TRUE,TRUE,,TRUE,TRUE,TRUE,FALSE,continuous,Price_vs_SMA200_Pct,market.daily (underlying),computed: parquet market.spot_daily,"COMPUTED ON-THE-FLY by the build script — Price_vs_SMA200_Pct is NOT pre-enriched in market.enriched (only SMA_50 is). The build script (build_entry_filter_data.py, fetch_sma_pct_fields) reads daily closes from parquet market.spot_daily, computes the 200-day rolling SMA over the trailing window [N preceding ... 1 preceding] (strict prior-day lag), then computes (today_open - sma_lag) / sma_lag * 100. Convention matches TB's pre-enriched SMA_50.",SMA period=200; above/below/crossover,"Price at trade open relative to 200-day SMA. Triggers: above, below, or crossover between two SMAs.",Daily SMA 200. Adjacent SMAs (e.g. 10 vs 20) are highly correlated; space periods apart for independence.,(underlying_open - SMA(200d close)) / SMA(200d close) * 100. Computed inline by build script (not pre-enriched in TB).,"200-day simple moving average of the underlying. Long-term bull/bear divider. Calc: mean(close, 200). Reported as Price_vs_SMA200_Pct."
32,Price vs EMA 5min,EMA 5m,EMA_5m,Market Conditions,D: Momentum / Trend,TRUE,FALSE,,TRUE,TRUE,TRUE,FALSE,continuous,,,parquet market.spot,Intraday minute EMA; OO range: 5-50 min. % = (underlying open - EMA) / EMA. Positive = price above EMA. Requires minute bars.,EMA period=5min; above/below/crossover,"Price at trade open relative to 5-minute EMA. Triggers: above, below, or crossover between two EMAs.","Intraday EMA 5min. Different timeframe from daily SMA - captures intraday momentum, not multi-day trend.",(underlying_open - EMA(5m)) / EMA(5m) * 100,5-minute exponential moving average of the underlying (intraday). Calc: EMA on 5-min bars at time_opened. Requires intraday bar data (skipped when not available).
33,Price vs EMA 13min,EMA 13m,EMA_13m,Market Conditions,D: Momentum / Trend,TRUE,FALSE,,TRUE,TRUE,TRUE,FALSE,continuous,,,parquet market.spot,Intraday minute EMA; OO range: 5-50 min. % = (underlying open - EMA) / EMA. Positive = price above EMA. Requires minute bars.,EMA period=13min; above/below/crossover,"Price at trade open relative to 13-minute EMA. Triggers: above, below, or crossover between two EMAs.","Intraday EMA 13min. Different timeframe from daily SMA - captures intraday momentum, not multi-day trend.",(underlying_open - EMA(13m)) / EMA(13m) * 100,13-minute exponential moving average of the underlying (intraday). Calc: EMA on 13-min bars at time_opened. Requires intraday bar data.
34,Price vs EMA 21min,EMA 21m,EMA_21m,Market Conditions,D: Momentum / Trend,TRUE,FALSE,,TRUE,TRUE,TRUE,FALSE,continuous,,,parquet market.spot,Intraday minute EMA; OO range: 5-50 min. % = (underlying open - EMA) / EMA. Positive = price above EMA. Requires minute bars.,EMA period=21min; above/below/crossover,"Price at trade open relative to 21-minute EMA. Triggers: above, below, or crossover between two EMAs.","Intraday EMA 21min. Different timeframe from daily SMA - captures intraday momentum, not multi-day trend.",(underlying_open - EMA(21m)) / EMA(21m) * 100,21-minute exponential moving average of the underlying (intraday). Calc: EMA on 21-min bars at time_opened. Requires intraday bar data.
35,Price vs EMA 50min,EMA 50m,EMA_50m,Market Conditions,D: Momentum / Trend,TRUE,FALSE,,TRUE,TRUE,TRUE,FALSE,continuous,,,parquet market.spot,Intraday minute EMA; OO range: 5-50 min. % = (underlying open - EMA) / EMA. Positive = price above EMA. Requires minute bars.,EMA period=50min; above/below/crossover,"Price at trade open relative to 50-minute EMA. Triggers: above, below, or crossover between two EMAs.","Intraday EMA 50min. Different timeframe from daily SMA - captures intraday momentum, not multi-day trend.",(underlying_open - EMA(50m)) / EMA(50m) * 100,50-minute exponential moving average of the underlying (intraday). Calc: EMA on 50-min bars at time_opened. Requires intraday bar data.
36,5-day trailing return,Ret5D,Return_5D,Market Conditions,D: Momentum / Trend,FALSE,TRUE,,TRUE,TRUE,TRUE,FALSE,continuous,Return_5D,market.daily (SPX),parquet market.spot_daily,Prior day lag,Not available,Not available,"r = 0.76 with EMA21, 0.59 with RSI. Short-term directional signal.",,"5-day trailing return on the underlying, %. Short-term momentum. Calc: (close_today - close_5d_ago) / close_5d_ago x 100.

Top correlates: Price_vs_EMA21_Pct 0.76, RSI_14 0.59, Return_20D 0.47."
37,20-day trailing return,Ret20D,Return_20D,Market Conditions,D: Momentum / Trend,FALSE,TRUE,,TRUE,TRUE,TRUE,FALSE,continuous,Return_20D,market.daily (SPX),parquet market.spot_daily,Prior day lag,Not available,Not available,"r = 0.86 with SMA50, 0.74 with RSI. Medium-term directional signal.",,"20-day trailing return on the underlying, %. Monthly momentum. Calc: (close_today - close_20d_ago) / close_20d_ago x 100.

Top correlates: Price_vs_SMA50_Pct 0.86, RSI_14 0.74, VIX_Close -0.47."
38,Close position in day's range,Close Pos,Close_Position_In_Range,Market Conditions,D: Momentum / Trend,FALSE,TRUE,,TRUE,TRUE,TRUE,FALSE,continuous,Close_Position_In_Range,market.daily (SPX),parquet market.spot_daily,Prior day lag,Not available,Not available,"r = 0.71 with Intra_Return, 0.33 with RSI. Blends momentum and price action.",,"Prior-day close position within prior-day's high-low range, 0 to 1. 1 = closed at high, 0 = closed at low. Calc: (close - low) / (high - low), prior session.

Top correlates: Intraday_Return_Pct 0.71, RSI_14 0.33, VIX_Close -0.14."
39,Consecutive up/down days,Consec,Consecutive_Days,Market Conditions,D: Momentum / Trend,FALSE,TRUE,,TRUE,TRUE,TRUE,FALSE,continuous,Consecutive_Days,market.daily (SPX),parquet market.spot_daily,Prior day lag,Not available,Not available,"r = 0.46 with Ret5D, 0.43 with RSI. Streak-based momentum proxy.",,"Signed count of consecutive same-direction close-to-close days. Positive = up streak, negative = down streak. Calc: signed runs of sign(close_t - close_t-1).

Top correlates: Return_5D 0.46, RSI_14 0.43, VIX_Close -0.17."
40,Underlying gap or move from open,Gap,Gap_Pct,Market Conditions,E: Price Action,TRUE,TRUE,,TRUE,TRUE,TRUE,FALSE,continuous,Gap_Pct,market.daily (SPX),parquet market.spot_daily,Open-known same day,Points or % from open,Gap / intraday move filter,Largely independent (r = -0.08 with Prev_Return). Unique same-day signal.,,"Overnight gap in the underlying, as % of prior close. Captures pre-market sentiment shock. Calc: (today_open - prev_close) / prev_close x 100.

Top correlates: VIX_Spike_Pct -0.14, VIX_Close -0.12, Prev_Return_Pct -0.08."
41,Gap fill indicator,Gap Fill,Gap_Filled,Market Conditions,E: Price Action,FALSE,TRUE,,TRUE,TRUE,TRUE,FALSE,binary,Gap_Filled,market.daily (SPX),parquet market.spot_daily,Prior day lag,Not available,Not available,Near-zero correlation with all fields (r < 0.03). Fully independent binary signal.,,"Binary: did the prior session fill its overnight gap? 1 = gap range traversed intraday, 0 = didn't. Calc: indicator that gap-close range was touched.

Top correlates: VIX_Close -0.02, Intraday_Range_Pct -0.02, Gap_Pct 0.01 (essentially uncorrelated with everything)."
42,Opening range breakout,ORB,,Market Conditions,E: Price Action,TRUE,TRUE,,TRUE,FALSE,FALSE,FALSE,continuous,ORB High / Low / Range,market.intraday (SPX),parquet market.spot,Computed from intraday bars (e.g. 9:30-9:45),Range period + direction,Enter only when price breaks opening range,Intraday price structure. Independent of daily market fields.,Requires intraday data,Opening Range Breakout - entry gated on the underlying breaking out of the first N minutes' high/low on the open. Calc: platform-level execution filter in OO; not represented as a CSV column in TB so cannot be analyzed via the sweep / heatmap.
43,Opening range non-breakout,ORB-No,,Market Conditions,E: Price Action,TRUE,TRUE,,TRUE,FALSE,FALSE,FALSE,continuous,ORB High / Low / Range,market.intraday (SPX),parquet market.spot,Computed from intraday bars,Range period,Enter only when price stays within opening range,Inverse of ORB breakout. Independent of daily market fields.,Requires intraday data,Opening Range Breakout-No - entry gated on the underlying NOT breaking out of the opening range. Calc: platform-level execution filter in OO; not represented as a CSV column in TB.
44,Prior day intraday return,Intra Ret,Intraday_Return_Pct,Market Conditions,E: Price Action,FALSE,TRUE,,TRUE,TRUE,TRUE,FALSE,continuous,Intraday_Return_Pct,market.daily (SPX),parquet market.spot_daily,Prior day lag,Not available,Not available,r = 0.71 with Close_In_Range. Captures daily directional outcome.,,"Prior session's intraday return (open to close), %. Separates overnight gap from intraday drift. Calc: (close - open) / open x 100, prior session.

Top correlates: Close_Position_In_Range 0.71, Prev_Return_Pct -0.11."
45,Intraday Move %,Intra Mv%,Intra_Move_Pct,Market Conditions,E: Price Action,TRUE,TRUE,,TRUE,TRUE,TRUE,FALSE,continuous,(underlying bar open at time_opened - underlying daily open) / underlying daily open * 100,trades.trade_data,duck.db analytics.trades.trade_data,Primary: market.intraday (block's underlying ticker - SPX/QQQ/SPY/IWM/etc.). Fallback: OO trade log 'Movement' column (points) converted to pct via underlying daily open.,Points or % from RTH open,Matches OO's Movement entry filter (expressed as percentage for scale-consistency with Gap_Pct),Same-day intraday drift at entry time. Independent signal from Gap (= overnight). Positive = underlying has rallied from today's open; negative = sold off.,Intraday lookup + OO CSV fallback (points->pct conversion),"Same-day intraday drift from today's open to the trade's entry timestamp, %. Positive = rallied from open, negative = sold off. Scale-consistent version of OO's 'Movement' entry filter. Calc: (intraday_open_at_entry - daily_open) / daily_open x 100. Requires intraday bar data; OO 'Movement' fallback."
46,Prior day return,Prev Ret,Prev_Return_Pct,Market Conditions,E: Price Action,FALSE,TRUE,,TRUE,TRUE,TRUE,FALSE,continuous,Prev_Return_Pct,market.daily (SPX),parquet market.spot_daily,Open-known same day,Not available,Not available,r = -0.08 with Gap_Pct. Largely independent single-day signal.,,"Prior session's close-to-close return, %. Full-day momentum from the previous session. Calc: (close_t-1 - close_t-2) / close_t-2 x 100.

Top correlates: VIX_Close -0.11, Intraday_Return_Pct -0.11, Gap_Pct -0.08."
47,Prior range relative to ATR,Rng/ATR,Prior_Range_vs_ATR,Market Conditions,E: Price Action,FALSE,TRUE,,TRUE,TRUE,TRUE,FALSE,continuous,Prior_Range_vs_ATR,market.daily (SPX),parquet market.spot_daily,Open-known same day,Not available,Not available,"r = 0.04 with ATR, 0.21 with Intra_Range. Normalized range; largely independent.",,"Prior session's high-low range divided by 14-day ATR. >1 = unusually wide day, <1 = quiet day. Calc: (prev_High - prev_Low) / ATR(14).

Top correlates: Intraday_Range_Pct 0.21, ATR_Pct 0.04."
48,SqueezeMetrics DIX,DIX,sm_dix,Dealer Hedging,F: Dealer Hedging,FALSE,FALSE,,TRUE,TRUE,TRUE,FALSE,continuous,,,entry_filter_dates_sm.default.csv,Sourced from SqueezeMetrics DIX-3.csv via entry_filter_dates_sm.default.csv. No DuckDB table - file-only.,,,"Dollar-weighted dark-pool short-volume share of SPX components. Higher = more investor BUYING pressure (counter-intuitive: dealers fill investor buy orders by short-selling, so dark short-volume % proxies investor buys). DIX>=0.45 historically associated with +5.3% mean 60d fwd SPX return vs +2.8% baseline.","Sourced from SqueezeMetrics published feed. Computed by SM from FINRA Reg SHO daily files, dollar-weighted across SPX components. Range observed: 0.33-0.55.","Dollar-weighted percentage of short volume in SPX component stocks executed in dark pools. Counter-intuitive interpretation: HIGHER DIX = more BUYING pressure, not selling. Dealers in dark pools quote spreads with no inventory; when an investor buys from a dealer, the print is a short sale. Dark short-volume % therefore proxies investor buying. Range: 0.33-0.55. SM rule of thumb: DIX>=0.45 = accumulation regime; DIX<0.40 = weak; DIX<0.35 extended = topping/pre-correction phases."
49,DIX 1yr Percentile Rank,DIX %Rank,sm_dix_pct_rank_252d,Dealer Hedging,F: Dealer Hedging,FALSE,FALSE,,TRUE,TRUE,TRUE,FALSE,continuous,,,entry_filter_dates_sm.default.csv,252-day rolling percentile rank of sm_dix. NULL for first 251 rows (warmup). Built in entry_filter_dates_sm build script using rolling(252).apply((w<=w.iloc[-1]).sum()/len(w))*100.,,,Today's DIX rank within trailing 252 trading days. Regime-relative measure: same absolute DIX value can mean different things across years. 50 = at 1yr median; 80+ = top 20% of trailing year; 20- = bottom 20%.,"rolling 252 trading days, fraction of values <= today, scaled 0-100. Built in stage 2 of entry_filter_dates_sm transform.","1-year rolling percentile rank of DIX (0-100 scale). Where today's DIX sits within the trailing 252 trading days. 50 = median, 80+ = top 20%, 20- = bottom 20%. Robust to regime drift (compares to recent baseline, not all-time). NULL in first 251 rows of dataset (warmup window not yet full)."
50,DIX Band,DIX Band,sm_dix_band,Dealer Hedging,F: Dealer Hedging,FALSE,FALSE,,TRUE,FALSE,TRUE,FALSE,categorical,,,entry_filter_dates_sm.default.csv,"Three-state categorical: low (DIX<0.40, ~16%), mid (0.40<=DIX<0.45, ~51%), high (DIX>=0.45, ~33%). Bins from SM's published thresholds. Built in stage 2 of entry_filter_dates_sm transform.",,,DIX regime classifier following SM's published cuts. high regime (DIX>=0.45) historically +5.3% mean 60d fwd SPX return vs +2.8% baseline. Useful for accumulation-aware entry filters.,'low' if dix<0.40 else ('mid' if dix<0.45 else 'high'). Built in stage 2 of entry_filter_dates_sm transform.,"DIX band based on SM's published thresholds. Values: 'low' (DIX<0.40, ~16% of days, weak accumulation), 'mid' (0.40-0.45, ~51%, neutral), 'high' (DIX>=0.45, ~33%, accumulation regime). High band historically associated with +5.3% mean 60d forward SPX return vs +2.8% baseline. Counter-intuitive: high DIX = more BUYING (see SM 'Short Is Long' paper)."
51,SqueezeMetrics GEX,GEX,sm_gex,Dealer Hedging,F: Dealer Hedging,FALSE,FALSE,,TRUE,TRUE,TRUE,FALSE,continuous,,,entry_filter_dates_sm.default.csv,Sourced from SqueezeMetrics DIX-3.csv via entry_filter_dates_sm.default.csv. Heavily right-skewed; raw threshold sweeps noisy - prefer percentile rank for threshold analysis.,,,"Dollar-aggregate dealer gamma across SPX options. Positive GEX (~91% of days) = dealer net long gamma, sells into rallies/buys into dips, DAMPS volatility. Negative GEX (~9% of days) = AMPLIFIES volatility, exponentially larger sigma. Sign is the highest-leverage regime cut.","Sourced from SqueezeMetrics. Sum of (Gamma x OI x 100) across all SPX option strikes/expiries; calls contribute positive, puts contribute negative. Range: -$7.5B to +$24.2B; mean +$3.0B; skew=1.73.","Dollar-denominated aggregate of dealer gamma on SPX options. Positive GEX (~91% of days) = vol-damping regime; negative (~9%) = vol-amplifying. Negative-GEX days carry the tails (2022 was 41% negative, an extreme regime). Range -$7.5B to +$24.2B; heavily right-skewed. For threshold analysis prefer sm_gex_pct_rank_252d (regime-stable) over raw sm_gex."
52,GEX 1yr Percentile Rank,GEX %Rank,sm_gex_pct_rank_252d,Dealer Hedging,F: Dealer Hedging,FALSE,FALSE,,TRUE,TRUE,TRUE,TRUE,continuous,,,entry_filter_dates_sm.default.csv,252-day rolling percentile rank of sm_gex. NULL for first 251 rows (warmup). PRIMARY threshold-analysis feature for GEX - preferred over raw sm_gex because GEX has heavy tails and skewed distribution.,,,Regime-relative GEX measure. Captures regime shifts robustly: a +$5B reading might rank top quartile in a calm year (2024) and bottom quartile in a stress year (2022). Cleanest single feature for GEX-based vol-regime classification.,"rolling 252 trading days, fraction of values <= today, scaled 0-100. Built in stage 2 of entry_filter_dates_sm transform.",1-year rolling percentile rank of GEX (0-100 scale). KEY derived feature: same absolute GEX value can mean very different things across regimes (e.g. +$5B is top quartile in calm 2024 but bottom quartile in stress 2022). Use this OVER raw sm_gex for threshold filters where regime stability matters. NULL for first 251 rows of dataset (warmup).
53,GEX Sign,GEX Sign,sm_gex_sign,Dealer Hedging,F: Dealer Hedging,FALSE,FALSE,,TRUE,TRUE,TRUE,FALSE,categorical,,,entry_filter_dates_sm.default.csv,Two-state categorical: positive (~91% of days) or negative (~9%). Boundary: GEX>=0 -> positive; GEX is essentially never exactly 0. Built in stage 2 of entry_filter_dates_sm transform.,,,"Cleanest binary regime cut for vol-sensitive strategies. positive = dealer hedging absorbs moves (vol-damping). negative = dealer hedging amplifies moves (vol-amplifying, exponentially larger sigma). 9% negative-GEX days carry disproportionate tail risk.",'positive' if sm_gex >= 0 else 'negative'. Built in stage 2 of entry_filter_dates_sm transform.,"Sign of GEX as categorical. Values: 'positive' (~91% of days, vol-damping regime - dealer hedging absorbs price moves) or 'negative' (~9%, vol-amplifying regime - dealer hedging worsens moves). The single highest-leverage regime cut for short-vol strategies - negative-GEX days carry the tails of the SPX return distribution. 2022 had 41% negative-GEX days (regime outlier)."
54,Day of week,DoW,calendar_day_of_week,Events,G: Calendar,TRUE,TRUE,,TRUE,TRUE,TRUE,FALSE,categorical,,,entry_filter_dates_calendar.default.csv,Sourced from entry_filter_dates_calendar.default.csv. Trading days only - values 1=Mon to 5=Fri (weekday-only file). Also pre-computed in parquet market.enriched for TB pipeline use; sourcing here makes the build self-contained.,Day selection checkboxes (OO native filter); also Month available,"Native filter in OO; values match (1=Mon..5=Fri, month 1-12).",Structural calendar effect; independent of all market fields (r < 0.02 against market data). Captures day-of-week behavioral effects in trading.,"date.weekday() + 1 (Monday=1, ..., Friday=5). Pre-computed in the holidays datelist build.","Day of week at entry. 1=Mon, 2=Tue, 3=Wed, 4=Thu, 5=Fri. Calc: weekday(date_opened) + 1. Top correlate: Is_Opex 0.31 (OpEx falls on Fridays). Otherwise independent of market fields."
55,Calendar month,Month,calendar_month,Events,G: Calendar,TRUE,TRUE,,TRUE,TRUE,TRUE,FALSE,categorical,,,entry_filter_dates_calendar.default.csv,Sourced from entry_filter_dates_calendar.default.csv. Values 1-12. Also pre-computed in parquet market.enriched for TB pipeline use; sourcing here makes the build self-contained.,future blackout dates,OO has implicit calendar awareness via blackout date selection.,"Seasonal structural effect; independent of all market fields (r < 0.03). Captures monthly seasonality (Jan effect, Sell-in-May, Santa rally, etc.).",date.month (1-12). Pre-computed in the holidays datelist build.,"Calendar month at entry, 1=Jan to 12=Dec. Calc: month(date_opened). Independent of other market fields (r < 0.03 across all). Use for seasonal entry filtering (e.g. avoid May-Sep, prefer Q4)."
56,Days to Next Holiday,DaytH,calendar_days_to_closure,Events,G: Calendar,FALSE,FALSE,,TRUE,TRUE,TRUE,TRUE,categorical,,,entry_filter_dates_calendar.default.csv,Sourced from entry_filter_dates_calendar.default.csv. Calendar-indexed weekday rows; trading-day-aware LTD references. See entry_filter_dates_calendar_notes.md for build details and same-week-zero rule semantics.,,,Calendar days until next NYSE/CBOE full-closure holiday. Captures pre-holiday positioning effects.,"Days between today and next ""closed"" source event. NULL if no future closure in source range.","Calendar days to next full-closure NYSE/CBOE holiday (~10/year: New Year, MLK, Washington, Good Friday, Memorial, Independence, Labor, Thanksgiving, Christmas). 0 on the holiday day itself (rare for trade dates since trades do not open on full closures). Pre-holiday positioning common in days_to=1-2 range. Excludes early-close days."
57,Days from Prior Holiday,DayfH,calendar_days_from_closure,Events,G: Calendar,FALSE,FALSE,,TRUE,TRUE,TRUE,FALSE,categorical,,,entry_filter_dates_calendar.default.csv,Sourced from entry_filter_dates_calendar.default.csv. Calendar-indexed weekday rows; trading-day-aware LTD references. See entry_filter_dates_calendar_notes.md for build details and same-week-zero rule semantics.,,,Calendar days since most recent full-closure holiday. Captures post-holiday drift effects.,"Days between today and prior ""closed"" source event. NULL if no past closure in source range.",Calendar days since prior full-closure holiday. 0 on the holiday day itself. Post-holiday drift / mean-reversion patterns often visible in days_from=1-5 range.
58,Weeks to Next Holiday,WeektH,calendar_weeks_to_closure,Events,G: Calendar,FALSE,FALSE,,TRUE,TRUE,TRUE,TRUE,categorical,,,entry_filter_dates_calendar.default.csv,Sourced from entry_filter_dates_calendar.default.csv. Calendar-indexed weekday rows; trading-day-aware LTD references. See entry_filter_dates_calendar_notes.md for build details and same-week-zero rule semantics.,,,ISO-week distance to next full-closure holiday. Same-week-zero rule: 0 if any closure in current ISO week.,ISO week (Mon-Sun) distance using same-week-zero rule. 0 if any closure of matching type falls in current week.,"ISO-week distance (Mon-Sun) to next full-closure holiday. Same-week-zero rule: returns 0 if any closure falls in current ISO week, regardless of weekday. Useful as exclusion filter (!= 0) to skip ""holiday week"" distortions."
59,Weeks from Prior Holiday,WeekfH,calendar_weeks_from_closure,Events,G: Calendar,FALSE,FALSE,,TRUE,TRUE,TRUE,FALSE,categorical,,,entry_filter_dates_calendar.default.csv,Sourced from entry_filter_dates_calendar.default.csv. Calendar-indexed weekday rows; trading-day-aware LTD references. See entry_filter_dates_calendar_notes.md for build details and same-week-zero rule semantics.,,,ISO-week distance since prior full-closure holiday. Same-week-zero rule applies.,ISO week distance using same-week-zero rule. 0 if any closure falls in current week.,ISO-week distance since prior full-closure holiday. Same-week-zero rule. Both weeks_to and weeks_from = 0 in any ISO week containing a holiday - equivalent triggers in that week.
60,Days to End of Month,DaytEOM,calendar_days_to_last_trading_day_of_month,Events,G: Calendar,FALSE,FALSE,,TRUE,TRUE,TRUE,TRUE,categorical,,,entry_filter_dates_calendar.default.csv,Sourced from entry_filter_dates_calendar.default.csv. Calendar-indexed weekday rows; trading-day-aware LTD references. See entry_filter_dates_calendar_notes.md for build details and same-week-zero rule semantics.,,,Calendar days to last trading day of month. Captures month-end window-dressing and rebalancing effects.,Days to LTD of current (or future) month. Trading day = weekday minus closure events.,Calendar days to last trading day of month. 0 on the month-end day itself. Institutional rebalancing flow concentrated in last 3-5 trading days; window dressing in last 1-2 days. Holiday-aware (skips closed days).
61,Days from End of Month,DayfEOM,calendar_days_from_last_trading_day_of_month,Events,G: Calendar,FALSE,FALSE,,TRUE,TRUE,TRUE,FALSE,categorical,,,entry_filter_dates_calendar.default.csv,Sourced from entry_filter_dates_calendar.default.csv. Calendar-indexed weekday rows; trading-day-aware LTD references. See entry_filter_dates_calendar_notes.md for build details and same-week-zero rule semantics.,,,Calendar days since prior month-end trading day. Captures early-month fresh-flow effects.,Days since most recent prior month-end trading day.,"Calendar days since prior month-end. 0 on the month-end day itself. Early-month dynamics: fresh capital deployment, fund flows in days 1-3."
62,Weeks to End of Month,WeektEOM,calendar_weeks_to_last_trading_day_of_month,Events,G: Calendar,FALSE,FALSE,,TRUE,TRUE,TRUE,FALSE,categorical,,,entry_filter_dates_calendar.default.csv,Sourced from entry_filter_dates_calendar.default.csv. Calendar-indexed weekday rows; trading-day-aware LTD references. See entry_filter_dates_calendar_notes.md for build details and same-week-zero rule semantics.,,,ISO-week distance to next month-end trading day. Same-week-zero rule applies.,ISO week distance using same-week-zero rule.,"ISO-week distance to next month-end trading day. Same-week-zero rule: 0 if month-end falls in current ISO week. Useful for ""last week of month"" filters."
63,Weeks from End of Month,WeekfEOM,calendar_weeks_from_last_trading_day_of_month,Events,G: Calendar,FALSE,FALSE,,TRUE,TRUE,TRUE,FALSE,categorical,,,entry_filter_dates_calendar.default.csv,Sourced from entry_filter_dates_calendar.default.csv. Calendar-indexed weekday rows; trading-day-aware LTD references. See entry_filter_dates_calendar_notes.md for build details and same-week-zero rule semantics.,,,ISO-week distance since prior month-end. Same-week-zero rule applies.,ISO week distance using same-week-zero rule.,"ISO-week distance since prior month-end trading day. Same-week-zero rule. weeks_to_month_end=0 OR weeks_from_month_end=0 both indicate ""month-end week""."
64,Days to End of Quarter,DaytEOQ,calendar_days_to_last_trading_day_of_quarter,Events,G: Calendar,FALSE,FALSE,,TRUE,FALSE,FALSE,FALSE,categorical,,,entry_filter_dates_calendar.default.csv,Sourced from entry_filter_dates_calendar.default.csv. Calendar-indexed weekday rows; trading-day-aware LTD references. See entry_filter_dates_calendar_notes.md for build details and same-week-zero rule semantics.,,,Calendar days to last trading day of quarter (Mar/Jun/Sep/Dec). Captures quarter-end positioning.,Days to LTD of current (or future) quarter.,"Calendar days to last trading day of quarter (Mar/Jun/Sep/Dec). Quarter-end effects more pronounced than month-end, especially in Q4 (year-end coincides). Sparse signal - only ~4 events/year."
65,Days from End of Quarter,DayfEOQ,calendar_days_from_last_trading_day_of_quarter,Events,G: Calendar,FALSE,FALSE,,TRUE,FALSE,FALSE,FALSE,categorical,,,entry_filter_dates_calendar.default.csv,Sourced from entry_filter_dates_calendar.default.csv. Calendar-indexed weekday rows; trading-day-aware LTD references. See entry_filter_dates_calendar_notes.md for build details and same-week-zero rule semantics.,,,Calendar days since prior quarter-end trading day. Captures early-quarter flow.,Days since most recent prior quarter-end trading day.,"Calendar days since prior quarter-end. Early-quarter dynamics: fund repositioning, new earnings season starts ~3 weeks after Q4 quarter-end."
66,Weeks to End of Quarter,WeektEOQ,calendar_weeks_to_last_trading_day_of_quarter,Events,G: Calendar,FALSE,FALSE,,TRUE,FALSE,FALSE,FALSE,categorical,,,entry_filter_dates_calendar.default.csv,Sourced from entry_filter_dates_calendar.default.csv. Calendar-indexed weekday rows; trading-day-aware LTD references. See entry_filter_dates_calendar_notes.md for build details and same-week-zero rule semantics.,,,ISO-week distance to next quarter-end. Same-week-zero rule.,ISO week distance using same-week-zero rule.,"ISO-week distance to next quarter-end (Mar/Jun/Sep/Dec). Same-week-zero rule. Useful for ""quarter-end week"" filters."
67,Weeks from End of Quarter,WeekfEOQ,calendar_weeks_from_last_trading_day_of_quarter,Events,G: Calendar,FALSE,FALSE,,TRUE,FALSE,FALSE,FALSE,categorical,,,entry_filter_dates_calendar.default.csv,Sourced from entry_filter_dates_calendar.default.csv. Calendar-indexed weekday rows; trading-day-aware LTD references. See entry_filter_dates_calendar_notes.md for build details and same-week-zero rule semantics.,,,ISO-week distance since prior quarter-end. Same-week-zero rule.,ISO week distance using same-week-zero rule.,ISO-week distance since prior quarter-end. Same-week-zero rule.
68,Days to End of Year,DaytEOY,calendar_days_to_last_trading_day_of_year,Events,G: Calendar,FALSE,FALSE,,TRUE,FALSE,FALSE,FALSE,categorical,,,entry_filter_dates_calendar.default.csv,Sourced from entry_filter_dates_calendar.default.csv. Calendar-indexed weekday rows; trading-day-aware LTD references. See entry_filter_dates_calendar_notes.md for build details and same-week-zero rule semantics.,,,"Calendar days to last trading day of year. Captures year-end positioning, tax-loss harvesting, Santa rally effects.",Days to LTD of current year.,"Calendar days to last trading day of year. Strongest period-end effect: tax-loss harvesting in Dec, Santa rally last week, year-end rebalancing. Very sparse signal (~1 event/year, 9 in source range)."
69,Days from End of Year,DayfEOY,calendar_days_from_last_trading_day_of_year,Events,G: Calendar,FALSE,FALSE,,TRUE,FALSE,FALSE,FALSE,categorical,,,entry_filter_dates_calendar.default.csv,Sourced from entry_filter_dates_calendar.default.csv. Calendar-indexed weekday rows; trading-day-aware LTD references. See entry_filter_dates_calendar_notes.md for build details and same-week-zero rule semantics.,,,Calendar days since prior year-end. Captures January effect / early-year flow.,Days since LTD of prior year.,"Calendar days since prior year-end. January effect (historical small-cap outperformance early Jan), capital gains tax reset, fresh-money inflows. Sparse signal."
70,Weeks to End of Year,WeektEOY,calendar_weeks_to_last_trading_day_of_year,Events,G: Calendar,FALSE,FALSE,,TRUE,FALSE,FALSE,FALSE,categorical,,,entry_filter_dates_calendar.default.csv,Sourced from entry_filter_dates_calendar.default.csv. Calendar-indexed weekday rows; trading-day-aware LTD references. See entry_filter_dates_calendar_notes.md for build details and same-week-zero rule semantics.,,,ISO-week distance to next year-end. Same-week-zero rule.,ISO week distance using same-week-zero rule.,"ISO-week distance to next year-end. Same-week-zero rule. Useful for ""last week of year"" filter (Santa rally window)."
71,Weeks from End of Year,WeekfEOY,calendar_weeks_from_last_trading_day_of_year,Events,G: Calendar,FALSE,FALSE,,TRUE,FALSE,FALSE,FALSE,categorical,,,entry_filter_dates_calendar.default.csv,Sourced from entry_filter_dates_calendar.default.csv. Calendar-indexed weekday rows; trading-day-aware LTD references. See entry_filter_dates_calendar_notes.md for build details and same-week-zero rule semantics.,,,ISO-week distance since prior year-end. Same-week-zero rule.,ISO week distance using same-week-zero rule.,ISO-week distance since prior year-end. Same-week-zero rule.
72,Days to Next Monthly OPEX,DaytMo,opex_days_to_monthly,Events,H: OPEX,TRUE,TRUE,,TRUE,TRUE,TRUE,TRUE,categorical,Is_Opex,,entry_filter_dates_opex.default.csv,"Sourced from entry_filter_dates_opex.default.csv (CSV is source of truth). TB has Is_Opex in parquet market.enriched as a binary flag for ""3rd Friday +/- 1 day"" - lower granularity than this proximity feature. CSV-sourced; we do not read from TB.",,,"Calendar days until next monthly OPEX (3rd Friday). Captures pre-OPEX positioning effects (rolling, hedging buildup).",Days between today and next standard_monthly==1 source event in the OPEX datelist.,"Calendar days to next monthly options expiration (3rd Friday of every month, ~12/year). 0 on the OPEX day itself. Captures pre-OPEX positioning effects: institutional rolling, dealer hedging buildup, vol pinning."
73,Days from Prior Monthly OPEX,DayfMo,opex_days_from_monthly,Events,H: OPEX,TRUE,TRUE,,TRUE,TRUE,TRUE,FALSE,categorical,Is_Opex,,entry_filter_dates_opex.default.csv,"Sourced from entry_filter_dates_opex.default.csv (CSV is source of truth). TB has Is_Opex in parquet market.enriched as a binary flag for ""3rd Friday +/- 1 day"" - lower granularity than this proximity feature. CSV-sourced; we do not read from TB.",,,Calendar days since prior monthly OPEX. Captures post-OPEX flow / unwinding effects.,Days between today and prior standard_monthly==1 source event.,"Calendar days since prior monthly OPEX (3rd Friday). 0 on the OPEX day itself. Post-OPEX dynamics: unwound hedges, fresh expiration cycle starts."
74,Weeks to Next Monthly OPEX,WeektMo,opex_weeks_to_monthly,Events,H: OPEX,TRUE,TRUE,,TRUE,TRUE,TRUE,FALSE,categorical,Is_Opex,,entry_filter_dates_opex.default.csv,"Sourced from entry_filter_dates_opex.default.csv (CSV is source of truth). TB has Is_Opex in parquet market.enriched as a binary flag for ""3rd Friday +/- 1 day"" - lower granularity than this proximity feature. CSV-sourced; we do not read from TB.",,,ISO-week distance to next monthly OPEX. Same-week-zero rule.,ISO week distance using same-week-zero rule.,"ISO-week distance (Mon-Sun) to next monthly OPEX. Same-week-zero rule: 0 if OPEX falls in current ISO week. Useful for ""OPEX week"" filters."
75,Weeks from Prior Monthly OPEX,WeekfMo,opex_weeks_from_monthly,Events,H: OPEX,TRUE,TRUE,,TRUE,TRUE,TRUE,FALSE,categorical,Is_Opex,,entry_filter_dates_opex.default.csv,"Sourced from entry_filter_dates_opex.default.csv (CSV is source of truth). TB has Is_Opex in parquet market.enriched as a binary flag for ""3rd Friday +/- 1 day"" - lower granularity than this proximity feature. CSV-sourced; we do not read from TB.",,,ISO-week distance since prior monthly OPEX. Same-week-zero rule.,ISO week distance using same-week-zero rule.,"ISO-week distance since prior monthly OPEX. Same-week-zero rule. weeks_to_monthly==0 OR weeks_from_monthly==0 both indicate ""OPEX week""."
76,Days to Next Triple Witching,DaytTW,opex_days_to_triple_witching,Events,H: OPEX,FALSE,FALSE,,TRUE,TRUE,TRUE,TRUE,categorical,,,entry_filter_dates_opex.default.csv,Sourced from entry_filter_dates_opex.default.csv. No native TB or OO equivalent - feature is unique to this datelist file.,,,Calendar days to next triple witching. Major vol-positioning event where multiple expiration cycles align.,"Days to next date where standard_monthly==1 AND month IN {3,6,9,12} (computed in OPEX datelist build).","Calendar days to next triple witching (3rd Friday of Mar/Jun/Sep/Dec). Stock options + index options + index futures all expire that day; produces significant intraday volatility and position rebalancing. ~4/year, 36 dates in source range."
77,Days from Prior Triple Witching,DayfTW,opex_days_from_triple_witching,Events,H: OPEX,FALSE,FALSE,,TRUE,TRUE,TRUE,FALSE,categorical,,,entry_filter_dates_opex.default.csv,Sourced from entry_filter_dates_opex.default.csv. No native TB or OO equivalent - feature is unique to this datelist file.,,,Calendar days since prior triple witching. Captures post-witching flow / unwinding.,Days since prior triple witching date (computed).,Calendar days since prior triple witching. Post-witching: large rebalancing flows often unwind in days 1-3.
78,Weeks to Next Triple Witching,WeektTW,opex_weeks_to_triple_witching,Events,H: OPEX,FALSE,FALSE,,TRUE,TRUE,TRUE,FALSE,categorical,,,entry_filter_dates_opex.default.csv,Sourced from entry_filter_dates_opex.default.csv. No native TB or OO equivalent - feature is unique to this datelist file.,,,ISO-week distance to next triple witching. Same-week-zero rule.,ISO week distance using same-week-zero rule.,"ISO-week distance to next triple witching. Same-week-zero rule. Useful for ""witching week"" filters."
79,Weeks from Prior Triple Witching,WeekfTW,opex_weeks_from_triple_witching,Events,H: OPEX,FALSE,FALSE,,TRUE,TRUE,TRUE,FALSE,categorical,,,entry_filter_dates_opex.default.csv,Sourced from entry_filter_dates_opex.default.csv. No native TB or OO equivalent - feature is unique to this datelist file.,,,ISO-week distance since prior triple witching. Same-week-zero rule.,ISO week distance using same-week-zero rule.,ISO-week distance since prior triple witching. Same-week-zero rule.
80,Days to Next VIX Monthly Expiration,DaytVxM,opex_days_to_vix_monthly,Events,H: OPEX,FALSE,FALSE,,TRUE,FALSE,FALSE,FALSE,categorical,,,entry_filter_dates_opex.default.csv,Sourced from entry_filter_dates_opex.default.csv. No native TB or OO equivalent - feature is unique to this datelist file.,,,Calendar days to next VIX monthly expiration (Wed before 3rd Friday). Specialized for VIX strategies.,Days to next vix_standard==1 source event.,"Calendar days to next VIX monthly expiration (typically Wednesday before 3rd equity-OPEX Friday, ~12/year). VIX expires 1-2 days BEFORE equity OPEX, never on same day. Useful for VIX-strategy entry filters."
81,Days from Prior VIX Monthly Expiration,DayfVxM,opex_days_from_vix_monthly,Events,H: OPEX,FALSE,FALSE,,TRUE,FALSE,FALSE,FALSE,categorical,,,entry_filter_dates_opex.default.csv,Sourced from entry_filter_dates_opex.default.csv. No native TB or OO equivalent - feature is unique to this datelist file.,,,Calendar days since prior VIX monthly expiration.,Days since prior vix_standard==1 source event.,Calendar days since prior VIX monthly expiration. Specialized signal for VIX-related strategies.
82,Weeks to Next VIX Monthly Expiration,WeektVxM,opex_weeks_to_vix_monthly,Events,H: OPEX,FALSE,FALSE,,TRUE,FALSE,FALSE,FALSE,categorical,,,entry_filter_dates_opex.default.csv,Sourced from entry_filter_dates_opex.default.csv. No native TB or OO equivalent - feature is unique to this datelist file.,,,ISO-week distance to next VIX monthly. Same-week-zero rule.,ISO week distance using same-week-zero rule.,ISO-week distance to next VIX monthly expiration. Same-week-zero rule.
83,Weeks from Prior VIX Monthly Expiration,WeekfVxM,opex_weeks_from_vix_monthly,Events,H: OPEX,FALSE,FALSE,,TRUE,FALSE,FALSE,FALSE,categorical,,,entry_filter_dates_opex.default.csv,Sourced from entry_filter_dates_opex.default.csv. No native TB or OO equivalent - feature is unique to this datelist file.,,,ISO-week distance since prior VIX monthly. Same-week-zero rule.,ISO week distance using same-week-zero rule.,ISO-week distance since prior VIX monthly expiration. Same-week-zero rule.
84,Days to Next HIGH-impact Event,DaytHi,econ_calendar_days_to_high_impact,Events,I: Econ Calendar,FALSE,FALSE,,TRUE,TRUE,TRUE,FALSE,categorical,,,entry_filter_dates_econ_calendar.default.csv,"Sourced from entry_filter_dates_econ_calendar.default.csv (CSV is source of truth). No native TB or OO equivalent - econ calendar data is not in TradeBlocks parquet schema. Source file is event-indexed; entry filter builder must deduplicate to one row per date when joining (typically by selecting highest-impact event per day, since proximity values are date-level and identical across same-day rows).",,,Calendar days until next high-impact event. Captures pre-event positioning and expected vol expansion.,Days between today and next event with matching tag in source.,"Calendar days until next high-impact event. HIGH covers 637 dates / ~5yr source range - includes NFP, CPI, FOMC, PCE, GDP, Powell speeches, Fed Decision, Retail Sales, ADP. Aggregate ""any major event"" signal. 0 on the event day itself."
85,Days from Prior HIGH-impact Event,DayfHi,econ_calendar_days_from_high_impact,Events,I: Econ Calendar,FALSE,FALSE,,TRUE,TRUE,TRUE,FALSE,categorical,,,entry_filter_dates_econ_calendar.default.csv,"Sourced from entry_filter_dates_econ_calendar.default.csv (CSV is source of truth). No native TB or OO equivalent - econ calendar data is not in TradeBlocks parquet schema. Source file is event-indexed; entry filter builder must deduplicate to one row per date when joining (typically by selecting highest-impact event per day, since proximity values are date-level and identical across same-day rows).",,,Calendar days since prior high-impact event. Captures post-event flow / unwinding effects.,Days between today and prior event with matching tag in source.,"Calendar days since prior high-impact event. HIGH covers 637 dates / ~5yr source range - includes NFP, CPI, FOMC, PCE, GDP, Powell speeches, Fed Decision, Retail Sales, ADP. Aggregate ""any major event"" signal. 0 on the event day itself."
86,Weeks to Next HIGH-impact Event,WeektHi,econ_calendar_weeks_to_high_impact,Events,I: Econ Calendar,FALSE,FALSE,,TRUE,TRUE,TRUE,FALSE,categorical,,,entry_filter_dates_econ_calendar.default.csv,"Sourced from entry_filter_dates_econ_calendar.default.csv (CSV is source of truth). No native TB or OO equivalent - econ calendar data is not in TradeBlocks parquet schema. Source file is event-indexed; entry filter builder must deduplicate to one row per date when joining (typically by selecting highest-impact event per day, since proximity values are date-level and identical across same-day rows).",,,"ISO-week distance, same-week-zero rule. 0 if next high-impact event falls in current ISO week.",ISO-week distance using same-week-zero rule. 0 if event falls in current week.,"ISO-week distance to next high-impact event. HIGH covers 637 dates / ~5yr source range - includes NFP, CPI, FOMC, PCE, GDP, Powell speeches, Fed Decision, Retail Sales, ADP. Aggregate ""any major event"" signal. Same-week-zero rule."
87,Weeks from Prior HIGH-impact Event,WeekfHi,econ_calendar_weeks_from_high_impact,Events,I: Econ Calendar,FALSE,FALSE,,TRUE,TRUE,TRUE,FALSE,categorical,,,entry_filter_dates_econ_calendar.default.csv,"Sourced from entry_filter_dates_econ_calendar.default.csv (CSV is source of truth). No native TB or OO equivalent - econ calendar data is not in TradeBlocks parquet schema. Source file is event-indexed; entry filter builder must deduplicate to one row per date when joining (typically by selecting highest-impact event per day, since proximity values are date-level and identical across same-day rows).",,,"ISO-week distance, same-week-zero rule. 0 if prior high-impact event falls in current ISO week.",ISO-week distance using same-week-zero rule. 0 if event falls in current week.,"ISO-week distance since prior high-impact event. HIGH covers 637 dates / ~5yr source range - includes NFP, CPI, FOMC, PCE, GDP, Powell speeches, Fed Decision, Retail Sales, ADP. Aggregate ""any major event"" signal. Same-week-zero rule."
88,Days to Next MEDIUM-impact Event,DaytMd,econ_calendar_days_to_medium_impact,Events,I: Econ Calendar,FALSE,FALSE,,TRUE,TRUE,TRUE,FALSE,categorical,,,entry_filter_dates_econ_calendar.default.csv,"Sourced from entry_filter_dates_econ_calendar.default.csv (CSV is source of truth). No native TB or OO equivalent - econ calendar data is not in TradeBlocks parquet schema. Source file is event-indexed; entry filter builder must deduplicate to one row per date when joining (typically by selecting highest-impact event per day, since proximity values are date-level and identical across same-day rows).",,,Calendar days until next medium-impact event. Captures pre-event positioning and expected vol expansion.,Days between today and next event with matching tag in source.,"Calendar days until next medium-impact event. 1,116 dates ~88% of trading days. High baseline density; useful for granular MEDIUM-event proximity but redundant with HIGH for most analyses. 0 on the event day itself."
89,Days from Prior MEDIUM-impact Event,DayfMd,econ_calendar_days_from_medium_impact,Events,I: Econ Calendar,FALSE,FALSE,,TRUE,TRUE,TRUE,FALSE,categorical,,,entry_filter_dates_econ_calendar.default.csv,"Sourced from entry_filter_dates_econ_calendar.default.csv (CSV is source of truth). No native TB or OO equivalent - econ calendar data is not in TradeBlocks parquet schema. Source file is event-indexed; entry filter builder must deduplicate to one row per date when joining (typically by selecting highest-impact event per day, since proximity values are date-level and identical across same-day rows).",,,Calendar days since prior medium-impact event. Captures post-event flow / unwinding effects.,Days between today and prior event with matching tag in source.,"Calendar days since prior medium-impact event. 1,116 dates ~88% of trading days. High baseline density; useful for granular MEDIUM-event proximity but redundant with HIGH for most analyses. 0 on the event day itself."
90,Weeks to Next MEDIUM-impact Event,WeektMd,econ_calendar_weeks_to_medium_impact,Events,I: Econ Calendar,FALSE,FALSE,,TRUE,TRUE,TRUE,FALSE,categorical,,,entry_filter_dates_econ_calendar.default.csv,"Sourced from entry_filter_dates_econ_calendar.default.csv (CSV is source of truth). No native TB or OO equivalent - econ calendar data is not in TradeBlocks parquet schema. Source file is event-indexed; entry filter builder must deduplicate to one row per date when joining (typically by selecting highest-impact event per day, since proximity values are date-level and identical across same-day rows).",,,"ISO-week distance, same-week-zero rule. 0 if next medium-impact event falls in current ISO week.",ISO-week distance using same-week-zero rule. 0 if event falls in current week.,"ISO-week distance to next medium-impact event. 1,116 dates ~88% of trading days. High baseline density; useful for granular MEDIUM-event proximity but redundant with HIGH for most analyses. Same-week-zero rule."
91,Weeks from Prior MEDIUM-impact Event,WeekfMd,econ_calendar_weeks_from_medium_impact,Events,I: Econ Calendar,FALSE,FALSE,,TRUE,TRUE,TRUE,FALSE,categorical,,,entry_filter_dates_econ_calendar.default.csv,"Sourced from entry_filter_dates_econ_calendar.default.csv (CSV is source of truth). No native TB or OO equivalent - econ calendar data is not in TradeBlocks parquet schema. Source file is event-indexed; entry filter builder must deduplicate to one row per date when joining (typically by selecting highest-impact event per day, since proximity values are date-level and identical across same-day rows).",,,"ISO-week distance, same-week-zero rule. 0 if prior medium-impact event falls in current ISO week.",ISO-week distance using same-week-zero rule. 0 if event falls in current week.,"ISO-week distance since prior medium-impact event. 1,116 dates ~88% of trading days. High baseline density; useful for granular MEDIUM-event proximity but redundant with HIGH for most analyses. Same-week-zero rule."
92,Days to Next LOW-impact Event,DaytLo,econ_calendar_days_to_low_impact,Events,I: Econ Calendar,FALSE,FALSE,,TRUE,FALSE,TRUE,FALSE,categorical,,,entry_filter_dates_econ_calendar.default.csv,"Sourced from entry_filter_dates_econ_calendar.default.csv (CSV is source of truth). No native TB or OO equivalent - econ calendar data is not in TradeBlocks parquet schema. Source file is event-indexed; entry filter builder must deduplicate to one row per date when joining (typically by selecting highest-impact event per day, since proximity values are date-level and identical across same-day rows).",,,Calendar days until next low-impact event. Captures pre-event positioning and expected vol expansion.,Days between today and next event with matching tag in source.,"Calendar days until next low-impact event. LOW covers 1,263 dates ~99% of trading days. days_to_low ~ 0 almost always - feature is dead weight in default reports but kept available for completeness. 0 on the event day itself."
93,Days from Prior LOW-impact Event,DayfLo,econ_calendar_days_from_low_impact,Events,I: Econ Calendar,FALSE,FALSE,,TRUE,FALSE,TRUE,FALSE,categorical,,,entry_filter_dates_econ_calendar.default.csv,"Sourced from entry_filter_dates_econ_calendar.default.csv (CSV is source of truth). No native TB or OO equivalent - econ calendar data is not in TradeBlocks parquet schema. Source file is event-indexed; entry filter builder must deduplicate to one row per date when joining (typically by selecting highest-impact event per day, since proximity values are date-level and identical across same-day rows).",,,Calendar days since prior low-impact event. Captures post-event flow / unwinding effects.,Days between today and prior event with matching tag in source.,"Calendar days since prior low-impact event. LOW covers 1,263 dates ~99% of trading days. days_to_low ~ 0 almost always - feature is dead weight in default reports but kept available for completeness. 0 on the event day itself."
94,Weeks to Next LOW-impact Event,WeektLo,econ_calendar_weeks_to_low_impact,Events,I: Econ Calendar,FALSE,FALSE,,TRUE,FALSE,TRUE,FALSE,categorical,,,entry_filter_dates_econ_calendar.default.csv,"Sourced from entry_filter_dates_econ_calendar.default.csv (CSV is source of truth). No native TB or OO equivalent - econ calendar data is not in TradeBlocks parquet schema. Source file is event-indexed; entry filter builder must deduplicate to one row per date when joining (typically by selecting highest-impact event per day, since proximity values are date-level and identical across same-day rows).",,,"ISO-week distance, same-week-zero rule. 0 if next low-impact event falls in current ISO week.",ISO-week distance using same-week-zero rule. 0 if event falls in current week.,"ISO-week distance to next low-impact event. LOW covers 1,263 dates ~99% of trading days. days_to_low ~ 0 almost always - feature is dead weight in default reports but kept available for completeness. Same-week-zero rule."
95,Weeks from Prior LOW-impact Event,WeekfLo,econ_calendar_weeks_from_low_impact,Events,I: Econ Calendar,FALSE,FALSE,,TRUE,FALSE,TRUE,FALSE,categorical,,,entry_filter_dates_econ_calendar.default.csv,"Sourced from entry_filter_dates_econ_calendar.default.csv (CSV is source of truth). No native TB or OO equivalent - econ calendar data is not in TradeBlocks parquet schema. Source file is event-indexed; entry filter builder must deduplicate to one row per date when joining (typically by selecting highest-impact event per day, since proximity values are date-level and identical across same-day rows).",,,"ISO-week distance, same-week-zero rule. 0 if prior low-impact event falls in current ISO week.",ISO-week distance using same-week-zero rule. 0 if event falls in current week.,"ISO-week distance since prior low-impact event. LOW covers 1,263 dates ~99% of trading days. days_to_low ~ 0 almost always - feature is dead weight in default reports but kept available for completeness. Same-week-zero rule."
96,Days to Next FOMC,DaytFOMC,econ_calendar_days_to_fomc,Events,I: Econ Calendar,FALSE,FALSE,,TRUE,TRUE,TRUE,FALSE,categorical,,,entry_filter_dates_econ_calendar.default.csv,"Sourced from entry_filter_dates_econ_calendar.default.csv (CSV is source of truth). No native TB or OO equivalent - econ calendar data is not in TradeBlocks parquet schema. Source file is event-indexed; entry filter builder must deduplicate to one row per date when joining (typically by selecting highest-impact event per day, since proximity values are date-level and identical across same-day rows).",,,Calendar days until next fomc. Captures pre-event positioning and expected vol expansion.,Days between today and next event with matching tag in source.,"Calendar days until next fomc. Press conference (~8/year). NOTE: source FOMC flag tags only the press conference, not the broader decision day - see entry_filter_dates_econ_calendar_notes.md. 0 on the event day itself."
97,Days from Prior FOMC,DayfFOMC,econ_calendar_days_from_fomc,Events,I: Econ Calendar,FALSE,FALSE,,TRUE,TRUE,TRUE,FALSE,categorical,,,entry_filter_dates_econ_calendar.default.csv,"Sourced from entry_filter_dates_econ_calendar.default.csv (CSV is source of truth). No native TB or OO equivalent - econ calendar data is not in TradeBlocks parquet schema. Source file is event-indexed; entry filter builder must deduplicate to one row per date when joining (typically by selecting highest-impact event per day, since proximity values are date-level and identical across same-day rows).",,,Calendar days since prior fomc. Captures post-event flow / unwinding effects.,Days between today and prior event with matching tag in source.,"Calendar days since prior fomc. Press conference (~8/year). NOTE: source FOMC flag tags only the press conference, not the broader decision day - see entry_filter_dates_econ_calendar_notes.md. 0 on the event day itself."
98,Weeks to Next FOMC,WeektFOMC,econ_calendar_weeks_to_fomc,Events,I: Econ Calendar,FALSE,FALSE,,TRUE,TRUE,TRUE,FALSE,categorical,,,entry_filter_dates_econ_calendar.default.csv,"Sourced from entry_filter_dates_econ_calendar.default.csv (CSV is source of truth). No native TB or OO equivalent - econ calendar data is not in TradeBlocks parquet schema. Source file is event-indexed; entry filter builder must deduplicate to one row per date when joining (typically by selecting highest-impact event per day, since proximity values are date-level and identical across same-day rows).",,,"ISO-week distance, same-week-zero rule. 0 if next fomc falls in current ISO week.",ISO-week distance using same-week-zero rule. 0 if event falls in current week.,"ISO-week distance to next fomc. Press conference (~8/year). NOTE: source FOMC flag tags only the press conference, not the broader decision day - see entry_filter_dates_econ_calendar_notes.md. Same-week-zero rule."
99,Weeks from Prior FOMC,WeekfFOMC,econ_calendar_weeks_from_fomc,Events,I: Econ Calendar,FALSE,FALSE,,TRUE,TRUE,TRUE,FALSE,categorical,,,entry_filter_dates_econ_calendar.default.csv,"Sourced from entry_filter_dates_econ_calendar.default.csv (CSV is source of truth). No native TB or OO equivalent - econ calendar data is not in TradeBlocks parquet schema. Source file is event-indexed; entry filter builder must deduplicate to one row per date when joining (typically by selecting highest-impact event per day, since proximity values are date-level and identical across same-day rows).",,,"ISO-week distance, same-week-zero rule. 0 if prior fomc falls in current ISO week.",ISO-week distance using same-week-zero rule. 0 if event falls in current week.,"ISO-week distance since prior fomc. Press conference (~8/year). NOTE: source FOMC flag tags only the press conference, not the broader decision day - see entry_filter_dates_econ_calendar_notes.md. Same-week-zero rule."
100,Days to Next FOMC Minutes,DaytFOMCm,econ_calendar_days_to_fomc_minutes,Events,I: Econ Calendar,FALSE,FALSE,,TRUE,FALSE,TRUE,FALSE,categorical,,,entry_filter_dates_econ_calendar.default.csv,"Sourced from entry_filter_dates_econ_calendar.default.csv (CSV is source of truth). No native TB or OO equivalent - econ calendar data is not in TradeBlocks parquet schema. Source file is event-indexed; entry filter builder must deduplicate to one row per date when joining (typically by selecting highest-impact event per day, since proximity values are date-level and identical across same-day rows).",,,Calendar days until next fomc minutes. Captures pre-event positioning and expected vol expansion.,Days between today and next event with matching tag in source.,"Calendar days until next fomc minutes. FOMC meeting minutes release (~3 weeks after FOMC decision, ~8/year). Lower vol-impact than the decision itself. 0 on the event day itself."
101,Days from Prior FOMC Minutes,DayfFOMCm,econ_calendar_days_from_fomc_minutes,Events,I: Econ Calendar,FALSE,FALSE,,TRUE,FALSE,TRUE,FALSE,categorical,,,entry_filter_dates_econ_calendar.default.csv,"Sourced from entry_filter_dates_econ_calendar.default.csv (CSV is source of truth). No native TB or OO equivalent - econ calendar data is not in TradeBlocks parquet schema. Source file is event-indexed; entry filter builder must deduplicate to one row per date when joining (typically by selecting highest-impact event per day, since proximity values are date-level and identical across same-day rows).",,,Calendar days since prior fomc minutes. Captures post-event flow / unwinding effects.,Days between today and prior event with matching tag in source.,"Calendar days since prior fomc minutes. FOMC meeting minutes release (~3 weeks after FOMC decision, ~8/year). Lower vol-impact than the decision itself. 0 on the event day itself."
102,Weeks to Next FOMC Minutes,WeektFOMCm,econ_calendar_weeks_to_fomc_minutes,Events,I: Econ Calendar,FALSE,FALSE,,TRUE,FALSE,TRUE,FALSE,categorical,,,entry_filter_dates_econ_calendar.default.csv,"Sourced from entry_filter_dates_econ_calendar.default.csv (CSV is source of truth). No native TB or OO equivalent - econ calendar data is not in TradeBlocks parquet schema. Source file is event-indexed; entry filter builder must deduplicate to one row per date when joining (typically by selecting highest-impact event per day, since proximity values are date-level and identical across same-day rows).",,,"ISO-week distance, same-week-zero rule. 0 if next fomc minutes falls in current ISO week.",ISO-week distance using same-week-zero rule. 0 if event falls in current week.,"ISO-week distance to next fomc minutes. FOMC meeting minutes release (~3 weeks after FOMC decision, ~8/year). Lower vol-impact than the decision itself. Same-week-zero rule."
103,Weeks from Prior FOMC Minutes,WeekfFOMCm,econ_calendar_weeks_from_fomc_minutes,Events,I: Econ Calendar,FALSE,FALSE,,TRUE,FALSE,TRUE,FALSE,categorical,,,entry_filter_dates_econ_calendar.default.csv,"Sourced from entry_filter_dates_econ_calendar.default.csv (CSV is source of truth). No native TB or OO equivalent - econ calendar data is not in TradeBlocks parquet schema. Source file is event-indexed; entry filter builder must deduplicate to one row per date when joining (typically by selecting highest-impact event per day, since proximity values are date-level and identical across same-day rows).",,,"ISO-week distance, same-week-zero rule. 0 if prior fomc minutes falls in current ISO week.",ISO-week distance using same-week-zero rule. 0 if event falls in current week.,"ISO-week distance since prior fomc minutes. FOMC meeting minutes release (~3 weeks after FOMC decision, ~8/year). Lower vol-impact than the decision itself. Same-week-zero rule."
104,Days to Next CPI Release,DaytCPI,econ_calendar_days_to_cpi,Events,I: Econ Calendar,FALSE,FALSE,,TRUE,TRUE,TRUE,FALSE,categorical,,,entry_filter_dates_econ_calendar.default.csv,"Sourced from entry_filter_dates_econ_calendar.default.csv (CSV is source of truth). No native TB or OO equivalent - econ calendar data is not in TradeBlocks parquet schema. Source file is event-indexed; entry filter builder must deduplicate to one row per date when joining (typically by selecting highest-impact event per day, since proximity values are date-level and identical across same-day rows).",,,Calendar days until next cpi release. Captures pre-event positioning and expected vol expansion.,Days between today and next event with matching tag in source.,"Calendar days until next cpi release. ~12/year monthly inflation print. CPI tag in source has cell values ""CPI"" and ""x"" - both treated positive in the proximity calc. 0 on the event day itself."
105,Days from Prior CPI Release,DayfCPI,econ_calendar_days_from_cpi,Events,I: Econ Calendar,FALSE,FALSE,,TRUE,TRUE,TRUE,FALSE,categorical,,,entry_filter_dates_econ_calendar.default.csv,"Sourced from entry_filter_dates_econ_calendar.default.csv (CSV is source of truth). No native TB or OO equivalent - econ calendar data is not in TradeBlocks parquet schema. Source file is event-indexed; entry filter builder must deduplicate to one row per date when joining (typically by selecting highest-impact event per day, since proximity values are date-level and identical across same-day rows).",,,Calendar days since prior cpi release. Captures post-event flow / unwinding effects.,Days between today and prior event with matching tag in source.,"Calendar days since prior cpi release. ~12/year monthly inflation print. CPI tag in source has cell values ""CPI"" and ""x"" - both treated positive in the proximity calc. 0 on the event day itself."
106,Weeks to Next CPI Release,WeektCPI,econ_calendar_weeks_to_cpi,Events,I: Econ Calendar,FALSE,FALSE,,TRUE,TRUE,TRUE,FALSE,categorical,,,entry_filter_dates_econ_calendar.default.csv,"Sourced from entry_filter_dates_econ_calendar.default.csv (CSV is source of truth). No native TB or OO equivalent - econ calendar data is not in TradeBlocks parquet schema. Source file is event-indexed; entry filter builder must deduplicate to one row per date when joining (typically by selecting highest-impact event per day, since proximity values are date-level and identical across same-day rows).",,,"ISO-week distance, same-week-zero rule. 0 if next cpi release falls in current ISO week.",ISO-week distance using same-week-zero rule. 0 if event falls in current week.,"ISO-week distance to next cpi release. ~12/year monthly inflation print. CPI tag in source has cell values ""CPI"" and ""x"" - both treated positive in the proximity calc. Same-week-zero rule."
107,Weeks from Prior CPI Release,WeekfCPI,econ_calendar_weeks_from_cpi,Events,I: Econ Calendar,FALSE,FALSE,,TRUE,TRUE,TRUE,FALSE,categorical,,,entry_filter_dates_econ_calendar.default.csv,"Sourced from entry_filter_dates_econ_calendar.default.csv (CSV is source of truth). No native TB or OO equivalent - econ calendar data is not in TradeBlocks parquet schema. Source file is event-indexed; entry filter builder must deduplicate to one row per date when joining (typically by selecting highest-impact event per day, since proximity values are date-level and identical across same-day rows).",,,"ISO-week distance, same-week-zero rule. 0 if prior cpi release falls in current ISO week.",ISO-week distance using same-week-zero rule. 0 if event falls in current week.,"ISO-week distance since prior cpi release. ~12/year monthly inflation print. CPI tag in source has cell values ""CPI"" and ""x"" - both treated positive in the proximity calc. Same-week-zero rule."
108,Days to Next PMI Release,DaytPMI,econ_calendar_days_to_pmi,Events,I: Econ Calendar,FALSE,FALSE,,TRUE,TRUE,TRUE,FALSE,categorical,,,entry_filter_dates_econ_calendar.default.csv,"Sourced from entry_filter_dates_econ_calendar.default.csv (CSV is source of truth). No native TB or OO equivalent - econ calendar data is not in TradeBlocks parquet schema. Source file is event-indexed; entry filter builder must deduplicate to one row per date when joining (typically by selecting highest-impact event per day, since proximity values are date-level and identical across same-day rows).",,,Calendar days until next pmi release. Captures pre-event positioning and expected vol expansion.,Days between today and next event with matching tag in source.,Calendar days until next pmi release. PMI subtypes (Manufacturing/Services/Composite/ISM). 250 distinct dates in source. 0 on the event day itself.
109,Days from Prior PMI Release,DayfPMI,econ_calendar_days_from_pmi,Events,I: Econ Calendar,FALSE,FALSE,,TRUE,TRUE,TRUE,FALSE,categorical,,,entry_filter_dates_econ_calendar.default.csv,"Sourced from entry_filter_dates_econ_calendar.default.csv (CSV is source of truth). No native TB or OO equivalent - econ calendar data is not in TradeBlocks parquet schema. Source file is event-indexed; entry filter builder must deduplicate to one row per date when joining (typically by selecting highest-impact event per day, since proximity values are date-level and identical across same-day rows).",,,Calendar days since prior pmi release. Captures post-event flow / unwinding effects.,Days between today and prior event with matching tag in source.,Calendar days since prior pmi release. PMI subtypes (Manufacturing/Services/Composite/ISM). 250 distinct dates in source. 0 on the event day itself.
110,Weeks to Next PMI Release,WeektPMI,econ_calendar_weeks_to_pmi,Events,I: Econ Calendar,FALSE,FALSE,,TRUE,TRUE,TRUE,FALSE,categorical,,,entry_filter_dates_econ_calendar.default.csv,"Sourced from entry_filter_dates_econ_calendar.default.csv (CSV is source of truth). No native TB or OO equivalent - econ calendar data is not in TradeBlocks parquet schema. Source file is event-indexed; entry filter builder must deduplicate to one row per date when joining (typically by selecting highest-impact event per day, since proximity values are date-level and identical across same-day rows).",,,"ISO-week distance, same-week-zero rule. 0 if next pmi release falls in current ISO week.",ISO-week distance using same-week-zero rule. 0 if event falls in current week.,ISO-week distance to next pmi release. PMI subtypes (Manufacturing/Services/Composite/ISM). 250 distinct dates in source. Same-week-zero rule.
111,Weeks from Prior PMI Release,WeekfPMI,econ_calendar_weeks_from_pmi,Events,I: Econ Calendar,FALSE,FALSE,,TRUE,TRUE,TRUE,FALSE,categorical,,,entry_filter_dates_econ_calendar.default.csv,"Sourced from entry_filter_dates_econ_calendar.default.csv (CSV is source of truth). No native TB or OO equivalent - econ calendar data is not in TradeBlocks parquet schema. Source file is event-indexed; entry filter builder must deduplicate to one row per date when joining (typically by selecting highest-impact event per day, since proximity values are date-level and identical across same-day rows).",,,"ISO-week distance, same-week-zero rule. 0 if prior pmi release falls in current ISO week.",ISO-week distance using same-week-zero rule. 0 if event falls in current week.,ISO-week distance since prior pmi release. PMI subtypes (Manufacturing/Services/Composite/ISM). 250 distinct dates in source. Same-week-zero rule.
112,Days to Next Jobless Claims,DaytJob,econ_calendar_days_to_jobless,Events,I: Econ Calendar,FALSE,FALSE,,TRUE,FALSE,TRUE,FALSE,categorical,,,entry_filter_dates_econ_calendar.default.csv,"Sourced from entry_filter_dates_econ_calendar.default.csv (CSV is source of truth). No native TB or OO equivalent - econ calendar data is not in TradeBlocks parquet schema. Source file is event-indexed; entry filter builder must deduplicate to one row per date when joining (typically by selecting highest-impact event per day, since proximity values are date-level and identical across same-day rows).",,,Calendar days until next jobless claims. Captures pre-event positioning and expected vol expansion.,Days between today and next event with matching tag in source.,"Calendar days until next jobless claims. Weekly jobless claims (Thursdays, ~52/year). Includes Initial + Continuing claims releases. 0 on the event day itself."
113,Days from Prior Jobless Claims,DayfJob,econ_calendar_days_from_jobless,Events,I: Econ Calendar,FALSE,FALSE,,TRUE,FALSE,TRUE,FALSE,categorical,,,entry_filter_dates_econ_calendar.default.csv,"Sourced from entry_filter_dates_econ_calendar.default.csv (CSV is source of truth). No native TB or OO equivalent - econ calendar data is not in TradeBlocks parquet schema. Source file is event-indexed; entry filter builder must deduplicate to one row per date when joining (typically by selecting highest-impact event per day, since proximity values are date-level and identical across same-day rows).",,,Calendar days since prior jobless claims. Captures post-event flow / unwinding effects.,Days between today and prior event with matching tag in source.,"Calendar days since prior jobless claims. Weekly jobless claims (Thursdays, ~52/year). Includes Initial + Continuing claims releases. 0 on the event day itself."
114,Weeks to Next Jobless Claims,WeektJob,econ_calendar_weeks_to_jobless,Events,I: Econ Calendar,FALSE,FALSE,,TRUE,FALSE,TRUE,FALSE,categorical,,,entry_filter_dates_econ_calendar.default.csv,"Sourced from entry_filter_dates_econ_calendar.default.csv (CSV is source of truth). No native TB or OO equivalent - econ calendar data is not in TradeBlocks parquet schema. Source file is event-indexed; entry filter builder must deduplicate to one row per date when joining (typically by selecting highest-impact event per day, since proximity values are date-level and identical across same-day rows).",,,"ISO-week distance, same-week-zero rule. 0 if next jobless claims falls in current ISO week.",ISO-week distance using same-week-zero rule. 0 if event falls in current week.,"ISO-week distance to next jobless claims. Weekly jobless claims (Thursdays, ~52/year). Includes Initial + Continuing claims releases. Same-week-zero rule."
115,Weeks from Prior Jobless Claims,WeekfJob,econ_calendar_weeks_from_jobless,Events,I: Econ Calendar,FALSE,FALSE,,TRUE,FALSE,TRUE,FALSE,categorical,,,entry_filter_dates_econ_calendar.default.csv,"Sourced from entry_filter_dates_econ_calendar.default.csv (CSV is source of truth). No native TB or OO equivalent - econ calendar data is not in TradeBlocks parquet schema. Source file is event-indexed; entry filter builder must deduplicate to one row per date when joining (typically by selecting highest-impact event per day, since proximity values are date-level and identical across same-day rows).",,,"ISO-week distance, same-week-zero rule. 0 if prior jobless claims falls in current ISO week.",ISO-week distance using same-week-zero rule. 0 if event falls in current week.,"ISO-week distance since prior jobless claims. Weekly jobless claims (Thursdays, ~52/year). Includes Initial + Continuing claims releases. Same-week-zero rule."
116,SPY % Reporting Today,SPY %Due,spy_pct_due_0d,Events,J: Earnings,FALSE,FALSE,,TRUE,FALSE,FALSE,FALSE,continuous,,,entry_filter_dates_earnings.default.csv,Sourced from entry_filter_dates_earnings.default.csv (CSV is source of truth). No native TB or OO equivalent - earnings calendar data is not in TradeBlocks parquet schema. Per-stock and index-threshold proximity features unique to this datelist file.,,,Percentage of SPY index reporting earnings today. Higher = more concentrated earnings exposure intraday.,Pre-computed in source feature-engineering pipeline; sum of index-membership weights for SPX components reporting on this date.,"Percentage of SPY index reporting earnings on this date (units = percent, e.g. 5.0 = 5%). Range observed: 0% to ~26%. Top mega-cap earnings clusters can hit 20%+ in single days. Use as continuous feature or as input to threshold classifications."
117,QQQ % Reporting Today,QQQ %Due,qqq_pct_due_0d,Events,J: Earnings,FALSE,FALSE,,TRUE,FALSE,FALSE,FALSE,continuous,,,entry_filter_dates_earnings.default.csv,Sourced from entry_filter_dates_earnings.default.csv (CSV is source of truth). No native TB or OO equivalent - earnings calendar data is not in TradeBlocks parquet schema. Per-stock and index-threshold proximity features unique to this datelist file.,,,Percentage of QQQ index reporting earnings today. Tech-heavy concentration means QQQ % can spike higher than SPY.,Pre-computed in source pipeline; sum of QQQ-membership weights for components reporting on this date.,Percentage of QQQ index reporting earnings on this date (units = percent). Range: 0% to ~45%. QQQ is more concentrated than SPY (top 5 names ~ 35% of QQQ weight) so single-day reporting % can spike higher.
118,Days to AAPL Earnings,DaytAAPL,aapl_days_to_earnings,Events,J: Earnings,FALSE,FALSE,,TRUE,FALSE,FALSE,FALSE,categorical,,,entry_filter_dates_earnings.default.csv,Sourced from entry_filter_dates_earnings.default.csv (CSV is source of truth). No native TB or OO equivalent - earnings calendar data is not in TradeBlocks parquet schema. Per-stock and index-threshold proximity features unique to this datelist file.,,,Calendar days until next AAPL earnings release. AAPL is a top-5 mega-cap name; its earnings move SPY/QQQ disproportionately.,Pre-computed in source pipeline as days between today and the to AAPL quarterly earnings release. Range: 0-90+ days.,Calendar days until next AAPL quarterly earnings release. AAPL reports ~4/year; max distance ~90 days. 0 on the earnings day itself. NULL early in dataset before first AAPL earnings release in source range.
119,Days from AAPL Earnings,DayfAAPL,aapl_days_from_earnings,Events,J: Earnings,FALSE,FALSE,,TRUE,FALSE,FALSE,FALSE,categorical,,,entry_filter_dates_earnings.default.csv,Sourced from entry_filter_dates_earnings.default.csv (CSV is source of truth). No native TB or OO equivalent - earnings calendar data is not in TradeBlocks parquet schema. Per-stock and index-threshold proximity features unique to this datelist file.,,,Calendar days since prior AAPL earnings release. AAPL is a top-5 mega-cap name; its earnings move SPY/QQQ disproportionately.,Pre-computed in source pipeline as days between today and the from AAPL quarterly earnings release. Range: 0-90+ days.,Calendar days since prior AAPL quarterly earnings release. AAPL reports ~4/year; max distance ~90 days. 0 on the earnings day itself. NULL early in dataset before first AAPL earnings release in source range.
120,Days to AMZN Earnings,DaytAMZN,amzn_days_to_earnings,Events,J: Earnings,FALSE,FALSE,,TRUE,FALSE,FALSE,FALSE,categorical,,,entry_filter_dates_earnings.default.csv,Sourced from entry_filter_dates_earnings.default.csv (CSV is source of truth). No native TB or OO equivalent - earnings calendar data is not in TradeBlocks parquet schema. Per-stock and index-threshold proximity features unique to this datelist file.,,,Calendar days until next AMZN earnings release. AMZN is a top-5 mega-cap name; its earnings move SPY/QQQ disproportionately.,Pre-computed in source pipeline as days between today and the to AMZN quarterly earnings release. Range: 0-90+ days.,Calendar days until next AMZN quarterly earnings release. AMZN reports ~4/year; max distance ~90 days. 0 on the earnings day itself. NULL early in dataset before first AMZN earnings release in source range.
121,Days from AMZN Earnings,DayfAMZN,amzn_days_from_earnings,Events,J: Earnings,FALSE,FALSE,,TRUE,FALSE,FALSE,FALSE,categorical,,,entry_filter_dates_earnings.default.csv,Sourced from entry_filter_dates_earnings.default.csv (CSV is source of truth). No native TB or OO equivalent - earnings calendar data is not in TradeBlocks parquet schema. Per-stock and index-threshold proximity features unique to this datelist file.,,,Calendar days since prior AMZN earnings release. AMZN is a top-5 mega-cap name; its earnings move SPY/QQQ disproportionately.,Pre-computed in source pipeline as days between today and the from AMZN quarterly earnings release. Range: 0-90+ days.,Calendar days since prior AMZN quarterly earnings release. AMZN reports ~4/year; max distance ~90 days. 0 on the earnings day itself. NULL early in dataset before first AMZN earnings release in source range.
122,Days to MSFT Earnings,DaytMSFT,msft_days_to_earnings,Events,J: Earnings,FALSE,FALSE,,TRUE,FALSE,FALSE,FALSE,categorical,,,entry_filter_dates_earnings.default.csv,Sourced from entry_filter_dates_earnings.default.csv (CSV is source of truth). No native TB or OO equivalent - earnings calendar data is not in TradeBlocks parquet schema. Per-stock and index-threshold proximity features unique to this datelist file.,,,Calendar days until next MSFT earnings release. MSFT is a top-5 mega-cap name; its earnings move SPY/QQQ disproportionately.,Pre-computed in source pipeline as days between today and the to MSFT quarterly earnings release. Range: 0-90+ days.,Calendar days until next MSFT quarterly earnings release. MSFT reports ~4/year; max distance ~90 days. 0 on the earnings day itself. NULL early in dataset before first MSFT earnings release in source range.
123,Days from MSFT Earnings,DayfMSFT,msft_days_from_earnings,Events,J: Earnings,FALSE,FALSE,,TRUE,FALSE,FALSE,FALSE,categorical,,,entry_filter_dates_earnings.default.csv,Sourced from entry_filter_dates_earnings.default.csv (CSV is source of truth). No native TB or OO equivalent - earnings calendar data is not in TradeBlocks parquet schema. Per-stock and index-threshold proximity features unique to this datelist file.,,,Calendar days since prior MSFT earnings release. MSFT is a top-5 mega-cap name; its earnings move SPY/QQQ disproportionately.,Pre-computed in source pipeline as days between today and the from MSFT quarterly earnings release. Range: 0-90+ days.,Calendar days since prior MSFT quarterly earnings release. MSFT reports ~4/year; max distance ~90 days. 0 on the earnings day itself. NULL early in dataset before first MSFT earnings release in source range.
124,Days to NVDA Earnings,DaytNVDA,nvda_days_to_earnings,Events,J: Earnings,FALSE,FALSE,,TRUE,FALSE,FALSE,FALSE,categorical,,,entry_filter_dates_earnings.default.csv,Sourced from entry_filter_dates_earnings.default.csv (CSV is source of truth). No native TB or OO equivalent - earnings calendar data is not in TradeBlocks parquet schema. Per-stock and index-threshold proximity features unique to this datelist file.,,,Calendar days until next NVDA earnings release. NVDA is a top-5 mega-cap name; its earnings move SPY/QQQ disproportionately.,Pre-computed in source pipeline as days between today and the to NVDA quarterly earnings release. Range: 0-90+ days.,Calendar days until next NVDA quarterly earnings release. NVDA reports ~4/year; max distance ~90 days. 0 on the earnings day itself. NULL early in dataset before first NVDA earnings release in source range.
125,Days from NVDA Earnings,DayfNVDA,nvda_days_from_earnings,Events,J: Earnings,FALSE,FALSE,,TRUE,FALSE,FALSE,FALSE,categorical,,,entry_filter_dates_earnings.default.csv,Sourced from entry_filter_dates_earnings.default.csv (CSV is source of truth). No native TB or OO equivalent - earnings calendar data is not in TradeBlocks parquet schema. Per-stock and index-threshold proximity features unique to this datelist file.,,,Calendar days since prior NVDA earnings release. NVDA is a top-5 mega-cap name; its earnings move SPY/QQQ disproportionately.,Pre-computed in source pipeline as days between today and the from NVDA quarterly earnings release. Range: 0-90+ days.,Calendar days since prior NVDA quarterly earnings release. NVDA reports ~4/year; max distance ~90 days. 0 on the earnings day itself. NULL early in dataset before first NVDA earnings release in source range.
126,Days to TSLA Earnings,DaytTSLA,tsla_days_to_earnings,Events,J: Earnings,FALSE,FALSE,,TRUE,FALSE,FALSE,FALSE,categorical,,,entry_filter_dates_earnings.default.csv,Sourced from entry_filter_dates_earnings.default.csv (CSV is source of truth). No native TB or OO equivalent - earnings calendar data is not in TradeBlocks parquet schema. Per-stock and index-threshold proximity features unique to this datelist file.,,,Calendar days until next TSLA earnings release. TSLA is a top-5 mega-cap name; its earnings move SPY/QQQ disproportionately.,Pre-computed in source pipeline as days between today and the to TSLA quarterly earnings release. Range: 0-90+ days.,Calendar days until next TSLA quarterly earnings release. TSLA reports ~4/year; max distance ~90 days. 0 on the earnings day itself. NULL early in dataset before first TSLA earnings release in source range.
127,Days from TSLA Earnings,DayfTSLA,tsla_days_from_earnings,Events,J: Earnings,FALSE,FALSE,,TRUE,FALSE,FALSE,FALSE,categorical,,,entry_filter_dates_earnings.default.csv,Sourced from entry_filter_dates_earnings.default.csv (CSV is source of truth). No native TB or OO equivalent - earnings calendar data is not in TradeBlocks parquet schema. Per-stock and index-threshold proximity features unique to this datelist file.,,,Calendar days since prior TSLA earnings release. TSLA is a top-5 mega-cap name; its earnings move SPY/QQQ disproportionately.,Pre-computed in source pipeline as days between today and the from TSLA quarterly earnings release. Range: 0-90+ days.,Calendar days since prior TSLA quarterly earnings release. TSLA reports ~4/year; max distance ~90 days. 0 on the earnings day itself. NULL early in dataset before first TSLA earnings release in source range.
128,Days to Next >5% SPY Reporting Day,DaytSPY5,earnings_days_to_spy_above_5pct,Events,J: Earnings,FALSE,FALSE,,TRUE,FALSE,FALSE,FALSE,categorical,,,entry_filter_dates_earnings.default.csv,Sourced from entry_filter_dates_earnings.default.csv (CSV is source of truth). No native TB or OO equivalent - earnings calendar data is not in TradeBlocks parquet schema. Per-stock and index-threshold proximity features unique to this datelist file.,,,Calendar days until next >5% spy reporting day. Captures pre-event positioning for high-concentration earnings days.,Calendar days to next date where SPY reporting % > 5%.,Calendar days until next >5% spy reporting day. SPY >5% reporting threshold (101 dates / 8.1% of trading days). Captures medium-concentration earnings days. 0 on the threshold-breach day itself.
129,Days from Prior >5% SPY Reporting Day,DayfSPY5,earnings_days_from_spy_above_5pct,Events,J: Earnings,FALSE,FALSE,,TRUE,FALSE,FALSE,FALSE,categorical,,,entry_filter_dates_earnings.default.csv,Sourced from entry_filter_dates_earnings.default.csv (CSV is source of truth). No native TB or OO equivalent - earnings calendar data is not in TradeBlocks parquet schema. Per-stock and index-threshold proximity features unique to this datelist file.,,,Calendar days since prior >5% spy reporting day. Captures post-event flow for high-concentration earnings days.,Calendar days to prior date where SPY reporting % > 5%.,Calendar days since prior >5% spy reporting day. SPY >5% reporting threshold (101 dates / 8.1% of trading days). Captures medium-concentration earnings days. 0 on the threshold-breach day itself.
130,Weeks to Next >5% SPY Reporting Day,WeektSPY5,earnings_weeks_to_spy_above_5pct,Events,J: Earnings,FALSE,FALSE,,TRUE,FALSE,FALSE,FALSE,categorical,,,entry_filter_dates_earnings.default.csv,Sourced from entry_filter_dates_earnings.default.csv (CSV is source of truth). No native TB or OO equivalent - earnings calendar data is not in TradeBlocks parquet schema. Per-stock and index-threshold proximity features unique to this datelist file.,,,"ISO-week distance to >5% spy reporting day, same-week-zero rule.",ISO-week distance using same-week-zero rule. 0 if a matching threshold day falls in current ISO week.,ISO-week distance to next >5% spy reporting day. SPY >5% reporting threshold (101 dates / 8.1% of trading days). Captures medium-concentration earnings days. Same-week-zero rule applied.
131,Weeks from Prior >5% SPY Reporting Day,WeekfSPY5,earnings_weeks_from_spy_above_5pct,Events,J: Earnings,FALSE,FALSE,,TRUE,FALSE,FALSE,FALSE,categorical,,,entry_filter_dates_earnings.default.csv,Sourced from entry_filter_dates_earnings.default.csv (CSV is source of truth). No native TB or OO equivalent - earnings calendar data is not in TradeBlocks parquet schema. Per-stock and index-threshold proximity features unique to this datelist file.,,,"ISO-week distance to >5% spy reporting day, same-week-zero rule.",ISO-week distance using same-week-zero rule. 0 if a matching threshold day falls in current ISO week.,ISO-week distance since prior >5% spy reporting day. SPY >5% reporting threshold (101 dates / 8.1% of trading days). Captures medium-concentration earnings days. Same-week-zero rule applied.
132,Days to Next >10% SPY Reporting Day,DaytSPY10,earnings_days_to_spy_above_10pct,Events,J: Earnings,FALSE,FALSE,,TRUE,TRUE,TRUE,FALSE,categorical,,,entry_filter_dates_earnings.default.csv,Sourced from entry_filter_dates_earnings.default.csv (CSV is source of truth). No native TB or OO equivalent - earnings calendar data is not in TradeBlocks parquet schema. Per-stock and index-threshold proximity features unique to this datelist file.,,,Calendar days until next >10% spy reporting day. Captures pre-event positioning for high-concentration earnings days.,Calendar days to next date where SPY reporting % > 10%.,Calendar days until next >10% spy reporting day. SPY >10% reporting threshold (47 dates / 3.8%). Captures high-concentration days like NFLX/AMZN/AAPL clusters. 0 on the threshold-breach day itself.
133,Days from Prior >10% SPY Reporting Day,DayfSPY10,earnings_days_from_spy_above_10pct,Events,J: Earnings,FALSE,FALSE,,TRUE,TRUE,TRUE,FALSE,categorical,,,entry_filter_dates_earnings.default.csv,Sourced from entry_filter_dates_earnings.default.csv (CSV is source of truth). No native TB or OO equivalent - earnings calendar data is not in TradeBlocks parquet schema. Per-stock and index-threshold proximity features unique to this datelist file.,,,Calendar days since prior >10% spy reporting day. Captures post-event flow for high-concentration earnings days.,Calendar days to prior date where SPY reporting % > 10%.,Calendar days since prior >10% spy reporting day. SPY >10% reporting threshold (47 dates / 3.8%). Captures high-concentration days like NFLX/AMZN/AAPL clusters. 0 on the threshold-breach day itself.
134,Weeks to Next >10% SPY Reporting Day,WeektSPY10,earnings_weeks_to_spy_above_10pct,Events,J: Earnings,FALSE,FALSE,,TRUE,TRUE,TRUE,FALSE,categorical,,,entry_filter_dates_earnings.default.csv,Sourced from entry_filter_dates_earnings.default.csv (CSV is source of truth). No native TB or OO equivalent - earnings calendar data is not in TradeBlocks parquet schema. Per-stock and index-threshold proximity features unique to this datelist file.,,,"ISO-week distance to >10% spy reporting day, same-week-zero rule.",ISO-week distance using same-week-zero rule. 0 if a matching threshold day falls in current ISO week.,ISO-week distance to next >10% spy reporting day. SPY >10% reporting threshold (47 dates / 3.8%). Captures high-concentration days like NFLX/AMZN/AAPL clusters. Same-week-zero rule applied.
135,Weeks from Prior >10% SPY Reporting Day,WeekfSPY10,earnings_weeks_from_spy_above_10pct,Events,J: Earnings,FALSE,FALSE,,TRUE,TRUE,TRUE,FALSE,categorical,,,entry_filter_dates_earnings.default.csv,Sourced from entry_filter_dates_earnings.default.csv (CSV is source of truth). No native TB or OO equivalent - earnings calendar data is not in TradeBlocks parquet schema. Per-stock and index-threshold proximity features unique to this datelist file.,,,"ISO-week distance to >10% spy reporting day, same-week-zero rule.",ISO-week distance using same-week-zero rule. 0 if a matching threshold day falls in current ISO week.,ISO-week distance since prior >10% spy reporting day. SPY >10% reporting threshold (47 dates / 3.8%). Captures high-concentration days like NFLX/AMZN/AAPL clusters. Same-week-zero rule applied.
136,Days to Next >20% SPY Reporting Day,DaytSPY20,earnings_days_to_spy_above_20pct,Events,J: Earnings,FALSE,FALSE,,TRUE,TRUE,TRUE,FALSE,categorical,,,entry_filter_dates_earnings.default.csv,Sourced from entry_filter_dates_earnings.default.csv (CSV is source of truth). No native TB or OO equivalent - earnings calendar data is not in TradeBlocks parquet schema. Per-stock and index-threshold proximity features unique to this datelist file.,,,Calendar days until next >20% spy reporting day. Captures pre-event positioning for high-concentration earnings days.,Calendar days to next date where SPY reporting % > 20%.,Calendar days until next >20% spy reporting day. SPY >20% reporting threshold (9 dates / 0.7%). Very sparse - only the largest mega-cap clusters (e.g. AAPL+AMZN+MSFT same week). 0 on the threshold-breach day itself.
137,Days from Prior >20% SPY Reporting Day,DayfSPY20,earnings_days_from_spy_above_20pct,Events,J: Earnings,FALSE,FALSE,,TRUE,TRUE,TRUE,FALSE,categorical,,,entry_filter_dates_earnings.default.csv,Sourced from entry_filter_dates_earnings.default.csv (CSV is source of truth). No native TB or OO equivalent - earnings calendar data is not in TradeBlocks parquet schema. Per-stock and index-threshold proximity features unique to this datelist file.,,,Calendar days since prior >20% spy reporting day. Captures post-event flow for high-concentration earnings days.,Calendar days to prior date where SPY reporting % > 20%.,Calendar days since prior >20% spy reporting day. SPY >20% reporting threshold (9 dates / 0.7%). Very sparse - only the largest mega-cap clusters (e.g. AAPL+AMZN+MSFT same week). 0 on the threshold-breach day itself.
138,Weeks to Next >20% SPY Reporting Day,WeektSPY20,earnings_weeks_to_spy_above_20pct,Events,J: Earnings,FALSE,FALSE,,TRUE,TRUE,TRUE,FALSE,categorical,,,entry_filter_dates_earnings.default.csv,Sourced from entry_filter_dates_earnings.default.csv (CSV is source of truth). No native TB or OO equivalent - earnings calendar data is not in TradeBlocks parquet schema. Per-stock and index-threshold proximity features unique to this datelist file.,,,"ISO-week distance to >20% spy reporting day, same-week-zero rule.",ISO-week distance using same-week-zero rule. 0 if a matching threshold day falls in current ISO week.,ISO-week distance to next >20% spy reporting day. SPY >20% reporting threshold (9 dates / 0.7%). Very sparse - only the largest mega-cap clusters (e.g. AAPL+AMZN+MSFT same week). Same-week-zero rule applied.
139,Weeks from Prior >20% SPY Reporting Day,WeekfSPY20,earnings_weeks_from_spy_above_20pct,Events,J: Earnings,FALSE,FALSE,,TRUE,TRUE,TRUE,FALSE,categorical,,,entry_filter_dates_earnings.default.csv,Sourced from entry_filter_dates_earnings.default.csv (CSV is source of truth). No native TB or OO equivalent - earnings calendar data is not in TradeBlocks parquet schema. Per-stock and index-threshold proximity features unique to this datelist file.,,,"ISO-week distance to >20% spy reporting day, same-week-zero rule.",ISO-week distance using same-week-zero rule. 0 if a matching threshold day falls in current ISO week.,ISO-week distance since prior >20% spy reporting day. SPY >20% reporting threshold (9 dates / 0.7%). Very sparse - only the largest mega-cap clusters (e.g. AAPL+AMZN+MSFT same week). Same-week-zero rule applied.
140,Days to Next >5% QQQ Reporting Day,DaytQQQ5,earnings_days_to_qqq_above_5pct,Events,J: Earnings,FALSE,FALSE,,TRUE,FALSE,FALSE,FALSE,categorical,,,entry_filter_dates_earnings.default.csv,Sourced from entry_filter_dates_earnings.default.csv (CSV is source of truth). No native TB or OO equivalent - earnings calendar data is not in TradeBlocks parquet schema. Per-stock and index-threshold proximity features unique to this datelist file.,,,Calendar days until next >5% qqq reporting day. Captures pre-event positioning for high-concentration earnings days.,Calendar days to next date where QQQ reporting % > 5%.,Calendar days until next >5% qqq reporting day. QQQ >5% reporting threshold (86 dates / 6.9%). 0 on the threshold-breach day itself.
141,Days from Prior >5% QQQ Reporting Day,DayfQQQ5,earnings_days_from_qqq_above_5pct,Events,J: Earnings,FALSE,FALSE,,TRUE,FALSE,FALSE,FALSE,categorical,,,entry_filter_dates_earnings.default.csv,Sourced from entry_filter_dates_earnings.default.csv (CSV is source of truth). No native TB or OO equivalent - earnings calendar data is not in TradeBlocks parquet schema. Per-stock and index-threshold proximity features unique to this datelist file.,,,Calendar days since prior >5% qqq reporting day. Captures post-event flow for high-concentration earnings days.,Calendar days to prior date where QQQ reporting % > 5%.,Calendar days since prior >5% qqq reporting day. QQQ >5% reporting threshold (86 dates / 6.9%). 0 on the threshold-breach day itself.
142,Weeks to Next >5% QQQ Reporting Day,WeektQQQ5,earnings_weeks_to_qqq_above_5pct,Events,J: Earnings,FALSE,FALSE,,TRUE,FALSE,FALSE,FALSE,categorical,,,entry_filter_dates_earnings.default.csv,Sourced from entry_filter_dates_earnings.default.csv (CSV is source of truth). No native TB or OO equivalent - earnings calendar data is not in TradeBlocks parquet schema. Per-stock and index-threshold proximity features unique to this datelist file.,,,"ISO-week distance to >5% qqq reporting day, same-week-zero rule.",ISO-week distance using same-week-zero rule. 0 if a matching threshold day falls in current ISO week.,ISO-week distance to next >5% qqq reporting day. QQQ >5% reporting threshold (86 dates / 6.9%). Same-week-zero rule applied.
143,Weeks from Prior >5% QQQ Reporting Day,WeekfQQQ5,earnings_weeks_from_qqq_above_5pct,Events,J: Earnings,FALSE,FALSE,,TRUE,FALSE,FALSE,FALSE,categorical,,,entry_filter_dates_earnings.default.csv,Sourced from entry_filter_dates_earnings.default.csv (CSV is source of truth). No native TB or OO equivalent - earnings calendar data is not in TradeBlocks parquet schema. Per-stock and index-threshold proximity features unique to this datelist file.,,,"ISO-week distance to >5% qqq reporting day, same-week-zero rule.",ISO-week distance using same-week-zero rule. 0 if a matching threshold day falls in current ISO week.,ISO-week distance since prior >5% qqq reporting day. QQQ >5% reporting threshold (86 dates / 6.9%). Same-week-zero rule applied.
144,Days to Next >10% QQQ Reporting Day,DaytQQQ10,earnings_days_to_qqq_above_10pct,Events,J: Earnings,FALSE,FALSE,,TRUE,TRUE,TRUE,FALSE,categorical,,,entry_filter_dates_earnings.default.csv,Sourced from entry_filter_dates_earnings.default.csv (CSV is source of truth). No native TB or OO equivalent - earnings calendar data is not in TradeBlocks parquet schema. Per-stock and index-threshold proximity features unique to this datelist file.,,,Calendar days until next >10% qqq reporting day. Captures pre-event positioning for high-concentration earnings days.,Calendar days to next date where QQQ reporting % > 10%.,Calendar days until next >10% qqq reporting day. QQQ >10% reporting threshold (62 dates / 5.0%). 0 on the threshold-breach day itself.
145,Days from Prior >10% QQQ Reporting Day,DayfQQQ10,earnings_days_from_qqq_above_10pct,Events,J: Earnings,FALSE,FALSE,,TRUE,TRUE,TRUE,FALSE,categorical,,,entry_filter_dates_earnings.default.csv,Sourced from entry_filter_dates_earnings.default.csv (CSV is source of truth). No native TB or OO equivalent - earnings calendar data is not in TradeBlocks parquet schema. Per-stock and index-threshold proximity features unique to this datelist file.,,,Calendar days since prior >10% qqq reporting day. Captures post-event flow for high-concentration earnings days.,Calendar days to prior date where QQQ reporting % > 10%.,Calendar days since prior >10% qqq reporting day. QQQ >10% reporting threshold (62 dates / 5.0%). 0 on the threshold-breach day itself.
146,Weeks to Next >10% QQQ Reporting Day,WeektQQQ10,earnings_weeks_to_qqq_above_10pct,Events,J: Earnings,FALSE,FALSE,,TRUE,TRUE,TRUE,FALSE,categorical,,,entry_filter_dates_earnings.default.csv,Sourced from entry_filter_dates_earnings.default.csv (CSV is source of truth). No native TB or OO equivalent - earnings calendar data is not in TradeBlocks parquet schema. Per-stock and index-threshold proximity features unique to this datelist file.,,,"ISO-week distance to >10% qqq reporting day, same-week-zero rule.",ISO-week distance using same-week-zero rule. 0 if a matching threshold day falls in current ISO week.,ISO-week distance to next >10% qqq reporting day. QQQ >10% reporting threshold (62 dates / 5.0%). Same-week-zero rule applied.
147,Weeks from Prior >10% QQQ Reporting Day,WeekfQQQ10,earnings_weeks_from_qqq_above_10pct,Events,J: Earnings,FALSE,FALSE,,TRUE,TRUE,TRUE,FALSE,categorical,,,entry_filter_dates_earnings.default.csv,Sourced from entry_filter_dates_earnings.default.csv (CSV is source of truth). No native TB or OO equivalent - earnings calendar data is not in TradeBlocks parquet schema. Per-stock and index-threshold proximity features unique to this datelist file.,,,"ISO-week distance to >10% qqq reporting day, same-week-zero rule.",ISO-week distance using same-week-zero rule. 0 if a matching threshold day falls in current ISO week.,ISO-week distance since prior >10% qqq reporting day. QQQ >10% reporting threshold (62 dates / 5.0%). Same-week-zero rule applied.
148,Days to Next >20% QQQ Reporting Day,DaytQQQ20,earnings_days_to_qqq_above_20pct,Events,J: Earnings,FALSE,FALSE,,TRUE,TRUE,TRUE,FALSE,categorical,,,entry_filter_dates_earnings.default.csv,Sourced from entry_filter_dates_earnings.default.csv (CSV is source of truth). No native TB or OO equivalent - earnings calendar data is not in TradeBlocks parquet schema. Per-stock and index-threshold proximity features unique to this datelist file.,,,Calendar days until next >20% qqq reporting day. Captures pre-event positioning for high-concentration earnings days.,Calendar days to next date where QQQ reporting % > 20%.,Calendar days until next >20% qqq reporting day. QQQ >20% reporting threshold (25 dates / 2.0%). Less sparse than SPY 20% because QQQ is more concentrated. 0 on the threshold-breach day itself.
149,Days from Prior >20% QQQ Reporting Day,DayfQQQ20,earnings_days_from_qqq_above_20pct,Events,J: Earnings,FALSE,FALSE,,TRUE,TRUE,TRUE,FALSE,categorical,,,entry_filter_dates_earnings.default.csv,Sourced from entry_filter_dates_earnings.default.csv (CSV is source of truth). No native TB or OO equivalent - earnings calendar data is not in TradeBlocks parquet schema. Per-stock and index-threshold proximity features unique to this datelist file.,,,Calendar days since prior >20% qqq reporting day. Captures post-event flow for high-concentration earnings days.,Calendar days to prior date where QQQ reporting % > 20%.,Calendar days since prior >20% qqq reporting day. QQQ >20% reporting threshold (25 dates / 2.0%). Less sparse than SPY 20% because QQQ is more concentrated. 0 on the threshold-breach day itself.
150,Weeks to Next >20% QQQ Reporting Day,WeektQQQ20,earnings_weeks_to_qqq_above_20pct,Events,J: Earnings,FALSE,FALSE,,TRUE,TRUE,TRUE,FALSE,categorical,,,entry_filter_dates_earnings.default.csv,Sourced from entry_filter_dates_earnings.default.csv (CSV is source of truth). No native TB or OO equivalent - earnings calendar data is not in TradeBlocks parquet schema. Per-stock and index-threshold proximity features unique to this datelist file.,,,"ISO-week distance to >20% qqq reporting day, same-week-zero rule.",ISO-week distance using same-week-zero rule. 0 if a matching threshold day falls in current ISO week.,ISO-week distance to next >20% qqq reporting day. QQQ >20% reporting threshold (25 dates / 2.0%). Less sparse than SPY 20% because QQQ is more concentrated. Same-week-zero rule applied.
151,Weeks from Prior >20% QQQ Reporting Day,WeekfQQQ20,earnings_weeks_from_qqq_above_20pct,Events,J: Earnings,FALSE,FALSE,,TRUE,TRUE,TRUE,FALSE,categorical,,,entry_filter_dates_earnings.default.csv,Sourced from entry_filter_dates_earnings.default.csv (CSV is source of truth). No native TB or OO equivalent - earnings calendar data is not in TradeBlocks parquet schema. Per-stock and index-threshold proximity features unique to this datelist file.,,,"ISO-week distance to >20% qqq reporting day, same-week-zero rule.",ISO-week distance using same-week-zero rule. 0 if a matching threshold day falls in current ISO week.,ISO-week distance since prior >20% qqq reporting day. QQQ >20% reporting threshold (25 dates / 2.0%). Less sparse than SPY 20% because QQQ is more concentrated. Same-week-zero rule applied.
152,Short-to-long premium ratio,SLR,SLR,Premium & Structure,K: Premium & Structure,TRUE,TRUE,,TRUE,TRUE,TRUE,TRUE,continuous,Derived from legs regex,trades.trade_data,duck.db analytics.trades.trade_data,Computed: P STO + C STO / P BTO + C BTO,Min ratio threshold,SUM(STO prices) / SUM(BTO prices),Trade-specific; not market-condition-based. Independent by definition.,STO legs sum / BTO legs sum from regex,Short-to-Long premium Ratio - structural quality gate for calendar/DC trades. Higher = more relative value captured by the short legs at entry. Calc: sum(STO leg premium) / sum(BTO leg premium) at entry.
153,Net Premium per Lot,Prem,premium_per_contract,Premium & Structure,K: Premium & Structure,TRUE,TRUE,,TRUE,TRUE,TRUE,FALSE,continuous,premium / num_contracts,trades.trade_data,duck.db analytics.trades.trade_data,"Per-lot net premium normalization. Sign-aware: negative = net debit paid (e.g. long calendars/diagonals), positive = net credit received (e.g. short condors/strangles). Same trade structure may flip sign based on parameter choices.",Min/max net premium (signed),"OO labels as db (debit) / cr (credit). Sign captured in this CSV column: negative = db, positive = cr.",Net premium per lot at entry. Sign indicates trade type (debit vs credit). Magnitude correlates with VIX (higher vol -> richer premium) but measured per-trade.,premium / num_contracts,"Net premium per 1-lot of the structure at entry, in price units (notional / 100). SIGN MATTERS: negative = debit paid (long volatility / spread cost), positive = credit received (short volatility / income strategy). Could be either depending on the structure. Same trade type can flip sign based on parameter choices (e.g. a calendar can be debit OR credit depending on strike width and DTE). Calc: sum(qty x signed_leg_price) / num_contracts from OO trade log. Anti-correlated r=-1.00 with margin_per_contract."
154,Margin per Contract,Margin,margin_per_contract,Premium & Structure,K: Premium & Structure,FALSE,TRUE,,TRUE,TRUE,TRUE,TRUE,continuous,margin_req / num_contracts,trades.trade_data,duck.db analytics.trades.trade_data,Per-contract margin normalization,Not available,Not available,"Trade-specific. Driven by wing width and underlying price, not market regime.",margin_req / num_contracts,"Margin required per 1-lot of the structure at entry, in dollars. Higher = wider spreads or more vol-sensitive structure. Calc: margin_req / num_contracts from OO trade log; anti-correlated r=-1.00 with premium_per_contract."
155,DC Short Put  Premium,Short P Prem,SP_Prem,Premium & Structure,K: Premium & Structure,FALSE,FALSE,,TRUE,FALSE,FALSE,FALSE,continuous,,,,,,,,,"Short-put leg entry premium, price units (positive = credit collected). Requires per-leg OO export with Short Put premium column. Calc: short-put entry price from leg-level data."
156,DC Long Put Premium,Long P Prem,LP_Prem,Premium & Structure,K: Premium & Structure,FALSE,FALSE,,TRUE,FALSE,FALSE,FALSE,continuous,,,,,,,,,"Long-put leg entry premium, price units (negative = debit paid). Requires per-leg OO export with Long Put premium column. Calc: long-put entry price from leg-level data."
157,DC Short Call Premium,Short C Prem,SC_Prem,Premium & Structure,K: Premium & Structure,FALSE,FALSE,,TRUE,FALSE,FALSE,FALSE,continuous,,,,,,,,,"Short-call leg entry premium, price units (positive = credit collected). Requires per-leg OO export with Short Call premium column. Calc: short-call entry price from leg-level data."
158,DC Long Call Premium,Long C Prem,LC_Prem,Premium & Structure,K: Premium & Structure,FALSE,FALSE,,TRUE,FALSE,FALSE,FALSE,continuous,,,,,,,,,"Long-call leg entry premium, price units (negative = debit paid). Requires per-leg OO export with Long Call premium column. Calc: long-call entry price from leg-level data."
