date,spy_pct_due_0d,qqq_pct_due_0d,aapl_days_to_earnings,aapl_days_from_earnings,amzn_days_to_earnings,amzn_days_from_earnings,msft_days_to_earnings,msft_days_from_earnings,nvda_days_to_earnings,nvda_days_from_earnings,tsla_days_to_earnings,tsla_days_from_earnings,earnings_days_to_spy_above_5pct,earnings_days_from_spy_above_5pct,earnings_weeks_to_spy_above_5pct,earnings_weeks_from_spy_above_5pct,earnings_days_to_spy_above_10pct,earnings_days_from_spy_above_10pct,earnings_weeks_to_spy_above_10pct,earnings_weeks_from_spy_above_10pct,earnings_days_to_spy_above_20pct,earnings_days_from_spy_above_20pct,earnings_weeks_to_spy_above_20pct,earnings_weeks_from_spy_above_20pct,earnings_days_to_qqq_above_5pct,earnings_days_from_qqq_above_5pct,earnings_weeks_to_qqq_above_5pct,earnings_weeks_from_qqq_above_5pct,earnings_days_to_qqq_above_10pct,earnings_days_from_qqq_above_10pct,earnings_weeks_to_qqq_above_10pct,earnings_weeks_from_qqq_above_10pct,earnings_days_to_qqq_above_20pct,earnings_days_from_qqq_above_20pct,earnings_weeks_to_qqq_above_20pct,earnings_weeks_from_qqq_above_20pct
2022-01-03,0.0,0.0,17.0,,22.0,,15.0,,31.0,,16.0,,22,,3,,22,,3,,204,,29,,22,,3,,22,,3,,24,,3,
2022-01-04,0.0,0.0,16.0,,21.0,,14.0,,30.0,,15.0,,21,,3,,21,,3,,203,,29,,21,,3,,21,,3,,23,,3,
2022-01-05,0.0,0.0,15.0,,20.0,,13.0,,29.0,,14.0,,20,,3,,20,,3,,202,,29,,20,,3,,20,,3,,22,,3,
2022-01-06,0.1758,0.0,14.0,,19.0,,12.0,,28.0,,13.0,,19,,3,,19,,3,,201,,29,,19,,3,,19,,3,,21,,3,
2022-01-07,0.0,0.0,13.0,,18.0,,11.0,,27.0,,12.0,,18,,3,,18,,3,,200,,29,,18,,3,,18,,3,,20,,3,
2022-01-10,0.0,0.0,12.0,,17.0,,10.0,,26.0,,11.0,,15,,2,,15,,2,,197,,28,,15,,2,,15,,2,,17,,2,
2022-01-11,0.0,0.0,11.0,,16.0,,9.0,,25.0,,10.0,,14,,2,,14,,2,,196,,28,,14,,2,,14,,2,,16,,2,
2022-01-12,0.0,0.0,10.0,,15.0,,8.0,,24.0,,9.0,,13,,2,,13,,2,,195,,28,,13,,2,,13,,2,,15,,2,
2022-01-13,0.0712,0.0,9.0,,14.0,,7.0,,23.0,,8.0,,12,,2,,12,,2,,194,,28,,12,,2,,12,,2,,14,,2,
2022-01-14,2.3772,0.0,8.0,,13.0,,6.0,,22.0,,7.0,,11,,2,,11,,2,,193,,28,,11,,2,,11,,2,,13,,2,
2022-01-18,1.5666,0.0,7.0,,12.0,,5.0,,21.0,,6.0,,7,,1,,7,,1,,189,,27,,7,,1,,7,,1,,9,,1,
2022-01-19,4.7768,2.4452,6.0,,11.0,,4.0,,20.0,,5.0,,6,,1,,6,,1,,188,,27,,6,,1,,6,,1,,8,,1,
2022-01-20,1.6722,1.7763,5.0,,10.0,,3.0,,19.0,,4.0,,5,,1,,5,,1,,187,,27,,5,,1,,5,,1,,7,,1,
2022-01-21,0.2213,0.0,4.0,,9.0,,2.0,,18.0,,3.0,,4,,1,,4,,1,,186,,27,,4,,1,,4,,1,,6,,1,
2022-01-24,0.446,0.0,3.0,,8.0,,1.0,,17.0,,2.0,,1,,0,0,1,,0,0,183,,26,,1,,0,0,1,,0,0,3,,0,0
2022-01-25,11.3247,19.1885,2.0,,7.0,,0.0,0.0,16.0,,1.0,,0,0,0,0,0,0,0,0,182,,26,,0,0,0,0,0,0,0,0,2,,0,0
2022-01-26,5.8919,5.6628,1.0,,6.0,,62.0,1.0,15.0,,0.0,0.0,0,0,0,0,1,1,0,0,181,,26,,0,0,0,0,1,1,0,0,1,,0,0
2022-01-27,15.4825,25.0856,0.0,0.0,5.0,,61.0,2.0,14.0,,57.0,1.0,0,0,0,0,0,0,0,0,180,,26,,0,0,0,0,0,0,0,0,0,0,0,0
2022-01-28,2.0463,0.7935,62.0,1.0,4.0,,60.0,3.0,13.0,,56.0,2.0,5,1,0,0,88,1,0,0,179,,26,,4,1,0,0,5,1,0,0,88,1,0,0
2022-01-31,0.5783,0.3934,61.0,2.0,3.0,,59.0,4.0,12.0,,55.0,3.0,2,4,0,0,85,4,12,1,176,,25,,1,4,0,0,2,4,0,0,85,4,12,1
2022-02-01,4.9232,5.9685,60.0,3.0,2.0,,58.0,5.0,11.0,,54.0,4.0,1,5,0,0,84,5,12,1,175,,25,,0,0,0,0,1,5,0,0,84,5,12,1
2022-02-02,7.1234,10.3797,59.0,4.0,1.0,,57.0,6.0,10.0,,53.0,5.0,0,0,0,0,83,6,12,1,174,,25,,0,0,0,0,0,0,0,0,83,6,12,1
2022-02-03,5.4437,2.026,58.0,5.0,0.0,0.0,56.0,7.0,9.0,,52.0,6.0,0,0,0,0,82,7,12,1,173,,25,,13,1,0,0,82,1,0,0,82,7,12,1
2022-02-04,1.233,0.5375,57.0,6.0,57.0,1.0,55.0,8.0,8.0,,51.0,7.0,81,1,0,0,81,8,12,1,172,,25,,12,2,0,0,81,2,0,0,81,8,12,1
2022-02-07,0.8917,1.1602,56.0,7.0,56.0,2.0,54.0,9.0,7.0,,50.0,8.0,78,4,11,1,78,11,11,2,169,,24,,9,5,1,1,78,5,11,1,78,11,11,2
2022-02-08,2.6015,0.423,55.0,8.0,55.0,3.0,53.0,10.0,6.0,,49.0,9.0,77,5,11,1,77,12,11,2,168,,24,,8,6,1,1,77,6,11,1,77,12,11,2
2022-02-09,2.4894,0.0228,54.0,9.0,54.0,4.0,52.0,11.0,5.0,,48.0,10.0,76,6,11,1,76,13,11,2,167,,24,,7,7,1,1,76,7,11,1,76,13,11,2
2022-02-10,4.0724,3.8148,53.0,10.0,53.0,5.0,51.0,12.0,4.0,,47.0,11.0,75,7,11,1,75,14,11,2,166,,24,,6,8,1,1,75,8,11,1,75,14,11,2
2022-02-11,0.3412,0.0,52.0,11.0,52.0,6.0,50.0,13.0,3.0,,46.0,12.0,74,8,11,1,74,15,11,2,165,,24,,5,9,1,1,74,9,11,1,74,15,11,2
2022-02-14,0.0271,0.0,51.0,12.0,51.0,7.0,49.0,14.0,2.0,,45.0,13.0,71,11,10,2,71,18,10,3,162,,23,,2,12,0,0,71,12,10,2,71,18,10,3
2022-02-15,1.8007,1.34,50.0,13.0,50.0,8.0,48.0,15.0,1.0,,44.0,14.0,70,12,10,2,70,19,10,3,161,,23,,1,13,0,0,70,13,10,2,70,19,10,3
2022-02-16,3.079,5.3406,49.0,14.0,49.0,9.0,47.0,16.0,0.0,0.0,43.0,15.0,69,13,10,2,69,20,10,3,160,,23,,0,0,0,0,69,14,10,2,69,20,10,3
2022-02-17,1.3692,1.2983,48.0,15.0,48.0,10.0,46.0,17.0,67.0,1.0,42.0,16.0,68,14,10,2,68,21,10,3,159,,23,,62,1,0,0,68,15,10,2,68,21,10,3
2022-02-18,0.5304,0.0,47.0,16.0,47.0,11.0,45.0,18.0,66.0,2.0,41.0,17.0,67,15,10,2,67,22,10,3,158,,23,,61,2,0,0,67,16,10,2,67,22,10,3
2022-02-22,2.4872,1.4516,46.0,17.0,46.0,12.0,44.0,19.0,65.0,3.0,40.0,18.0,63,19,9,3,63,26,9,4,154,,22,,57,6,8,1,63,20,9,3,63,26,9,4
2022-02-23,1.3745,0.0347,45.0,18.0,45.0,13.0,43.0,20.0,64.0,4.0,39.0,19.0,62,20,9,3,62,27,9,4,153,,22,,56,7,8,1,62,21,9,3,62,27,9,4
2022-02-24,2.9304,3.0151,44.0,19.0,44.0,14.0,42.0,21.0,63.0,5.0,38.0,20.0,61,21,9,3,61,28,9,4,152,,22,,55,8,8,1,61,22,9,3,61,28,9,4
2022-02-25,0.3676,0.4569,43.0,20.0,43.0,15.0,41.0,22.0,62.0,6.0,37.0,21.0,60,22,9,3,60,29,9,4,151,,22,,54,9,8,1,60,23,9,3,60,29,9,4
2022-02-28,0.5088,0.4617,42.0,21.0,42.0,16.0,40.0,23.0,61.0,7.0,36.0,22.0,57,25,8,4,57,32,8,5,148,,21,,51,12,7,2,57,26,8,4,57,32,8,5
2022-03-01,1.3914,0.2643,41.0,22.0,41.0,17.0,39.0,24.0,60.0,8.0,35.0,23.0,56,26,8,4,56,33,8,5,147,,21,,50,13,7,2,56,27,8,4,56,33,8,5
2022-03-02,0.0942,0.0,40.0,23.0,40.0,18.0,38.0,25.0,59.0,9.0,34.0,24.0,55,27,8,4,55,34,8,5,146,,21,,49,14,7,2,55,28,8,4,55,34,8,5
2022-03-03,1.0388,2.5683,39.0,24.0,39.0,19.0,37.0,26.0,58.0,10.0,33.0,25.0,54,28,8,4,54,35,8,5,145,,21,,48,15,7,2,54,29,8,4,54,35,8,5
2022-03-04,0.0,0.0,38.0,25.0,38.0,20.0,36.0,27.0,57.0,11.0,32.0,26.0,53,29,8,4,53,36,8,5,144,,21,,47,16,7,2,53,30,8,4,53,36,8,5
2022-03-07,0.0299,0.0,37.0,26.0,37.0,21.0,35.0,28.0,56.0,12.0,31.0,27.0,50,32,7,5,50,39,7,6,141,,20,,44,19,6,3,50,33,7,5,50,39,7,6
2022-03-08,0.0,0.0,36.0,27.0,36.0,22.0,34.0,29.0,55.0,13.0,30.0,28.0,49,33,7,5,49,40,7,6,140,,20,,43,20,6,3,49,34,7,5,49,40,7,6
2022-03-09,0.1696,0.3114,35.0,28.0,35.0,23.0,33.0,30.0,54.0,14.0,29.0,29.0,48,34,7,5,48,41,7,6,139,,20,,42,21,6,3,48,35,7,5,48,41,7,6
2022-03-10,0.6704,0.0,34.0,29.0,34.0,24.0,32.0,31.0,53.0,15.0,28.0,30.0,47,35,7,5,47,42,7,6,138,,20,,41,22,6,3,47,36,7,5,47,42,7,6
2022-03-11,0.0,0.0,33.0,30.0,33.0,25.0,31.0,32.0,52.0,16.0,27.0,31.0,46,36,7,5,46,43,7,6,137,,20,,40,23,6,3,46,37,7,5,46,43,7,6
2022-03-14,0.0,0.0,32.0,31.0,32.0,26.0,30.0,33.0,51.0,17.0,26.0,32.0,43,39,6,6,43,46,6,7,134,,19,,37,26,5,4,43,40,6,6,43,46,6,7
2022-03-15,0.0,0.0,31.0,32.0,31.0,27.0,29.0,34.0,50.0,18.0,25.0,33.0,42,40,6,6,42,47,6,7,133,,19,,36,27,5,4,42,41,6,6,42,47,6,7
2022-03-16,0.115,0.0,30.0,33.0,30.0,28.0,28.0,35.0,49.0,19.0,24.0,34.0,41,41,6,6,41,48,6,7,132,,19,,35,28,5,4,41,42,6,6,41,48,6,7
2022-03-17,0.9234,0.0,29.0,34.0,29.0,29.0,27.0,36.0,48.0,20.0,23.0,35.0,40,42,6,6,40,49,6,7,131,,19,,34,29,5,4,40,43,6,6,40,49,6,7
2022-03-18,0.0,0.0,28.0,35.0,28.0,30.0,26.0,37.0,47.0,21.0,22.0,36.0,39,43,6,6,39,50,6,7,130,,19,,33,30,5,4,39,44,6,6,39,50,6,7
2022-03-21,0.5787,0.5098,27.0,36.0,27.0,31.0,25.0,38.0,46.0,22.0,21.0,37.0,36,46,5,7,36,53,5,8,127,,18,,30,33,4,5,36,47,5,7,36,53,5,8
2022-03-22,0.6785,1.7422,26.0,37.0,26.0,32.0,24.0,39.0,45.0,23.0,20.0,38.0,35,47,5,7,35,54,5,8,126,,18,,29,34,4,5,35,48,5,7,35,54,5,8
2022-03-23,0.1378,0.0822,25.0,38.0,25.0,33.0,23.0,40.0,44.0,24.0,19.0,39.0,34,48,5,7,34,55,5,8,125,,18,,28,35,4,5,34,49,5,7,34,55,5,8
2022-03-24,0.096,0.0,24.0,39.0,24.0,34.0,22.0,41.0,43.0,25.0,18.0,40.0,33,49,5,7,33,56,5,8,124,,18,,27,36,4,5,33,50,5,7,33,56,5,8
2022-03-25,0.0,0.0,23.0,40.0,23.0,35.0,21.0,42.0,42.0,26.0,17.0,41.0,32,50,5,7,32,57,5,8,123,,18,,26,37,4,5,32,51,5,7,32,57,5,8
2022-03-28,0.0,0.0,22.0,41.0,22.0,36.0,20.0,43.0,41.0,27.0,16.0,42.0,29,53,4,8,29,60,4,9,120,,17,,23,40,3,6,29,54,4,8,29,60,4,9
2022-03-29,0.4465,0.6979,21.0,42.0,21.0,37.0,19.0,44.0,40.0,28.0,15.0,43.0,28,54,4,8,28,61,4,9,119,,17,,22,41,3,6,28,55,4,8,28,61,4,9
2022-03-30,0.1334,0.3665,20.0,43.0,20.0,38.0,18.0,45.0,39.0,29.0,14.0,44.0,27,55,4,8,27,62,4,9,118,,17,,21,42,3,6,27,56,4,8,27,62,4,9
2022-03-31,0.0,0.0,19.0,44.0,19.0,39.0,17.0,46.0,38.0,30.0,13.0,45.0,26,56,4,8,26,63,4,9,117,,17,,20,43,3,6,26,57,4,8,26,63,4,9
2022-04-01,0.0,0.0,18.0,45.0,18.0,40.0,16.0,47.0,37.0,31.0,12.0,46.0,25,57,4,8,25,64,4,9,116,,17,,19,44,3,6,25,58,4,8,25,64,4,9
2022-04-04,0.0,0.0,17.0,46.0,17.0,41.0,15.0,48.0,36.0,32.0,11.0,47.0,22,60,3,9,22,67,3,10,113,,16,,16,47,2,7,22,61,3,9,22,67,3,10
2022-04-05,0.0,0.0,16.0,47.0,16.0,42.0,14.0,49.0,35.0,33.0,10.0,48.0,21,61,3,9,21,68,3,10,112,,16,,15,48,2,7,21,62,3,9,21,68,3,10
2022-04-06,0.0,0.0,15.0,48.0,15.0,43.0,13.0,50.0,34.0,34.0,9.0,49.0,20,62,3,9,20,69,3,10,111,,16,,14,49,2,7,20,63,3,9,20,69,3,10
2022-04-07,0.1763,0.0,14.0,49.0,14.0,44.0,12.0,51.0,33.0,35.0,8.0,50.0,19,63,3,9,19,70,3,10,110,,16,,13,50,2,7,19,64,3,9,19,70,3,10
2022-04-08,0.0,0.0,13.0,50.0,13.0,45.0,11.0,52.0,32.0,36.0,7.0,51.0,18,64,3,9,18,71,3,10,109,,16,,12,51,2,7,18,65,3,9,18,71,3,10
2022-04-11,0.0,0.0,12.0,51.0,12.0,46.0,10.0,53.0,31.0,37.0,6.0,52.0,15,67,2,10,15,74,2,11,106,,15,,9,54,1,8,15,68,2,10,15,74,2,11
2022-04-12,0.0,0.0,11.0,52.0,11.0,47.0,9.0,54.0,30.0,38.0,5.0,53.0,14,68,2,10,14,75,2,11,105,,15,,8,55,1,8,14,69,2,10,14,75,2,11
2022-04-13,1.2443,0.1364,10.0,53.0,10.0,48.0,8.0,55.0,29.0,39.0,4.0,54.0,13,69,2,10,13,76,2,11,104,,15,,7,56,1,8,13,70,2,10,13,76,2,11
2022-04-14,3.7213,0.0,9.0,54.0,9.0,49.0,7.0,56.0,28.0,40.0,3.0,55.0,12,70,2,10,12,77,2,11,103,,15,,6,57,1,8,12,71,2,10,12,77,2,11
2022-04-18,1.5615,0.0,8.0,55.0,8.0,50.0,6.0,57.0,27.0,41.0,2.0,56.0,8,74,1,11,8,81,1,12,99,,14,,2,61,0,0,8,75,1,11,8,81,1,12
2022-04-19,3.1302,0.1243,7.0,56.0,7.0,51.0,5.0,58.0,26.0,42.0,1.0,57.0,7,75,1,11,7,82,1,12,98,,14,,1,62,0,0,7,76,1,11,7,82,1,12
2022-04-20,4.1949,5.9391,6.0,57.0,6.0,52.0,4.0,59.0,25.0,43.0,0.0,0.0,6,76,1,11,6,83,1,12,97,,14,,0,0,0,0,6,77,1,11,6,83,1,12
2022-04-21,4.3006,0.8858,5.0,58.0,5.0,53.0,3.0,60.0,24.0,44.0,62.0,1.0,5,77,1,11,5,84,1,12,96,,14,,5,1,0,0,5,78,1,11,5,84,1,12
2022-04-22,1.8529,0.0,4.0,59.0,4.0,54.0,2.0,61.0,23.0,45.0,61.0,2.0,4,78,1,11,4,85,1,12,95,,14,,4,2,0,0,4,79,1,11,4,85,1,12
2022-04-25,1.4573,0.3506,3.0,60.0,3.0,55.0,1.0,62.0,22.0,46.0,60.0,3.0,1,81,0,0,1,88,0,0,92,,13,,1,5,0,0,1,82,0,0,1,88,0,0
2022-04-26,14.1459,24.7293,2.0,61.0,2.0,56.0,0.0,0.0,21.0,47.0,59.0,4.0,0,0,0,0,0,0,0,0,91,,13,,0,0,0,0,0,0,0,0,0,0,0,0
2022-04-27,7.745,10.5575,1.0,62.0,1.0,57.0,61.0,1.0,20.0,48.0,58.0,5.0,0,0,0,0,1,1,0,0,90,,13,,0,0,0,0,0,0,0,0,1,1,0,0
2022-04-28,17.985,30.9382,0.0,0.0,0.0,0.0,60.0,2.0,19.0,49.0,57.0,6.0,0,0,0,0,0,0,0,0,89,,13,,0,0,0,0,0,0,0,0,0,0,0,0
2022-04-29,4.9244,1.7658,61.0,1.0,61.0,1.0,59.0,3.0,18.0,50.0,56.0,7.0,4,1,0,0,88,1,0,0,88,,13,,88,1,0,0,88,1,0,0,88,1,0,0
2022-05-02,1.2005,0.3548,60.0,2.0,60.0,2.0,58.0,4.0,17.0,51.0,55.0,8.0,1,4,0,0,85,4,12,1,85,,12,,85,4,12,1,85,4,12,1,85,4,12,1
2022-05-03,6.3502,3.9681,59.0,3.0,59.0,3.0,57.0,5.0,16.0,52.0,54.0,9.0,0,0,0,0,84,5,12,1,84,,12,,84,5,12,1,84,5,12,1,84,5,12,1
2022-05-04,3.4373,1.9021,58.0,4.0,58.0,4.0,56.0,6.0,15.0,53.0,53.0,10.0,83,1,0,0,83,6,12,1,83,,12,,83,6,12,1,83,6,12,1,83,6,12,1
2022-05-05,4.0151,1.1622,57.0,5.0,57.0,5.0,55.0,7.0,14.0,54.0,52.0,11.0,82,2,0,0,82,7,12,1,82,,12,,82,7,12,1,82,7,12,1,82,7,12,1
2022-05-06,0.6451,0.6354,56.0,6.0,56.0,6.0,54.0,8.0,13.0,55.0,51.0,12.0,81,3,0,0,81,8,12,1,81,,12,,81,8,12,1,81,8,12,1,81,8,12,1
2022-05-09,0.9584,0.9156,55.0,7.0,55.0,7.0,53.0,9.0,12.0,56.0,50.0,13.0,78,6,11,1,78,11,11,2,78,,11,,78,11,11,2,78,11,11,2,78,11,11,2
2022-05-10,0.9819,0.3574,54.0,8.0,54.0,8.0,52.0,10.0,11.0,57.0,49.0,14.0,77,7,11,1,77,12,11,2,77,,11,,77,12,11,2,77,12,11,2,77,12,11,2
2022-05-11,0.658,0.0992,53.0,9.0,53.0,9.0,51.0,11.0,10.0,58.0,48.0,15.0,76,8,11,1,76,13,11,2,76,,11,,76,13,11,2,76,13,11,2,76,13,11,2
2022-05-12,0.2637,0.1758,52.0,10.0,52.0,10.0,50.0,12.0,9.0,59.0,47.0,16.0,75,9,11,1,75,14,11,2,75,,11,,75,14,11,2,75,14,11,2,75,14,11,2
2022-05-13,0.0,0.0,51.0,11.0,51.0,11.0,49.0,13.0,8.0,60.0,46.0,17.0,74,10,11,1,74,15,11,2,74,,11,,74,15,11,2,74,15,11,2,74,15,11,2
2022-05-16,0.0401,0.1161,50.0,12.0,50.0,12.0,48.0,14.0,7.0,61.0,45.0,18.0,71,13,10,2,71,18,10,3,71,,10,,71,18,10,3,71,18,10,3,71,18,10,3
2022-05-17,1.4855,1.2687,49.0,13.0,49.0,13.0,47.0,15.0,6.0,62.0,44.0,19.0,70,14,10,2,70,19,10,3,70,,10,,70,19,10,3,70,19,10,3,70,19,10,3
2022-05-18,1.9754,3.0743,48.0,14.0,48.0,14.0,46.0,16.0,5.0,63.0,43.0,20.0,69,15,10,2,69,20,10,3,69,,10,,69,20,10,3,69,20,10,3,69,20,10,3
2022-05-19,0.4813,1.4,47.0,15.0,47.0,15.0,45.0,17.0,4.0,64.0,42.0,21.0,68,16,10,2,68,21,10,3,68,,10,,68,21,10,3,68,21,10,3,68,21,10,3
2022-05-20,0.3647,0.0,46.0,16.0,46.0,16.0,44.0,18.0,3.0,65.0,41.0,22.0,67,17,10,2,67,22,10,3,67,,10,,67,22,10,3,67,22,10,3,67,22,10,3
2022-05-23,0.0387,0.0,45.0,17.0,45.0,17.0,43.0,19.0,2.0,66.0,40.0,23.0,64,20,9,3,64,25,9,4,64,,9,,64,25,9,4,64,25,9,4,64,25,9,4
2022-05-24,0.6427,0.9816,44.0,18.0,44.0,18.0,42.0,20.0,1.0,67.0,39.0,24.0,63,21,9,3,63,26,9,4,63,,9,,63,26,9,4,63,26,9,4,63,26,9,4
2022-05-25,0.1398,0.3793,43.0,19.0,43.0,19.0,41.0,21.0,0.0,0.0,38.0,25.0,62,22,9,3,62,27,9,4,62,,9,,62,27,9,4,62,27,9,4,62,27,9,4
2022-05-26,1.801,3.4212,42.0,20.0,42.0,20.0,40.0,22.0,61.0,1.0,37.0,26.0,61,23,9,3,61,28,9,4,61,,9,,61,28,9,4,61,28,9,4,61,28,9,4
2022-05-27,0.0,0.4873,41.0,21.0,41.0,21.0,39.0,23.0,60.0,2.0,36.0,27.0,60,24,9,3,60,29,9,4,60,,9,,60,29,9,4,60,29,9,4,60,29,9,4
2022-05-31,0.6264,0.0,40.0,22.0,40.0,22.0,38.0,24.0,59.0,3.0,35.0,28.0,56,28,8,4,56,33,8,5,56,,8,,56,33,8,5,56,33,8,5,56,33,8,5
2022-06-01,0.113,0.0,39.0,23.0,39.0,23.0,37.0,25.0,58.0,4.0,34.0,29.0,55,29,8,4,55,34,8,5,55,,8,,55,34,8,5,55,34,8,5,55,34,8,5
2022-06-02,0.3392,0.3187,38.0,24.0,38.0,24.0,36.0,26.0,57.0,5.0,33.0,30.0,54,30,8,4,54,35,8,5,54,,8,,54,35,8,5,54,35,8,5,54,35,8,5
2022-06-03,0.0,0.0,37.0,25.0,37.0,25.0,35.0,27.0,56.0,6.0,32.0,31.0,53,31,8,4,53,36,8,5,53,,8,,53,36,8,5,53,36,8,5,53,36,8,5
2022-06-06,0.0,0.0,36.0,26.0,36.0,26.0,34.0,28.0,55.0,7.0,31.0,32.0,50,34,7,5,50,39,7,6,50,,7,,50,39,7,6,50,39,7,6,50,39,7,6
2022-06-07,0.0398,0.0,35.0,27.0,35.0,27.0,33.0,29.0,54.0,8.0,30.0,33.0,49,35,7,5,49,40,7,6,49,,7,,49,40,7,6,49,40,7,6,49,40,7,6
2022-06-08,0.1557,0.0,34.0,28.0,34.0,28.0,32.0,30.0,53.0,9.0,29.0,34.0,48,36,7,5,48,41,7,6,48,,7,,48,41,7,6,48,41,7,6,48,41,7,6
2022-06-09,0.0,0.0,33.0,29.0,33.0,29.0,31.0,31.0,52.0,10.0,28.0,35.0,47,37,7,5,47,42,7,6,47,,7,,47,42,7,6,47,42,7,6,47,42,7,6
2022-06-10,0.0,0.0,32.0,30.0,32.0,30.0,30.0,32.0,51.0,11.0,27.0,36.0,46,38,7,5,46,43,7,6,46,,7,,46,43,7,6,46,43,7,6,46,43,7,6
2022-06-13,0.5635,0.0,31.0,31.0,31.0,31.0,29.0,33.0,50.0,12.0,26.0,37.0,43,41,6,6,43,46,6,7,43,,6,,43,46,6,7,43,46,6,7,43,46,6,7
2022-06-14,0.0,0.0,30.0,32.0,30.0,32.0,28.0,34.0,49.0,13.0,25.0,38.0,42,42,6,6,42,47,6,7,42,,6,,42,47,6,7,42,47,6,7,42,47,6,7
2022-06-15,0.0,0.0,29.0,33.0,29.0,33.0,27.0,35.0,48.0,14.0,24.0,39.0,41,43,6,6,41,48,6,7,41,,6,,41,48,6,7,41,48,6,7,41,48,6,7
2022-06-16,0.7232,1.5686,28.0,34.0,28.0,34.0,26.0,36.0,47.0,15.0,23.0,40.0,40,44,6,6,40,49,6,7,40,,6,,40,49,6,7,40,49,6,7,40,49,6,7
2022-06-17,0.0,0.0,27.0,35.0,27.0,35.0,25.0,37.0,46.0,16.0,22.0,41.0,39,45,6,6,39,50,6,7,39,,6,,39,50,6,7,39,50,6,7,39,50,6,7
2022-06-21,0.0606,0.0,26.0,36.0,26.0,36.0,24.0,38.0,45.0,17.0,21.0,42.0,35,49,5,7,35,54,5,8,35,,5,,35,54,5,8,35,54,5,8,35,54,5,8
2022-06-22,0.0,0.0,25.0,37.0,25.0,37.0,23.0,39.0,44.0,18.0,20.0,43.0,34,50,5,7,34,55,5,8,34,,5,,34,55,5,8,34,55,5,8,34,55,5,8
2022-06-23,0.8818,0.0,24.0,38.0,24.0,38.0,22.0,40.0,43.0,19.0,19.0,44.0,33,51,5,7,33,56,5,8,33,,5,,33,56,5,8,33,56,5,8,33,56,5,8
2022-06-24,0.0367,0.0,23.0,39.0,23.0,39.0,21.0,41.0,42.0,20.0,18.0,45.0,32,52,5,7,32,57,5,8,32,,5,,32,57,5,8,32,57,5,8,32,57,5,8
2022-06-27,0.5584,0.0,22.0,40.0,22.0,40.0,20.0,42.0,41.0,21.0,17.0,46.0,29,55,4,8,29,60,4,9,29,,4,,29,60,4,9,29,60,4,9,29,60,4,9
2022-06-28,0.0,0.0,21.0,41.0,21.0,41.0,19.0,43.0,40.0,22.0,16.0,47.0,28,56,4,8,28,61,4,9,28,,4,,28,61,4,9,28,61,4,9,28,61,4,9
2022-06-29,0.3526,0.3805,20.0,42.0,20.0,42.0,18.0,44.0,39.0,23.0,15.0,48.0,27,57,4,8,27,62,4,9,27,,4,,27,62,4,9,27,62,4,9,27,62,4,9
2022-06-30,0.3536,0.5589,19.0,43.0,19.0,43.0,17.0,45.0,38.0,24.0,14.0,49.0,26,58,4,8,26,63,4,9,26,,4,,26,63,4,9,26,63,4,9,26,63,4,9
2022-07-01,0.0,0.0,18.0,44.0,18.0,44.0,16.0,46.0,37.0,25.0,13.0,50.0,25,59,4,8,25,64,4,9,25,,4,,25,64,4,9,25,64,4,9,25,64,4,9
2022-07-05,0.0,0.0,17.0,45.0,17.0,45.0,15.0,47.0,36.0,26.0,12.0,51.0,21,63,3,9,21,68,3,10,21,,3,,21,68,3,10,21,68,3,10,21,68,3,10
2022-07-06,0.0,0.0,16.0,46.0,16.0,46.0,14.0,48.0,35.0,27.0,11.0,52.0,20,64,3,9,20,69,3,10,20,,3,,20,69,3,10,20,69,3,10,20,69,3,10
2022-07-07,0.0,0.0,15.0,47.0,15.0,47.0,13.0,49.0,34.0,28.0,10.0,53.0,19,65,3,9,19,70,3,10,19,,3,,19,70,3,10,19,70,3,10,19,70,3,10
2022-07-08,0.0,0.0,14.0,48.0,14.0,48.0,12.0,50.0,33.0,29.0,9.0,54.0,18,66,3,9,18,71,3,10,18,,3,,18,71,3,10,18,71,3,10,18,71,3,10
2022-07-11,0.0,0.0,13.0,49.0,13.0,49.0,11.0,51.0,32.0,30.0,8.0,55.0,15,69,2,10,15,74,2,11,15,,2,,15,74,2,11,15,74,2,11,15,74,2,11
2022-07-12,0.7499,2.0276,12.0,50.0,12.0,50.0,10.0,52.0,31.0,31.0,7.0,56.0,14,70,2,10,14,75,2,11,14,,2,,14,75,2,11,14,75,2,11,14,75,2,11
2022-07-13,0.1126,0.1249,11.0,51.0,11.0,51.0,9.0,53.0,30.0,32.0,6.0,57.0,13,71,2,10,13,76,2,11,13,,2,,13,76,2,11,13,76,2,11,13,76,2,11
2022-07-14,1.5658,0.0838,10.0,52.0,10.0,52.0,8.0,54.0,29.0,33.0,5.0,58.0,12,72,2,10,12,77,2,11,12,,2,,12,77,2,11,12,77,2,11,12,77,2,11
2022-07-15,3.4064,0.0,9.0,53.0,9.0,53.0,7.0,55.0,28.0,34.0,4.0,59.0,11,73,2,10,11,78,2,11,11,,2,,11,78,2,11,11,78,2,11,11,78,2,11
2022-07-18,2.2508,0.0,8.0,54.0,8.0,54.0,6.0,56.0,27.0,35.0,3.0,60.0,8,76,1,11,8,81,1,12,8,,1,,8,81,1,12,8,81,1,12,8,81,1,12
2022-07-19,2.1322,0.0588,7.0,55.0,7.0,55.0,5.0,57.0,26.0,36.0,2.0,61.0,7,77,1,11,7,82,1,12,7,,1,,7,82,1,12,7,82,1,12,7,82,1,12
2022-07-20,1.9769,1.9809,6.0,56.0,6.0,56.0,4.0,58.0,25.0,37.0,1.0,62.0,6,78,1,11,6,83,1,12,6,,1,,6,83,1,12,6,83,1,12,6,83,1,12
2022-07-21,4.5222,2.3489,5.0,57.0,5.0,57.0,3.0,59.0,24.0,38.0,0.0,0.0,5,79,1,11,5,84,1,12,5,,1,,5,84,1,12,5,84,1,12,5,84,1,12
2022-07-22,1.7827,0.2864,4.0,58.0,4.0,58.0,2.0,60.0,23.0,39.0,63.0,1.0,4,80,1,11,4,85,1,12,4,,1,,4,85,1,12,4,85,1,12,4,85,1,12
2022-07-25,0.4992,0.6191,3.0,59.0,3.0,59.0,1.0,61.0,22.0,40.0,62.0,2.0,1,83,0,0,1,88,0,0,1,,0,0,1,88,0,0,1,88,0,0,1,88,0,0
2022-07-26,20.4111,34.0955,2.0,60.0,2.0,60.0,0.0,0.0,21.0,41.0,61.0,3.0,0,0,0,0,0,0,0,0,0,0,0,0,0,0,0,0,0,0,0,0,0,0,0,0
2022-07-27,6.9499,7.3265,1.0,61.0,1.0,61.0,63.0,1.0,20.0,42.0,60.0,4.0,0,0,0,0,1,1,0,0,190,1,0,0,0,0,0,0,1,1,0,0,1,1,0,0
2022-07-28,19.2552,30.0394,0.0,0.0,0.0,0.0,62.0,2.0,19.0,43.0,59.0,5.0,0,0,0,0,0,0,0,0,189,2,0,0,0,0,0,0,0,0,0,0,0,0,0,0
2022-07-29,4.7502,0.4763,63.0,1.0,63.0,1.0,61.0,3.0,18.0,44.0,58.0,6.0,6,1,0,0,88,1,0,0,188,3,0,0,83,1,0,0,88,1,0,0,88,1,0,0
2022-08-01,1.1314,0.2825,62.0,2.0,62.0,2.0,60.0,4.0,17.0,45.0,57.0,7.0,3,4,0,0,85,4,12,1,185,6,26,1,80,4,11,1,85,4,12,1,85,4,12,1
2022-08-02,4.7985,4.4634,61.0,3.0,61.0,3.0,59.0,5.0,16.0,46.0,56.0,8.0,2,5,0,0,84,5,12,1,184,7,26,1,79,5,11,1,84,5,12,1,84,5,12,1
2022-08-03,2.4691,1.0352,60.0,4.0,60.0,4.0,58.0,6.0,15.0,47.0,55.0,9.0,1,6,0,0,83,6,12,1,183,8,26,1,78,6,11,1,83,6,12,1,83,6,12,1
2022-08-04,5.5876,2.9458,59.0,5.0,59.0,5.0,57.0,7.0,14.0,48.0,54.0,10.0,0,0,0,0,82,7,12,1,182,9,26,1,77,7,11,1,82,7,12,1,82,7,12,1
2022-08-05,0.4968,0.3455,58.0,6.0,58.0,6.0,56.0,8.0,13.0,49.0,53.0,11.0,76,1,0,0,81,8,12,1,181,10,26,1,76,8,11,1,81,8,12,1,81,8,12,1
2022-08-08,0.7986,0.2796,57.0,7.0,57.0,7.0,55.0,9.0,12.0,50.0,52.0,12.0,73,4,10,1,78,11,11,2,178,13,25,2,73,11,10,2,78,11,11,2,78,11,11,2
2022-08-09,0.7211,0.0519,56.0,8.0,56.0,8.0,54.0,10.0,11.0,51.0,51.0,13.0,72,5,10,1,77,12,11,2,177,14,25,2,72,12,10,2,77,12,11,2,77,12,11,2
2022-08-10,0.676,0.0863,55.0,9.0,55.0,9.0,53.0,11.0,10.0,52.0,50.0,14.0,71,6,10,1,76,13,11,2,176,15,25,2,71,13,10,2,76,13,11,2,76,13,11,2
2022-08-11,0.1417,0.0,54.0,10.0,54.0,10.0,52.0,12.0,9.0,53.0,49.0,15.0,70,7,10,1,75,14,11,2,175,16,25,2,70,14,10,2,75,14,11,2,75,14,11,2
2022-08-12,0.0534,0.0,53.0,11.0,53.0,11.0,51.0,13.0,8.0,54.0,48.0,16.0,69,8,10,1,74,15,11,2,174,17,25,2,69,15,10,2,74,15,11,2,74,15,11,2
2022-08-15,0.0,0.0,52.0,12.0,52.0,12.0,50.0,14.0,7.0,55.0,47.0,17.0,66,11,9,2,71,18,10,3,171,20,24,3,66,18,9,3,71,18,10,3,71,18,10,3
2022-08-16,1.3475,0.7618,51.0,13.0,51.0,13.0,49.0,15.0,6.0,56.0,46.0,18.0,65,12,9,2,70,19,10,3,170,21,24,3,65,19,9,3,70,19,10,3,70,19,10,3
2022-08-17,2.0508,2.1177,50.0,14.0,50.0,14.0,48.0,16.0,5.0,57.0,45.0,19.0,64,13,9,2,69,20,10,3,169,22,24,3,64,20,9,3,69,20,10,3,69,20,10,3
2022-08-18,0.64,0.8195,49.0,15.0,49.0,15.0,47.0,17.0,4.0,58.0,44.0,20.0,63,14,9,2,68,21,10,3,168,23,24,3,63,21,9,3,68,21,10,3,68,21,10,3
2022-08-19,0.3024,0.0,48.0,16.0,48.0,16.0,46.0,18.0,3.0,59.0,43.0,21.0,62,15,9,2,67,22,10,3,167,24,24,3,62,22,9,3,67,22,10,3,67,22,10,3
2022-08-22,0.0606,0.0536,47.0,17.0,47.0,17.0,45.0,19.0,2.0,60.0,42.0,22.0,59,18,8,3,64,25,9,4,164,27,23,4,59,25,8,4,64,25,9,4,64,25,9,4
2022-08-23,0.7251,0.8065,46.0,18.0,46.0,18.0,44.0,20.0,1.0,61.0,41.0,23.0,58,19,8,3,63,26,9,4,163,28,23,4,58,26,8,4,63,26,9,4,63,26,9,4
2022-08-24,0.7876,0.5693,45.0,19.0,45.0,19.0,43.0,21.0,0.0,0.0,40.0,24.0,57,20,8,3,62,27,9,4,162,29,23,4,57,27,8,4,62,27,9,4,62,27,9,4
2022-08-25,0.5255,0.5571,44.0,20.0,44.0,20.0,42.0,22.0,58.0,1.0,39.0,25.0,56,21,8,3,61,28,9,4,161,30,23,4,56,28,8,4,61,28,9,4,61,28,9,4
2022-08-26,0.0,0.0,43.0,21.0,43.0,21.0,41.0,23.0,57.0,2.0,38.0,26.0,55,22,8,3,60,29,9,4,160,31,23,4,55,29,8,4,60,29,9,4,60,29,9,4
2022-08-29,0.0,0.5152,42.0,22.0,42.0,22.0,40.0,24.0,56.0,3.0,37.0,27.0,52,25,7,4,57,32,8,5,157,34,22,5,52,32,7,5,57,32,8,5,57,32,8,5
2022-08-30,0.3076,0.2756,41.0,23.0,41.0,23.0,39.0,25.0,55.0,4.0,36.0,28.0,51,26,7,4,56,33,8,5,156,35,22,5,51,33,7,5,56,33,8,5,56,33,8,5
2022-08-31,0.1073,0.0,40.0,24.0,40.0,24.0,38.0,26.0,54.0,5.0,35.0,29.0,50,27,7,4,55,34,8,5,155,36,22,5,50,34,7,5,55,34,8,5,55,34,8,5
2022-09-01,0.3063,0.1308,39.0,25.0,39.0,25.0,37.0,27.0,53.0,6.0,34.0,30.0,49,28,7,4,54,35,8,5,154,37,22,5,49,35,7,5,54,35,8,5,54,35,8,5
2022-09-02,0.0,0.0,38.0,26.0,38.0,26.0,36.0,28.0,52.0,7.0,33.0,31.0,48,29,7,4,53,36,8,5,153,38,22,5,48,36,7,5,53,36,8,5,53,36,8,5
2022-09-06,0.0,0.0,37.0,27.0,37.0,27.0,35.0,29.0,51.0,8.0,32.0,32.0,44,33,6,5,49,40,7,6,149,42,21,6,44,40,6,6,49,40,7,6,49,40,7,6
2022-09-07,0.0,0.0,36.0,28.0,36.0,28.0,34.0,30.0,50.0,9.0,31.0,33.0,43,34,6,5,48,41,7,6,148,43,21,6,43,41,6,6,48,41,7,6,48,41,7,6
2022-09-08,0.0426,0.1812,35.0,29.0,35.0,29.0,33.0,31.0,49.0,10.0,30.0,34.0,42,35,6,5,47,42,7,6,147,44,21,6,42,42,6,6,47,42,7,6,47,42,7,6
2022-09-09,0.0963,0.0,34.0,30.0,34.0,30.0,32.0,32.0,48.0,11.0,29.0,35.0,41,36,6,5,46,43,7,6,146,45,21,6,41,43,6,6,46,43,7,6,46,43,7,6
2022-09-12,0.5541,0.0,33.0,31.0,33.0,31.0,31.0,33.0,47.0,12.0,28.0,36.0,38,39,5,6,43,46,6,7,143,48,20,7,38,46,5,7,43,46,6,7,43,46,6,7
2022-09-13,0.0,0.0,32.0,32.0,32.0,32.0,30.0,34.0,46.0,13.0,27.0,37.0,37,40,5,6,42,47,6,7,142,49,20,7,37,47,5,7,42,47,6,7,42,47,6,7
2022-09-14,0.0,0.0,31.0,33.0,31.0,33.0,29.0,35.0,45.0,14.0,26.0,38.0,36,41,5,6,41,48,6,7,141,50,20,7,36,48,5,7,41,48,6,7,41,48,6,7
2022-09-15,0.6413,1.1387,30.0,34.0,30.0,34.0,28.0,36.0,44.0,15.0,25.0,39.0,35,42,5,6,40,49,6,7,140,51,20,7,35,49,5,7,40,49,6,7,40,49,6,7
2022-09-16,0.0,0.0,29.0,35.0,29.0,35.0,27.0,37.0,43.0,16.0,24.0,40.0,34,43,5,6,39,50,6,7,139,52,20,7,34,50,5,7,39,50,6,7,39,50,6,7
2022-09-19,0.1212,0.0,28.0,36.0,28.0,36.0,26.0,38.0,42.0,17.0,23.0,41.0,31,46,4,7,36,53,5,8,136,55,19,8,31,53,4,8,36,53,5,8,36,53,5,8
2022-09-20,0.0,0.0,27.0,37.0,27.0,37.0,25.0,39.0,41.0,18.0,22.0,42.0,30,47,4,7,35,54,5,8,135,56,19,8,30,54,4,8,35,54,5,8,35,54,5,8
2022-09-21,0.1907,0.0,26.0,38.0,26.0,38.0,24.0,40.0,40.0,19.0,21.0,43.0,29,48,4,7,34,55,5,8,134,57,19,8,29,55,4,8,34,55,5,8,34,55,5,8
2022-09-22,0.589,0.0,25.0,39.0,25.0,39.0,23.0,41.0,39.0,20.0,20.0,44.0,28,49,4,7,33,56,5,8,133,58,19,8,28,56,4,8,33,56,5,8,33,56,5,8
2022-09-23,0.0,0.0,24.0,40.0,24.0,40.0,22.0,42.0,38.0,21.0,19.0,45.0,27,50,4,7,32,57,5,8,132,59,19,8,27,57,4,8,32,57,5,8,32,57,5,8
2022-09-26,0.0,0.0,23.0,41.0,23.0,41.0,21.0,43.0,37.0,22.0,18.0,46.0,24,53,3,8,29,60,4,9,129,62,18,9,24,60,3,9,29,60,4,9,29,60,4,9
2022-09-27,0.0235,0.0,22.0,42.0,22.0,42.0,20.0,44.0,36.0,23.0,17.0,47.0,23,54,3,8,28,61,4,9,128,63,18,9,23,61,3,9,28,61,4,9,28,61,4,9
2022-09-28,0.1545,0.3545,21.0,43.0,21.0,43.0,19.0,45.0,35.0,24.0,16.0,48.0,22,55,3,8,27,62,4,9,127,64,18,9,22,62,3,9,27,62,4,9,27,62,4,9
2022-09-29,0.638,0.3872,20.0,44.0,20.0,44.0,18.0,46.0,34.0,25.0,15.0,49.0,21,56,3,8,26,63,4,9,126,65,18,9,21,63,3,9,26,63,4,9,26,63,4,9
2022-09-30,0.0359,0.0,19.0,45.0,19.0,45.0,17.0,47.0,33.0,26.0,14.0,50.0,20,57,3,8,25,64,4,9,125,66,18,9,20,64,3,9,25,64,4,9,25,64,4,9
2022-10-03,0.0,0.0,18.0,46.0,18.0,46.0,16.0,48.0,32.0,27.0,13.0,51.0,17,60,2,9,22,67,3,10,122,69,17,10,17,67,2,10,22,67,3,10,22,67,3,10
2022-10-04,0.0,0.0,17.0,47.0,17.0,47.0,15.0,49.0,31.0,28.0,12.0,52.0,16,61,2,9,21,68,3,10,121,70,17,10,16,68,2,10,21,68,3,10,21,68,3,10
2022-10-05,0.6288,1.4645,16.0,48.0,16.0,48.0,14.0,50.0,30.0,29.0,11.0,53.0,15,62,2,9,20,69,3,10,120,71,17,10,15,69,2,10,20,69,3,10,20,69,3,10
2022-10-06,0.2387,0.0,15.0,49.0,15.0,49.0,13.0,51.0,29.0,30.0,10.0,54.0,14,63,2,9,19,70,3,10,119,72,17,10,14,70,2,10,19,70,3,10,19,70,3,10
2022-10-07,0.0,0.0,14.0,50.0,14.0,50.0,12.0,52.0,28.0,31.0,9.0,55.0,13,64,2,9,18,71,3,10,118,73,17,10,13,71,2,10,18,71,3,10,18,71,3,10
2022-10-10,0.0,0.0,13.0,51.0,13.0,51.0,11.0,53.0,27.0,32.0,8.0,56.0,10,67,1,10,15,74,2,11,115,76,16,11,10,74,1,11,15,74,2,11,15,74,2,11
2022-10-11,0.0,0.0,12.0,52.0,12.0,52.0,10.0,54.0,26.0,33.0,7.0,57.0,9,68,1,10,14,75,2,11,114,77,16,11,9,75,1,11,14,75,2,11,14,75,2,11
2022-10-12,0.6957,1.6459,11.0,53.0,11.0,53.0,9.0,55.0,25.0,34.0,6.0,58.0,8,69,1,10,13,76,2,11,113,78,16,11,8,76,1,11,13,76,2,11,13,76,2,11
2022-10-13,0.6012,0.0959,10.0,54.0,10.0,54.0,8.0,56.0,24.0,35.0,5.0,59.0,7,70,1,10,12,77,2,11,112,79,16,11,7,77,1,11,12,77,2,11,12,77,2,11
2022-10-14,3.9464,0.0,9.0,55.0,9.0,55.0,7.0,57.0,23.0,36.0,4.0,60.0,6,71,1,10,11,78,2,11,111,80,16,11,6,78,1,11,11,78,2,11,11,78,2,11
2022-10-17,1.2941,0.0,8.0,56.0,8.0,56.0,6.0,58.0,22.0,37.0,3.0,61.0,3,74,0,0,8,81,1,12,108,83,15,12,3,81,0,0,8,81,1,12,8,81,1,12
2022-10-18,2.6264,0.5639,7.0,57.0,7.0,57.0,5.0,59.0,21.0,38.0,2.0,62.0,2,75,0,0,7,82,1,12,107,84,15,12,2,82,0,0,7,82,1,12,7,82,1,12
2022-10-19,3.4965,1.3201,6.0,58.0,6.0,58.0,4.0,60.0,20.0,39.0,1.0,63.0,1,76,0,0,6,83,1,12,106,85,15,12,1,83,0,0,6,83,1,12,6,83,1,12
2022-10-20,5.0722,5.325,5.0,59.0,5.0,59.0,3.0,61.0,19.0,40.0,0.0,0.0,0,0,0,0,5,84,1,12,105,86,15,12,0,0,0,0,5,84,1,12,5,84,1,12
2022-10-21,1.288,0.0,4.0,60.0,4.0,60.0,2.0,62.0,18.0,41.0,64.0,1.0,4,1,0,0,4,85,1,12,104,87,15,12,4,1,0,0,4,85,1,12,4,85,1,12
2022-10-24,0.2632,0.3043,3.0,61.0,3.0,61.0,1.0,63.0,17.0,42.0,63.0,2.0,1,4,0,0,1,88,0,0,101,90,14,13,1,4,0,0,1,88,0,0,1,88,0,0
2022-10-25,19.1625,32.6636,2.0,62.0,2.0,62.0,0.0,0.0,16.0,43.0,62.0,3.0,0,0,0,0,0,0,0,0,100,91,14,13,0,0,0,0,0,0,0,0,0,0,0,0
2022-10-26,5.5163,4.2616,1.0,63.0,1.0,63.0,60.0,1.0,15.0,44.0,61.0,4.0,0,0,0,0,1,1,0,0,99,92,14,13,1,1,0,0,1,1,0,0,1,1,0,0
2022-10-27,19.9711,33.4124,0.0,0.0,0.0,0.0,59.0,2.0,14.0,45.0,60.0,5.0,0,0,0,0,0,0,0,0,98,93,14,13,0,0,0,0,0,0,0,0,0,0,0,0
2022-10-28,4.3415,0.4107,65.0,1.0,65.0,1.0,58.0,3.0,13.0,46.0,59.0,6.0,4,1,0,0,88,1,0,0,97,94,14,13,88,1,0,0,88,1,0,0,97,1,0,0
2022-10-31,1.2819,0.282,64.0,2.0,64.0,2.0,57.0,4.0,12.0,47.0,58.0,7.0,1,4,0,0,85,4,12,1,94,97,13,14,85,4,12,1,85,4,12,1,94,4,13,1
2022-11-01,6.0717,2.819,63.0,3.0,63.0,3.0,56.0,5.0,11.0,48.0,57.0,8.0,0,0,0,0,84,5,12,1,93,98,13,14,84,5,12,1,84,5,12,1,93,5,13,1
2022-11-02,3.5028,1.5378,62.0,4.0,62.0,4.0,55.0,6.0,10.0,49.0,56.0,9.0,1,1,0,0,83,6,12,1,92,99,13,14,83,6,12,1,83,6,12,1,92,6,13,1
2022-11-03,5.2384,4.7372,61.0,5.0,61.0,5.0,54.0,7.0,9.0,50.0,55.0,10.0,0,0,0,0,82,7,12,1,91,100,13,14,82,7,12,1,82,7,12,1,91,7,13,1
2022-11-04,1.2791,0.6894,60.0,6.0,60.0,6.0,53.0,8.0,8.0,51.0,54.0,11.0,81,1,0,0,81,8,12,1,90,101,13,14,81,8,12,1,81,8,12,1,90,8,13,1
2022-11-07,0.4922,0.4721,59.0,7.0,59.0,7.0,52.0,9.0,7.0,52.0,53.0,12.0,78,4,11,1,78,11,11,2,87,104,12,15,78,11,11,2,78,11,11,2,87,11,12,2
2022-11-08,1.3501,0.3082,58.0,8.0,58.0,8.0,51.0,10.0,6.0,53.0,52.0,13.0,77,5,11,1,77,12,11,2,86,105,12,15,77,12,11,2,77,12,11,2,86,12,12,2
2022-11-09,0.3045,0.0414,57.0,9.0,57.0,9.0,50.0,11.0,5.0,54.0,51.0,14.0,76,6,11,1,76,13,11,2,85,106,12,15,76,13,11,2,76,13,11,2,85,13,12,2
2022-11-10,0.2862,0.0,56.0,10.0,56.0,10.0,49.0,12.0,4.0,55.0,50.0,15.0,75,7,11,1,75,14,11,2,84,107,12,15,75,14,11,2,75,14,11,2,84,14,12,2
2022-11-11,0.0,0.0,55.0,11.0,55.0,11.0,48.0,13.0,3.0,56.0,49.0,16.0,74,8,11,1,74,15,11,2,83,108,12,15,74,15,11,2,74,15,11,2,83,15,12,2
2022-11-14,0.0685,0.0,54.0,12.0,54.0,12.0,47.0,14.0,2.0,57.0,48.0,17.0,71,11,10,2,71,18,10,3,80,111,11,16,71,18,10,3,71,18,10,3,80,18,11,3
2022-11-15,1.2459,0.8739,53.0,13.0,53.0,13.0,46.0,15.0,1.0,58.0,47.0,18.0,70,12,10,2,70,19,10,3,79,112,11,16,70,19,10,3,70,19,10,3,79,19,11,3
2022-11-16,1.4786,1.5501,52.0,14.0,52.0,14.0,45.0,16.0,0.0,0.0,46.0,19.0,69,13,10,2,69,20,10,3,78,113,11,16,69,20,10,3,69,20,10,3,78,20,11,3
2022-11-17,0.554,1.1271,51.0,15.0,51.0,15.0,44.0,17.0,64.0,1.0,45.0,20.0,68,14,10,2,68,21,10,3,77,114,11,16,68,21,10,3,68,21,10,3,77,21,11,3
2022-11-18,0.0,0.0,50.0,16.0,50.0,16.0,43.0,18.0,63.0,2.0,44.0,21.0,67,15,10,2,67,22,10,3,76,115,11,16,67,22,10,3,67,22,10,3,76,22,11,3
2022-11-21,0.2916,0.0,49.0,17.0,49.0,17.0,42.0,19.0,62.0,3.0,43.0,22.0,64,18,9,3,64,25,9,4,73,118,10,17,64,25,9,4,64,25,9,4,73,25,10,4
2022-11-22,0.9117,0.8913,48.0,18.0,48.0,18.0,41.0,20.0,61.0,4.0,42.0,23.0,63,19,9,3,63,26,9,4,72,119,10,17,63,26,9,4,63,26,9,4,72,26,10,4
2022-11-23,0.3581,0.0,47.0,19.0,47.0,19.0,40.0,21.0,60.0,5.0,41.0,24.0,62,20,9,3,62,27,9,4,71,120,10,17,62,27,9,4,62,27,9,4,71,27,10,4
2022-11-25,0.0,0.0,46.0,20.0,46.0,20.0,39.0,22.0,59.0,6.0,40.0,25.0,60,22,9,3,60,29,9,4,69,122,10,17,60,29,9,4,60,29,9,4,69,29,10,4
2022-11-28,0.0,0.5758,45.0,21.0,45.0,21.0,38.0,23.0,58.0,7.0,39.0,26.0,57,25,8,4,57,32,8,5,66,125,9,18,57,32,8,5,57,32,8,5,66,32,9,5
2022-11-29,0.605,1.2501,44.0,22.0,44.0,22.0,37.0,24.0,57.0,8.0,38.0,27.0,56,26,8,4,56,33,8,5,65,126,9,18,56,33,8,5,56,33,8,5,65,33,9,5
2022-11-30,0.6457,0.3504,43.0,23.0,43.0,23.0,36.0,25.0,56.0,9.0,37.0,28.0,55,27,8,4,55,34,8,5,64,127,9,18,55,34,8,5,55,34,8,5,64,34,9,5
2022-12-01,0.3225,0.3981,42.0,24.0,42.0,24.0,35.0,26.0,55.0,10.0,36.0,29.0,54,28,8,4,54,35,8,5,63,128,9,18,54,35,8,5,54,35,8,5,63,35,9,5
2022-12-02,0.0,0.0,41.0,25.0,41.0,25.0,34.0,27.0,54.0,11.0,35.0,30.0,53,29,8,4,53,36,8,5,62,129,9,18,53,36,8,5,53,36,8,5,62,36,9,5
2022-12-05,0.0,0.0,40.0,26.0,40.0,26.0,33.0,28.0,53.0,12.0,34.0,31.0,50,32,7,5,50,39,7,6,59,132,8,19,50,39,7,6,50,39,7,6,59,39,8,6
2022-12-06,0.1345,0.0,39.0,27.0,39.0,27.0,32.0,29.0,52.0,13.0,33.0,32.0,49,33,7,5,49,40,7,6,58,133,8,19,49,40,7,6,49,40,7,6,58,40,8,6
2022-12-07,0.1696,0.0,38.0,28.0,38.0,28.0,31.0,30.0,51.0,14.0,32.0,33.0,48,34,7,5,48,41,7,6,57,134,8,19,48,41,7,6,48,41,7,6,57,41,8,6
2022-12-08,0.846,1.699,37.0,29.0,37.0,29.0,30.0,31.0,50.0,15.0,31.0,34.0,47,35,7,5,47,42,7,6,56,135,8,19,47,42,7,6,47,42,7,6,56,42,8,6
2022-12-09,0.0,0.0,36.0,30.0,36.0,30.0,29.0,32.0,49.0,16.0,30.0,35.0,46,36,7,5,46,43,7,6,55,136,8,19,46,43,7,6,46,43,7,6,55,43,8,6
2022-12-12,0.6186,0.0,35.0,31.0,35.0,31.0,28.0,33.0,48.0,17.0,29.0,36.0,43,39,6,6,43,46,6,7,52,139,7,20,43,46,6,7,43,46,6,7,52,46,7,7
2022-12-13,0.0,0.0,34.0,32.0,34.0,32.0,27.0,34.0,47.0,18.0,28.0,37.0,42,40,6,6,42,47,6,7,51,140,7,20,42,47,6,7,42,47,6,7,51,47,7,7
2022-12-14,0.0383,0.0,33.0,33.0,33.0,33.0,26.0,35.0,46.0,19.0,27.0,38.0,41,41,6,6,41,48,6,7,50,141,7,20,41,48,6,7,41,48,6,7,50,48,7,7
2022-12-15,0.5545,1.1385,32.0,34.0,32.0,34.0,25.0,36.0,45.0,20.0,26.0,39.0,40,42,6,6,40,49,6,7,49,142,7,20,40,49,6,7,40,49,6,7,49,49,7,7
2022-12-16,0.5958,0.0,31.0,35.0,31.0,35.0,24.0,37.0,44.0,21.0,25.0,40.0,39,43,6,6,39,50,6,7,48,143,7,20,39,50,6,7,39,50,6,7,48,50,7,7
2022-12-19,0.0,0.0,30.0,36.0,30.0,36.0,23.0,38.0,43.0,22.0,24.0,41.0,36,46,5,7,36,53,5,8,45,146,6,21,36,53,5,8,36,53,5,8,45,53,6,8
2022-12-20,0.8114,0.0,29.0,37.0,29.0,37.0,22.0,39.0,42.0,23.0,23.0,42.0,35,47,5,7,35,54,5,8,44,147,6,21,35,54,5,8,35,54,5,8,44,54,6,8
2022-12-21,0.2277,0.4969,28.0,38.0,28.0,38.0,21.0,40.0,41.0,24.0,22.0,43.0,34,48,5,7,34,55,5,8,43,148,6,21,34,55,5,8,34,55,5,8,43,55,6,8
2022-12-22,0.1209,0.3059,27.0,39.0,27.0,39.0,20.0,41.0,40.0,25.0,21.0,44.0,33,49,5,7,33,56,5,8,42,149,6,21,33,56,5,8,33,56,5,8,42,56,6,8
2022-12-23,0.0,0.0,26.0,40.0,26.0,40.0,19.0,42.0,39.0,26.0,20.0,45.0,32,50,5,7,32,57,5,8,41,150,6,21,32,57,5,8,32,57,5,8,41,57,6,8
2022-12-27,0.0,0.0,25.0,41.0,25.0,41.0,18.0,43.0,38.0,27.0,19.0,46.0,28,54,4,8,28,61,4,9,37,154,5,22,28,61,4,9,28,61,4,9,37,61,5,9
2022-12-28,0.0,0.0,24.0,42.0,24.0,42.0,17.0,44.0,37.0,28.0,18.0,47.0,27,55,4,8,27,62,4,9,36,155,5,22,27,62,4,9,27,62,4,9,36,62,5,9
2022-12-29,0.0,0.0,23.0,43.0,23.0,43.0,16.0,45.0,36.0,29.0,17.0,48.0,26,56,4,8,26,63,4,9,35,156,5,22,26,63,4,9,26,63,4,9,35,63,5,9
2022-12-30,0.0,0.0,22.0,44.0,22.0,44.0,15.0,46.0,35.0,30.0,16.0,49.0,25,57,4,8,25,64,4,9,34,157,5,22,25,64,4,9,25,64,4,9,34,64,5,9
2023-01-03,0.0,0.0,21.0,45.0,21.0,45.0,14.0,47.0,34.0,31.0,15.0,50.0,21,61,3,9,21,68,3,10,30,161,4,23,21,68,3,10,21,68,3,10,30,68,4,10
2023-01-04,0.0,0.0,20.0,46.0,20.0,46.0,13.0,48.0,33.0,32.0,14.0,51.0,20,62,3,9,20,69,3,10,29,162,4,23,20,69,3,10,20,69,3,10,29,69,4,10
2023-01-05,0.1793,0.0,19.0,47.0,19.0,47.0,12.0,49.0,32.0,33.0,13.0,52.0,19,63,3,9,19,70,3,10,28,163,4,23,19,70,3,10,19,70,3,10,28,70,4,10
2023-01-06,0.0,0.0,18.0,48.0,18.0,48.0,11.0,50.0,31.0,34.0,12.0,53.0,18,64,3,9,18,71,3,10,27,164,4,23,18,71,3,10,18,71,3,10,27,71,4,10
2023-01-09,0.0,0.0,17.0,49.0,17.0,49.0,10.0,51.0,30.0,35.0,11.0,54.0,15,67,2,10,15,74,2,11,24,167,3,24,15,74,2,11,15,74,2,11,24,74,3,11
2023-01-10,0.0,0.0,16.0,50.0,16.0,50.0,9.0,52.0,29.0,36.0,10.0,55.0,14,68,2,10,14,75,2,11,23,168,3,24,14,75,2,11,14,75,2,11,23,75,3,11
2023-01-11,0.0,0.0,15.0,51.0,15.0,51.0,8.0,53.0,28.0,37.0,9.0,56.0,13,69,2,10,13,76,2,11,22,169,3,24,13,76,2,11,13,76,2,11,22,76,3,11
2023-01-12,0.0,0.0,14.0,52.0,14.0,52.0,7.0,54.0,27.0,38.0,8.0,57.0,12,70,2,10,12,77,2,11,21,170,3,24,12,77,2,11,12,77,2,11,21,77,3,11
2023-01-13,4.494,0.0,13.0,53.0,13.0,53.0,6.0,55.0,26.0,39.0,7.0,58.0,11,71,2,10,11,78,2,11,20,171,3,24,11,78,2,11,11,78,2,11,20,78,3,11
2023-01-17,0.9238,0.0,12.0,54.0,12.0,54.0,5.0,56.0,25.0,40.0,6.0,59.0,7,75,1,11,7,82,1,12,16,175,2,25,7,82,1,12,7,82,1,12,16,82,2,12
2023-01-18,1.1219,0.0,11.0,55.0,11.0,55.0,4.0,57.0,24.0,41.0,5.0,60.0,6,76,1,11,6,83,1,12,15,176,2,25,6,83,1,12,6,83,1,12,15,83,2,12
2023-01-19,1.5835,0.2046,10.0,56.0,10.0,56.0,3.0,58.0,23.0,42.0,4.0,61.0,5,77,1,11,5,84,1,12,14,177,2,25,5,84,1,12,5,84,1,12,14,84,2,12
2023-01-20,0.4473,0.0,9.0,57.0,9.0,57.0,2.0,59.0,22.0,43.0,3.0,62.0,4,78,1,11,4,85,1,12,13,178,2,25,4,85,1,12,4,85,1,12,13,85,2,12
2023-01-23,0.1363,0.2271,8.0,58.0,8.0,58.0,1.0,60.0,21.0,44.0,2.0,63.0,1,81,0,0,1,88,0,0,10,181,1,26,1,88,0,0,1,88,0,0,10,88,1,13
2023-01-24,10.0703,14.4944,7.0,59.0,7.0,59.0,0.0,0.0,20.0,45.0,1.0,64.0,0,0,0,0,0,0,0,0,9,182,1,26,0,0,0,0,0,0,0,0,9,89,1,13
2023-01-25,6.3406,6.4685,6.0,60.0,6.0,60.0,62.0,1.0,19.0,46.0,0.0,0.0,0,0,0,0,8,1,0,0,8,183,1,26,0,0,0,0,8,1,0,0,8,90,1,13
2023-01-26,5.736,2.6837,5.0,61.0,5.0,61.0,61.0,2.0,18.0,47.0,57.0,1.0,0,0,0,0,7,2,0,0,7,184,1,26,7,1,0,0,7,2,0,0,7,91,1,13
2023-01-27,2.0298,0.7662,4.0,62.0,4.0,62.0,60.0,3.0,17.0,48.0,56.0,2.0,4,1,0,0,6,3,0,0,6,185,1,26,6,2,0,0,6,3,0,0,6,92,1,13
2023-01-30,0.3986,0.5387,3.0,63.0,3.0,63.0,59.0,4.0,16.0,49.0,55.0,3.0,1,4,0,0,3,6,0,0,3,188,0,0,3,5,0,0,3,6,0,0,3,95,0,0
2023-01-31,6.4155,2.7082,2.0,64.0,2.0,64.0,58.0,5.0,15.0,50.0,54.0,4.0,0,0,0,0,2,7,0,0,2,189,0,0,2,6,0,0,2,7,0,0,2,96,0,0
2023-02-01,4.1176,4.0686,1.0,65.0,1.0,65.0,57.0,6.0,14.0,51.0,53.0,5.0,1,1,0,0,1,8,0,0,1,190,0,0,1,7,0,0,1,8,0,0,1,97,0,0
2023-02-02,23.1545,44.5774,0.0,0.0,0.0,0.0,56.0,7.0,13.0,52.0,52.0,6.0,0,0,0,0,0,0,0,0,0,0,0,0,0,0,0,0,0,0,0,0,0,0,0,0
2023-02-03,0.8929,0.5261,62.0,1.0,57.0,1.0,55.0,8.0,12.0,53.0,51.0,7.0,81,1,0,0,81,1,0,0,81,1,0,0,75,1,0,0,81,1,0,0,81,1,0,0
2023-02-06,0.7124,0.3866,61.0,2.0,56.0,2.0,54.0,9.0,11.0,54.0,50.0,8.0,78,4,11,1,78,4,11,1,78,4,11,1,72,4,10,1,78,4,11,1,78,4,11,1
2023-02-07,2.3135,1.8527,60.0,3.0,55.0,3.0,53.0,10.0,10.0,55.0,49.0,9.0,77,5,11,1,77,5,11,1,77,5,11,1,71,5,10,1,77,5,11,1,77,5,11,1
2023-02-08,2.6094,0.195,59.0,4.0,54.0,4.0,52.0,11.0,9.0,56.0,48.0,10.0,76,6,11,1,76,6,11,1,76,6,11,1,70,6,10,1,76,6,11,1,76,6,11,1
2023-02-09,3.7485,2.8478,58.0,5.0,53.0,5.0,51.0,12.0,8.0,57.0,47.0,11.0,75,7,11,1,75,7,11,1,75,7,11,1,69,7,10,1,75,7,11,1,75,7,11,1
2023-02-10,0.3012,0.0,57.0,6.0,52.0,6.0,50.0,13.0,7.0,58.0,46.0,12.0,74,8,11,1,74,8,11,1,74,8,11,1,68,8,10,1,74,8,11,1,74,8,11,1
2023-02-13,0.5421,0.4473,56.0,7.0,51.0,7.0,49.0,14.0,6.0,59.0,45.0,13.0,71,11,10,2,71,11,10,2,71,11,10,2,65,11,9,2,71,11,10,2,71,11,10,2
2023-02-14,1.8323,1.134,55.0,8.0,50.0,8.0,48.0,15.0,5.0,60.0,44.0,14.0,70,12,10,2,70,12,10,2,70,12,10,2,64,12,9,2,70,12,10,2,70,12,10,2
2023-02-15,2.4526,3.0472,54.0,9.0,49.0,9.0,47.0,16.0,4.0,61.0,43.0,15.0,69,13,10,2,69,13,10,2,69,13,10,2,63,13,9,2,69,13,10,2,69,13,10,2
2023-02-16,1.3137,1.207,53.0,10.0,48.0,10.0,46.0,17.0,3.0,62.0,42.0,16.0,68,14,10,2,68,14,10,2,68,14,10,2,62,14,9,2,68,14,10,2,68,14,10,2
2023-02-17,0.4406,0.0,52.0,11.0,47.0,11.0,45.0,18.0,2.0,63.0,41.0,17.0,67,15,10,2,67,15,10,2,67,15,10,2,61,15,9,2,67,15,10,2,67,15,10,2
2023-02-21,2.5998,1.5509,51.0,12.0,46.0,12.0,44.0,19.0,1.0,64.0,40.0,18.0,63,19,9,3,63,19,9,3,63,19,9,3,57,19,8,3,63,19,9,3,63,19,9,3
2023-02-22,0.9273,0.3534,50.0,13.0,45.0,13.0,43.0,20.0,0.0,0.0,39.0,19.0,62,20,9,3,62,20,9,3,62,20,9,3,56,20,8,3,62,20,9,3,62,20,9,3
2023-02-23,2.4924,2.6425,49.0,14.0,44.0,14.0,42.0,21.0,63.0,1.0,38.0,20.0,61,21,9,3,61,21,9,3,61,21,9,3,55,21,8,3,61,21,9,3,61,21,9,3
2023-02-24,0.0781,0.0,48.0,15.0,43.0,15.0,41.0,22.0,62.0,2.0,37.0,21.0,60,22,9,3,60,22,9,3,60,22,9,3,54,22,8,3,60,22,9,3,60,22,9,3
2023-02-27,0.4311,0.3304,47.0,16.0,42.0,16.0,40.0,23.0,61.0,3.0,36.0,22.0,57,25,8,4,57,25,8,4,57,25,8,4,51,25,7,4,57,25,8,4,57,25,8,4
2023-02-28,1.1694,0.7416,46.0,17.0,41.0,17.0,39.0,24.0,60.0,4.0,35.0,23.0,56,26,8,4,56,26,8,4,56,26,8,4,50,26,7,4,56,26,8,4,56,26,8,4
2023-03-01,0.9797,0.0,45.0,18.0,40.0,18.0,38.0,25.0,59.0,5.0,34.0,24.0,55,27,8,4,55,27,8,4,55,27,8,4,49,27,7,4,55,27,8,4,55,27,8,4
2023-03-02,1.0453,2.0706,44.0,19.0,39.0,19.0,37.0,26.0,58.0,6.0,33.0,25.0,54,28,8,4,54,28,8,4,54,28,8,4,48,28,7,4,54,28,8,4,54,28,8,4
2023-03-03,0.0,0.0,43.0,20.0,38.0,20.0,36.0,27.0,57.0,7.0,32.0,26.0,53,29,8,4,53,29,8,4,53,29,8,4,47,29,7,4,53,29,8,4,53,29,8,4
2023-03-06,0.0206,0.0,42.0,21.0,37.0,21.0,35.0,28.0,56.0,8.0,31.0,27.0,50,32,7,5,50,32,7,5,50,32,7,5,44,32,6,5,50,32,7,5,50,32,7,5
2023-03-07,0.0839,0.2035,41.0,22.0,36.0,22.0,34.0,29.0,55.0,9.0,30.0,28.0,49,33,7,5,49,33,7,5,49,33,7,5,43,33,6,5,49,33,7,5,49,33,7,5
2023-03-08,0.157,0.0,40.0,23.0,35.0,23.0,33.0,30.0,54.0,10.0,29.0,29.0,48,34,7,5,48,34,7,5,48,34,7,5,42,34,6,5,48,34,7,5,48,34,7,5
2023-03-09,0.7642,0.0,39.0,24.0,34.0,24.0,32.0,31.0,53.0,11.0,28.0,30.0,47,35,7,5,47,35,7,5,47,35,7,5,41,35,6,5,47,35,7,5,47,35,7,5
2023-03-10,0.0,0.0,38.0,25.0,33.0,25.0,31.0,32.0,52.0,12.0,27.0,31.0,46,36,7,5,46,36,7,5,46,36,7,5,40,36,6,5,46,36,7,5,46,36,7,5
2023-03-13,0.0,0.0,37.0,26.0,32.0,26.0,30.0,33.0,51.0,13.0,26.0,32.0,43,39,6,6,43,39,6,6,43,39,6,6,37,39,5,6,43,39,6,6,43,39,6,6
2023-03-14,0.0797,0.0,36.0,27.0,31.0,27.0,29.0,34.0,50.0,14.0,25.0,33.0,42,40,6,6,42,40,6,6,42,40,6,6,36,40,5,6,42,40,6,6,42,40,6,6
2023-03-15,0.4424,1.0476,35.0,28.0,30.0,28.0,28.0,35.0,49.0,15.0,24.0,34.0,41,41,6,6,41,41,6,6,41,41,6,6,35,41,5,6,41,41,6,6,41,41,6,6
2023-03-16,0.3285,0.0,34.0,29.0,29.0,29.0,27.0,36.0,48.0,16.0,23.0,35.0,40,42,6,6,40,42,6,6,40,42,6,6,34,42,5,6,40,42,6,6,40,42,6,6
2023-03-17,0.0,0.0,33.0,30.0,28.0,30.0,26.0,37.0,47.0,17.0,22.0,36.0,39,43,6,6,39,43,6,6,39,43,6,6,33,43,5,6,39,43,6,6,39,43,6,6
2023-03-20,0.0,0.0,32.0,31.0,27.0,31.0,25.0,38.0,46.0,18.0,21.0,37.0,36,46,5,7,36,46,5,7,36,46,5,7,30,46,4,7,36,46,5,7,36,46,5,7
2023-03-21,0.5371,0.7715,31.0,32.0,26.0,32.0,24.0,39.0,45.0,19.0,20.0,38.0,35,47,5,7,35,47,5,7,35,47,5,7,29,47,4,7,35,47,5,7,35,47,5,7
2023-03-22,0.0,0.0,30.0,33.0,25.0,33.0,23.0,40.0,44.0,20.0,19.0,39.0,34,48,5,7,34,48,5,7,34,48,5,7,28,48,4,7,34,48,5,7,34,48,5,7
2023-03-23,0.6918,0.0,29.0,34.0,24.0,34.0,22.0,41.0,43.0,21.0,18.0,40.0,33,49,5,7,33,49,5,7,33,49,5,7,27,49,4,7,33,49,5,7,33,49,5,7
2023-03-24,0.0,0.0,28.0,35.0,23.0,35.0,21.0,42.0,42.0,22.0,17.0,41.0,32,50,5,7,32,50,5,7,32,50,5,7,26,50,4,7,32,50,5,7,32,50,5,7
2023-03-27,0.0341,0.0,27.0,36.0,22.0,36.0,20.0,43.0,41.0,23.0,16.0,42.0,29,53,4,8,29,53,4,8,29,53,4,8,23,53,3,8,29,53,4,8,29,53,4,8
2023-03-28,0.3579,0.4288,26.0,37.0,21.0,37.0,19.0,44.0,40.0,24.0,15.0,43.0,28,54,4,8,28,54,4,8,28,54,4,8,22,54,3,8,28,54,4,8,28,54,4,8
2023-03-29,0.144,0.3338,25.0,38.0,20.0,38.0,18.0,45.0,39.0,25.0,14.0,44.0,27,55,4,8,27,55,4,8,27,55,4,8,21,55,3,8,27,55,4,8,27,55,4,8
2023-03-30,0.0,0.0,24.0,39.0,19.0,39.0,17.0,46.0,38.0,26.0,13.0,45.0,26,56,4,8,26,56,4,8,26,56,4,8,20,56,3,8,26,56,4,8,26,56,4,8
2023-03-31,0.0,0.0,23.0,40.0,18.0,40.0,16.0,47.0,37.0,27.0,12.0,46.0,25,57,4,8,25,57,4,8,25,57,4,8,19,57,3,8,25,57,4,8,25,57,4,8
2023-04-03,0.0,0.0,22.0,41.0,17.0,41.0,15.0,48.0,36.0,28.0,11.0,47.0,22,60,3,9,22,60,3,9,22,60,3,9,16,60,2,9,22,60,3,9,22,60,3,9
2023-04-04,0.0,0.0,21.0,42.0,16.0,42.0,14.0,49.0,35.0,29.0,10.0,48.0,21,61,3,9,21,61,3,9,21,61,3,9,15,61,2,9,21,61,3,9,21,61,3,9
2023-04-05,0.0494,0.0,20.0,43.0,15.0,43.0,13.0,50.0,34.0,30.0,9.0,49.0,20,62,3,9,20,62,3,9,20,62,3,9,14,62,2,9,20,62,3,9,20,62,3,9
2023-04-06,0.1126,0.0,19.0,44.0,14.0,44.0,12.0,51.0,33.0,31.0,8.0,50.0,19,63,3,9,19,63,3,9,19,63,3,9,13,63,2,9,19,63,3,9,19,63,3,9
2023-04-10,0.0,0.0,18.0,45.0,13.0,45.0,11.0,52.0,32.0,32.0,7.0,51.0,15,67,2,10,15,67,2,10,15,67,2,10,9,67,1,10,15,67,2,10,15,67,2,10
2023-04-11,0.0,0.0,17.0,46.0,12.0,46.0,10.0,53.0,31.0,33.0,6.0,52.0,14,68,2,10,14,68,2,10,14,68,2,10,8,68,1,10,14,68,2,10,14,68,2,10
2023-04-12,0.0,0.0,16.0,47.0,11.0,47.0,9.0,54.0,30.0,34.0,5.0,53.0,13,69,2,10,13,69,2,10,13,69,2,10,7,69,1,10,13,69,2,10,13,69,2,10
2023-04-13,0.3407,0.099,15.0,48.0,10.0,48.0,8.0,55.0,29.0,35.0,4.0,54.0,12,70,2,10,12,70,2,10,12,70,2,10,6,70,1,10,12,70,2,10,12,70,2,10
2023-04-14,3.434,0.0,14.0,49.0,9.0,49.0,7.0,56.0,28.0,36.0,3.0,55.0,11,71,2,10,11,71,2,10,11,71,2,10,5,71,1,10,11,71,2,10,11,71,2,10
2023-04-17,0.4307,0.0,13.0,50.0,8.0,50.0,6.0,57.0,27.0,37.0,2.0,56.0,8,74,1,11,8,74,1,11,8,74,1,11,2,74,0,0,8,74,1,11,8,74,1,11
2023-04-18,3.528,0.6911,12.0,51.0,7.0,51.0,5.0,58.0,26.0,38.0,1.0,57.0,7,75,1,11,7,75,1,11,7,75,1,11,1,75,0,0,7,75,1,11,7,75,1,11
2023-04-19,4.148,5.6029,11.0,52.0,6.0,52.0,4.0,59.0,25.0,39.0,0.0,0.0,6,76,1,11,6,76,1,11,6,76,1,11,0,0,0,0,6,76,1,11,6,76,1,11
2023-04-20,2.9103,0.4809,10.0,53.0,5.0,53.0,3.0,60.0,24.0,40.0,61.0,1.0,5,77,1,11,5,77,1,11,5,77,1,11,5,1,0,0,5,77,1,11,5,77,1,11
2023-04-21,1.5912,0.0,9.0,54.0,4.0,54.0,2.0,61.0,23.0,41.0,60.0,2.0,4,78,1,11,4,78,1,11,4,78,1,11,4,2,0,0,4,78,1,11,4,78,1,11
2023-04-24,1.0656,0.3698,8.0,55.0,3.0,55.0,1.0,62.0,22.0,42.0,59.0,3.0,1,81,0,0,1,81,0,0,1,81,0,0,1,5,0,0,1,81,0,0,1,81,0,0
2023-04-25,21.1725,34.1537,7.0,56.0,2.0,56.0,0.0,0.0,21.0,43.0,58.0,4.0,0,0,0,0,0,0,0,0,0,0,0,0,0,0,0,0,0,0,0,0,0,0,0,0
2023-04-26,5.9558,4.4963,6.0,57.0,1.0,57.0,61.0,1.0,20.0,44.0,57.0,5.0,0,0,0,0,1,1,0,0,181,1,0,0,1,1,0,0,1,1,0,0,8,1,0,0
2023-04-27,14.8511,15.2455,5.0,58.0,0.0,0.0,60.0,2.0,19.0,45.0,56.0,6.0,0,0,0,0,0,0,0,0,180,2,0,0,0,0,0,0,0,0,0,0,7,2,0,0
2023-04-28,2.8561,0.3347,4.0,59.0,66.0,1.0,59.0,3.0,18.0,46.0,55.0,7.0,6,1,0,0,6,1,0,0,179,3,0,0,6,1,0,0,6,1,0,0,6,3,0,0
2023-05-01,1.3072,0.7135,3.0,60.0,65.0,2.0,58.0,4.0,17.0,47.0,54.0,8.0,3,4,0,0,3,4,0,0,176,6,25,1,3,4,0,0,3,4,0,0,3,6,0,0
2023-05-02,4.5364,3.0225,2.0,61.0,64.0,3.0,57.0,5.0,16.0,48.0,53.0,9.0,2,5,0,0,2,5,0,0,175,7,25,1,2,5,0,0,2,5,0,0,2,7,0,0
2023-05-03,3.1672,2.1727,1.0,62.0,63.0,4.0,56.0,6.0,15.0,49.0,52.0,10.0,1,6,0,0,1,6,0,0,174,8,25,1,1,6,0,0,1,6,0,0,1,8,0,0
2023-05-04,11.6072,20.0752,0.0,0.0,62.0,5.0,55.0,7.0,14.0,50.0,51.0,11.0,0,0,0,0,0,0,0,0,173,9,25,1,0,0,0,0,0,0,0,0,0,0,0,0
2023-05-05,0.7821,0.1956,61.0,1.0,61.0,6.0,54.0,8.0,13.0,51.0,50.0,12.0,81,1,0,0,81,1,0,0,172,10,25,1,75,1,0,0,81,1,0,0,81,1,0,0
2023-05-08,0.8675,0.68,60.0,2.0,60.0,7.0,53.0,9.0,12.0,52.0,49.0,13.0,78,4,11,1,78,4,11,1,169,13,24,2,72,4,10,1,78,4,11,1,78,4,11,1
2023-05-09,1.4976,0.8078,59.0,3.0,59.0,8.0,52.0,10.0,11.0,53.0,48.0,14.0,77,5,11,1,77,5,11,1,168,14,24,2,71,5,10,1,77,5,11,1,77,5,11,1
2023-05-10,0.6878,0.0394,58.0,4.0,58.0,9.0,51.0,11.0,10.0,54.0,47.0,15.0,76,6,11,1,76,6,11,1,167,15,24,2,70,6,10,1,76,6,11,1,76,6,11,1
2023-05-11,0.1758,0.0,57.0,5.0,57.0,10.0,50.0,12.0,9.0,55.0,46.0,16.0,75,7,11,1,75,7,11,1,166,16,24,2,69,7,10,1,75,7,11,1,75,7,11,1
2023-05-12,0.0,0.0,56.0,6.0,56.0,11.0,49.0,13.0,8.0,56.0,45.0,17.0,74,8,11,1,74,8,11,1,165,17,24,2,68,8,10,1,74,8,11,1,74,8,11,1
2023-05-15,0.0,0.0,55.0,7.0,55.0,12.0,48.0,14.0,7.0,57.0,44.0,18.0,71,11,10,2,71,11,10,2,162,20,23,3,65,11,9,2,71,11,10,2,71,11,10,2
2023-05-16,0.8734,0.0,54.0,8.0,54.0,13.0,47.0,15.0,6.0,58.0,43.0,19.0,70,12,10,2,70,12,10,2,161,21,23,3,64,12,9,2,70,12,10,2,70,12,10,2
2023-05-17,1.244,1.7831,53.0,9.0,53.0,14.0,46.0,16.0,5.0,59.0,42.0,20.0,69,13,10,2,69,13,10,2,160,22,23,3,63,13,9,2,69,13,10,2,69,13,10,2
2023-05-18,0.7505,1.6756,52.0,10.0,52.0,15.0,45.0,17.0,4.0,60.0,41.0,21.0,68,14,10,2,68,14,10,2,159,23,23,3,62,14,9,2,68,14,10,2,68,14,10,2
2023-05-19,0.2955,0.0,51.0,11.0,51.0,16.0,44.0,18.0,3.0,61.0,40.0,22.0,67,15,10,2,67,15,10,2,158,24,23,3,61,15,9,2,67,15,10,2,67,15,10,2
2023-05-22,0.0335,0.0,50.0,12.0,50.0,17.0,43.0,19.0,2.0,62.0,39.0,23.0,64,18,9,3,64,18,9,3,155,27,22,4,58,18,8,3,64,18,9,3,64,18,9,3
2023-05-23,0.8598,0.9294,49.0,13.0,49.0,18.0,42.0,20.0,1.0,63.0,38.0,24.0,63,19,9,3,63,19,9,3,154,28,22,4,57,19,8,3,63,19,9,3,63,19,9,3
2023-05-24,0.4656,1.0305,48.0,14.0,48.0,19.0,41.0,21.0,0.0,0.0,37.0,25.0,62,20,9,3,62,20,9,3,153,29,22,4,56,20,8,3,62,20,9,3,62,20,9,3
2023-05-25,0.8062,0.8129,47.0,15.0,47.0,20.0,40.0,22.0,61.0,1.0,36.0,26.0,61,21,9,3,61,21,9,3,152,30,22,4,55,21,8,3,61,21,9,3,61,21,9,3
2023-05-26,0.0,0.4761,46.0,16.0,46.0,21.0,39.0,23.0,60.0,2.0,35.0,27.0,60,22,9,3,60,22,9,3,151,31,22,4,54,22,8,3,60,22,9,3,60,22,9,3
2023-05-30,0.137,0.0,45.0,17.0,45.0,22.0,38.0,24.0,59.0,3.0,34.0,28.0,56,26,8,4,56,26,8,4,147,35,21,5,50,26,7,4,56,26,8,4,56,26,8,4
2023-05-31,0.7208,0.2193,44.0,18.0,44.0,23.0,37.0,25.0,58.0,4.0,33.0,29.0,55,27,8,4,55,27,8,4,146,36,21,5,49,27,7,4,55,27,8,4,55,27,8,4
2023-06-01,1.1019,1.6404,43.0,19.0,43.0,24.0,36.0,26.0,57.0,5.0,32.0,30.0,54,28,8,4,54,28,8,4,145,37,21,5,48,28,7,4,54,28,8,4,54,28,8,4
2023-06-02,0.0,0.0,42.0,20.0,42.0,25.0,35.0,27.0,56.0,6.0,31.0,31.0,53,29,8,4,53,29,8,4,144,38,21,5,47,29,7,4,53,29,8,4,53,29,8,4
2023-06-05,0.0,0.0,41.0,21.0,41.0,26.0,34.0,28.0,55.0,7.0,30.0,32.0,50,32,7,5,50,32,7,5,141,41,20,6,44,32,6,5,50,32,7,5,50,32,7,5
2023-06-06,0.0615,0.0,40.0,22.0,40.0,27.0,33.0,29.0,54.0,8.0,29.0,33.0,49,33,7,5,49,33,7,5,140,42,20,6,43,33,6,5,49,33,7,5,49,33,7,5
2023-06-07,0.1428,0.0,39.0,23.0,39.0,28.0,32.0,30.0,53.0,9.0,28.0,34.0,48,34,7,5,48,34,7,5,139,43,20,6,42,34,6,5,48,34,7,5,48,34,7,5
2023-06-08,0.0,0.0,38.0,24.0,38.0,29.0,31.0,31.0,52.0,10.0,27.0,35.0,47,35,7,5,47,35,7,5,138,44,20,6,41,35,6,5,47,35,7,5,47,35,7,5
2023-06-09,0.1138,0.0,37.0,25.0,37.0,30.0,30.0,32.0,51.0,11.0,26.0,36.0,46,36,7,5,46,36,7,5,137,45,20,6,40,36,6,5,46,36,7,5,46,36,7,5
2023-06-12,0.7973,0.0,36.0,26.0,36.0,31.0,29.0,33.0,50.0,12.0,25.0,37.0,43,39,6,6,43,39,6,6,134,48,19,7,37,39,5,6,43,39,6,6,43,39,6,6
2023-06-13,0.0,0.0,35.0,27.0,35.0,32.0,28.0,34.0,49.0,13.0,24.0,38.0,42,40,6,6,42,40,6,6,133,49,19,7,36,40,5,6,42,40,6,6,42,40,6,6
2023-06-14,0.0833,0.0,34.0,28.0,34.0,33.0,27.0,35.0,48.0,14.0,23.0,39.0,41,41,6,6,41,41,6,6,132,50,19,7,35,41,5,6,41,41,6,6,41,41,6,6
2023-06-15,0.695,1.2335,33.0,29.0,33.0,34.0,26.0,36.0,47.0,15.0,22.0,40.0,40,42,6,6,40,42,6,6,131,51,19,7,34,42,5,6,40,42,6,6,40,42,6,6
2023-06-16,0.0,0.0,32.0,30.0,32.0,35.0,25.0,37.0,46.0,16.0,21.0,41.0,39,43,6,6,39,43,6,6,130,52,19,7,33,43,5,6,39,43,6,6,39,43,6,6
2023-06-20,0.1513,0.0,31.0,31.0,31.0,36.0,24.0,38.0,45.0,17.0,20.0,42.0,35,47,5,7,35,47,5,7,126,56,18,8,29,47,4,7,35,47,5,7,35,47,5,7
2023-06-21,0.0,0.0,30.0,32.0,30.0,37.0,23.0,39.0,44.0,18.0,19.0,43.0,34,48,5,7,34,48,5,7,125,57,18,8,28,48,4,7,34,48,5,7,34,48,5,7
2023-06-22,0.6108,0.0,29.0,33.0,29.0,38.0,22.0,40.0,43.0,19.0,18.0,44.0,33,49,5,7,33,49,5,7,124,58,18,8,27,49,4,7,33,49,5,7,33,49,5,7
2023-06-23,0.0,0.0,28.0,34.0,28.0,39.0,21.0,41.0,42.0,20.0,17.0,45.0,32,50,5,7,32,50,5,7,123,59,18,8,26,50,4,7,32,50,5,7,32,50,5,7
2023-06-26,0.0539,0.0,27.0,35.0,27.0,40.0,20.0,42.0,41.0,21.0,16.0,46.0,29,53,4,8,29,53,4,8,120,62,17,9,23,53,3,8,29,53,4,8,29,53,4,8
2023-06-27,0.0,0.0,26.0,36.0,26.0,41.0,19.0,43.0,40.0,22.0,15.0,47.0,28,54,4,8,28,54,4,8,119,63,17,9,22,54,3,8,28,54,4,8,28,54,4,8
2023-06-28,0.3146,0.4151,25.0,37.0,25.0,42.0,18.0,44.0,39.0,23.0,14.0,48.0,27,55,4,8,27,55,4,8,118,64,17,9,21,55,3,8,27,55,4,8,27,55,4,8
2023-06-29,0.6125,0.2228,24.0,38.0,24.0,43.0,17.0,45.0,38.0,24.0,13.0,49.0,26,56,4,8,26,56,4,8,117,65,17,9,20,56,3,8,26,56,4,8,26,56,4,8
2023-06-30,0.1165,0.0,23.0,39.0,23.0,44.0,16.0,46.0,37.0,25.0,12.0,50.0,25,57,4,8,25,57,4,8,116,66,17,9,19,57,3,8,25,57,4,8,25,57,4,8
2023-07-03,0.0,0.0,22.0,40.0,22.0,45.0,15.0,47.0,36.0,26.0,11.0,51.0,22,60,3,9,22,60,3,9,113,69,16,10,16,60,2,9,22,60,3,9,22,60,3,9
2023-07-05,0.0,0.0,21.0,41.0,21.0,46.0,14.0,48.0,35.0,27.0,10.0,52.0,20,62,3,9,20,62,3,9,111,71,16,10,14,62,2,9,20,62,3,9,20,62,3,9
2023-07-06,0.0,0.0,20.0,42.0,20.0,47.0,13.0,49.0,34.0,28.0,9.0,53.0,19,63,3,9,19,63,3,9,110,72,16,10,13,63,2,9,19,63,3,9,19,63,3,9
2023-07-07,0.0,0.0,19.0,43.0,19.0,48.0,12.0,50.0,33.0,29.0,8.0,54.0,18,64,3,9,18,64,3,9,109,73,16,10,12,64,2,9,18,64,3,9,18,64,3,9
2023-07-10,0.0,0.0,18.0,44.0,18.0,49.0,11.0,51.0,32.0,30.0,7.0,55.0,15,67,2,10,15,67,2,10,106,76,15,11,9,67,1,10,15,67,2,10,15,67,2,10
2023-07-11,0.0,0.0,17.0,45.0,17.0,50.0,10.0,52.0,31.0,31.0,6.0,56.0,14,68,2,10,14,68,2,10,105,77,15,11,8,68,1,10,14,68,2,10,14,68,2,10
2023-07-12,0.0,0.0,16.0,46.0,16.0,51.0,9.0,53.0,30.0,32.0,5.0,57.0,13,69,2,10,13,69,2,10,104,78,15,11,7,69,1,10,13,69,2,10,13,69,2,10
2023-07-13,0.8309,1.5515,15.0,47.0,15.0,52.0,8.0,54.0,29.0,33.0,4.0,58.0,12,70,2,10,12,70,2,10,103,79,15,11,6,70,1,10,12,70,2,10,12,70,2,10
2023-07-14,3.1406,0.0,14.0,48.0,14.0,53.0,7.0,55.0,28.0,34.0,3.0,59.0,11,71,2,10,11,71,2,10,102,80,15,11,5,71,1,10,11,71,2,10,11,71,2,10
2023-07-17,0.0,0.0,13.0,49.0,13.0,54.0,6.0,56.0,27.0,35.0,2.0,60.0,8,74,1,11,8,74,1,11,99,83,14,12,2,74,0,0,8,74,1,11,8,74,1,11
2023-07-18,2.1889,0.0,12.0,50.0,12.0,55.0,5.0,57.0,26.0,36.0,1.0,61.0,7,75,1,11,7,75,1,11,98,84,14,12,1,75,0,0,7,75,1,11,7,75,1,11
2023-07-19,4.2482,6.8791,11.0,51.0,11.0,56.0,4.0,58.0,25.0,37.0,0.0,0.0,6,76,1,11,6,76,1,11,97,85,14,12,0,0,0,0,6,76,1,11,6,76,1,11
2023-07-20,4.0263,1.0275,10.0,52.0,10.0,57.0,3.0,59.0,24.0,38.0,63.0,1.0,5,77,1,11,5,77,1,11,96,86,14,12,5,1,0,0,5,77,1,11,5,77,1,11
2023-07-21,0.7532,0.2804,9.0,53.0,9.0,58.0,2.0,60.0,23.0,39.0,62.0,2.0,4,78,1,11,4,78,1,11,95,87,14,12,4,2,0,0,4,78,1,11,4,78,1,11
2023-07-24,0.5222,0.6745,8.0,54.0,8.0,59.0,1.0,61.0,22.0,40.0,61.0,3.0,1,81,0,0,1,81,0,0,92,90,13,13,1,5,0,0,1,81,0,0,1,81,0,0
2023-07-25,19.6757,32.5182,7.0,55.0,7.0,60.0,0.0,0.0,21.0,41.0,60.0,4.0,0,0,0,0,0,0,0,0,91,91,13,13,0,0,0,0,0,0,0,0,0,0,0,0
2023-07-26,6.8618,4.8911,6.0,56.0,6.0,61.0,63.0,1.0,20.0,42.0,59.0,5.0,0,0,0,0,8,1,0,0,90,92,13,13,1,1,0,0,8,1,0,0,8,1,0,0
2023-07-27,9.1516,6.1978,5.0,57.0,5.0,62.0,62.0,2.0,19.0,43.0,58.0,6.0,0,0,0,0,7,2,0,0,89,93,13,13,0,0,0,0,7,2,0,0,7,2,0,0
2023-07-28,2.7077,0.3285,4.0,58.0,4.0,63.0,61.0,3.0,18.0,44.0,57.0,7.0,4,1,0,0,6,3,0,0,88,94,13,13,6,1,0,0,6,3,0,0,6,3,0,0
2023-07-31,0.6368,0.3335,3.0,59.0,3.0,64.0,60.0,4.0,17.0,45.0,56.0,8.0,1,4,0,0,3,6,0,0,85,97,12,14,3,4,0,0,3,6,0,0,3,6,0,0
2023-08-01,6.0319,2.9227,2.0,60.0,2.0,65.0,59.0,5.0,16.0,46.0,55.0,9.0,0,0,0,0,2,7,0,0,84,98,12,14,2,5,0,0,2,7,0,0,2,7,0,0
2023-08-02,4.1385,3.3448,1.0,61.0,1.0,66.0,58.0,6.0,15.0,47.0,54.0,10.0,1,1,0,0,1,8,0,0,83,99,12,14,1,6,0,0,1,8,0,0,1,8,0,0
2023-08-03,15.9648,27.5574,0.0,0.0,0.0,0.0,57.0,7.0,14.0,48.0,53.0,11.0,0,0,0,0,0,0,0,0,82,100,12,14,0,0,0,0,0,0,0,0,0,0,0,0
2023-08-04,0.4766,0.0,63.0,1.0,58.0,1.0,56.0,8.0,13.0,49.0,52.0,12.0,75,1,0,0,81,1,0,0,81,101,12,14,75,1,0,0,81,1,0,0,81,1,0,0
2023-08-07,0.5276,0.2122,62.0,2.0,57.0,2.0,55.0,9.0,12.0,50.0,51.0,13.0,72,4,10,1,78,4,11,1,78,104,11,15,72,4,10,1,78,4,11,1,78,4,11,1
2023-08-08,2.6523,0.3896,61.0,3.0,56.0,3.0,54.0,10.0,11.0,51.0,50.0,14.0,71,5,10,1,77,5,11,1,77,105,11,15,71,5,10,1,77,5,11,1,77,5,11,1
2023-08-09,0.6212,0.0575,60.0,4.0,55.0,4.0,53.0,11.0,10.0,52.0,49.0,15.0,70,6,10,1,76,6,11,1,76,106,11,15,70,6,10,1,76,6,11,1,76,6,11,1
2023-08-10,0.0808,0.0,59.0,5.0,54.0,5.0,52.0,12.0,9.0,53.0,48.0,16.0,69,7,10,1,75,7,11,1,75,107,11,15,69,7,10,1,75,7,11,1,75,7,11,1
2023-08-11,0.0,0.0,58.0,6.0,53.0,6.0,51.0,13.0,8.0,54.0,47.0,17.0,68,8,10,1,74,8,11,1,74,108,11,15,68,8,10,1,74,8,11,1,74,8,11,1
2023-08-14,0.0,0.0,57.0,7.0,52.0,7.0,50.0,14.0,7.0,55.0,46.0,18.0,65,11,9,2,71,11,10,2,71,111,10,16,65,11,9,2,71,11,10,2,71,11,10,2
2023-08-15,1.0239,0.0,56.0,8.0,51.0,8.0,49.0,15.0,6.0,56.0,45.0,19.0,64,12,9,2,70,12,10,2,70,112,10,16,64,12,9,2,70,12,10,2,70,12,10,2
2023-08-16,1.3102,1.5857,55.0,9.0,50.0,9.0,48.0,16.0,5.0,57.0,44.0,20.0,63,13,9,2,69,13,10,2,69,113,10,16,63,13,9,2,69,13,10,2,69,13,10,2
2023-08-17,0.8664,1.6823,54.0,10.0,49.0,10.0,47.0,17.0,4.0,58.0,43.0,21.0,62,14,9,2,68,14,10,2,68,114,10,16,62,14,9,2,68,14,10,2,68,14,10,2
2023-08-18,0.5515,0.1806,53.0,11.0,48.0,11.0,46.0,18.0,3.0,59.0,42.0,22.0,61,15,9,2,67,15,10,2,67,115,10,16,61,15,9,2,67,15,10,2,67,15,10,2
2023-08-21,0.0344,0.0,52.0,12.0,47.0,12.0,45.0,19.0,2.0,60.0,41.0,23.0,58,18,8,3,64,18,9,3,64,118,9,17,58,18,8,3,64,18,9,3,64,18,9,3
2023-08-22,0.6106,0.0,51.0,13.0,46.0,13.0,44.0,20.0,1.0,61.0,40.0,24.0,57,19,8,3,63,19,9,3,63,119,9,17,57,19,8,3,63,19,9,3,63,19,9,3
2023-08-23,0.6856,1.3801,50.0,14.0,45.0,14.0,43.0,21.0,0.0,0.0,39.0,25.0,56,20,8,3,62,20,9,3,62,120,9,17,56,20,8,3,62,20,9,3,62,20,9,3
2023-08-24,0.6462,1.3995,49.0,15.0,44.0,15.0,42.0,22.0,62.0,1.0,38.0,26.0,55,21,8,3,61,21,9,3,61,121,9,17,55,21,8,3,61,21,9,3,61,21,9,3
2023-08-25,0.0,0.0,48.0,16.0,43.0,16.0,41.0,23.0,61.0,2.0,37.0,27.0,54,22,8,3,60,22,9,3,60,122,9,17,54,22,8,3,60,22,9,3,60,22,9,3
2023-08-28,0.0,0.0,47.0,17.0,42.0,17.0,40.0,24.0,60.0,3.0,36.0,28.0,51,25,7,4,57,25,8,4,57,125,8,18,51,25,7,4,57,25,8,4,57,25,8,4
2023-08-29,0.2136,0.5989,46.0,18.0,41.0,18.0,39.0,25.0,59.0,4.0,35.0,29.0,50,26,7,4,56,26,8,4,56,126,8,18,50,26,7,4,56,26,8,4,56,26,8,4
2023-08-30,0.7063,0.1899,45.0,19.0,40.0,19.0,38.0,26.0,58.0,5.0,34.0,30.0,49,27,7,4,55,27,8,4,55,127,8,18,49,27,7,4,55,27,8,4,55,27,8,4
2023-08-31,0.505,0.1998,44.0,20.0,39.0,20.0,37.0,27.0,57.0,6.0,33.0,31.0,48,28,7,4,54,28,8,4,54,128,8,18,48,28,7,4,54,28,8,4,54,28,8,4
2023-09-01,0.0,0.0,43.0,21.0,38.0,21.0,36.0,28.0,56.0,7.0,32.0,32.0,47,29,7,4,53,29,8,4,53,129,8,18,47,29,7,4,53,29,8,4,53,29,8,4
2023-09-05,0.0,0.125,42.0,22.0,37.0,22.0,35.0,29.0,55.0,8.0,31.0,33.0,43,33,6,5,49,33,7,5,49,133,7,19,43,33,6,5,49,33,7,5,49,33,7,5
2023-09-06,0.0,0.0,41.0,23.0,36.0,23.0,34.0,30.0,54.0,9.0,30.0,34.0,42,34,6,5,48,34,7,5,48,134,7,19,42,34,6,5,48,34,7,5,48,34,7,5
2023-09-07,0.0,0.0,40.0,24.0,35.0,24.0,33.0,31.0,53.0,10.0,29.0,35.0,41,35,6,5,47,35,7,5,47,135,7,19,41,35,6,5,47,35,7,5,47,35,7,5
2023-09-08,0.0832,0.0,39.0,25.0,34.0,25.0,32.0,32.0,52.0,11.0,28.0,36.0,40,36,6,5,46,36,7,5,46,136,7,19,40,36,6,5,46,36,7,5,46,36,7,5
2023-09-11,0.894,0.0,38.0,26.0,33.0,26.0,31.0,33.0,51.0,12.0,27.0,37.0,37,39,5,6,43,39,6,6,43,139,6,20,37,39,5,6,43,39,6,6,43,39,6,6
2023-09-12,0.0,0.0,37.0,27.0,32.0,27.0,30.0,34.0,50.0,13.0,26.0,38.0,36,40,5,6,42,40,6,6,42,140,6,20,36,40,5,6,42,40,6,6,42,40,6,6
2023-09-13,0.0,0.0,36.0,28.0,31.0,28.0,29.0,35.0,49.0,14.0,25.0,39.0,35,41,5,6,41,41,6,6,41,141,6,20,35,41,5,6,41,41,6,6,41,41,6,6
2023-09-14,0.8276,1.5995,35.0,29.0,30.0,29.0,28.0,36.0,48.0,15.0,24.0,40.0,34,42,5,6,40,42,6,6,40,142,6,20,34,42,5,6,40,42,6,6,40,42,6,6
2023-09-15,0.0,0.0,34.0,30.0,29.0,30.0,27.0,37.0,47.0,16.0,23.0,41.0,33,43,5,6,39,43,6,6,39,143,6,20,33,43,5,6,39,43,6,6,39,43,6,6
2023-09-18,0.0,0.0,33.0,31.0,28.0,31.0,26.0,38.0,46.0,17.0,22.0,42.0,30,46,4,7,36,46,5,7,36,146,5,21,30,46,4,7,36,46,5,7,36,46,5,7
2023-09-19,0.1161,0.0,32.0,32.0,27.0,32.0,25.0,39.0,45.0,18.0,21.0,43.0,29,47,4,7,35,47,5,7,35,147,5,21,29,47,4,7,35,47,5,7,35,47,5,7
2023-09-20,0.2571,0.0,31.0,33.0,26.0,33.0,24.0,40.0,44.0,19.0,20.0,44.0,28,48,4,7,34,48,5,7,34,148,5,21,28,48,4,7,34,48,5,7,34,48,5,7
2023-09-21,0.0879,0.0,30.0,34.0,25.0,34.0,23.0,41.0,43.0,20.0,19.0,45.0,27,49,4,7,33,49,5,7,33,149,5,21,27,49,4,7,33,49,5,7,33,49,5,7
2023-09-22,0.0,0.0,29.0,35.0,24.0,35.0,22.0,42.0,42.0,21.0,18.0,46.0,26,50,4,7,32,50,5,7,32,150,5,21,26,50,4,7,32,50,5,7,32,50,5,7
2023-09-25,0.0,0.0,28.0,36.0,23.0,36.0,21.0,43.0,41.0,22.0,17.0,47.0,23,53,3,8,29,53,4,8,29,153,4,22,23,53,3,8,29,53,4,8,29,53,4,8
2023-09-26,0.6792,1.4653,27.0,37.0,22.0,37.0,20.0,44.0,40.0,23.0,16.0,48.0,22,54,3,8,28,54,4,8,28,154,4,22,22,54,3,8,28,54,4,8,28,54,4,8
2023-09-27,0.3049,0.6593,26.0,38.0,21.0,38.0,19.0,45.0,39.0,24.0,15.0,49.0,21,55,3,8,27,55,4,8,27,155,4,22,21,55,3,8,27,55,4,8,27,55,4,8
2023-09-28,0.9236,0.0,25.0,39.0,20.0,39.0,18.0,46.0,38.0,25.0,14.0,50.0,20,56,3,8,26,56,4,8,26,156,4,22,20,56,3,8,26,56,4,8,26,56,4,8
2023-09-29,0.0496,0.0,24.0,40.0,19.0,40.0,17.0,47.0,37.0,26.0,13.0,51.0,19,57,3,8,25,57,4,8,25,157,4,22,19,57,3,8,25,57,4,8,25,57,4,8
2023-10-02,0.0,0.0,23.0,41.0,18.0,41.0,16.0,48.0,36.0,27.0,12.0,52.0,16,60,2,9,22,60,3,9,22,160,3,23,16,60,2,9,22,60,3,9,22,60,3,9
2023-10-03,0.0525,0.0,22.0,42.0,17.0,42.0,15.0,49.0,35.0,28.0,11.0,53.0,15,61,2,9,21,61,3,9,21,161,3,23,15,61,2,9,21,61,3,9,21,61,3,9
2023-10-04,0.0,0.0,21.0,43.0,16.0,43.0,14.0,50.0,34.0,29.0,10.0,54.0,14,62,2,9,20,62,3,9,20,162,3,23,14,62,2,9,20,62,3,9,20,62,3,9
2023-10-05,0.1546,0.0,20.0,44.0,15.0,44.0,13.0,51.0,33.0,30.0,9.0,55.0,13,63,2,9,19,63,3,9,19,163,3,23,13,63,2,9,19,63,3,9,19,63,3,9
2023-10-06,0.0,0.0,19.0,45.0,14.0,45.0,12.0,52.0,32.0,31.0,8.0,56.0,12,64,2,9,18,64,3,9,18,164,3,23,12,64,2,9,18,64,3,9,18,64,3,9
2023-10-09,0.0,0.0,18.0,46.0,13.0,46.0,11.0,53.0,31.0,32.0,7.0,57.0,9,67,1,10,15,67,2,10,15,167,2,24,9,67,1,10,15,67,2,10,15,67,2,10
2023-10-10,0.5782,1.22,17.0,47.0,12.0,47.0,10.0,54.0,30.0,33.0,6.0,58.0,8,68,1,10,14,68,2,10,14,168,2,24,8,68,1,10,14,68,2,10,14,68,2,10
2023-10-11,0.0,0.0,16.0,48.0,11.0,48.0,9.0,55.0,29.0,34.0,5.0,59.0,7,69,1,10,13,69,2,10,13,169,2,24,7,69,1,10,13,69,2,10,13,69,2,10
2023-10-12,0.1334,0.0867,15.0,49.0,10.0,49.0,8.0,56.0,28.0,35.0,4.0,60.0,6,70,1,10,12,70,2,10,12,170,2,24,6,70,1,10,12,70,2,10,12,70,2,10
2023-10-13,3.3269,0.0,14.0,50.0,9.0,50.0,7.0,57.0,27.0,36.0,3.0,61.0,5,71,1,10,11,71,2,10,11,171,2,24,5,71,1,10,11,71,2,10,11,71,2,10
2023-10-16,0.2435,0.0,13.0,51.0,8.0,51.0,6.0,58.0,26.0,37.0,2.0,62.0,2,74,0,0,8,74,1,11,8,174,1,25,2,74,0,0,8,74,1,11,8,74,1,11
2023-10-17,2.5797,0.0,12.0,52.0,7.0,52.0,5.0,59.0,25.0,38.0,1.0,63.0,1,75,0,0,7,75,1,11,7,175,1,25,1,75,0,0,7,75,1,11,7,75,1,11
2023-10-18,5.0344,5.8469,11.0,53.0,6.0,53.0,4.0,60.0,24.0,39.0,0.0,0.0,0,0,0,0,6,76,1,11,6,176,1,25,0,0,0,0,6,76,1,11,6,76,1,11
2023-10-19,2.3847,0.8761,10.0,54.0,5.0,54.0,3.0,61.0,23.0,40.0,65.0,1.0,5,1,0,0,5,77,1,11,5,177,1,25,5,1,0,0,5,77,1,11,5,77,1,11
2023-10-20,0.5988,0.0,9.0,55.0,4.0,55.0,2.0,62.0,22.0,41.0,64.0,2.0,4,2,0,0,4,78,1,11,4,178,1,25,4,2,0,0,4,78,1,11,4,78,1,11
2023-10-23,0.2806,0.3669,8.0,56.0,3.0,56.0,1.0,63.0,21.0,42.0,63.0,3.0,1,5,0,0,1,81,0,0,1,181,0,0,1,5,0,0,1,81,0,0,1,81,0,0
2023-10-24,21.9712,34.4318,7.0,57.0,2.0,57.0,0.0,0.0,20.0,43.0,62.0,4.0,0,0,0,0,0,0,0,0,0,0,0,0,0,0,0,0,0,0,0,0,0,0,0,0
2023-10-25,6.621,6.755,6.0,58.0,1.0,58.0,65.0,1.0,19.0,44.0,61.0,5.0,0,0,0,0,1,1,0,0,183,1,0,0,0,0,0,0,1,1,0,0,97,1,0,0
2023-10-26,11.2583,11.3908,5.0,59.0,0.0,0.0,64.0,2.0,18.0,45.0,60.0,6.0,0,0,0,0,0,0,0,0,182,2,0,0,0,0,0,0,0,0,0,0,96,2,0,0
2023-10-27,3.7535,0.5583,4.0,60.0,65.0,1.0,63.0,3.0,17.0,46.0,59.0,7.0,6,1,0,0,6,1,0,0,181,3,0,0,6,1,0,0,6,1,0,0,95,3,0,0
2023-10-30,1.1994,0.1697,3.0,61.0,64.0,2.0,62.0,4.0,16.0,47.0,58.0,8.0,3,4,0,0,3,4,0,0,178,6,25,1,3,4,0,0,3,4,0,0,92,6,13,1
2023-10-31,3.633,1.8794,2.0,62.0,63.0,3.0,61.0,5.0,15.0,48.0,57.0,9.0,2,5,0,0,2,5,0,0,177,7,25,1,2,5,0,0,2,5,0,0,91,7,13,1
2023-11-01,4.307,3.8134,1.0,63.0,62.0,4.0,60.0,6.0,14.0,49.0,56.0,10.0,1,6,0,0,1,6,0,0,176,8,25,1,1,6,0,0,1,6,0,0,90,8,13,1
2023-11-02,14.0636,18.9223,0.0,0.0,61.0,5.0,59.0,7.0,13.0,50.0,55.0,11.0,0,0,0,0,0,0,0,0,175,9,25,1,0,0,0,0,0,0,0,0,89,9,13,1
2023-11-03,0.5346,0.0,60.0,1.0,60.0,6.0,58.0,8.0,12.0,51.0,54.0,12.0,83,1,0,0,88,1,0,0,174,10,25,1,82,1,0,0,88,1,0,0,88,10,13,1
2023-11-06,0.813,1.1597,59.0,2.0,59.0,7.0,57.0,9.0,11.0,52.0,53.0,13.0,80,4,11,1,85,4,12,1,171,13,24,2,79,4,11,1,85,4,12,1,85,13,12,2
2023-11-07,2.1041,0.7842,58.0,3.0,58.0,8.0,56.0,10.0,10.0,53.0,52.0,14.0,79,5,11,1,84,5,12,1,170,14,24,2,78,5,11,1,84,5,12,1,84,14,12,2
2023-11-08,0.9487,0.3562,57.0,4.0,57.0,9.0,55.0,11.0,9.0,54.0,51.0,15.0,78,6,11,1,83,6,12,1,169,15,24,2,77,6,11,1,83,6,12,1,83,15,12,2
2023-11-09,0.5478,0.3024,56.0,5.0,56.0,10.0,54.0,12.0,8.0,55.0,50.0,16.0,77,7,11,1,82,7,12,1,168,16,24,2,76,7,11,1,82,7,12,1,82,16,12,2
2023-11-10,0.0,0.0,55.0,6.0,55.0,11.0,53.0,13.0,7.0,56.0,49.0,17.0,76,8,11,1,81,8,12,1,167,17,24,2,75,8,11,1,81,8,12,1,81,17,12,2
2023-11-13,0.0646,0.0,54.0,7.0,54.0,12.0,52.0,14.0,6.0,57.0,48.0,18.0,73,11,10,2,78,11,11,2,164,20,23,3,72,11,10,2,78,11,11,2,78,20,11,3
2023-11-14,0.743,0.0,53.0,8.0,53.0,13.0,51.0,15.0,5.0,58.0,47.0,19.0,72,12,10,2,77,12,11,2,163,21,23,3,71,12,10,2,77,12,11,2,77,21,11,3
2023-11-15,1.048,1.3538,52.0,9.0,52.0,14.0,50.0,16.0,4.0,59.0,46.0,20.0,71,13,10,2,76,13,11,2,162,22,23,3,70,13,10,2,76,13,11,2,76,22,11,3
2023-11-16,0.9516,1.9538,51.0,10.0,51.0,15.0,49.0,17.0,3.0,60.0,45.0,21.0,70,14,10,2,75,14,11,2,161,23,23,3,69,14,10,2,75,14,11,2,75,23,11,3
2023-11-17,0.0,0.0,50.0,11.0,50.0,16.0,48.0,18.0,2.0,61.0,44.0,22.0,69,15,10,2,74,15,11,2,160,24,23,3,68,15,10,2,74,15,11,2,74,24,11,3
2023-11-20,0.143,0.0,49.0,12.0,49.0,17.0,47.0,19.0,1.0,62.0,43.0,23.0,66,18,9,3,71,18,10,3,157,27,22,4,65,18,9,3,71,18,10,3,71,27,10,4
2023-11-21,1.3459,1.3661,48.0,13.0,48.0,18.0,46.0,20.0,0.0,0.0,42.0,24.0,65,19,9,3,70,19,10,3,156,28,22,4,64,19,9,3,70,19,10,3,70,28,10,4
2023-11-22,0.2762,0.0,47.0,14.0,47.0,19.0,45.0,21.0,60.0,1.0,41.0,25.0,64,20,9,3,69,20,10,3,155,29,22,4,63,20,9,3,69,20,10,3,69,29,10,4
2023-11-24,0.0,0.0,46.0,15.0,46.0,20.0,44.0,22.0,59.0,2.0,40.0,26.0,62,22,9,3,67,22,10,3,153,31,22,4,61,22,9,3,67,22,10,3,67,31,10,4
2023-11-27,0.0,0.1475,45.0,16.0,45.0,21.0,43.0,23.0,58.0,3.0,39.0,27.0,59,25,8,4,64,25,9,4,150,34,21,5,58,25,8,4,64,25,9,4,64,34,9,5
2023-11-28,0.7625,2.2106,44.0,17.0,44.0,22.0,42.0,24.0,57.0,4.0,38.0,28.0,58,26,8,4,63,26,9,4,149,35,21,5,57,26,8,4,63,26,9,4,63,35,9,5
2023-11-29,0.8583,0.427,43.0,18.0,43.0,23.0,41.0,25.0,56.0,5.0,37.0,29.0,57,27,8,4,62,27,9,4,148,36,21,5,56,27,8,4,62,27,9,4,62,36,9,5
2023-11-30,0.2654,0.2512,42.0,19.0,42.0,24.0,40.0,26.0,55.0,6.0,36.0,30.0,56,28,8,4,61,28,9,4,147,37,21,5,55,28,8,4,61,28,9,4,61,37,9,5
2023-12-01,0.0,0.0,41.0,20.0,41.0,25.0,39.0,27.0,54.0,7.0,35.0,31.0,55,29,8,4,60,29,9,4,146,38,21,5,54,29,8,4,60,29,9,4,60,38,9,5
2023-12-04,0.0,0.0,40.0,21.0,40.0,26.0,38.0,28.0,53.0,8.0,34.0,32.0,52,32,7,5,57,32,8,5,143,41,20,6,51,32,7,5,57,32,8,5,57,41,8,6
2023-12-05,0.1461,0.0,39.0,22.0,39.0,27.0,37.0,29.0,52.0,9.0,33.0,33.0,51,33,7,5,56,33,8,5,142,42,20,6,50,33,7,5,56,33,8,5,56,42,8,6
2023-12-06,0.1024,0.0,38.0,23.0,38.0,28.0,36.0,30.0,51.0,10.0,32.0,34.0,50,34,7,5,55,34,8,5,141,43,20,6,49,34,7,5,55,34,8,5,55,43,8,6
2023-12-07,0.3667,0.2514,37.0,24.0,37.0,29.0,35.0,31.0,50.0,11.0,31.0,35.0,49,35,7,5,54,35,8,5,140,44,20,6,48,35,7,5,54,35,8,5,54,44,8,6
2023-12-08,0.0,0.0,36.0,25.0,36.0,30.0,34.0,32.0,49.0,12.0,30.0,36.0,48,36,7,5,53,36,8,5,139,45,20,6,47,36,7,5,53,36,8,5,53,45,8,6
2023-12-11,0.7991,0.0,35.0,26.0,35.0,31.0,33.0,33.0,48.0,13.0,29.0,37.0,45,39,6,6,50,39,7,6,136,48,19,7,44,39,6,6,50,39,7,6,50,48,7,7
2023-12-12,0.0945,0.0,34.0,27.0,34.0,32.0,32.0,34.0,47.0,14.0,28.0,38.0,44,40,6,6,49,40,7,6,135,49,19,7,43,40,6,6,49,40,7,6,49,49,7,7
2023-12-13,0.7431,1.4876,33.0,28.0,33.0,33.0,31.0,35.0,46.0,15.0,27.0,39.0,43,41,6,6,48,41,7,6,134,50,19,7,42,41,6,6,48,41,7,6,48,50,7,7
2023-12-14,0.8225,1.4496,32.0,29.0,32.0,34.0,30.0,36.0,45.0,16.0,26.0,40.0,42,42,6,6,47,42,7,6,133,51,19,7,41,42,6,6,47,42,7,6,47,51,7,7
2023-12-15,0.0474,0.0,31.0,30.0,31.0,35.0,29.0,37.0,44.0,17.0,25.0,41.0,41,43,6,6,46,43,7,6,132,52,19,7,40,43,6,6,46,43,7,6,46,52,7,7
2023-12-18,0.0,0.0,30.0,31.0,30.0,36.0,28.0,38.0,43.0,18.0,24.0,42.0,38,46,5,7,43,46,6,7,129,55,18,8,37,46,5,7,43,46,6,7,43,55,6,8
2023-12-19,0.7243,0.0,29.0,32.0,29.0,37.0,27.0,39.0,42.0,19.0,23.0,43.0,37,47,5,7,42,47,6,7,128,56,18,8,36,47,5,7,42,47,6,7,42,56,6,8
2023-12-20,0.3081,0.4533,28.0,33.0,28.0,38.0,26.0,40.0,41.0,20.0,22.0,44.0,36,48,5,7,41,48,6,7,127,57,18,8,35,48,5,7,41,48,6,7,41,57,6,8
2023-12-21,0.6492,0.3086,27.0,34.0,27.0,39.0,25.0,41.0,40.0,21.0,21.0,45.0,35,49,5,7,40,49,6,7,126,58,18,8,34,49,5,7,40,49,6,7,40,58,6,8
2023-12-22,0.0,0.0,26.0,35.0,26.0,40.0,24.0,42.0,39.0,22.0,20.0,46.0,34,50,5,7,39,50,6,7,125,59,18,8,33,50,5,7,39,50,6,7,39,59,6,8
2023-12-26,0.0,0.0,25.0,36.0,25.0,41.0,23.0,43.0,38.0,23.0,19.0,47.0,30,54,4,8,35,54,5,8,121,63,17,9,29,54,4,8,35,54,5,8,35,63,5,9
2023-12-27,0.0,0.0,24.0,37.0,24.0,42.0,22.0,44.0,37.0,24.0,18.0,48.0,29,55,4,8,34,55,5,8,120,64,17,9,28,55,4,8,34,55,5,8,34,64,5,9
2023-12-28,0.0,0.0,23.0,38.0,23.0,43.0,21.0,45.0,36.0,25.0,17.0,49.0,28,56,4,8,33,56,5,8,119,65,17,9,27,56,4,8,33,56,5,8,33,65,5,9
2023-12-29,0.0,0.0,22.0,39.0,22.0,44.0,20.0,46.0,35.0,26.0,16.0,50.0,27,57,4,8,32,57,5,8,118,66,17,9,26,57,4,8,32,57,5,8,32,66,5,9
2024-01-02,0.0,0.0,21.0,40.0,21.0,45.0,19.0,47.0,34.0,27.0,15.0,51.0,23,61,3,9,28,61,4,9,114,70,16,10,22,61,3,9,28,61,4,9,28,70,4,10
2024-01-03,0.0,0.0,20.0,41.0,20.0,46.0,18.0,48.0,33.0,28.0,14.0,52.0,22,62,3,9,27,62,4,9,113,71,16,10,21,62,3,9,27,62,4,9,27,71,4,10
2024-01-04,0.0338,0.0,19.0,42.0,19.0,47.0,17.0,49.0,32.0,29.0,13.0,53.0,21,63,3,9,26,63,4,9,112,72,16,10,20,63,3,9,26,63,4,9,26,72,4,10
2024-01-05,0.108,0.0,18.0,43.0,18.0,48.0,16.0,50.0,31.0,30.0,12.0,54.0,20,64,3,9,25,64,4,9,111,73,16,10,19,64,3,9,25,64,4,9,25,73,4,10
2024-01-08,0.0,0.0,17.0,44.0,17.0,49.0,15.0,51.0,30.0,31.0,11.0,55.0,17,67,2,10,22,67,3,10,108,76,15,11,16,67,2,10,22,67,3,10,22,76,3,11
2024-01-09,0.0,0.0,16.0,45.0,16.0,50.0,14.0,52.0,29.0,32.0,10.0,56.0,16,68,2,10,21,68,3,10,107,77,15,11,15,68,2,10,21,68,3,10,21,77,3,11
2024-01-10,0.0,0.0,15.0,46.0,15.0,51.0,13.0,53.0,28.0,33.0,9.0,57.0,15,69,2,10,20,69,3,10,106,78,15,11,14,69,2,10,20,69,3,10,20,78,3,11
2024-01-11,0.0,0.0,14.0,47.0,14.0,52.0,12.0,54.0,27.0,34.0,8.0,58.0,14,70,2,10,19,70,3,10,105,79,15,11,13,70,2,10,19,70,3,10,19,79,3,11
2024-01-12,4.0973,0.0,13.0,48.0,13.0,53.0,11.0,55.0,26.0,35.0,7.0,59.0,13,71,2,10,18,71,3,10,104,80,15,11,12,71,2,10,18,71,3,10,18,80,3,11
2024-01-16,0.8079,0.0,12.0,49.0,12.0,54.0,10.0,56.0,25.0,36.0,6.0,60.0,9,75,1,11,14,75,2,11,100,84,14,12,8,75,1,11,14,75,2,11,14,84,2,12
2024-01-17,0.8529,0.0,11.0,50.0,11.0,55.0,9.0,57.0,24.0,37.0,5.0,61.0,8,76,1,11,13,76,2,11,99,85,14,12,7,76,1,11,13,76,2,11,13,85,2,12
2024-01-18,0.4127,0.0913,10.0,51.0,10.0,56.0,8.0,58.0,23.0,38.0,4.0,62.0,7,77,1,11,12,77,2,11,98,86,14,12,6,77,1,11,12,77,2,11,12,86,2,12
2024-01-19,0.4653,0.0,9.0,52.0,9.0,57.0,7.0,59.0,22.0,39.0,3.0,63.0,6,78,1,11,11,78,2,11,97,87,14,12,5,78,1,11,11,78,2,11,11,87,2,12
2024-01-22,0.0301,0.0,8.0,53.0,8.0,58.0,6.0,60.0,21.0,40.0,2.0,64.0,3,81,0,0,8,81,1,12,94,90,13,13,2,81,0,0,8,81,1,12,8,90,1,13
2024-01-23,4.2841,1.7738,7.0,54.0,7.0,59.0,5.0,61.0,20.0,41.0,1.0,65.0,2,82,0,0,7,82,1,12,93,91,13,13,1,82,0,0,7,82,1,12,7,91,1,13
2024-01-24,4.7681,5.3478,6.0,55.0,6.0,60.0,4.0,62.0,19.0,42.0,0.0,0.0,1,83,0,0,6,83,1,12,92,92,13,13,0,0,0,0,6,83,1,12,6,92,1,13
2024-01-25,5.3302,3.349,5.0,56.0,5.0,61.0,3.0,63.0,18.0,43.0,61.0,1.0,0,0,0,0,5,84,1,12,91,93,13,13,5,1,0,0,5,84,1,12,5,93,1,13
2024-01-26,0.6027,0.0,4.0,57.0,4.0,62.0,2.0,64.0,17.0,44.0,60.0,2.0,4,1,0,0,4,85,1,12,90,94,13,13,4,2,0,0,4,85,1,12,4,94,1,13
2024-01-29,0.2149,0.0,3.0,58.0,3.0,63.0,1.0,65.0,16.0,45.0,59.0,3.0,1,4,0,0,1,88,0,0,87,97,12,14,1,5,0,0,1,88,0,0,1,97,0,0
2024-01-30,19.7046,35.6147,2.0,59.0,2.0,64.0,0.0,0.0,15.0,46.0,58.0,4.0,0,0,0,0,0,0,0,0,86,98,12,14,0,0,0,0,0,0,0,0,0,0,0,0
2024-01-31,4.0682,1.6642,1.0,60.0,1.0,65.0,59.0,1.0,14.0,47.0,57.0,5.0,1,1,0,0,1,1,0,0,85,99,12,14,1,1,0,0,1,1,0,0,1,1,0,0
2024-02-01,15.942,28.3293,0.0,0.0,0.0,0.0,58.0,2.0,13.0,48.0,56.0,6.0,0,0,0,0,0,0,0,0,84,100,12,14,0,0,0,0,0,0,0,0,0,0,0,0
2024-02-02,3.5516,0.7861,62.0,1.0,60.0,1.0,57.0,3.0,12.0,49.0,55.0,7.0,81,1,0,0,83,1,0,0,83,101,12,14,82,1,0,0,83,1,0,0,83,1,0,0
2024-02-05,1.9181,1.1787,61.0,2.0,59.0,2.0,56.0,4.0,11.0,50.0,54.0,8.0,78,4,11,1,80,4,11,1,80,104,11,15,79,4,11,1,80,4,11,1,80,4,11,1
2024-02-06,4.7715,2.8284,60.0,3.0,58.0,3.0,55.0,5.0,10.0,51.0,53.0,9.0,77,5,11,1,79,5,11,1,79,105,11,15,78,5,11,1,79,5,11,1,79,5,11,1
2024-02-07,2.3622,0.8581,59.0,4.0,57.0,4.0,54.0,6.0,9.0,52.0,52.0,10.0,76,6,11,1,78,6,11,1,78,106,11,15,77,6,11,1,78,6,11,1,78,6,11,1
2024-02-08,2.6886,0.692,58.0,5.0,56.0,5.0,53.0,7.0,8.0,53.0,51.0,11.0,75,7,11,1,77,7,11,1,77,107,11,15,76,7,11,1,77,7,11,1,77,7,11,1
2024-02-09,0.6367,1.1372,57.0,6.0,55.0,6.0,52.0,8.0,7.0,54.0,50.0,12.0,74,8,11,1,76,8,11,1,76,108,11,15,75,8,11,1,76,8,11,1,76,8,11,1
2024-02-12,0.3357,0.3987,56.0,7.0,54.0,7.0,51.0,9.0,6.0,55.0,49.0,13.0,71,11,10,2,73,11,10,2,73,111,10,16,72,11,10,2,73,11,10,2,73,11,10,2
2024-02-13,2.4872,1.5439,55.0,8.0,53.0,8.0,50.0,10.0,5.0,56.0,48.0,14.0,70,12,10,2,72,12,10,2,72,112,10,16,71,12,10,2,72,12,10,2,72,12,10,2
2024-02-14,1.8974,1.2604,54.0,9.0,52.0,9.0,49.0,11.0,4.0,57.0,47.0,15.0,69,13,10,2,71,13,10,2,71,113,10,16,70,13,10,2,71,13,10,2,71,13,10,2
2024-02-15,1.6431,1.0641,53.0,10.0,51.0,10.0,48.0,12.0,3.0,58.0,46.0,16.0,68,14,10,2,70,14,10,2,70,114,10,16,69,14,10,2,70,14,10,2,70,14,10,2
2024-02-16,0.1465,0.0,52.0,11.0,50.0,11.0,47.0,13.0,2.0,59.0,45.0,17.0,67,15,10,2,69,15,10,2,69,115,10,16,68,15,10,2,69,15,10,2,69,15,10,2
2024-02-20,2.1839,1.3326,51.0,12.0,49.0,12.0,46.0,14.0,1.0,60.0,44.0,18.0,63,19,9,3,65,19,9,3,65,119,9,17,64,19,9,3,65,19,9,3,65,19,9,3
2024-02-21,1.1899,2.0377,50.0,13.0,48.0,13.0,45.0,15.0,0.0,0.0,43.0,19.0,62,20,9,3,64,20,9,3,64,120,9,17,63,20,9,3,64,20,9,3,64,20,9,3
2024-02-22,1.8373,1.7756,49.0,14.0,47.0,14.0,44.0,16.0,63.0,1.0,42.0,20.0,61,21,9,3,63,21,9,3,63,121,9,17,62,21,9,3,63,21,9,3,63,21,9,3
2024-02-23,0.053,0.1105,48.0,15.0,46.0,15.0,43.0,17.0,62.0,2.0,41.0,21.0,60,22,9,3,62,22,9,3,62,122,9,17,61,22,9,3,62,22,9,3,62,22,9,3
2024-02-26,0.6607,0.5886,47.0,16.0,45.0,16.0,42.0,18.0,61.0,3.0,40.0,22.0,57,25,8,4,59,25,8,4,59,125,8,18,58,25,8,4,59,25,8,4,59,25,8,4
2024-02-27,1.4563,0.3011,46.0,17.0,44.0,17.0,41.0,19.0,60.0,4.0,39.0,23.0,56,26,8,4,58,26,8,4,58,126,8,18,57,26,8,4,58,26,8,4,58,26,8,4
2024-02-28,1.2054,0.2746,45.0,18.0,43.0,18.0,40.0,20.0,59.0,5.0,38.0,24.0,55,27,8,4,57,27,8,4,57,127,8,18,56,27,8,4,57,27,8,4,57,27,8,4
2024-02-29,0.5465,0.4248,44.0,19.0,42.0,19.0,39.0,21.0,58.0,6.0,37.0,25.0,54,28,8,4,56,28,8,4,56,128,8,18,55,28,8,4,56,28,8,4,56,28,8,4
2024-03-01,0.0081,0.0,43.0,20.0,41.0,20.0,38.0,22.0,57.0,7.0,36.0,26.0,53,29,8,4,55,29,8,4,55,129,8,18,54,29,8,4,55,29,8,4,55,29,8,4
2024-03-04,0.0,0.0,42.0,21.0,40.0,21.0,37.0,23.0,56.0,8.0,35.0,27.0,50,32,7,5,52,32,7,5,52,132,7,19,51,32,7,5,52,32,7,5,52,32,7,5
2024-03-05,0.4403,0.5937,41.0,22.0,39.0,22.0,36.0,24.0,55.0,9.0,34.0,28.0,49,33,7,5,51,33,7,5,51,133,7,19,50,33,7,5,51,33,7,5,51,33,7,5
2024-03-06,0.0948,0.0,40.0,23.0,38.0,23.0,35.0,25.0,54.0,10.0,33.0,29.0,48,34,7,5,50,34,7,5,50,134,7,19,49,34,7,5,50,34,7,5,50,34,7,5
2024-03-07,1.0216,2.2736,39.0,24.0,37.0,24.0,34.0,26.0,53.0,11.0,32.0,30.0,47,35,7,5,49,35,7,5,49,135,7,19,48,35,7,5,49,35,7,5,49,35,7,5
2024-03-08,0.0,0.0,38.0,25.0,36.0,25.0,33.0,27.0,52.0,12.0,31.0,31.0,46,36,7,5,48,36,7,5,48,136,7,19,47,36,7,5,48,36,7,5,48,36,7,5
2024-03-11,0.7225,0.0,37.0,26.0,35.0,26.0,32.0,28.0,51.0,13.0,30.0,32.0,43,39,6,6,45,39,6,6,45,139,6,20,44,39,6,6,45,39,6,6,45,39,6,6
2024-03-12,0.066,0.0,36.0,27.0,34.0,27.0,31.0,29.0,50.0,14.0,29.0,33.0,42,40,6,6,44,40,6,6,44,140,6,20,43,40,6,6,44,40,6,6,44,40,6,6
2024-03-13,0.189,0.0,35.0,28.0,33.0,28.0,30.0,30.0,49.0,15.0,28.0,34.0,41,41,6,6,43,41,6,6,43,141,6,20,42,41,6,6,43,41,6,6,43,41,6,6
2024-03-14,0.7177,1.2191,34.0,29.0,32.0,29.0,29.0,31.0,48.0,16.0,27.0,35.0,40,42,6,6,42,42,6,6,42,142,6,20,41,42,6,6,42,42,6,6,42,42,6,6
2024-03-15,0.0421,0.0,33.0,30.0,31.0,30.0,28.0,32.0,47.0,17.0,26.0,36.0,39,43,6,6,41,43,6,6,41,143,6,20,40,43,6,6,41,43,6,6,41,43,6,6
2024-03-18,0.0,0.0,32.0,31.0,30.0,31.0,27.0,33.0,46.0,18.0,25.0,37.0,36,46,5,7,38,46,5,7,38,146,5,21,37,46,5,7,38,46,5,7,38,46,5,7
2024-03-19,0.0,0.0,31.0,32.0,29.0,32.0,26.0,34.0,45.0,19.0,24.0,38.0,35,47,5,7,37,47,5,7,37,147,5,21,36,47,5,7,37,47,5,7,37,47,5,7
2024-03-20,0.3178,1.2787,30.0,33.0,28.0,33.0,25.0,35.0,44.0,20.0,23.0,39.0,34,48,5,7,36,48,5,7,36,148,5,21,35,48,5,7,36,48,5,7,36,48,5,7
2024-03-21,1.2218,0.0,29.0,34.0,27.0,34.0,24.0,36.0,43.0,21.0,22.0,40.0,33,49,5,7,35,49,5,7,35,149,5,21,34,49,5,7,35,49,5,7,35,49,5,7
2024-03-22,0.0,0.0,28.0,35.0,26.0,35.0,23.0,37.0,42.0,22.0,21.0,41.0,32,50,5,7,34,50,5,7,34,150,5,21,33,50,5,7,34,50,5,7,34,50,5,7
2024-03-25,0.0,0.0,27.0,36.0,25.0,36.0,22.0,38.0,41.0,23.0,20.0,42.0,29,53,4,8,31,53,4,8,31,153,4,22,30,53,4,8,31,53,4,8,31,53,4,8
2024-03-26,0.0415,0.0,26.0,37.0,24.0,37.0,21.0,39.0,40.0,24.0,19.0,43.0,28,54,4,8,30,54,4,8,30,154,4,22,29,54,4,8,30,54,4,8,30,54,4,8
2024-03-27,0.0848,0.0743,25.0,38.0,23.0,38.0,20.0,40.0,39.0,25.0,18.0,44.0,27,55,4,8,29,55,4,8,29,155,4,22,28,55,4,8,29,55,4,8,29,55,4,8
2024-03-28,0.0,0.0,24.0,39.0,22.0,39.0,19.0,41.0,38.0,26.0,17.0,45.0,26,56,4,8,28,56,4,8,28,156,4,22,27,56,4,8,28,56,4,8,28,56,4,8
2024-04-01,0.0,0.0,23.0,40.0,21.0,40.0,18.0,42.0,37.0,27.0,16.0,46.0,22,60,3,9,24,60,3,9,24,160,3,23,23,60,3,9,24,60,3,9,24,60,3,9
2024-04-02,0.0959,0.2018,22.0,41.0,20.0,41.0,17.0,43.0,36.0,28.0,15.0,47.0,21,61,3,9,23,61,3,9,23,161,3,23,22,61,3,9,23,61,3,9,23,61,3,9
2024-04-03,0.0,0.0,21.0,42.0,19.0,42.0,16.0,44.0,35.0,29.0,14.0,48.0,20,62,3,9,22,62,3,9,22,162,3,23,21,62,3,9,22,62,3,9,22,62,3,9
2024-04-04,0.0306,0.0,20.0,43.0,18.0,43.0,15.0,45.0,34.0,30.0,13.0,49.0,19,63,3,9,21,63,3,9,21,163,3,23,20,63,3,9,21,63,3,9,21,63,3,9
2024-04-05,0.0,0.0,19.0,44.0,17.0,44.0,14.0,46.0,33.0,31.0,12.0,50.0,18,64,3,9,20,64,3,9,20,164,3,23,19,64,3,9,20,64,3,9,20,64,3,9
2024-04-08,0.0,0.0,18.0,45.0,16.0,45.0,13.0,47.0,32.0,32.0,11.0,51.0,15,67,2,10,17,67,2,10,17,167,2,24,16,67,2,10,17,67,2,10,17,67,2,10
2024-04-09,0.0,0.0,17.0,46.0,15.0,46.0,12.0,48.0,31.0,33.0,10.0,52.0,14,68,2,10,16,68,2,10,16,168,2,24,15,68,2,10,16,68,2,10,16,68,2,10
2024-04-10,0.067,0.0,16.0,47.0,14.0,47.0,11.0,49.0,30.0,34.0,9.0,53.0,13,69,2,10,15,69,2,10,15,169,2,24,14,69,2,10,15,69,2,10,15,69,2,10
2024-04-11,0.1558,0.1,15.0,48.0,13.0,48.0,10.0,50.0,29.0,35.0,8.0,54.0,12,70,2,10,14,70,2,10,14,170,2,24,13,70,2,10,14,70,2,10,14,70,2,10
2024-04-12,2.5095,0.0,14.0,49.0,12.0,49.0,9.0,51.0,28.0,36.0,7.0,55.0,11,71,2,10,13,71,2,10,13,171,2,24,12,71,2,10,13,71,2,10,13,71,2,10
2024-04-15,0.621,0.0,13.0,50.0,11.0,50.0,8.0,52.0,27.0,37.0,6.0,56.0,8,74,1,11,10,74,1,11,10,174,1,25,9,74,1,11,10,74,1,11,10,74,1,11
2024-04-16,3.1031,0.0,12.0,51.0,10.0,51.0,7.0,53.0,26.0,38.0,5.0,57.0,7,75,1,11,9,75,1,11,9,175,1,25,8,75,1,11,9,75,1,11,9,75,1,11
2024-04-17,1.3074,2.1616,11.0,52.0,9.0,52.0,6.0,54.0,25.0,39.0,4.0,58.0,6,76,1,11,8,76,1,11,8,176,1,25,7,76,1,11,8,76,1,11,8,76,1,11
2024-04-18,1.4822,0.7546,10.0,53.0,8.0,53.0,5.0,55.0,24.0,40.0,3.0,59.0,5,77,1,11,7,77,1,11,7,177,1,25,6,77,1,11,7,77,1,11,7,77,1,11
2024-04-19,1.5045,0.0,9.0,54.0,7.0,54.0,4.0,56.0,23.0,41.0,2.0,60.0,4,78,1,11,6,78,1,11,6,178,1,25,5,78,1,11,6,78,1,11,6,78,1,11
2024-04-22,0.9809,0.3704,8.0,55.0,6.0,55.0,3.0,57.0,22.0,42.0,1.0,61.0,1,81,0,0,3,81,0,0,3,181,0,0,2,81,0,0,3,81,0,0,3,81,0,0
2024-04-23,7.2376,4.3052,7.0,56.0,5.0,56.0,2.0,58.0,21.0,43.0,0.0,0.0,0,0,0,0,2,82,0,0,2,182,0,0,1,82,0,0,2,82,0,0,2,82,0,0
2024-04-24,6.6404,6.4583,6.0,57.0,4.0,57.0,1.0,59.0,20.0,44.0,62.0,1.0,0,0,0,0,1,83,0,0,1,183,0,0,0,0,0,0,1,83,0,0,1,83,0,0
2024-04-25,22.3503,36.8217,5.0,58.0,3.0,58.0,0.0,0.0,19.0,45.0,61.0,2.0,0,0,0,0,0,0,0,0,0,0,0,0,0,0,0,0,0,0,0,0,0,0,0,0
2024-04-26,4.0094,1.3832,4.0,59.0,2.0,59.0,64.0,1.0,18.0,46.0,60.0,3.0,4,1,0,0,4,1,0,0,551,1,0,0,4,1,0,0,4,1,0,0,97,1,0,0
2024-04-29,0.6122,0.3054,3.0,60.0,1.0,60.0,63.0,2.0,17.0,47.0,59.0,4.0,1,4,0,0,1,4,0,0,548,4,78,1,1,4,0,0,1,4,0,0,94,4,13,1
2024-04-30,11.5842,12.0848,2.0,61.0,0.0,0.0,62.0,3.0,16.0,48.0,58.0,5.0,0,0,0,0,0,0,0,0,547,5,78,1,0,0,0,0,0,0,0,0,93,5,13,1
2024-05-01,5.0773,2.7946,1.0,62.0,63.0,1.0,61.0,4.0,15.0,49.0,57.0,6.0,0,0,0,0,1,1,0,0,546,6,78,1,1,1,0,0,1,1,0,0,92,6,13,1
2024-05-02,11.5745,16.1908,0.0,0.0,62.0,2.0,60.0,5.0,14.0,50.0,56.0,7.0,0,0,0,0,0,0,0,0,545,7,78,1,0,0,0,0,0,0,0,0,91,7,13,1
2024-05-03,0.3851,0.0,61.0,1.0,61.0,3.0,59.0,6.0,13.0,51.0,55.0,8.0,81,1,0,0,81,1,0,0,544,8,78,1,81,1,0,0,81,1,0,0,90,8,13,1
2024-05-06,1.0476,1.0405,60.0,2.0,60.0,4.0,58.0,7.0,12.0,52.0,54.0,9.0,78,4,11,1,78,4,11,1,541,11,77,2,78,4,11,1,78,4,11,1,87,11,12,2
2024-05-07,1.8419,0.3458,59.0,3.0,59.0,5.0,57.0,8.0,11.0,53.0,53.0,10.0,77,5,11,1,77,5,11,1,540,12,77,2,77,5,11,1,77,5,11,1,86,12,12,2
2024-05-08,1.2454,1.4223,58.0,4.0,58.0,6.0,56.0,9.0,10.0,54.0,52.0,11.0,76,6,11,1,76,6,11,1,539,13,77,2,76,6,11,1,76,6,11,1,85,13,12,2
2024-05-09,0.6503,0.5211,57.0,5.0,57.0,7.0,55.0,10.0,9.0,55.0,51.0,12.0,75,7,11,1,75,7,11,1,538,14,77,2,75,7,11,1,75,7,11,1,84,14,12,2
2024-05-10,0.1921,0.0,56.0,6.0,56.0,8.0,54.0,11.0,8.0,56.0,50.0,13.0,74,8,11,1,74,8,11,1,537,15,77,2,74,8,11,1,74,8,11,1,83,15,12,2
2024-05-13,0.0,0.0,55.0,7.0,55.0,9.0,53.0,12.0,7.0,57.0,49.0,14.0,71,11,10,2,71,11,10,2,534,18,76,3,71,11,10,2,71,11,10,2,80,18,11,3
2024-05-14,0.7405,0.0,54.0,8.0,54.0,10.0,52.0,13.0,6.0,58.0,48.0,15.0,70,12,10,2,70,12,10,2,533,19,76,3,70,12,10,2,70,12,10,2,79,19,11,3
2024-05-15,0.4324,0.8967,53.0,9.0,53.0,11.0,51.0,14.0,5.0,59.0,47.0,16.0,69,13,10,2,69,13,10,2,532,20,76,3,69,13,10,2,69,13,10,2,78,20,11,3
2024-05-16,1.8588,3.34,52.0,10.0,52.0,12.0,50.0,15.0,4.0,60.0,46.0,17.0,68,14,10,2,68,14,10,2,531,21,76,3,68,14,10,2,68,14,10,2,77,21,11,3
2024-05-17,0.0,0.0,51.0,11.0,51.0,13.0,49.0,16.0,3.0,61.0,45.0,18.0,67,15,10,2,67,15,10,2,530,22,76,3,67,15,10,2,67,15,10,2,76,22,11,3
2024-05-20,0.2037,0.229,50.0,12.0,50.0,14.0,48.0,17.0,2.0,62.0,44.0,19.0,64,18,9,3,64,18,9,3,527,25,75,4,64,18,9,3,64,18,9,3,73,25,10,4
2024-05-21,0.3951,0.0,49.0,13.0,49.0,15.0,47.0,18.0,1.0,63.0,43.0,20.0,63,19,9,3,63,19,9,3,526,26,75,4,63,19,9,3,63,19,9,3,72,26,10,4
2024-05-22,1.3385,2.7945,48.0,14.0,48.0,16.0,46.0,19.0,0.0,0.0,42.0,21.0,62,20,9,3,62,20,9,3,525,27,75,4,62,20,9,3,62,20,9,3,71,27,10,4
2024-05-23,0.9249,1.3327,47.0,15.0,47.0,17.0,45.0,20.0,66.0,1.0,41.0,22.0,61,21,9,3,61,21,9,3,524,28,75,4,61,21,9,3,61,21,9,3,70,28,10,4
2024-05-24,0.0,0.0,46.0,16.0,46.0,18.0,44.0,21.0,65.0,2.0,40.0,23.0,60,22,9,3,60,22,9,3,523,29,75,4,60,22,9,3,60,22,9,3,69,29,10,4
2024-05-28,0.0,0.0,45.0,17.0,45.0,19.0,43.0,22.0,64.0,3.0,39.0,24.0,56,26,8,4,56,26,8,4,519,33,74,5,56,26,8,4,56,26,8,4,65,33,9,5
2024-05-29,0.7418,0.0,44.0,18.0,44.0,20.0,42.0,23.0,63.0,4.0,38.0,25.0,55,27,8,4,55,27,8,4,518,34,74,5,55,27,8,4,55,27,8,4,64,34,9,5
2024-05-30,0.5522,0.3997,43.0,19.0,43.0,21.0,41.0,24.0,62.0,5.0,37.0,26.0,54,28,8,4,54,28,8,4,517,35,74,5,54,28,8,4,54,28,8,4,63,35,9,5
2024-05-31,0.0,0.0,42.0,20.0,42.0,22.0,40.0,25.0,61.0,6.0,36.0,27.0,53,29,8,4,53,29,8,4,516,36,74,5,53,29,8,4,53,29,8,4,62,36,9,5
2024-06-03,0.0,0.0,41.0,21.0,41.0,23.0,39.0,26.0,60.0,7.0,35.0,28.0,50,32,7,5,50,32,7,5,513,39,73,6,50,32,7,5,50,32,7,5,59,39,8,6
2024-06-04,0.231,0.3671,40.0,22.0,40.0,24.0,38.0,27.0,59.0,8.0,34.0,29.0,49,33,7,5,49,33,7,5,512,40,73,6,49,33,7,5,49,33,7,5,58,40,8,6
2024-06-05,0.2165,0.0,39.0,23.0,39.0,25.0,37.0,28.0,58.0,9.0,33.0,30.0,48,34,7,5,48,34,7,5,511,41,73,6,48,34,7,5,48,34,7,5,57,41,8,6
2024-06-06,0.8395,1.6208,38.0,24.0,38.0,26.0,36.0,29.0,57.0,10.0,32.0,31.0,47,35,7,5,47,35,7,5,510,42,73,6,47,35,7,5,47,35,7,5,56,42,8,6
2024-06-07,0.0,0.0,37.0,25.0,37.0,27.0,35.0,30.0,56.0,11.0,31.0,32.0,46,36,7,5,46,36,7,5,509,43,73,6,46,36,7,5,46,36,7,5,55,43,8,6
2024-06-10,0.1001,0.2031,36.0,26.0,36.0,28.0,34.0,31.0,55.0,12.0,30.0,33.0,43,39,6,6,43,39,6,6,506,46,72,7,43,39,6,6,43,39,6,6,52,46,7,7
2024-06-11,0.7225,0.0,35.0,27.0,35.0,29.0,33.0,32.0,54.0,13.0,29.0,34.0,42,40,6,6,42,40,6,6,505,47,72,7,42,40,6,6,42,40,6,6,51,47,7,7
2024-06-12,0.1379,0.2628,34.0,28.0,34.0,30.0,32.0,33.0,53.0,14.0,28.0,35.0,41,41,6,6,41,41,6,6,504,48,72,7,41,41,6,6,41,41,6,6,50,48,7,7
2024-06-13,0.4456,0.8451,33.0,29.0,33.0,31.0,31.0,34.0,52.0,15.0,27.0,36.0,40,42,6,6,40,42,6,6,503,49,72,7,40,42,6,6,40,42,6,6,49,49,7,7
2024-06-14,0.0,0.0,32.0,30.0,32.0,32.0,30.0,35.0,51.0,16.0,26.0,37.0,39,43,6,6,39,43,6,6,502,50,72,7,39,43,6,6,39,43,6,6,48,50,7,7
2024-06-17,0.0835,0.0,31.0,31.0,31.0,33.0,29.0,36.0,50.0,17.0,25.0,38.0,36,46,5,7,36,46,5,7,499,53,71,8,36,46,5,7,36,46,5,7,45,53,6,8
2024-06-18,0.0,0.0,30.0,32.0,30.0,34.0,28.0,37.0,49.0,18.0,24.0,39.0,35,47,5,7,35,47,5,7,498,54,71,8,35,47,5,7,35,47,5,7,44,54,6,8
2024-06-20,0.5127,0.0,29.0,33.0,29.0,35.0,27.0,38.0,48.0,19.0,23.0,40.0,33,49,5,7,33,49,5,7,496,56,71,8,33,49,5,7,33,49,5,7,42,56,6,8
2024-06-21,0.0312,0.0,28.0,34.0,28.0,36.0,26.0,39.0,47.0,20.0,22.0,41.0,32,50,5,7,32,50,5,7,495,57,71,8,32,50,5,7,32,50,5,7,41,57,6,8
2024-06-24,0.0,0.0,27.0,35.0,27.0,37.0,25.0,40.0,46.0,21.0,21.0,42.0,29,53,4,8,29,53,4,8,492,60,70,9,29,53,4,8,29,53,4,8,38,60,5,9
2024-06-25,0.1688,0.0,26.0,36.0,26.0,38.0,24.0,41.0,45.0,22.0,20.0,43.0,28,54,4,8,28,54,4,8,491,61,70,9,28,54,4,8,28,54,4,8,37,61,5,9
2024-06-26,0.4966,0.7954,25.0,37.0,25.0,39.0,23.0,42.0,44.0,23.0,19.0,44.0,27,55,4,8,27,55,4,8,490,62,70,9,27,55,4,8,27,55,4,8,36,62,5,9
2024-06-27,0.3165,0.0,24.0,38.0,24.0,40.0,22.0,43.0,43.0,24.0,18.0,45.0,26,56,4,8,26,56,4,8,489,63,70,9,26,56,4,8,26,56,4,8,35,63,5,9
2024-06-28,0.0,0.0,23.0,39.0,23.0,41.0,21.0,44.0,42.0,25.0,17.0,46.0,25,57,4,8,25,57,4,8,488,64,70,9,25,57,4,8,25,57,4,8,34,64,5,9
2024-07-01,0.0,0.0,22.0,40.0,22.0,42.0,20.0,45.0,41.0,26.0,16.0,47.0,22,60,3,9,22,60,3,9,485,67,69,10,22,60,3,9,22,60,3,9,31,67,4,10
2024-07-02,0.0,0.0,21.0,41.0,21.0,43.0,19.0,46.0,40.0,27.0,15.0,48.0,21,61,3,9,21,61,3,9,484,68,69,10,21,61,3,9,21,61,3,9,30,68,4,10
2024-07-03,0.0958,0.0,20.0,42.0,20.0,44.0,18.0,47.0,39.0,28.0,14.0,49.0,20,62,3,9,20,62,3,9,483,69,69,10,20,62,3,9,20,62,3,9,29,69,4,10
2024-07-05,0.0,0.0,19.0,43.0,19.0,45.0,17.0,48.0,38.0,29.0,13.0,50.0,18,64,3,9,18,64,3,9,481,71,69,10,18,64,3,9,18,64,3,9,27,71,4,10
2024-07-08,0.0,0.0,18.0,44.0,18.0,46.0,16.0,49.0,37.0,30.0,12.0,51.0,15,67,2,10,15,67,2,10,478,74,68,11,15,67,2,10,15,67,2,10,24,74,3,11
2024-07-09,0.0,0.0,17.0,45.0,17.0,47.0,15.0,50.0,36.0,31.0,11.0,52.0,14,68,2,10,14,68,2,10,477,75,68,11,14,68,2,10,14,68,2,10,23,75,3,11
2024-07-10,0.0,0.0,16.0,46.0,16.0,48.0,14.0,51.0,35.0,32.0,10.0,53.0,13,69,2,10,13,69,2,10,476,76,68,11,13,69,2,10,13,69,2,10,22,76,3,11
2024-07-11,0.5204,0.8018,15.0,47.0,15.0,49.0,13.0,52.0,34.0,33.0,9.0,54.0,12,70,2,10,12,70,2,10,475,77,68,11,12,70,2,10,12,70,2,10,21,77,3,11
2024-07-12,1.9463,0.0674,14.0,48.0,14.0,50.0,12.0,53.0,33.0,34.0,8.0,55.0,11,71,2,10,11,71,2,10,474,78,68,11,11,71,2,10,11,71,2,10,20,78,3,11
2024-07-15,0.5407,0.0,13.0,49.0,13.0,51.0,11.0,54.0,32.0,35.0,7.0,56.0,8,74,1,11,8,74,1,11,471,81,67,12,8,74,1,11,8,74,1,11,17,81,2,12
2024-07-16,2.6723,0.0,12.0,50.0,12.0,52.0,10.0,55.0,31.0,36.0,6.0,57.0,7,75,1,11,7,75,1,11,470,82,67,12,7,75,1,11,7,75,1,11,16,82,2,12
2024-07-17,1.6928,1.5324,11.0,51.0,11.0,53.0,9.0,56.0,30.0,37.0,5.0,58.0,6,76,1,11,6,76,1,11,469,83,67,12,6,76,1,11,6,76,1,11,15,83,2,12
2024-07-18,1.597,0.726,10.0,52.0,10.0,54.0,8.0,57.0,29.0,38.0,4.0,59.0,5,77,1,11,5,77,1,11,468,84,67,12,5,77,1,11,5,77,1,11,14,84,2,12
2024-07-19,0.7689,0.0,9.0,53.0,9.0,55.0,7.0,58.0,28.0,39.0,3.0,60.0,4,78,1,11,4,78,1,11,467,85,67,12,4,78,1,11,4,78,1,11,13,85,2,12
2024-07-22,0.8412,0.2814,8.0,54.0,8.0,56.0,6.0,59.0,27.0,40.0,2.0,61.0,1,81,0,0,1,81,0,0,464,88,66,13,1,81,0,0,1,81,0,0,10,88,1,13
2024-07-23,14.3602,18.2416,7.0,55.0,7.0,57.0,5.0,60.0,26.0,41.0,1.0,62.0,0,0,0,0,0,0,0,0,463,89,66,13,0,0,0,0,0,0,0,0,9,89,1,13
2024-07-24,6.0173,3.8232,6.0,56.0,6.0,58.0,4.0,61.0,25.0,42.0,0.0,0.0,0,0,0,0,6,1,0,0,462,90,66,13,6,1,0,0,6,1,0,0,8,90,1,13
2024-07-25,3.6138,0.8436,5.0,57.0,5.0,59.0,3.0,62.0,24.0,43.0,63.0,1.0,5,1,0,0,5,2,0,0,461,91,66,13,5,2,0,0,5,2,0,0,7,91,1,13
2024-07-26,0.8905,0.3079,4.0,58.0,4.0,60.0,2.0,63.0,23.0,44.0,62.0,2.0,4,2,0,0,4,3,0,0,460,92,66,13,4,3,0,0,4,3,0,0,6,92,1,13
2024-07-29,0.7188,0.0,3.0,59.0,3.0,61.0,1.0,64.0,22.0,45.0,61.0,3.0,1,5,0,0,1,6,0,0,457,95,65,14,1,6,0,0,1,6,0,0,3,95,0,0
2024-07-30,11.5917,14.308,2.0,60.0,2.0,62.0,0.0,0.0,21.0,46.0,60.0,4.0,0,0,0,0,0,0,0,0,456,96,65,14,0,0,0,0,0,0,0,0,2,96,0,0
2024-07-31,7.192,8.041,1.0,61.0,1.0,63.0,64.0,1.0,20.0,47.0,59.0,5.0,0,0,0,0,1,1,0,0,455,97,65,14,0,0,0,0,1,1,0,0,1,97,0,0
2024-08-01,15.1686,23.2967,0.0,0.0,0.0,0.0,63.0,2.0,19.0,48.0,58.0,6.0,0,0,0,0,0,0,0,0,454,98,65,14,0,0,0,0,0,0,0,0,0,0,0,0
2024-08-02,2.3581,0.8424,63.0,1.0,63.0,1.0,62.0,3.0,18.0,49.0,57.0,7.0,26,1,0,0,88,1,0,0,453,99,65,14,26,1,0,0,26,1,0,0,90,1,0,0
2024-08-05,0.7775,0.615,62.0,2.0,62.0,2.0,61.0,4.0,17.0,50.0,56.0,8.0,23,4,3,1,85,4,12,1,450,102,64,15,23,4,3,1,23,4,3,1,87,4,12,1
2024-08-06,3.0219,1.6786,61.0,3.0,61.0,3.0,60.0,5.0,16.0,51.0,55.0,9.0,22,5,3,1,84,5,12,1,449,103,64,15,22,5,3,1,22,5,3,1,86,5,12,1
2024-08-07,1.7476,0.6556,60.0,4.0,60.0,4.0,59.0,6.0,15.0,52.0,54.0,10.0,21,6,3,1,83,6,12,1,448,104,64,15,21,6,3,1,21,6,3,1,85,6,12,1
2024-08-08,2.4437,0.6717,59.0,5.0,59.0,5.0,58.0,7.0,14.0,53.0,53.0,11.0,20,7,3,1,82,7,12,1,447,105,64,15,20,7,3,1,20,7,3,1,84,7,12,1
2024-08-09,0.1365,0.0,58.0,6.0,58.0,6.0,57.0,8.0,13.0,54.0,52.0,12.0,19,8,3,1,81,8,12,1,446,106,64,15,19,8,3,1,19,8,3,1,83,8,12,1
2024-08-12,0.0,0.0,57.0,7.0,57.0,7.0,56.0,9.0,12.0,55.0,51.0,13.0,16,11,2,2,78,11,11,2,443,109,63,16,16,11,2,2,16,11,2,2,80,11,11,2
2024-08-13,0.6961,0.0,56.0,8.0,56.0,8.0,55.0,10.0,11.0,56.0,50.0,14.0,15,12,2,2,77,12,11,2,442,110,63,16,15,12,2,2,15,12,2,2,79,12,11,2
2024-08-14,0.4254,0.713,55.0,9.0,55.0,9.0,54.0,11.0,10.0,57.0,49.0,15.0,14,13,2,2,76,13,11,2,441,111,63,16,14,13,2,2,14,13,2,2,78,13,11,2
2024-08-15,1.8155,2.7733,54.0,10.0,54.0,10.0,53.0,12.0,9.0,58.0,48.0,16.0,13,14,2,2,75,14,11,2,440,112,63,16,13,14,2,2,13,14,2,2,77,14,11,2
2024-08-16,0.0,0.0,53.0,11.0,53.0,11.0,52.0,13.0,8.0,59.0,47.0,17.0,12,15,2,2,74,15,11,2,439,113,63,16,12,15,2,2,12,15,2,2,76,15,11,2
2024-08-19,0.1725,0.2036,52.0,12.0,52.0,12.0,51.0,14.0,7.0,60.0,46.0,18.0,9,18,1,3,71,18,10,3,436,116,62,17,9,18,1,3,9,18,1,3,73,18,10,3
2024-08-20,0.5491,0.0,51.0,13.0,51.0,13.0,50.0,15.0,6.0,61.0,45.0,19.0,8,19,1,3,70,19,10,3,435,117,62,17,8,19,1,3,8,19,1,3,72,19,10,3
2024-08-21,0.8646,0.7289,50.0,14.0,50.0,14.0,49.0,16.0,5.0,62.0,44.0,20.0,7,20,1,3,69,20,10,3,434,118,62,17,7,20,1,3,7,20,1,3,71,20,10,3
2024-08-22,0.6172,1.1128,49.0,15.0,49.0,15.0,48.0,17.0,4.0,63.0,43.0,21.0,6,21,1,3,68,21,10,3,433,119,62,17,6,21,1,3,6,21,1,3,70,21,10,3
2024-08-23,0.0,0.0,48.0,16.0,48.0,16.0,47.0,18.0,3.0,64.0,42.0,22.0,5,22,1,3,67,22,10,3,432,120,62,17,5,22,1,3,5,22,1,3,69,22,10,3
2024-08-26,0.0,0.7218,47.0,17.0,47.0,17.0,46.0,19.0,2.0,65.0,41.0,23.0,2,25,0,0,64,25,9,4,429,123,61,18,2,25,0,0,2,25,0,0,66,25,9,4
2024-08-27,0.0,0.0,46.0,18.0,46.0,18.0,45.0,20.0,1.0,66.0,40.0,24.0,1,26,0,0,63,26,9,4,428,124,61,18,1,26,0,0,1,26,0,0,65,26,9,4
2024-08-28,6.8828,12.0053,45.0,19.0,45.0,19.0,44.0,21.0,0.0,0.0,39.0,25.0,0,0,0,0,62,27,9,4,427,125,61,18,0,0,0,0,0,0,0,0,64,27,9,4
2024-08-29,0.5154,0.4314,44.0,20.0,44.0,20.0,43.0,22.0,58.0,1.0,38.0,26.0,55,1,0,0,61,28,9,4,426,126,61,18,61,1,0,0,61,1,0,0,63,28,9,4
2024-08-30,0.0,0.0,43.0,21.0,43.0,21.0,42.0,23.0,57.0,2.0,37.0,27.0,54,2,0,0,60,29,9,4,425,127,61,18,60,2,0,0,60,2,0,0,62,29,9,4
2024-09-03,0.0,0.1135,42.0,22.0,42.0,22.0,41.0,24.0,56.0,3.0,36.0,28.0,50,6,7,1,56,33,8,5,421,131,60,19,56,6,8,1,56,6,8,1,58,33,8,5
2024-09-04,0.2357,0.2003,41.0,23.0,41.0,23.0,40.0,25.0,55.0,4.0,35.0,29.0,49,7,7,1,55,34,8,5,420,132,60,19,55,7,8,1,55,7,8,1,57,34,8,5
2024-09-05,1.4331,2.7914,40.0,24.0,40.0,24.0,39.0,26.0,54.0,5.0,34.0,30.0,48,8,7,1,54,35,8,5,419,133,60,19,54,8,8,1,54,8,8,1,56,35,8,5
2024-09-06,0.0,0.0,39.0,25.0,39.0,25.0,38.0,27.0,53.0,6.0,33.0,31.0,47,9,7,1,53,36,8,5,418,134,60,19,53,9,8,1,53,9,8,1,55,36,8,5
2024-09-09,0.7849,0.0,38.0,26.0,38.0,26.0,37.0,28.0,52.0,7.0,32.0,32.0,44,12,6,2,50,39,7,6,415,137,59,20,50,12,7,2,50,12,7,2,52,39,7,6
2024-09-10,0.0,0.0,37.0,27.0,37.0,27.0,36.0,29.0,51.0,8.0,31.0,33.0,43,13,6,2,49,40,7,6,414,138,59,20,49,13,7,2,49,13,7,2,51,40,7,6
2024-09-11,0.0,0.0,36.0,28.0,36.0,28.0,35.0,30.0,50.0,9.0,30.0,34.0,42,14,6,2,48,41,7,6,413,139,59,20,48,14,7,2,48,14,7,2,50,41,7,6
2024-09-12,0.5767,0.9866,35.0,29.0,35.0,29.0,34.0,31.0,49.0,10.0,29.0,35.0,41,15,6,2,47,42,7,6,412,140,59,20,47,15,7,2,47,15,7,2,49,42,7,6
2024-09-13,0.0,0.0,34.0,30.0,34.0,30.0,33.0,32.0,48.0,11.0,28.0,36.0,40,16,6,2,46,43,7,6,411,141,59,20,46,16,7,2,46,16,7,2,48,43,7,6
2024-09-16,0.0,0.0,33.0,31.0,33.0,31.0,32.0,33.0,47.0,12.0,27.0,37.0,37,19,5,3,43,46,6,7,408,144,58,21,43,19,6,3,43,19,6,3,45,46,6,7
2024-09-17,0.0,0.0,32.0,32.0,32.0,32.0,31.0,34.0,46.0,13.0,26.0,38.0,36,20,5,3,42,47,6,7,407,145,58,21,42,20,6,3,42,20,6,3,44,47,6,7
2024-09-18,0.0815,0.0,31.0,33.0,31.0,33.0,30.0,35.0,45.0,14.0,25.0,39.0,35,21,5,3,41,48,6,7,406,146,58,21,41,21,6,3,41,21,6,3,43,48,6,7
2024-09-19,0.304,0.0,30.0,34.0,30.0,34.0,29.0,36.0,44.0,15.0,24.0,40.0,34,22,5,3,40,49,6,7,405,147,58,21,40,22,6,3,40,22,6,3,42,49,6,7
2024-09-20,0.0,0.0,29.0,35.0,29.0,35.0,28.0,37.0,43.0,16.0,23.0,41.0,33,23,5,3,39,50,6,7,404,148,58,21,39,23,6,3,39,23,6,3,41,50,6,7
2024-09-23,0.0,0.0,28.0,36.0,28.0,36.0,27.0,38.0,42.0,17.0,22.0,42.0,30,26,4,4,36,53,5,8,401,151,57,22,36,26,5,4,36,26,5,4,38,53,5,8
2024-09-24,0.0997,0.0,27.0,37.0,27.0,37.0,26.0,39.0,41.0,18.0,21.0,43.0,29,27,4,4,35,54,5,8,400,152,57,22,35,27,5,4,35,27,5,4,37,54,5,8
2024-09-25,0.3529,0.6849,26.0,38.0,26.0,38.0,25.0,40.0,40.0,19.0,20.0,44.0,28,28,4,4,34,55,5,8,399,153,57,22,34,28,5,4,34,28,5,4,36,55,5,8
2024-09-26,1.186,1.473,25.0,39.0,25.0,39.0,24.0,41.0,39.0,20.0,19.0,45.0,27,29,4,4,33,56,5,8,398,154,57,22,33,29,5,4,33,29,5,4,35,56,5,8
2024-09-27,0.0,0.0,24.0,40.0,24.0,40.0,23.0,42.0,38.0,21.0,18.0,46.0,26,30,4,4,32,57,5,8,397,155,57,22,32,30,5,4,32,30,5,4,34,57,5,8
2024-09-30,0.0458,0.0,23.0,41.0,23.0,41.0,22.0,43.0,37.0,22.0,17.0,47.0,23,33,3,5,29,60,4,9,394,158,56,23,29,33,4,5,29,33,4,5,31,60,4,9
2024-10-01,0.3841,0.1757,22.0,42.0,22.0,42.0,21.0,44.0,36.0,23.0,16.0,48.0,22,34,3,5,28,61,4,9,393,159,56,23,28,34,4,5,28,34,4,5,30,61,4,9
2024-10-02,0.0297,0.0,21.0,43.0,21.0,43.0,20.0,45.0,35.0,24.0,15.0,49.0,21,35,3,5,27,62,4,9,392,160,56,23,27,35,4,5,27,35,4,5,29,62,4,9
2024-10-03,0.0882,0.0,20.0,44.0,20.0,44.0,19.0,46.0,34.0,25.0,14.0,50.0,20,36,3,5,26,63,4,9,391,161,56,23,26,36,4,5,26,36,4,5,28,63,4,9
2024-10-04,0.0,0.0,19.0,45.0,19.0,45.0,18.0,47.0,33.0,26.0,13.0,51.0,19,37,3,5,25,64,4,9,390,162,56,23,25,37,4,5,25,37,4,5,27,64,4,9
2024-10-07,0.0,0.0,18.0,46.0,18.0,46.0,17.0,48.0,32.0,27.0,12.0,52.0,16,40,2,6,22,67,3,10,387,165,55,24,22,40,3,6,22,40,3,6,24,67,3,10
2024-10-08,0.4352,0.8447,17.0,47.0,17.0,47.0,16.0,49.0,31.0,28.0,11.0,53.0,15,41,2,6,21,68,3,10,386,166,55,24,21,41,3,6,21,41,3,6,23,68,3,10
2024-10-09,0.0,0.0,16.0,48.0,16.0,48.0,15.0,50.0,30.0,29.0,10.0,54.0,14,42,2,6,20,69,3,10,385,167,55,24,20,42,3,6,20,42,3,6,22,69,3,10
2024-10-10,0.0886,0.0,15.0,49.0,15.0,49.0,14.0,51.0,29.0,30.0,9.0,55.0,13,43,2,6,19,70,3,10,384,168,55,24,19,43,3,6,19,43,3,6,21,70,3,10
2024-10-11,1.9064,0.0724,14.0,50.0,14.0,50.0,13.0,52.0,28.0,31.0,8.0,56.0,12,44,2,6,18,71,3,10,383,169,55,24,18,44,3,6,18,44,3,6,20,71,3,10
2024-10-14,0.0,0.0,13.0,51.0,13.0,51.0,12.0,53.0,27.0,32.0,7.0,57.0,9,47,1,7,15,74,2,11,380,172,54,25,15,47,2,7,15,47,2,7,17,74,2,11
2024-10-15,3.7145,1.2361,12.0,52.0,12.0,52.0,11.0,54.0,26.0,33.0,6.0,58.0,8,48,1,7,14,75,2,11,379,173,54,25,14,48,2,7,14,48,2,7,16,75,2,11
2024-10-16,1.6175,0.2485,11.0,53.0,11.0,53.0,10.0,55.0,25.0,34.0,5.0,59.0,7,49,1,7,13,76,2,11,378,174,54,25,13,49,2,7,13,49,2,7,15,76,2,11
2024-10-17,1.5244,0.7193,10.0,54.0,10.0,54.0,9.0,56.0,24.0,35.0,4.0,60.0,6,50,1,7,12,77,2,11,377,175,54,25,12,50,2,7,12,50,2,7,14,77,2,11
2024-10-18,1.3387,0.0,9.0,55.0,9.0,55.0,8.0,57.0,23.0,36.0,3.0,61.0,5,51,1,7,11,78,2,11,376,176,54,25,11,51,2,7,11,51,2,7,13,78,2,11
2024-10-21,0.1529,0.0,8.0,56.0,8.0,56.0,7.0,58.0,22.0,37.0,2.0,62.0,2,54,0,0,8,81,1,12,373,179,53,26,8,54,1,8,8,54,1,8,10,81,1,12
2024-10-22,3.9591,1.0399,7.0,57.0,7.0,57.0,6.0,59.0,21.0,38.0,1.0,63.0,1,55,0,0,7,82,1,12,372,180,53,26,7,55,1,8,7,55,1,8,9,82,1,12
2024-10-23,6.2687,4.23,6.0,58.0,6.0,58.0,5.0,60.0,20.0,39.0,0.0,0.0,0,0,0,0,6,83,1,12,371,181,53,26,6,56,1,8,6,56,1,8,8,83,1,12
2024-10-24,3.2931,0.84,5.0,59.0,5.0,59.0,4.0,61.0,19.0,40.0,64.0,1.0,5,1,0,0,5,84,1,12,370,182,53,26,5,57,1,8,5,57,1,8,7,84,1,12
2024-10-25,0.5468,0.0,4.0,60.0,4.0,60.0,3.0,62.0,18.0,41.0,63.0,2.0,4,2,0,0,4,85,1,12,369,183,53,26,4,58,1,8,4,58,1,8,6,85,1,12
2024-10-28,0.5514,0.2515,3.0,61.0,3.0,61.0,2.0,63.0,17.0,42.0,62.0,3.0,1,5,0,0,1,88,0,0,366,186,52,27,1,61,0,0,1,61,0,0,3,88,0,0
2024-10-29,12.5903,16.0802,2.0,62.0,2.0,62.0,1.0,64.0,16.0,43.0,61.0,4.0,0,0,0,0,0,0,0,0,365,187,52,27,0,0,0,0,0,0,0,0,2,89,0,0
2024-10-30,15.1369,19.6056,1.0,63.0,1.0,63.0,0.0,0.0,15.0,44.0,60.0,5.0,0,0,0,0,0,0,0,0,364,188,52,27,0,0,0,0,0,0,0,0,1,90,0,0
2024-10-31,15.9675,22.1729,0.0,0.0,0.0,0.0,59.0,1.0,14.0,45.0,59.0,6.0,0,0,0,0,0,0,0,0,363,189,52,27,0,0,0,0,0,0,0,0,0,0,0,0
2024-11-01,2.2376,0.1703,59.0,1.0,64.0,1.0,58.0,2.0,13.0,46.0,58.0,7.0,19,1,0,0,89,1,0,0,362,190,52,27,19,1,0,0,19,1,0,0,89,1,0,0
2024-11-04,1.6726,1.754,58.0,2.0,63.0,2.0,57.0,3.0,12.0,47.0,57.0,8.0,16,4,2,1,86,4,12,1,359,193,51,28,16,4,2,1,16,4,2,1,86,4,12,1
2024-11-05,1.0378,0.4183,57.0,3.0,62.0,3.0,56.0,4.0,11.0,48.0,56.0,9.0,15,5,2,1,85,5,12,1,358,194,51,28,15,5,2,1,15,5,2,1,85,5,12,1
2024-11-06,2.0874,2.4607,56.0,4.0,61.0,4.0,55.0,5.0,10.0,49.0,55.0,10.0,14,6,2,1,84,6,12,1,357,195,51,28,14,6,2,1,14,6,2,1,84,6,12,1
2024-11-07,2.6053,1.0615,55.0,5.0,60.0,5.0,54.0,6.0,9.0,50.0,54.0,11.0,13,7,2,1,83,7,12,1,356,196,51,28,13,7,2,1,13,7,2,1,83,7,12,1
2024-11-08,0.1529,0.0,54.0,6.0,59.0,6.0,53.0,7.0,8.0,51.0,53.0,12.0,12,8,2,1,82,8,12,1,355,197,51,28,12,8,2,1,12,8,2,1,82,8,12,1
2024-11-11,0.0513,0.0,53.0,7.0,58.0,7.0,52.0,8.0,7.0,52.0,52.0,13.0,9,11,1,2,79,11,11,2,352,200,50,29,9,11,1,2,9,11,1,2,79,11,11,2
2024-11-12,0.9036,0.3976,52.0,8.0,57.0,8.0,51.0,9.0,6.0,53.0,51.0,14.0,8,12,1,2,78,12,11,2,351,201,50,29,8,12,1,2,8,12,1,2,78,12,11,2
2024-11-13,0.42,0.8009,51.0,9.0,56.0,9.0,50.0,10.0,5.0,54.0,50.0,15.0,7,13,1,2,77,13,11,2,350,202,50,29,7,13,1,2,7,13,1,2,77,13,11,2
2024-11-14,0.6052,0.5162,50.0,10.0,55.0,10.0,49.0,11.0,4.0,55.0,49.0,16.0,6,14,1,2,76,14,11,2,349,203,50,29,6,14,1,2,6,14,1,2,76,14,11,2
2024-11-15,0.0,0.0,49.0,11.0,54.0,11.0,48.0,12.0,3.0,56.0,48.0,17.0,5,15,1,2,75,15,11,2,348,204,50,29,5,15,1,2,5,15,1,2,75,15,11,2
2024-11-18,0.088,0.0,48.0,12.0,53.0,12.0,47.0,13.0,2.0,57.0,47.0,18.0,2,18,0,0,72,18,10,3,345,207,49,30,2,18,0,0,2,18,0,0,72,18,10,3
2024-11-19,1.7991,2.3708,47.0,13.0,52.0,13.0,46.0,14.0,1.0,58.0,46.0,19.0,1,19,0,0,71,19,10,3,344,208,49,30,1,19,0,0,1,19,0,0,71,19,10,3
2024-11-20,7.1523,12.8764,46.0,14.0,51.0,14.0,45.0,15.0,0.0,0.0,45.0,20.0,0,0,0,0,70,20,10,3,343,209,49,30,0,0,0,0,0,0,0,0,70,20,10,3
2024-11-21,0.7599,1.542,45.0,15.0,50.0,15.0,44.0,16.0,63.0,1.0,44.0,21.0,69,1,0,0,69,21,10,3,342,210,49,30,69,1,0,0,69,1,0,0,69,21,10,3
2024-11-22,0.0,0.0,44.0,16.0,49.0,16.0,43.0,17.0,62.0,2.0,43.0,22.0,68,2,0,0,68,22,10,3,341,211,49,30,68,2,0,0,68,2,0,0,68,22,10,3
2024-11-25,0.0695,0.0,43.0,17.0,48.0,17.0,42.0,18.0,61.0,3.0,42.0,23.0,65,5,9,1,65,25,9,4,338,214,48,31,65,5,9,1,65,5,9,1,65,25,9,4
2024-11-26,0.9197,1.1882,42.0,18.0,47.0,18.0,41.0,19.0,60.0,4.0,41.0,24.0,64,6,9,1,64,26,9,4,337,215,48,31,64,6,9,1,64,6,9,1,64,26,9,4
2024-11-27,0.0,0.0,41.0,19.0,46.0,19.0,40.0,20.0,59.0,5.0,40.0,25.0,63,7,9,1,63,27,9,4,336,216,48,31,63,7,9,1,63,7,9,1,63,27,9,4
2024-11-29,0.0,0.0,40.0,20.0,45.0,20.0,39.0,21.0,58.0,6.0,39.0,26.0,61,9,9,1,61,29,9,4,334,218,48,31,61,9,9,1,61,9,9,1,61,29,9,4
2024-12-02,0.0,0.1097,39.0,21.0,44.0,21.0,38.0,22.0,57.0,7.0,38.0,27.0,58,12,8,2,58,32,8,5,331,221,47,32,58,12,8,2,58,12,8,2,58,32,8,5
2024-12-03,0.5892,0.287,38.0,22.0,43.0,22.0,37.0,23.0,56.0,8.0,37.0,28.0,57,13,8,2,57,33,8,5,330,222,47,32,57,13,8,2,57,13,8,2,57,33,8,5
2024-12-04,0.2149,0.298,37.0,23.0,42.0,23.0,36.0,24.0,55.0,9.0,36.0,29.0,56,14,8,2,56,34,8,5,329,223,47,32,56,14,8,2,56,14,8,2,56,34,8,5
2024-12-05,0.3349,0.0,36.0,24.0,41.0,24.0,35.0,25.0,54.0,10.0,35.0,30.0,55,15,8,2,55,35,8,5,328,224,47,32,55,15,8,2,55,15,8,2,55,35,8,5
2024-12-06,0.0,0.0,35.0,25.0,40.0,25.0,34.0,26.0,53.0,11.0,34.0,31.0,54,16,8,2,54,36,8,5,327,225,47,32,54,16,8,2,54,16,8,2,54,36,8,5
2024-12-09,0.9718,0.0,34.0,26.0,39.0,26.0,33.0,27.0,52.0,12.0,33.0,32.0,51,19,7,3,51,39,7,6,324,228,46,33,51,19,7,3,51,19,7,3,51,39,7,6
2024-12-10,0.0995,0.0,33.0,27.0,38.0,27.0,32.0,28.0,51.0,13.0,32.0,33.0,50,20,7,3,50,40,7,6,323,229,46,33,50,20,7,3,50,20,7,3,50,40,7,6
2024-12-11,0.4531,0.8034,32.0,28.0,37.0,28.0,31.0,29.0,50.0,14.0,31.0,34.0,49,21,7,3,49,41,7,6,322,230,46,33,49,21,7,3,49,21,7,3,49,41,7,6
2024-12-12,2.2882,4.2146,31.0,29.0,36.0,29.0,30.0,30.0,49.0,15.0,30.0,35.0,48,22,7,3,48,42,7,6,321,231,46,33,48,22,7,3,48,22,7,3,48,42,7,6
2024-12-13,0.0,0.0,30.0,30.0,35.0,30.0,29.0,31.0,48.0,16.0,29.0,36.0,47,23,7,3,47,43,7,6,320,232,46,33,47,23,7,3,47,23,7,3,47,43,7,6
2024-12-16,0.0,0.0,29.0,31.0,34.0,31.0,28.0,32.0,47.0,17.0,28.0,37.0,44,26,6,4,44,46,6,7,317,235,45,34,44,26,6,4,44,26,6,4,44,46,6,7
2024-12-17,0.0,0.0,28.0,32.0,33.0,32.0,27.0,33.0,46.0,18.0,27.0,38.0,43,27,6,4,43,47,6,7,316,236,45,34,43,27,6,4,43,27,6,4,43,47,6,7
2024-12-18,0.3828,0.4059,27.0,33.0,32.0,33.0,26.0,34.0,45.0,19.0,26.0,39.0,42,28,6,4,42,48,6,7,315,237,45,34,42,28,6,4,42,28,6,4,42,48,6,7
2024-12-19,1.0527,0.4394,26.0,34.0,31.0,34.0,25.0,35.0,44.0,20.0,25.0,40.0,41,29,6,4,41,49,6,7,314,238,45,34,41,29,6,4,41,29,6,4,41,49,6,7
2024-12-20,0.0614,0.0,25.0,35.0,30.0,35.0,24.0,36.0,43.0,21.0,24.0,41.0,40,30,6,4,40,50,6,7,313,239,45,34,40,30,6,4,40,30,6,4,40,50,6,7
2024-12-23,0.0,0.0,24.0,36.0,29.0,36.0,23.0,37.0,42.0,22.0,23.0,42.0,37,33,5,5,37,53,5,8,310,242,44,35,37,33,5,5,37,33,5,5,37,53,5,8
2024-12-24,0.0,0.0,23.0,37.0,28.0,37.0,22.0,38.0,41.0,23.0,22.0,43.0,36,34,5,5,36,54,5,8,309,243,44,35,36,34,5,5,36,34,5,5,36,54,5,8
2024-12-26,0.0,0.0,22.0,38.0,27.0,38.0,21.0,39.0,40.0,24.0,21.0,44.0,34,36,5,5,34,56,5,8,307,245,44,35,34,36,5,5,34,36,5,5,34,56,5,8
2024-12-27,0.0,0.0,21.0,39.0,26.0,39.0,20.0,40.0,39.0,25.0,20.0,45.0,33,37,5,5,33,57,5,8,306,246,44,35,33,37,5,5,33,37,5,5,33,57,5,8
2024-12-30,0.0,0.0,20.0,40.0,25.0,40.0,19.0,41.0,38.0,26.0,19.0,46.0,30,40,4,6,30,60,4,9,303,249,43,36,30,40,4,6,30,40,4,6,30,60,4,9
2024-12-31,0.0,0.0,19.0,41.0,24.0,41.0,18.0,42.0,37.0,27.0,18.0,47.0,29,41,4,6,29,61,4,9,302,250,43,36,29,41,4,6,29,41,4,6,29,61,4,9
2025-01-02,0.0,0.0,18.0,42.0,23.0,42.0,17.0,43.0,36.0,28.0,17.0,48.0,27,43,4,6,27,63,4,9,300,252,43,36,27,43,4,6,27,43,4,6,27,63,4,9
2025-01-03,0.0,0.0,17.0,43.0,22.0,43.0,16.0,44.0,35.0,29.0,16.0,49.0,26,44,4,6,26,64,4,9,299,253,43,36,26,44,4,6,26,44,4,6,26,64,4,9
2025-01-06,0.0,0.0,16.0,44.0,21.0,44.0,15.0,45.0,34.0,30.0,15.0,50.0,23,47,3,7,23,67,3,10,296,256,42,37,23,47,3,7,23,47,3,7,23,67,3,10
2025-01-07,0.0,0.0,15.0,45.0,20.0,45.0,14.0,46.0,33.0,31.0,14.0,51.0,22,48,3,7,22,68,3,10,295,257,42,37,22,48,3,7,22,48,3,7,22,68,3,10
2025-01-08,0.0,0.0,14.0,46.0,19.0,46.0,13.0,47.0,32.0,32.0,13.0,52.0,21,49,3,7,21,69,3,10,294,258,42,37,21,49,3,7,21,49,3,7,21,69,3,10
2025-01-10,0.1432,0.0,13.0,47.0,18.0,47.0,12.0,48.0,31.0,33.0,12.0,53.0,19,51,3,7,19,71,3,10,292,260,42,37,19,51,3,7,19,51,3,7,19,71,3,10
2025-01-13,0.0,0.0,12.0,48.0,17.0,48.0,11.0,49.0,30.0,34.0,11.0,54.0,16,54,2,8,16,74,2,11,289,263,41,38,16,54,2,8,16,54,2,8,16,74,2,11
2025-01-14,0.0,0.0,11.0,49.0,16.0,49.0,10.0,50.0,29.0,35.0,10.0,55.0,15,55,2,8,15,75,2,11,288,264,41,38,15,55,2,8,15,55,2,8,15,75,2,11
2025-01-15,2.6606,0.0,10.0,50.0,15.0,50.0,9.0,51.0,28.0,36.0,9.0,56.0,14,56,2,8,14,76,2,11,287,265,41,38,14,56,2,8,14,56,2,8,14,76,2,11
2025-01-16,2.2955,0.0,9.0,51.0,14.0,51.0,8.0,52.0,27.0,37.0,8.0,57.0,13,57,2,8,13,77,2,11,286,266,41,38,13,57,2,8,13,57,2,8,13,77,2,11
2025-01-17,0.424,0.0719,8.0,52.0,13.0,52.0,7.0,53.0,26.0,38.0,7.0,58.0,12,58,2,8,12,78,2,11,285,267,41,38,12,58,2,8,12,58,2,8,12,78,2,11
2025-01-21,1.0658,0.1885,7.0,53.0,12.0,53.0,6.0,54.0,25.0,39.0,6.0,59.0,8,62,1,9,8,82,1,12,281,271,40,39,8,62,1,9,8,62,1,9,8,82,1,12
2025-01-22,2.4142,0.0,6.0,54.0,11.0,54.0,5.0,55.0,24.0,40.0,5.0,60.0,7,63,1,9,7,83,1,12,280,272,40,39,7,63,1,9,7,63,1,9,7,83,1,12
2025-01-23,1.7753,1.4889,5.0,55.0,10.0,55.0,4.0,56.0,23.0,41.0,4.0,61.0,6,64,1,9,6,84,1,12,279,273,40,39,6,64,1,9,6,64,1,9,6,84,1,12
2025-01-24,1.0778,0.0,4.0,56.0,9.0,56.0,3.0,57.0,22.0,42.0,3.0,62.0,5,65,1,9,5,85,1,12,278,274,40,39,5,65,1,9,5,65,1,9,5,85,1,12
2025-01-27,0.4035,0.0,3.0,57.0,8.0,57.0,2.0,58.0,21.0,43.0,2.0,63.0,2,68,0,0,2,88,0,0,275,277,39,40,2,68,0,0,2,68,0,0,2,88,0,0
2025-01-28,2.1262,0.5752,2.0,58.0,7.0,58.0,1.0,59.0,20.0,44.0,1.0,64.0,1,69,0,0,1,89,0,0,274,278,39,40,1,69,0,0,1,69,0,0,1,89,0,0
2025-01-29,13.8667,23.1897,1.0,59.0,6.0,59.0,0.0,0.0,19.0,45.0,0.0,0.0,0,0,0,0,0,0,0,0,273,279,39,40,0,0,0,0,0,0,0,0,0,0,0,0
2025-01-30,12.726,13.7125,0.0,0.0,5.0,60.0,62.0,1.0,18.0,46.0,56.0,1.0,0,0,0,0,0,0,0,0,272,280,39,40,0,0,0,0,0,0,0,0,91,1,0,0
2025-01-31,2.9496,0.2982,62.0,1.0,4.0,61.0,61.0,2.0,17.0,47.0,55.0,2.0,4,1,0,0,4,1,0,0,271,281,39,40,4,1,0,0,4,1,0,0,90,2,0,0
2025-02-03,0.6645,0.925,61.0,2.0,3.0,62.0,60.0,3.0,16.0,48.0,54.0,3.0,1,4,0,0,1,4,0,0,268,284,38,41,1,4,0,0,1,4,0,0,87,5,12,1
2025-02-04,13.068,19.1201,60.0,3.0,2.0,63.0,59.0,4.0,15.0,49.0,53.0,4.0,0,0,0,0,0,0,0,0,267,285,38,41,0,0,0,0,0,0,0,0,86,6,12,1
2025-02-05,3.2027,1.7645,59.0,4.0,1.0,64.0,58.0,5.0,14.0,50.0,52.0,5.0,1,1,0,0,78,1,0,0,266,286,38,41,1,1,0,0,1,1,0,0,85,7,12,1
2025-02-06,8.8351,10.265,58.0,5.0,0.0,0.0,57.0,6.0,13.0,51.0,51.0,6.0,0,0,0,0,77,2,0,0,265,287,38,41,0,0,0,0,0,0,0,0,84,8,12,1
2025-02-07,0.1008,0.0,57.0,6.0,57.0,1.0,56.0,7.0,12.0,52.0,50.0,7.0,19,1,0,0,76,3,0,0,264,288,38,41,19,1,0,0,19,1,0,0,83,9,12,1
2025-02-10,0.8052,0.4018,56.0,7.0,56.0,2.0,55.0,8.0,11.0,53.0,49.0,8.0,16,4,2,1,73,6,10,1,261,291,37,42,16,4,2,1,16,4,2,1,80,12,11,2
2025-02-11,2.0887,1.4426,55.0,8.0,55.0,3.0,54.0,9.0,10.0,54.0,48.0,9.0,15,5,2,1,72,7,10,1,260,292,37,42,15,5,2,1,15,5,2,1,79,13,11,2
2025-02-12,2.1638,1.4937,54.0,9.0,54.0,4.0,53.0,10.0,9.0,55.0,47.0,10.0,14,6,2,1,71,8,10,1,259,293,37,42,14,6,2,1,14,6,2,1,78,14,11,2
2025-02-13,2.8532,1.8948,53.0,10.0,53.0,5.0,52.0,11.0,8.0,56.0,46.0,11.0,13,7,2,1,70,9,10,1,258,294,37,42,13,7,2,1,13,7,2,1,77,15,11,2
2025-02-14,0.0214,0.0,52.0,11.0,52.0,6.0,51.0,12.0,7.0,57.0,45.0,12.0,12,8,2,1,69,10,10,1,257,295,37,42,12,8,2,1,12,8,2,1,76,16,11,2
2025-02-18,1.225,0.6805,51.0,12.0,51.0,7.0,50.0,13.0,6.0,58.0,44.0,13.0,8,12,1,2,65,14,9,2,253,299,36,43,8,12,1,2,8,12,1,2,72,20,10,3
2025-02-19,0.5769,0.3533,50.0,13.0,50.0,8.0,49.0,14.0,5.0,59.0,43.0,14.0,7,13,1,2,64,15,9,2,252,300,36,43,7,13,1,2,7,13,1,2,71,21,10,3
2025-02-20,2.4238,3.2976,49.0,14.0,49.0,9.0,48.0,15.0,4.0,60.0,42.0,15.0,6,14,1,2,63,16,9,2,251,301,36,43,6,14,1,2,6,14,1,2,70,22,10,3
2025-02-21,0.0891,0.0,48.0,15.0,48.0,10.0,47.0,16.0,3.0,61.0,41.0,16.0,5,15,1,2,62,17,9,2,250,302,36,43,5,15,1,2,5,15,1,2,69,23,10,3
2025-02-24,0.4433,0.1516,47.0,16.0,47.0,11.0,46.0,17.0,2.0,62.0,40.0,17.0,2,18,0,0,59,20,8,3,247,305,35,44,2,18,0,0,2,18,0,0,66,26,9,4
2025-02-25,1.8463,1.0534,46.0,17.0,46.0,12.0,45.0,18.0,1.0,63.0,39.0,18.0,1,19,0,0,58,21,8,3,246,306,35,44,1,19,0,0,1,19,0,0,65,27,9,4
2025-02-26,7.3836,11.1087,45.0,18.0,45.0,13.0,44.0,19.0,0.0,0.0,38.0,19.0,0,0,0,0,57,22,8,3,245,307,35,44,0,0,0,0,0,0,0,0,64,28,9,4
2025-02-27,0.8743,0.469,44.0,19.0,44.0,14.0,43.0,20.0,62.0,1.0,37.0,20.0,55,1,0,0,56,23,8,3,244,308,35,44,56,1,0,0,56,1,0,0,63,29,9,4
2025-02-28,0.0943,0.0,43.0,20.0,43.0,15.0,42.0,21.0,61.0,2.0,36.0,21.0,54,2,0,0,55,24,8,3,243,309,35,44,55,2,0,0,55,2,0,0,62,30,9,4
2025-03-03,0.0,0.0,42.0,21.0,42.0,16.0,41.0,22.0,60.0,3.0,35.0,22.0,51,5,7,1,52,27,7,4,240,312,34,45,52,5,7,1,52,5,7,1,59,33,8,5
2025-03-04,0.4983,0.495,41.0,22.0,41.0,17.0,40.0,23.0,59.0,4.0,34.0,23.0,50,6,7,1,51,28,7,4,239,313,34,45,51,6,7,1,51,6,7,1,58,34,8,5
2025-03-05,0.0508,0.3992,40.0,23.0,40.0,18.0,39.0,24.0,58.0,5.0,33.0,24.0,49,7,7,1,50,29,7,4,238,314,34,45,50,7,7,1,50,7,7,1,57,35,8,5
2025-03-06,2.6725,4.7906,39.0,24.0,39.0,19.0,38.0,25.0,57.0,6.0,32.0,25.0,48,8,7,1,49,30,7,4,237,315,34,45,49,8,7,1,49,8,7,1,56,36,8,5
2025-03-07,0.0,0.0,38.0,25.0,38.0,20.0,37.0,26.0,56.0,7.0,31.0,26.0,47,9,7,1,48,31,7,4,236,316,34,45,48,9,7,1,48,9,7,1,55,37,8,5
2025-03-10,0.8081,0.0,37.0,26.0,37.0,21.0,36.0,27.0,55.0,8.0,30.0,27.0,44,12,6,2,45,34,6,5,233,319,33,46,45,12,6,2,45,12,6,2,52,40,7,6
2025-03-11,0.0452,0.0,36.0,27.0,36.0,22.0,35.0,28.0,54.0,9.0,29.0,28.0,43,13,6,2,44,35,6,5,232,320,33,46,44,13,6,2,44,13,6,2,51,41,7,6
2025-03-12,0.3581,0.6874,35.0,28.0,35.0,23.0,34.0,29.0,53.0,10.0,28.0,29.0,42,14,6,2,43,36,6,5,231,321,33,46,43,14,6,2,43,14,6,2,50,42,7,6
2025-03-13,0.139,0.0,34.0,29.0,34.0,24.0,33.0,30.0,52.0,11.0,27.0,30.0,41,15,6,2,42,37,6,5,230,322,33,46,42,15,6,2,42,15,6,2,49,43,7,6
2025-03-14,0.0,0.0,33.0,30.0,33.0,25.0,32.0,31.0,51.0,12.0,26.0,31.0,40,16,6,2,41,38,6,5,229,323,33,46,41,16,6,2,41,16,6,2,48,44,7,6
2025-03-17,0.0,0.0,32.0,31.0,32.0,26.0,31.0,32.0,50.0,13.0,25.0,32.0,37,19,5,3,38,41,5,6,226,326,32,47,38,19,5,3,38,19,5,3,45,47,6,7
2025-03-18,0.0,0.0,31.0,32.0,31.0,27.0,30.0,33.0,49.0,14.0,24.0,33.0,36,20,5,3,37,42,5,6,225,327,32,47,37,20,5,3,37,20,5,3,44,48,6,7
2025-03-19,0.1066,0.0,30.0,33.0,30.0,28.0,29.0,34.0,48.0,15.0,23.0,34.0,35,21,5,3,36,43,5,6,224,328,32,47,36,21,5,3,36,21,5,3,43,49,6,7
2025-03-20,1.0168,1.079,29.0,34.0,29.0,29.0,28.0,35.0,47.0,16.0,22.0,35.0,34,22,5,3,35,44,5,6,223,329,32,47,35,22,5,3,35,22,5,3,42,50,6,7
2025-03-21,0.1139,0.0,28.0,35.0,28.0,30.0,27.0,36.0,46.0,17.0,21.0,36.0,33,23,5,3,34,45,5,6,222,330,32,47,34,23,5,3,34,23,5,3,41,51,6,7
2025-03-24,0.0,0.0,27.0,36.0,27.0,31.0,26.0,37.0,45.0,18.0,20.0,37.0,30,26,4,4,31,48,4,7,219,333,31,48,31,26,4,4,31,26,4,4,38,54,5,8
2025-03-25,0.0399,0.0,26.0,37.0,26.0,32.0,25.0,38.0,44.0,19.0,19.0,38.0,29,27,4,4,30,49,4,7,218,334,31,48,30,27,4,4,30,27,4,4,37,55,5,8
2025-03-26,0.2673,0.4605,25.0,38.0,25.0,33.0,24.0,39.0,43.0,20.0,18.0,39.0,28,28,4,4,29,50,4,7,217,335,31,48,29,28,4,4,29,28,4,4,36,56,5,8
2025-03-27,0.0771,0.0,24.0,39.0,24.0,34.0,23.0,40.0,42.0,21.0,17.0,40.0,27,29,4,4,28,51,4,7,216,336,31,48,28,29,4,4,28,29,4,4,35,57,5,8
2025-03-28,0.0,0.0,23.0,40.0,23.0,35.0,22.0,41.0,41.0,22.0,16.0,41.0,26,30,4,4,27,52,4,7,215,337,31,48,27,30,4,4,27,30,4,4,34,58,5,8
2025-03-31,0.0,0.0,22.0,41.0,22.0,36.0,21.0,42.0,40.0,23.0,15.0,42.0,23,33,3,5,24,55,3,8,212,340,30,49,24,33,3,5,24,33,3,5,31,61,4,9
2025-04-01,0.0,0.0,21.0,42.0,21.0,37.0,20.0,43.0,39.0,24.0,14.0,43.0,22,34,3,5,23,56,3,8,211,341,30,49,23,34,3,5,23,34,3,5,30,62,4,9
2025-04-02,0.0,0.0,20.0,43.0,20.0,38.0,19.0,44.0,38.0,25.0,13.0,44.0,21,35,3,5,22,57,3,8,210,342,30,49,22,35,3,5,22,35,3,5,29,63,4,9
2025-04-03,0.024,0.0,19.0,44.0,19.0,39.0,18.0,45.0,37.0,26.0,12.0,45.0,20,36,3,5,21,58,3,8,209,343,30,49,21,36,3,5,21,36,3,5,28,64,4,9
2025-04-04,0.0,0.0,18.0,45.0,18.0,40.0,17.0,46.0,36.0,27.0,11.0,46.0,19,37,3,5,20,59,3,8,208,344,30,49,20,37,3,5,20,37,3,5,27,65,4,9
2025-04-07,0.0,0.0,17.0,46.0,17.0,41.0,16.0,47.0,35.0,28.0,10.0,47.0,16,40,2,6,17,62,2,9,205,347,29,50,17,40,2,6,17,40,2,6,24,68,3,10
2025-04-08,0.0,0.0,16.0,47.0,16.0,42.0,15.0,48.0,34.0,29.0,9.0,48.0,15,41,2,6,16,63,2,9,204,348,29,50,16,41,2,6,16,41,2,6,23,69,3,10
2025-04-09,0.1172,0.0,15.0,48.0,15.0,43.0,14.0,49.0,33.0,30.0,8.0,49.0,14,42,2,6,15,64,2,9,203,349,29,50,15,42,2,6,15,42,2,6,22,70,3,10
2025-04-10,0.0,0.0,14.0,49.0,14.0,44.0,13.0,50.0,32.0,31.0,7.0,50.0,13,43,2,6,14,65,2,9,202,350,29,50,14,43,2,6,14,43,2,6,21,71,3,10
2025-04-11,2.5158,0.0835,13.0,50.0,13.0,45.0,12.0,51.0,31.0,32.0,6.0,51.0,12,44,2,6,13,66,2,9,201,351,29,50,13,44,2,6,13,44,2,6,20,72,3,10
2025-04-14,0.3611,0.0,12.0,51.0,12.0,46.0,11.0,52.0,30.0,33.0,5.0,52.0,9,47,1,7,10,69,1,10,198,354,28,51,10,47,1,7,10,47,1,7,17,75,2,11
2025-04-15,1.7917,0.0,11.0,52.0,11.0,47.0,10.0,53.0,29.0,34.0,4.0,53.0,8,48,1,7,9,70,1,10,197,355,28,51,9,48,1,7,9,48,1,7,16,76,2,11
2025-04-16,1.4351,1.2475,10.0,53.0,10.0,48.0,9.0,54.0,28.0,35.0,3.0,54.0,7,49,1,7,8,71,1,10,196,356,28,51,8,49,1,7,8,49,1,7,15,77,2,11
2025-04-17,2.7878,0.1653,9.0,54.0,9.0,49.0,8.0,55.0,27.0,36.0,2.0,55.0,6,50,1,7,7,72,1,10,195,357,28,51,7,50,1,7,7,50,1,7,14,78,2,11
2025-04-21,0.0533,0.0,8.0,55.0,8.0,50.0,7.0,56.0,26.0,37.0,1.0,56.0,2,54,0,0,3,76,0,0,191,361,27,52,3,54,0,0,3,54,0,0,10,82,1,12
2025-04-22,4.9931,3.7219,7.0,56.0,7.0,51.0,6.0,57.0,25.0,38.0,0.0,0.0,1,55,0,0,2,77,0,0,190,362,27,52,2,55,0,0,2,55,0,0,9,83,1,12
2025-04-23,5.3604,1.1678,6.0,57.0,6.0,52.0,5.0,58.0,24.0,39.0,62.0,1.0,0,0,0,0,1,78,0,0,189,363,27,52,1,56,0,0,1,56,0,0,8,84,1,12
2025-04-24,12.9571,18.6329,5.0,58.0,5.0,53.0,4.0,59.0,23.0,40.0,61.0,2.0,0,0,0,0,0,0,0,0,188,364,27,52,0,0,0,0,0,0,0,0,7,85,1,12
2025-04-25,1.4763,0.1824,4.0,59.0,4.0,54.0,3.0,60.0,22.0,41.0,60.0,3.0,4,1,0,0,5,1,0,0,187,365,27,52,5,1,0,0,5,1,0,0,6,86,1,12
2025-04-28,0.829,0.7134,3.0,60.0,3.0,55.0,2.0,61.0,21.0,42.0,59.0,4.0,1,4,0,0,2,4,0,0,184,368,26,53,2,4,0,0,2,4,0,0,3,89,0,0
2025-04-29,6.0012,2.1694,2.0,61.0,2.0,56.0,1.0,62.0,20.0,43.0,58.0,5.0,0,0,0,0,1,5,0,0,183,369,26,53,1,5,0,0,1,5,0,0,2,90,0,0
2025-04-30,12.0193,18.0002,1.0,62.0,1.0,57.0,0.0,0.0,19.0,44.0,57.0,6.0,0,0,0,0,0,0,0,0,182,370,26,53,0,0,0,0,0,0,0,0,1,91,0,0
2025-05-01,17.8505,22.6496,0.0,0.0,0.0,0.0,61.0,1.0,18.0,45.0,56.0,7.0,0,0,0,0,0,0,0,0,181,371,26,53,0,0,0,0,0,0,0,0,0,0,0,0
2025-05-02,2.0661,0.0,61.0,1.0,61.0,1.0,60.0,2.0,17.0,46.0,55.0,8.0,26,1,0,0,82,1,0,0,180,372,26,53,26,1,0,0,26,1,0,0,180,1,0,0
2025-05-05,1.6454,1.6737,60.0,2.0,60.0,2.0,59.0,3.0,16.0,47.0,54.0,9.0,23,4,3,1,79,4,11,1,177,375,25,54,23,4,3,1,23,4,3,1,177,4,25,1
2025-05-06,2.5559,1.9479,59.0,3.0,59.0,3.0,58.0,4.0,15.0,48.0,53.0,10.0,22,5,3,1,78,5,11,1,176,376,25,54,22,5,3,1,22,5,3,1,176,5,25,1
2025-05-07,2.2326,1.9087,58.0,4.0,58.0,4.0,57.0,5.0,14.0,49.0,52.0,11.0,21,6,3,1,77,6,11,1,175,377,25,54,21,6,3,1,21,6,3,1,175,6,25,1
2025-05-08,1.3314,0.8941,57.0,5.0,57.0,5.0,56.0,6.0,13.0,50.0,51.0,12.0,20,7,3,1,76,7,11,1,174,378,25,54,20,7,3,1,20,7,3,1,174,7,25,1
2025-05-09,0.0695,0.0,56.0,6.0,56.0,6.0,55.0,7.0,12.0,51.0,50.0,13.0,19,8,3,1,75,8,11,1,173,379,25,54,19,8,3,1,19,8,3,1,173,8,25,1
2025-05-12,0.2696,0.0,55.0,7.0,55.0,7.0,54.0,8.0,11.0,52.0,49.0,14.0,16,11,2,2,72,11,10,2,170,382,24,55,16,11,2,2,16,11,2,2,170,11,24,2
2025-05-13,0.0,0.0,54.0,8.0,54.0,8.0,53.0,9.0,10.0,53.0,48.0,15.0,15,12,2,2,71,12,10,2,169,383,24,55,15,12,2,2,15,12,2,2,169,12,24,2
2025-05-14,0.4932,0.8519,53.0,9.0,53.0,9.0,52.0,10.0,9.0,54.0,47.0,16.0,14,13,2,2,70,13,10,2,168,384,24,55,14,13,2,2,14,13,2,2,168,13,24,2
2025-05-15,1.9972,3.2757,52.0,10.0,52.0,10.0,51.0,11.0,8.0,55.0,46.0,17.0,13,14,2,2,69,14,10,2,167,385,24,55,13,14,2,2,13,14,2,2,167,14,24,2
2025-05-16,0.0,0.0,51.0,11.0,51.0,11.0,50.0,12.0,7.0,56.0,45.0,18.0,12,15,2,2,68,15,10,2,166,386,24,55,12,15,2,2,12,15,2,2,166,15,24,2
2025-05-19,0.0,0.0,50.0,12.0,50.0,12.0,49.0,13.0,6.0,57.0,44.0,19.0,9,18,1,3,65,18,9,3,163,389,23,56,9,18,1,3,9,18,1,3,163,18,23,3
2025-05-20,0.9683,0.4409,49.0,13.0,49.0,13.0,48.0,14.0,5.0,58.0,43.0,20.0,8,19,1,3,64,19,9,3,162,390,23,56,8,19,1,3,8,19,1,3,162,19,23,3
2025-05-21,0.7953,0.0,48.0,14.0,48.0,14.0,47.0,15.0,4.0,59.0,42.0,21.0,7,20,1,3,63,20,9,3,161,391,23,56,7,20,1,3,7,20,1,3,161,20,23,3
2025-05-22,1.1025,1.8787,47.0,15.0,47.0,15.0,46.0,16.0,3.0,60.0,41.0,22.0,6,21,1,3,62,21,9,3,160,392,23,56,6,21,1,3,6,21,1,3,160,21,23,3
2025-05-23,0.0,0.0,46.0,16.0,46.0,16.0,45.0,17.0,2.0,61.0,40.0,23.0,5,22,1,3,61,22,9,3,159,393,23,56,5,22,1,3,5,22,1,3,159,22,23,3
2025-05-27,0.1189,0.5936,45.0,17.0,45.0,17.0,44.0,18.0,1.0,62.0,39.0,24.0,1,26,0,0,57,26,8,4,155,397,22,57,1,26,0,0,1,26,0,0,155,26,22,4
2025-05-28,6.7876,11.5902,44.0,18.0,44.0,18.0,43.0,19.0,0.0,0.0,38.0,25.0,0,0,0,0,56,27,8,4,154,398,22,57,0,0,0,0,0,0,0,0,154,27,22,4
2025-05-29,1.1246,1.8673,43.0,19.0,43.0,19.0,42.0,20.0,62.0,1.0,37.0,26.0,55,1,0,0,55,28,8,4,153,399,22,57,55,1,0,0,55,1,0,0,153,28,22,4
2025-05-30,0.0,0.0,42.0,20.0,42.0,20.0,41.0,21.0,61.0,2.0,36.0,27.0,54,2,0,0,54,29,8,4,152,400,22,57,54,2,0,0,54,2,0,0,152,29,22,4
2025-06-02,0.0185,0.0,41.0,21.0,41.0,21.0,40.0,22.0,60.0,3.0,35.0,28.0,51,5,7,1,51,32,7,5,149,403,21,58,51,5,7,1,51,5,7,1,149,32,21,5
2025-06-03,0.2974,0.4056,40.0,22.0,40.0,22.0,39.0,23.0,59.0,4.0,34.0,29.0,50,6,7,1,50,33,7,5,148,404,21,58,50,6,7,1,50,6,7,1,148,33,21,5
2025-06-04,0.0368,0.0,39.0,23.0,39.0,23.0,38.0,24.0,58.0,5.0,33.0,30.0,49,7,7,1,49,34,7,5,147,405,21,58,49,7,7,1,49,7,7,1,147,34,21,5
2025-06-05,2.339,4.1405,38.0,24.0,38.0,24.0,37.0,25.0,57.0,6.0,32.0,31.0,48,8,7,1,48,35,7,5,146,406,21,58,48,8,7,1,48,8,7,1,146,35,21,5
2025-06-06,0.0,0.0,37.0,25.0,37.0,25.0,36.0,26.0,56.0,7.0,31.0,32.0,47,9,7,1,47,36,7,5,145,407,21,58,47,9,7,1,47,9,7,1,145,36,21,5
2025-06-09,0.029,0.0,36.0,26.0,36.0,26.0,35.0,27.0,55.0,8.0,30.0,33.0,44,12,6,2,44,39,6,6,142,410,20,59,44,12,6,2,44,12,6,2,142,39,20,6
2025-06-10,0.0213,0.0,35.0,27.0,35.0,27.0,34.0,28.0,54.0,9.0,29.0,34.0,43,13,6,2,43,40,6,6,141,411,20,59,43,13,6,2,43,13,6,2,141,40,20,6
2025-06-11,0.8841,0.0,34.0,28.0,34.0,28.0,33.0,29.0,53.0,10.0,28.0,35.0,42,14,6,2,42,41,6,6,140,412,20,59,42,14,6,2,42,14,6,2,140,41,20,6
2025-06-12,0.3139,0.5853,33.0,29.0,33.0,29.0,32.0,30.0,52.0,11.0,27.0,36.0,41,15,6,2,41,42,6,6,139,413,20,59,41,15,6,2,41,15,6,2,139,42,20,6
2025-06-13,0.0,0.0,32.0,30.0,32.0,30.0,31.0,31.0,51.0,12.0,26.0,37.0,40,16,6,2,40,43,6,6,138,414,20,59,40,16,6,2,40,16,6,2,138,43,20,6
2025-06-16,0.0,0.0,31.0,31.0,31.0,31.0,30.0,32.0,50.0,13.0,25.0,38.0,37,19,5,3,37,46,5,7,135,417,19,60,37,19,5,3,37,19,5,3,135,46,19,7
2025-06-17,0.0859,0.0,30.0,32.0,30.0,32.0,29.0,33.0,49.0,14.0,24.0,39.0,36,20,5,3,36,47,5,7,134,418,19,60,36,20,5,3,36,20,5,3,134,47,19,7
2025-06-18,0.0,0.0,29.0,33.0,29.0,33.0,28.0,34.0,48.0,15.0,23.0,40.0,35,21,5,3,35,48,5,7,133,419,19,60,35,21,5,3,35,21,5,3,133,48,19,7
2025-06-20,0.4746,0.0,28.0,34.0,28.0,34.0,27.0,35.0,47.0,16.0,22.0,41.0,33,23,5,3,33,50,5,7,131,421,19,60,33,23,5,3,33,23,5,3,131,50,19,7
2025-06-23,0.0288,0.0,27.0,35.0,27.0,35.0,26.0,36.0,46.0,17.0,21.0,42.0,30,26,4,4,30,53,4,8,128,424,18,61,30,26,4,4,30,26,4,4,128,53,18,8
2025-06-24,0.1551,0.0,26.0,36.0,26.0,36.0,25.0,37.0,45.0,18.0,20.0,43.0,29,27,4,4,29,54,4,8,127,425,18,61,29,27,4,4,29,27,4,4,127,54,18,8
2025-06-25,0.401,0.6507,25.0,37.0,25.0,37.0,24.0,38.0,44.0,19.0,19.0,44.0,28,28,4,4,28,55,4,8,126,426,18,61,28,28,4,4,28,28,4,4,126,55,18,8
2025-06-26,0.1934,0.0,24.0,38.0,24.0,38.0,23.0,39.0,43.0,20.0,18.0,45.0,27,29,4,4,27,56,4,8,125,427,18,61,27,29,4,4,27,29,4,4,125,56,18,8
2025-06-27,0.0,0.0,23.0,39.0,23.0,39.0,22.0,40.0,42.0,21.0,17.0,46.0,26,30,4,4,26,57,4,8,124,428,18,61,26,30,4,4,26,30,4,4,124,57,18,8
2025-06-30,0.0,0.0,22.0,40.0,22.0,40.0,21.0,41.0,41.0,22.0,16.0,47.0,23,33,3,5,23,60,3,9,121,431,17,62,23,33,3,5,23,33,3,5,121,60,17,9
2025-07-01,0.0502,0.0,21.0,41.0,21.0,41.0,20.0,42.0,40.0,23.0,15.0,48.0,22,34,3,5,22,61,3,9,120,432,17,62,22,34,3,5,22,34,3,5,120,61,17,9
2025-07-02,0.0,0.0,20.0,42.0,20.0,42.0,19.0,43.0,39.0,24.0,14.0,49.0,21,35,3,5,21,62,3,9,119,433,17,62,21,35,3,5,21,35,3,5,119,62,17,9
2025-07-03,0.0,0.0,19.0,43.0,19.0,43.0,18.0,44.0,38.0,25.0,13.0,50.0,20,36,3,5,20,63,3,9,118,434,17,62,20,36,3,5,20,36,3,5,118,63,17,9
2025-07-07,0.0,0.0,18.0,44.0,18.0,44.0,17.0,45.0,37.0,26.0,12.0,51.0,16,40,2,6,16,67,2,10,114,438,16,63,16,40,2,6,16,40,2,6,114,67,16,10
2025-07-08,0.0,0.0,17.0,45.0,17.0,45.0,16.0,46.0,36.0,27.0,11.0,52.0,15,41,2,6,15,68,2,10,113,439,16,63,15,41,2,6,15,41,2,6,113,68,16,10
2025-07-09,0.0,0.0,16.0,46.0,16.0,46.0,15.0,47.0,35.0,28.0,10.0,53.0,14,42,2,6,14,69,2,10,112,440,16,63,14,42,2,6,14,42,2,6,112,69,16,10
2025-07-10,0.0734,0.0,15.0,47.0,15.0,47.0,14.0,48.0,34.0,29.0,9.0,54.0,13,43,2,6,13,70,2,10,111,441,16,63,13,43,2,6,13,43,2,6,111,70,16,10
2025-07-11,0.0,0.0,14.0,48.0,14.0,48.0,13.0,49.0,33.0,30.0,8.0,55.0,12,44,2,6,12,71,2,10,110,442,16,63,12,44,2,6,12,44,2,6,110,71,16,10
2025-07-14,0.0847,0.157,13.0,49.0,13.0,49.0,12.0,50.0,32.0,31.0,7.0,56.0,9,47,1,7,9,74,1,11,107,445,15,64,9,47,1,7,9,47,1,7,107,74,15,11
2025-07-15,2.6346,0.0,12.0,50.0,12.0,50.0,11.0,51.0,31.0,32.0,6.0,57.0,8,48,1,7,8,75,1,11,106,446,15,64,8,48,1,7,8,48,1,7,106,75,15,11
2025-07-16,2.7557,1.0172,11.0,51.0,11.0,51.0,10.0,52.0,30.0,33.0,5.0,58.0,7,49,1,7,7,76,1,11,105,447,15,64,7,49,1,7,7,49,1,7,105,76,15,11
2025-07-17,2.2492,1.0222,10.0,52.0,10.0,52.0,9.0,53.0,29.0,34.0,4.0,59.0,6,50,1,7,6,77,1,11,104,448,15,64,6,50,1,7,6,50,1,7,104,77,15,11
2025-07-18,1.0693,0.0,9.0,53.0,9.0,53.0,8.0,54.0,28.0,35.0,3.0,60.0,5,51,1,7,5,78,1,11,103,449,15,64,5,51,1,7,5,51,1,7,103,78,15,11
2025-07-21,0.6169,0.3607,8.0,54.0,8.0,54.0,7.0,55.0,27.0,36.0,2.0,61.0,2,54,0,0,2,81,0,0,100,452,14,65,2,54,0,0,2,54,0,0,100,81,14,12
2025-07-22,3.8825,1.4394,7.0,55.0,7.0,55.0,6.0,56.0,26.0,37.0,1.0,62.0,1,55,0,0,1,82,0,0,99,453,14,65,1,55,0,0,1,55,0,0,99,82,14,12
2025-07-23,14.2545,19.2259,6.0,56.0,6.0,56.0,5.0,57.0,25.0,38.0,0.0,0.0,0,0,0,0,0,0,0,0,98,454,14,65,0,0,0,0,0,0,0,0,98,83,14,12
2025-07-24,2.2831,0.9133,5.0,57.0,5.0,57.0,4.0,58.0,24.0,39.0,63.0,1.0,5,1,0,0,6,1,0,0,97,455,14,65,6,1,0,0,6,1,0,0,97,84,14,12
2025-07-25,0.4653,0.1641,4.0,58.0,4.0,58.0,3.0,59.0,23.0,40.0,62.0,2.0,4,2,0,0,5,2,0,0,96,456,14,65,5,2,0,0,5,2,0,0,96,85,14,12
2025-07-28,0.7479,0.2812,3.0,59.0,3.0,59.0,2.0,60.0,22.0,41.0,61.0,3.0,1,5,0,0,2,5,0,0,93,459,13,66,2,5,0,0,2,5,0,0,93,88,13,13
2025-07-29,5.1385,1.0763,2.0,60.0,2.0,60.0,1.0,61.0,21.0,42.0,60.0,4.0,0,0,0,0,1,6,0,0,92,460,13,66,1,6,0,0,1,6,0,0,92,89,13,13
2025-07-30,13.1182,19.8866,1.0,61.0,1.0,61.0,0.0,0.0,20.0,43.0,59.0,5.0,0,0,0,0,0,0,0,0,91,461,13,66,0,0,0,0,0,0,0,0,91,90,13,13
2025-07-31,14.5649,18.7006,0.0,0.0,0.0,0.0,63.0,1.0,19.0,44.0,58.0,6.0,0,0,0,0,0,0,0,0,90,462,13,66,0,0,0,0,0,0,0,0,90,91,13,13
2025-08-01,2.4693,0.8454,63.0,1.0,63.0,1.0,62.0,2.0,18.0,45.0,57.0,7.0,26,1,0,0,89,1,0,0,89,463,13,66,26,1,0,0,26,1,0,0,89,92,13,13
2025-08-04,1.5742,2.3426,62.0,2.0,62.0,2.0,61.0,3.0,17.0,46.0,56.0,8.0,23,4,3,1,86,4,12,1,86,466,12,67,23,4,3,1,23,4,3,1,86,95,12,14
2025-08-05,3.6786,1.5984,61.0,3.0,61.0,3.0,60.0,4.0,16.0,47.0,55.0,9.0,22,5,3,1,85,5,12,1,85,467,12,67,22,5,3,1,22,5,3,1,85,96,12,14
2025-08-06,3.1735,1.9688,60.0,4.0,60.0,4.0,59.0,5.0,15.0,48.0,54.0,10.0,21,6,3,1,84,6,12,1,84,468,12,67,21,6,3,1,21,6,3,1,84,97,12,14
2025-08-07,3.4418,1.609,59.0,5.0,59.0,5.0,58.0,6.0,14.0,49.0,53.0,11.0,20,7,3,1,83,7,12,1,83,469,12,67,20,7,3,1,20,7,3,1,83,98,12,14
2025-08-08,0.1507,0.0,58.0,6.0,58.0,6.0,57.0,7.0,13.0,50.0,52.0,12.0,19,8,3,1,82,8,12,1,82,470,12,67,19,8,3,1,19,8,3,1,82,99,12,14
2025-08-11,0.0,0.0,57.0,7.0,57.0,7.0,56.0,8.0,12.0,51.0,51.0,13.0,16,11,2,2,79,11,11,2,79,473,11,68,16,11,2,2,16,11,2,2,79,102,11,15
2025-08-12,0.0761,0.0,56.0,8.0,56.0,8.0,55.0,9.0,11.0,52.0,50.0,14.0,15,12,2,2,78,12,11,2,78,474,11,68,15,12,2,2,15,12,2,2,78,103,11,15
2025-08-13,0.4969,0.8396,55.0,9.0,55.0,9.0,54.0,10.0,10.0,53.0,49.0,15.0,14,13,2,2,77,13,11,2,77,475,11,68,14,13,2,2,14,13,2,2,77,104,11,15
2025-08-14,0.7187,0.4538,54.0,10.0,54.0,10.0,53.0,11.0,9.0,54.0,48.0,16.0,13,14,2,2,76,14,11,2,76,476,11,68,13,14,2,2,13,14,2,2,76,105,11,15
2025-08-15,0.0,0.0,53.0,11.0,53.0,11.0,52.0,12.0,8.0,55.0,47.0,17.0,12,15,2,2,75,15,11,2,75,477,11,68,12,15,2,2,12,15,2,2,75,106,11,15
2025-08-18,0.1955,0.353,52.0,12.0,52.0,12.0,51.0,13.0,7.0,56.0,46.0,18.0,9,18,1,3,72,18,10,3,72,480,10,69,9,18,1,3,9,18,1,3,72,109,10,16
2025-08-19,0.9131,0.0,51.0,13.0,51.0,13.0,50.0,14.0,6.0,57.0,45.0,19.0,8,19,1,3,71,19,10,3,71,481,10,69,8,19,1,3,8,19,1,3,71,110,10,16
2025-08-20,0.8334,0.3466,50.0,14.0,50.0,14.0,49.0,15.0,5.0,58.0,44.0,20.0,7,20,1,3,70,20,10,3,70,482,10,69,7,20,1,3,7,20,1,3,70,111,10,16
2025-08-21,1.8734,3.4269,49.0,15.0,49.0,15.0,48.0,16.0,4.0,59.0,43.0,21.0,6,21,1,3,69,21,10,3,69,483,10,69,6,21,1,3,6,21,1,3,69,112,10,16
2025-08-22,0.0,0.0,48.0,16.0,48.0,16.0,47.0,17.0,3.0,60.0,42.0,22.0,5,22,1,3,68,22,10,3,68,484,10,69,5,22,1,3,5,22,1,3,68,113,10,16
2025-08-25,0.0,0.544,47.0,17.0,47.0,17.0,46.0,18.0,2.0,61.0,41.0,23.0,2,25,0,0,65,25,9,4,65,487,9,70,2,25,0,0,2,25,0,0,65,116,9,17
2025-08-26,0.0,0.0,46.0,18.0,46.0,18.0,45.0,19.0,1.0,62.0,40.0,24.0,1,26,0,0,64,26,9,4,64,488,9,70,1,26,0,0,1,26,0,0,64,117,9,17
2025-08-27,7.7513,13.7347,45.0,19.0,45.0,19.0,44.0,20.0,0.0,0.0,39.0,25.0,0,0,0,0,63,27,9,4,63,489,9,70,0,0,0,0,0,0,0,0,63,118,9,17
2025-08-28,0.404,0.3769,44.0,20.0,44.0,20.0,43.0,21.0,58.0,1.0,38.0,26.0,55,1,0,0,62,28,9,4,62,490,9,70,62,1,0,0,62,1,0,0,62,119,9,17
2025-08-29,0.0,0.0,43.0,21.0,43.0,21.0,42.0,22.0,57.0,2.0,37.0,27.0,54,2,0,0,61,29,9,4,61,491,9,70,61,2,0,0,61,2,0,0,61,120,9,17
2025-09-02,0.0,0.13,42.0,22.0,42.0,22.0,41.0,23.0,56.0,3.0,36.0,28.0,50,6,7,1,57,33,8,5,57,495,8,71,57,6,8,1,57,6,8,1,57,124,8,18
2025-09-03,0.5186,0.0,41.0,23.0,41.0,23.0,40.0,24.0,55.0,4.0,35.0,29.0,49,7,7,1,56,34,8,5,56,496,8,71,56,7,8,1,56,7,8,1,56,125,8,18
2025-09-04,2.4776,4.3811,40.0,24.0,40.0,24.0,39.0,25.0,54.0,5.0,34.0,30.0,48,8,7,1,55,35,8,5,55,497,8,71,55,8,8,1,55,8,8,1,55,126,8,18
2025-09-05,0.0,0.0,39.0,25.0,39.0,25.0,38.0,26.0,53.0,6.0,33.0,31.0,47,9,7,1,54,36,8,5,54,498,8,71,54,9,8,1,54,9,8,1,54,127,8,18
2025-09-08,0.0307,0.0,38.0,26.0,38.0,26.0,37.0,27.0,52.0,7.0,32.0,32.0,44,12,6,2,51,39,7,6,51,501,7,72,51,12,7,2,51,12,7,2,51,130,7,19
2025-09-09,1.2744,0.3295,37.0,27.0,37.0,27.0,36.0,28.0,51.0,8.0,31.0,33.0,43,13,6,2,50,40,7,6,50,502,7,72,50,13,7,2,50,13,7,2,50,131,7,19
2025-09-10,0.0,0.0,36.0,28.0,36.0,28.0,35.0,29.0,50.0,9.0,30.0,34.0,42,14,6,2,49,41,7,6,49,503,7,72,49,14,7,2,49,14,7,2,49,132,7,19
2025-09-11,0.3149,0.438,35.0,29.0,35.0,29.0,34.0,30.0,49.0,10.0,29.0,35.0,41,15,6,2,48,42,7,6,48,504,7,72,48,15,7,2,48,15,7,2,48,133,7,19
2025-09-12,0.0,0.0,34.0,30.0,34.0,30.0,33.0,31.0,48.0,11.0,28.0,36.0,40,16,6,2,47,43,7,6,47,505,7,72,47,16,7,2,47,16,7,2,47,134,7,19
2025-09-15,0.0,0.0,33.0,31.0,33.0,31.0,32.0,32.0,47.0,12.0,27.0,37.0,37,19,5,3,44,46,6,7,44,508,6,73,44,19,6,3,44,19,6,3,44,137,6,20
2025-09-16,0.0,0.0,32.0,32.0,32.0,32.0,31.0,33.0,46.0,13.0,26.0,38.0,36,20,5,3,43,47,6,7,43,509,6,73,43,20,6,3,43,20,6,3,43,138,6,20
2025-09-17,0.0422,0.0,31.0,33.0,31.0,33.0,30.0,34.0,45.0,14.0,25.0,39.0,35,21,5,3,42,48,6,7,42,510,6,73,42,21,6,3,42,21,6,3,42,139,6,20
2025-09-18,0.1445,0.0,30.0,34.0,30.0,34.0,29.0,35.0,44.0,15.0,24.0,40.0,34,22,5,3,41,49,6,7,41,511,6,73,41,22,6,3,41,22,6,3,41,140,6,20
2025-09-19,0.0548,0.0,29.0,35.0,29.0,35.0,28.0,36.0,43.0,16.0,23.0,41.0,33,23,5,3,40,50,6,7,40,512,6,73,40,23,6,3,40,23,6,3,40,141,6,20
2025-09-22,0.0,0.0,28.0,36.0,28.0,36.0,27.0,37.0,42.0,17.0,22.0,42.0,30,26,4,4,37,53,5,8,37,515,5,74,37,26,5,4,37,26,5,4,37,144,5,21
2025-09-23,0.3989,0.5149,27.0,37.0,27.0,37.0,26.0,38.0,41.0,18.0,21.0,43.0,29,27,4,4,36,54,5,8,36,516,5,74,36,27,5,4,36,27,5,4,36,145,5,21
2025-09-24,0.1274,0.2265,26.0,38.0,26.0,38.0,25.0,39.0,40.0,19.0,20.0,44.0,28,28,4,4,35,55,5,8,35,517,5,74,35,28,5,4,35,28,5,4,35,146,5,21
2025-09-25,0.9414,1.1863,25.0,39.0,25.0,39.0,24.0,40.0,39.0,20.0,19.0,45.0,27,29,4,4,34,56,5,8,34,518,5,74,34,29,5,4,34,29,5,4,34,147,5,21
2025-09-26,0.0,0.0,24.0,40.0,24.0,40.0,23.0,41.0,38.0,21.0,18.0,46.0,26,30,4,4,33,57,5,8,33,519,5,74,33,30,5,4,33,30,5,4,33,148,5,21
2025-09-29,0.0656,0.0,23.0,41.0,23.0,41.0,22.0,42.0,37.0,22.0,17.0,47.0,23,33,3,5,30,60,4,9,30,522,4,75,30,33,4,5,30,33,4,5,30,151,4,22
2025-09-30,0.2355,0.13,22.0,42.0,22.0,42.0,21.0,43.0,36.0,23.0,16.0,48.0,22,34,3,5,29,61,4,9,29,523,4,75,29,34,4,5,29,34,4,5,29,152,4,22
2025-10-01,0.0139,0.0,21.0,43.0,21.0,43.0,20.0,44.0,35.0,24.0,15.0,49.0,21,35,3,5,28,62,4,9,28,524,4,75,28,35,4,5,28,35,4,5,28,153,4,22
2025-10-02,0.0,0.0,20.0,44.0,20.0,44.0,19.0,45.0,34.0,25.0,14.0,50.0,20,36,3,5,27,63,4,9,27,525,4,75,27,36,4,5,27,36,4,5,27,154,4,22
2025-10-03,0.0,0.0,19.0,45.0,19.0,45.0,18.0,46.0,33.0,26.0,13.0,51.0,19,37,3,5,26,64,4,9,26,526,4,75,26,37,4,5,26,37,4,5,26,155,4,22
2025-10-06,0.0394,0.0,18.0,46.0,18.0,46.0,17.0,47.0,32.0,27.0,12.0,52.0,16,40,2,6,23,67,3,10,23,529,3,76,23,40,3,6,23,40,3,6,23,158,3,23
2025-10-07,0.0282,0.0,17.0,47.0,17.0,47.0,16.0,48.0,31.0,28.0,11.0,53.0,15,41,2,6,22,68,3,10,22,530,3,76,22,41,3,6,22,41,3,6,22,159,3,23
2025-10-08,0.0,0.0,16.0,48.0,16.0,48.0,15.0,49.0,30.0,29.0,10.0,54.0,14,42,2,6,21,69,3,10,21,531,3,76,21,42,3,6,21,42,3,6,21,160,3,23
2025-10-09,0.3559,0.5236,15.0,49.0,15.0,49.0,14.0,50.0,29.0,30.0,9.0,55.0,13,43,2,6,20,70,3,10,20,532,3,76,20,43,3,6,20,43,3,6,20,161,3,23
2025-10-10,0.0,0.0,14.0,50.0,14.0,50.0,13.0,51.0,28.0,31.0,8.0,56.0,12,44,2,6,19,71,3,10,19,533,3,76,19,44,3,6,19,44,3,6,19,162,3,23
2025-10-13,0.0848,0.1511,13.0,51.0,13.0,51.0,12.0,52.0,27.0,32.0,7.0,57.0,9,47,1,7,16,74,2,11,16,536,2,77,16,47,2,7,16,47,2,7,16,165,2,24
2025-10-14,3.4427,0.0,12.0,52.0,12.0,52.0,11.0,53.0,26.0,33.0,6.0,58.0,8,48,1,7,15,75,2,11,15,537,2,77,15,48,2,7,15,48,2,7,15,166,2,24
2025-10-15,2.0239,1.0807,11.0,53.0,11.0,53.0,10.0,54.0,25.0,34.0,5.0,59.0,7,49,1,7,14,76,2,11,14,538,2,77,14,49,2,7,14,49,2,7,14,167,2,24
2025-10-16,1.1559,0.189,10.0,54.0,10.0,54.0,9.0,55.0,24.0,35.0,4.0,60.0,6,50,1,7,13,77,2,11,13,539,2,77,13,50,2,7,13,50,2,7,13,168,2,24
2025-10-17,0.6811,0.0,9.0,55.0,9.0,55.0,8.0,56.0,23.0,36.0,3.0,61.0,5,51,1,7,12,78,2,11,12,540,2,77,12,51,2,7,12,51,2,7,12,169,2,24
2025-10-20,0.0776,0.0,8.0,56.0,8.0,56.0,7.0,57.0,22.0,37.0,2.0,62.0,2,54,0,0,9,81,1,12,9,543,1,78,9,54,1,8,9,54,1,8,9,172,1,25
2025-10-21,4.0098,1.195,7.0,57.0,7.0,57.0,6.0,58.0,21.0,38.0,1.0,63.0,1,55,0,0,8,82,1,12,8,544,1,78,8,55,1,8,8,55,1,8,8,173,1,25
2025-10-22,5.666,4.8391,6.0,58.0,6.0,58.0,5.0,59.0,20.0,39.0,0.0,0.0,0,0,0,0,7,83,1,12,7,545,1,78,7,56,1,8,7,56,1,8,7,174,1,25
2025-10-23,2.6195,1.6941,5.0,59.0,5.0,59.0,4.0,60.0,19.0,40.0,65.0,1.0,6,1,0,0,6,84,1,12,6,546,1,78,6,57,1,8,6,57,1,8,6,175,1,25
2025-10-24,1.0543,0.1295,4.0,60.0,4.0,60.0,3.0,61.0,18.0,41.0,64.0,2.0,5,2,0,0,5,85,1,12,5,547,1,78,5,58,1,8,5,58,1,8,5,176,1,25
2025-10-27,0.9393,0.5141,3.0,61.0,3.0,61.0,2.0,62.0,17.0,42.0,63.0,3.0,2,5,0,0,2,88,0,0,2,550,0,0,2,61,0,0,2,61,0,0,2,179,0,0
2025-10-28,3.9593,0.9357,2.0,62.0,2.0,62.0,1.0,63.0,16.0,43.0,62.0,4.0,1,6,0,0,1,89,0,0,1,551,0,0,1,62,0,0,1,62,0,0,1,180,0,0
2025-10-29,22.6933,34.6817,1.0,63.0,1.0,63.0,0.0,0.0,15.0,44.0,61.0,5.0,0,0,0,0,0,0,0,0,0,0,0,0,0,0,0,0,0,0,0,0,0,0,0,0
2025-10-30,16.0193,18.6299,0.0,0.0,0.0,0.0,60.0,1.0,14.0,45.0,60.0,6.0,0,0,0,0,0,0,0,0,181,1,0,0,0,0,0,0,0,0,0,0,97,1,0,0
2025-10-31,2.7035,0.6203,60.0,1.0,65.0,1.0,59.0,2.0,13.0,46.0,59.0,7.0,19,1,0,0,89,1,0,0,180,2,0,0,19,1,0,0,19,1,0,0,96,2,0,0
2025-11-03,1.64,1.7936,59.0,2.0,64.0,2.0,58.0,3.0,12.0,47.0,58.0,8.0,16,4,2,1,86,4,12,1,177,5,25,1,16,4,2,1,16,4,2,1,93,5,13,1
2025-11-04,3.4079,2.7706,58.0,3.0,63.0,3.0,57.0,4.0,11.0,48.0,57.0,9.0,15,5,2,1,85,5,12,1,176,6,25,1,15,5,2,1,15,5,2,1,92,6,13,1
2025-11-05,3.1995,1.965,57.0,4.0,62.0,4.0,56.0,5.0,10.0,49.0,56.0,10.0,14,6,2,1,84,6,12,1,175,7,25,1,14,6,2,1,14,6,2,1,91,7,13,1
2025-11-06,1.9961,0.883,56.0,5.0,61.0,5.0,55.0,6.0,9.0,50.0,55.0,11.0,13,7,2,1,83,7,12,1,174,8,25,1,13,7,2,1,13,7,2,1,90,8,13,1
2025-11-07,0.638,0.298,55.0,6.0,60.0,6.0,54.0,7.0,8.0,51.0,54.0,12.0,12,8,2,1,82,8,12,1,173,9,25,1,12,8,2,1,12,8,2,1,89,9,13,1
2025-11-10,0.1189,0.0,54.0,7.0,59.0,7.0,53.0,8.0,7.0,52.0,53.0,13.0,9,11,1,2,79,11,11,2,170,12,24,2,9,11,1,2,9,11,1,2,86,12,12,2
2025-11-11,0.0,0.0,53.0,8.0,58.0,8.0,52.0,9.0,6.0,53.0,52.0,14.0,8,12,1,2,78,12,11,2,169,13,24,2,8,12,1,2,8,12,1,2,85,13,12,2
2025-11-12,0.5457,0.7549,52.0,9.0,57.0,9.0,51.0,10.0,5.0,54.0,51.0,15.0,7,13,1,2,77,13,11,2,168,14,24,2,7,13,1,2,7,13,1,2,84,14,12,2
2025-11-13,0.605,0.4934,51.0,10.0,56.0,10.0,50.0,11.0,4.0,55.0,50.0,16.0,6,14,1,2,76,14,11,2,167,15,24,2,6,14,1,2,6,14,1,2,83,15,12,2
2025-11-14,0.0,0.0,50.0,11.0,55.0,11.0,49.0,12.0,3.0,56.0,49.0,17.0,5,15,1,2,75,15,11,2,166,16,24,2,5,15,1,2,5,15,1,2,82,16,12,2
2025-11-17,0.0,0.0,49.0,12.0,54.0,12.0,48.0,13.0,2.0,57.0,48.0,18.0,2,18,0,0,72,18,10,3,163,19,23,3,2,18,0,0,2,18,0,0,79,19,11,3
2025-11-18,0.7761,0.4971,48.0,13.0,53.0,13.0,47.0,14.0,1.0,58.0,47.0,19.0,1,19,0,0,71,19,10,3,162,20,23,3,1,19,0,0,1,19,0,0,78,20,11,3
2025-11-19,7.7262,12.5439,47.0,14.0,52.0,14.0,46.0,15.0,0.0,0.0,46.0,20.0,0,0,0,0,70,20,10,3,161,21,23,3,0,0,0,0,0,0,0,0,77,21,11,3
2025-11-20,1.7135,2.9342,46.0,15.0,51.0,15.0,45.0,16.0,64.0,1.0,45.0,21.0,69,1,0,0,69,21,10,3,160,22,23,3,21,1,0,0,69,1,0,0,76,22,11,3
2025-11-21,0.0,0.0,45.0,16.0,50.0,16.0,44.0,17.0,63.0,2.0,44.0,22.0,68,2,0,0,68,22,10,3,159,23,23,3,20,2,0,0,68,2,0,0,75,23,11,3
2025-11-24,0.1144,0.0,44.0,17.0,49.0,17.0,43.0,18.0,62.0,3.0,43.0,23.0,65,5,9,1,65,25,9,4,156,26,22,4,17,5,2,1,65,5,9,1,72,26,10,4
2025-11-25,0.6142,0.7606,43.0,18.0,48.0,18.0,42.0,19.0,61.0,4.0,42.0,24.0,64,6,9,1,64,26,9,4,155,27,22,4,16,6,2,1,64,6,9,1,71,27,10,4
2025-11-26,0.2059,0.0,42.0,19.0,47.0,19.0,41.0,20.0,60.0,5.0,41.0,25.0,63,7,9,1,63,27,9,4,154,28,22,4,15,7,2,1,63,7,9,1,70,28,10,4
2025-11-28,0.0,0.0,41.0,20.0,46.0,20.0,40.0,21.0,59.0,6.0,40.0,26.0,61,9,9,1,61,29,9,4,152,30,22,4,13,9,2,1,61,9,9,1,68,30,10,4
2025-12-01,0.0,0.0,40.0,21.0,45.0,21.0,39.0,22.0,58.0,7.0,39.0,27.0,58,12,8,2,58,32,8,5,149,33,21,5,10,12,1,2,58,12,8,2,65,33,9,5
2025-12-02,0.1924,0.5391,39.0,22.0,44.0,22.0,38.0,23.0,57.0,8.0,38.0,28.0,57,13,8,2,57,33,8,5,148,34,21,5,9,13,1,2,57,13,8,2,64,34,9,5
2025-12-03,0.375,0.0,38.0,23.0,43.0,23.0,37.0,24.0,56.0,9.0,37.0,29.0,56,14,8,2,56,34,8,5,147,35,21,5,8,14,1,2,56,14,8,2,63,35,9,5
2025-12-04,0.248,0.0,37.0,24.0,42.0,24.0,36.0,25.0,55.0,10.0,36.0,30.0,55,15,8,2,55,35,8,5,146,36,21,5,7,15,1,2,55,15,8,2,62,36,9,5
2025-12-05,0.0,0.0,36.0,25.0,41.0,25.0,35.0,26.0,54.0,11.0,35.0,31.0,54,16,8,2,54,36,8,5,145,37,21,5,6,16,1,2,54,16,8,2,61,37,9,5
2025-12-08,0.0,0.0,35.0,26.0,40.0,26.0,34.0,27.0,53.0,12.0,34.0,32.0,51,19,7,3,51,39,7,6,142,40,20,6,3,19,0,0,51,19,7,3,58,40,8,6
2025-12-09,0.1404,0.0,34.0,27.0,39.0,27.0,33.0,28.0,52.0,13.0,33.0,33.0,50,20,7,3,50,40,7,6,141,41,20,6,2,20,0,0,50,20,7,3,57,41,8,6
2025-12-10,1.3308,0.6105,33.0,28.0,38.0,28.0,32.0,29.0,51.0,14.0,32.0,34.0,49,21,7,3,49,41,7,6,140,42,20,6,1,21,0,0,49,21,7,3,56,42,8,6
2025-12-11,3.5947,6.0627,32.0,29.0,37.0,29.0,31.0,30.0,50.0,15.0,31.0,35.0,48,22,7,3,48,42,7,6,139,43,20,6,0,0,0,0,48,22,7,3,55,43,8,6
2025-12-12,0.0,0.0,31.0,30.0,36.0,30.0,30.0,31.0,49.0,16.0,30.0,36.0,47,23,7,3,47,43,7,6,138,44,20,6,47,1,0,0,47,23,7,3,54,44,8,6
2025-12-15,0.0,0.0,30.0,31.0,35.0,31.0,29.0,32.0,48.0,17.0,29.0,37.0,44,26,6,4,44,46,6,7,135,47,19,7,44,4,6,1,44,26,6,4,51,47,7,7
2025-12-16,0.045,0.0,29.0,32.0,34.0,32.0,28.0,33.0,47.0,18.0,28.0,38.0,43,27,6,4,43,47,6,7,134,48,19,7,43,5,6,1,43,27,6,4,50,48,7,7
2025-12-17,0.4707,0.6947,28.0,33.0,33.0,33.0,27.0,34.0,46.0,19.0,27.0,39.0,42,28,6,4,42,48,6,7,133,49,19,7,42,6,6,1,42,28,6,4,49,49,7,7
2025-12-18,0.7,0.2053,27.0,34.0,32.0,34.0,26.0,35.0,45.0,20.0,26.0,40.0,41,29,6,4,41,49,6,7,132,50,19,7,41,7,6,1,41,29,6,4,48,50,7,7
2025-12-19,0.1345,0.1101,26.0,35.0,31.0,35.0,25.0,36.0,44.0,21.0,25.0,41.0,40,30,6,4,40,50,6,7,131,51,19,7,40,8,6,1,40,30,6,4,47,51,7,7
2025-12-22,0.0,0.0,25.0,36.0,30.0,36.0,24.0,37.0,43.0,22.0,24.0,42.0,37,33,5,5,37,53,5,8,128,54,18,8,37,11,5,2,37,33,5,5,44,54,6,8
2025-12-23,0.0,0.0,24.0,37.0,29.0,37.0,23.0,38.0,42.0,23.0,23.0,43.0,36,34,5,5,36,54,5,8,127,55,18,8,36,12,5,2,36,34,5,5,43,55,6,8
2025-12-24,0.0,0.0,23.0,38.0,28.0,38.0,22.0,39.0,41.0,24.0,22.0,44.0,35,35,5,5,35,55,5,8,126,56,18,8,35,13,5,2,35,35,5,5,42,56,6,8
2025-12-26,0.0,0.0,22.0,39.0,27.0,39.0,21.0,40.0,40.0,25.0,21.0,45.0,33,37,5,5,33,57,5,8,124,58,18,8,33,15,5,2,33,37,5,5,40,58,6,8
2025-12-29,0.0,0.0,21.0,40.0,26.0,40.0,20.0,41.0,39.0,26.0,20.0,46.0,30,40,4,6,30,60,4,9,121,61,17,9,30,18,4,3,30,40,4,6,37,61,5,9
2025-12-30,0.0,0.0,20.0,41.0,25.0,41.0,19.0,42.0,38.0,27.0,19.0,47.0,29,41,4,6,29,61,4,9,120,62,17,9,29,19,4,3,29,41,4,6,36,62,5,9
2025-12-31,0.0,0.0,19.0,42.0,24.0,42.0,18.0,43.0,37.0,28.0,18.0,48.0,28,42,4,6,28,62,4,9,119,63,17,9,28,20,4,3,28,42,4,6,35,63,5,9
2026-01-02,0.0,0.0,18.0,43.0,23.0,43.0,17.0,44.0,36.0,29.0,17.0,49.0,26,44,4,6,26,64,4,9,117,65,17,9,26,22,4,3,26,44,4,6,33,65,5,9
2026-01-05,0.0,0.0,17.0,44.0,22.0,44.0,16.0,45.0,35.0,30.0,16.0,50.0,23,47,3,7,23,67,3,10,114,68,16,10,23,25,3,4,23,47,3,7,30,68,4,10
2026-01-06,0.0,0.0,16.0,45.0,21.0,45.0,15.0,46.0,34.0,31.0,15.0,51.0,22,48,3,7,22,68,3,10,113,69,16,10,22,26,3,4,22,48,3,7,29,69,4,10
2026-01-07,0.0372,0.0,15.0,46.0,20.0,46.0,14.0,47.0,33.0,32.0,14.0,52.0,21,49,3,7,21,69,3,10,112,70,16,10,21,27,3,4,21,49,3,7,28,70,4,10
2026-01-08,0.0,0.0,14.0,47.0,19.0,47.0,13.0,48.0,32.0,33.0,13.0,53.0,20,50,3,7,20,70,3,10,111,71,16,10,20,28,3,4,20,50,3,7,27,71,4,10
2026-01-09,0.0,0.0,13.0,48.0,18.0,48.0,12.0,49.0,31.0,34.0,12.0,54.0,19,51,3,7,19,71,3,10,110,72,16,10,19,29,3,4,19,51,3,7,26,72,4,10
2026-01-12,0.0,0.0,12.0,49.0,17.0,49.0,11.0,50.0,30.0,35.0,11.0,55.0,16,54,2,8,16,74,2,11,107,75,15,11,16,32,2,5,16,54,2,8,23,75,3,11
2026-01-13,1.512,0.0,11.0,50.0,16.0,50.0,10.0,51.0,29.0,36.0,10.0,56.0,15,55,2,8,15,75,2,11,106,76,15,11,15,33,2,5,15,55,2,8,22,76,3,11
2026-01-14,1.3692,0.0,10.0,51.0,15.0,51.0,9.0,52.0,28.0,37.0,9.0,57.0,14,56,2,8,14,76,2,11,105,77,15,11,14,34,2,5,14,56,2,8,21,77,3,11
2026-01-15,1.1299,0.0,9.0,52.0,14.0,52.0,8.0,53.0,27.0,38.0,8.0,58.0,13,57,2,8,13,77,2,11,104,78,15,11,13,35,2,5,13,57,2,8,20,78,3,11
2026-01-16,0.2703,0.0,8.0,53.0,13.0,53.0,7.0,54.0,26.0,39.0,7.0,59.0,12,58,2,8,12,78,2,11,103,79,15,11,12,36,2,5,12,58,2,8,19,79,3,11
2026-01-20,1.2795,1.1044,7.0,54.0,12.0,54.0,6.0,55.0,25.0,40.0,6.0,60.0,8,62,1,9,8,82,1,12,99,83,14,12,8,40,1,6,8,62,1,9,15,83,2,12
2026-01-21,1.7708,0.0,6.0,55.0,11.0,55.0,5.0,56.0,24.0,41.0,5.0,61.0,7,63,1,9,7,83,1,12,98,84,14,12,7,41,1,6,7,63,1,9,14,84,2,12
2026-01-22,2.5742,1.3617,5.0,56.0,10.0,56.0,4.0,57.0,23.0,42.0,4.0,62.0,6,64,1,9,6,84,1,12,97,85,14,12,6,42,1,6,6,64,1,9,13,85,2,12
2026-01-23,0.11,0.0,4.0,57.0,9.0,57.0,3.0,58.0,22.0,43.0,3.0,63.0,5,65,1,9,5,85,1,12,96,86,14,12,5,43,1,6,5,65,1,9,12,86,2,12
2026-01-26,0.2348,0.1389,3.0,58.0,8.0,58.0,2.0,59.0,21.0,44.0,2.0,64.0,2,68,0,0,2,88,0,0,93,89,13,13,2,46,0,0,2,68,0,0,9,89,1,13
2026-01-27,2.9772,0.9461,2.0,59.0,7.0,59.0,1.0,60.0,20.0,45.0,1.0,65.0,1,69,0,0,1,89,0,0,92,90,13,13,1,47,0,0,1,69,0,0,8,90,1,13
2026-01-28,13.4981,19.9482,1.0,60.0,6.0,60.0,0.0,0.0,19.0,46.0,0.0,0.0,0,0,0,0,0,0,0,0,91,91,13,13,0,0,0,0,0,0,0,0,7,91,1,13
2026-01-29,11.5285,11.2022,0.0,0.0,5.0,61.0,62.0,1.0,18.0,47.0,57.0,1.0,0,0,0,0,0,0,0,0,90,92,13,13,0,0,0,0,0,0,0,0,6,92,1,13
2026-01-30,2.5443,0.2717,62.0,1.0,4.0,62.0,61.0,2.0,17.0,48.0,56.0,2.0,5,1,0,0,5,1,0,0,89,93,13,13,5,1,0,0,5,1,0,0,5,93,1,13
2026-02-02,1.253,1.1877,61.0,2.0,3.0,63.0,60.0,3.0,16.0,49.0,55.0,3.0,2,4,0,0,2,4,0,0,86,96,12,14,2,4,0,0,2,4,0,0,2,96,0,0
2026-02-03,3.7743,2.6078,60.0,3.0,2.0,64.0,59.0,4.0,15.0,50.0,54.0,4.0,1,5,0,0,1,5,0,0,85,97,12,14,1,5,0,0,1,5,0,0,1,97,0,0
2026-02-04,16.7367,22.6418,59.0,4.0,1.0,65.0,58.0,5.0,14.0,51.0,53.0,5.0,0,0,0,0,0,0,0,0,84,98,12,14,0,0,0,0,0,0,0,0,0,0,0,0
2026-02-05,6.3118,8.0126,58.0,5.0,0.0,0.0,57.0,6.0,13.0,52.0,52.0,6.0,0,0,0,0,83,1,0,0,83,99,12,14,0,0,0,0,20,1,0,0,83,1,0,0
2026-02-06,0.543,0.0,57.0,6.0,56.0,1.0,56.0,7.0,12.0,53.0,51.0,7.0,19,1,0,0,82,2,0,0,82,100,12,14,19,1,0,0,19,2,0,0,82,2,0,0
2026-02-09,0.4084,0.0,56.0,7.0,55.0,2.0,55.0,8.0,11.0,54.0,50.0,8.0,16,4,2,1,79,5,11,1,79,103,11,15,16,4,2,1,16,5,2,1,79,5,11,1
2026-02-10,2.5197,0.8349,55.0,8.0,54.0,3.0,54.0,9.0,10.0,55.0,49.0,9.0,15,5,2,1,78,6,11,1,78,104,11,15,15,5,2,1,15,6,2,1,78,6,11,1
2026-02-11,2.3361,2.435,54.0,9.0,53.0,4.0,53.0,10.0,9.0,56.0,48.0,10.0,14,6,2,1,77,7,11,1,77,105,11,15,14,6,2,1,14,7,2,1,77,7,11,1
2026-02-12,2.0039,1.699,53.0,10.0,52.0,5.0,52.0,11.0,8.0,57.0,47.0,11.0,13,7,2,1,76,8,11,1,76,106,11,15,13,7,2,1,13,8,2,1,76,8,11,1
2026-02-13,0.0237,0.0,52.0,11.0,51.0,6.0,51.0,12.0,7.0,58.0,46.0,12.0,12,8,2,1,75,9,11,1,75,107,11,15,12,8,2,1,12,9,2,1,75,9,11,1
2026-02-17,1.084,0.5379,51.0,12.0,50.0,7.0,50.0,13.0,6.0,59.0,45.0,13.0,8,12,1,2,71,13,10,2,71,111,10,16,8,12,1,2,8,13,1,2,71,13,10,2
2026-02-18,1.2742,0.7208,50.0,13.0,49.0,8.0,49.0,14.0,5.0,60.0,44.0,14.0,7,13,1,2,70,14,10,2,70,112,10,16,7,13,1,2,7,14,1,2,70,14,10,2
2026-02-19,2.7128,2.907,49.0,14.0,48.0,9.0,48.0,15.0,4.0,61.0,43.0,15.0,6,14,1,2,69,15,10,2,69,113,10,16,6,14,1,2,6,15,1,2,69,15,10,2
2026-02-20,0.068,0.0,48.0,15.0,47.0,10.0,47.0,16.0,3.0,62.0,42.0,16.0,5,15,1,2,68,16,10,2,68,114,10,16,5,15,1,2,5,16,1,2,68,16,10,2
2026-02-23,0.3448,0.1345,47.0,16.0,46.0,11.0,46.0,17.0,2.0,63.0,41.0,17.0,2,18,0,0,65,19,9,3,65,117,9,17,2,18,0,0,2,19,0,0,65,19,9,3
2026-02-24,1.4861,0.8891,46.0,17.0,45.0,12.0,45.0,18.0,1.0,64.0,40.0,18.0,1,19,0,0,64,20,9,3,64,118,9,17,1,19,0,0,1,20,0,0,64,20,9,3
2026-02-25,8.1251,12.7725,45.0,18.0,44.0,13.0,44.0,19.0,0.0,0.0,39.0,19.0,0,0,0,0,63,21,9,3,63,119,9,17,0,0,0,0,0,0,0,0,63,21,9,3
2026-02-26,1.0708,0.8805,44.0,19.0,43.0,14.0,43.0,20.0,58.0,1.0,38.0,20.0,55,1,0,0,62,22,9,3,62,120,9,17,55,1,0,0,62,1,0,0,62,22,9,3
2026-02-27,0.0896,0.0,43.0,20.0,42.0,15.0,42.0,21.0,57.0,2.0,37.0,21.0,54,2,0,0,61,23,9,3,61,121,9,17,54,2,0,0,61,2,0,0,61,23,9,3
2026-03-02,0.0853,0.0,42.0,21.0,41.0,16.0,41.0,22.0,56.0,3.0,36.0,22.0,51,5,7,1,58,26,8,4,58,124,8,18,51,5,7,1,58,5,8,1,58,26,8,4
2026-03-03,0.4375,0.4386,41.0,22.0,40.0,17.0,40.0,23.0,55.0,4.0,35.0,23.0,50,6,7,1,57,27,8,4,57,125,8,18,50,6,7,1,57,6,8,1,57,27,8,4
2026-03-04,2.2675,4.0284,40.0,23.0,39.0,18.0,39.0,24.0,54.0,5.0,34.0,24.0,49,7,7,1,56,28,8,4,56,126,8,18,49,7,7,1,56,7,8,1,56,28,8,4
2026-03-05,0.8382,1.3837,39.0,24.0,38.0,19.0,38.0,25.0,53.0,6.0,33.0,25.0,48,8,7,1,55,29,8,4,55,127,8,18,48,8,7,1,55,8,8,1,55,29,8,4
2026-03-06,0.0,0.0,38.0,25.0,37.0,20.0,37.0,26.0,52.0,7.0,32.0,26.0,47,9,7,1,54,30,8,4,54,128,8,18,47,9,7,1,54,9,8,1,54,30,8,4
2026-03-09,0.0811,0.0,37.0,26.0,36.0,21.0,36.0,27.0,51.0,8.0,31.0,27.0,44,12,6,2,51,33,7,5,51,131,7,19,44,12,6,2,51,12,7,2,51,33,7,5
2026-03-10,0.6625,0.0,36.0,27.0,35.0,22.0,35.0,28.0,50.0,9.0,30.0,28.0,43,13,6,2,50,34,7,5,50,132,7,19,43,13,6,2,50,13,7,2,50,34,7,5
2026-03-11,0.0112,0.0,35.0,28.0,34.0,23.0,34.0,29.0,49.0,10.0,29.0,29.0,42,14,6,2,49,35,7,5,49,133,7,19,42,14,6,2,49,14,7,2,49,35,7,5
2026-03-12,0.301,0.3015,34.0,29.0,33.0,24.0,33.0,30.0,48.0,11.0,28.0,30.0,41,15,6,2,48,36,7,5,48,134,7,19,41,15,6,2,48,15,7,2,48,36,7,5
2026-03-13,0.0,0.0,33.0,30.0,32.0,25.0,32.0,31.0,47.0,12.0,27.0,31.0,40,16,6,2,47,37,7,5,47,135,7,19,40,16,6,2,47,16,7,2,47,37,7,5
2026-03-16,0.0341,0.0,32.0,31.0,31.0,26.0,31.0,32.0,46.0,13.0,26.0,32.0,37,19,5,3,44,40,6,6,44,138,6,20,37,19,5,3,44,19,6,3,44,40,6,6
2026-03-17,0.0295,0.0,31.0,32.0,30.0,27.0,30.0,33.0,45.0,14.0,25.0,33.0,36,20,5,3,43,41,6,6,43,139,6,20,36,20,5,3,43,20,6,3,43,41,6,6
2026-03-18,0.9071,1.4076,30.0,33.0,29.0,28.0,29.0,34.0,44.0,15.0,24.0,34.0,35,21,5,3,42,42,6,6,42,140,6,20,35,21,5,3,42,21,6,3,42,42,6,6
2026-03-19,0.3535,0.0,29.0,34.0,28.0,29.0,28.0,35.0,43.0,16.0,23.0,35.0,34,22,5,3,41,43,6,6,41,141,6,20,34,22,5,3,41,22,6,3,41,43,6,6
2026-03-20,0.0,0.0,28.0,35.0,27.0,30.0,27.0,36.0,42.0,17.0,22.0,36.0,33,23,5,3,40,44,6,6,40,142,6,20,33,23,5,3,40,23,6,3,40,44,6,6
2026-03-23,0.0,0.0,27.0,36.0,26.0,31.0,26.0,37.0,41.0,18.0,21.0,37.0,30,26,4,4,37,47,5,7,37,145,5,21,30,26,4,4,37,26,5,4,37,47,5,7
2026-03-24,0.0,0.0,26.0,37.0,25.0,32.0,25.0,38.0,40.0,19.0,20.0,38.0,29,27,4,4,36,48,5,7,36,146,5,21,29,27,4,4,36,27,5,4,36,48,5,7
2026-03-25,0.1643,0.6849,25.0,38.0,24.0,33.0,24.0,39.0,39.0,20.0,19.0,39.0,28,28,4,4,35,49,5,7,35,147,5,21,28,28,4,4,35,28,5,4,35,49,5,7
2026-03-26,0.0,0.0,24.0,39.0,23.0,34.0,23.0,40.0,38.0,21.0,18.0,40.0,27,29,4,4,34,50,5,7,34,148,5,21,27,29,4,4,34,29,5,4,34,50,5,7
2026-03-27,0.056,0.0,23.0,40.0,22.0,35.0,22.0,41.0,37.0,22.0,17.0,41.0,26,30,4,4,33,51,5,7,33,149,5,21,26,30,4,4,33,30,5,4,33,51,5,7
2026-03-30,0.0,0.0,22.0,41.0,21.0,36.0,21.0,42.0,36.0,23.0,16.0,42.0,23,33,3,5,30,54,4,8,30,152,4,22,23,33,3,5,30,33,4,5,30,54,4,8
2026-03-31,0.1599,0.0,21.0,42.0,20.0,37.0,20.0,43.0,35.0,24.0,15.0,43.0,22,34,3,5,29,55,4,8,29,153,4,22,22,34,3,5,29,34,4,5,29,55,4,8
2026-04-01,0.0119,0.0,20.0,43.0,19.0,38.0,19.0,44.0,34.0,25.0,14.0,44.0,21,35,3,5,28,56,4,8,28,154,4,22,21,35,3,5,28,35,4,5,28,56,4,8
2026-04-02,0.0,0.0,19.0,44.0,18.0,39.0,18.0,45.0,33.0,26.0,13.0,45.0,20,36,3,5,27,57,4,8,27,155,4,22,20,36,3,5,27,36,4,5,27,57,4,8
2026-04-06,0.0,0.0,18.0,45.0,17.0,40.0,17.0,46.0,32.0,27.0,12.0,46.0,16,40,2,6,23,61,3,9,23,159,3,23,16,40,2,6,23,40,3,6,23,61,3,9
2026-04-07,0.0,0.0,17.0,46.0,16.0,41.0,16.0,47.0,31.0,28.0,11.0,47.0,15,41,2,6,22,62,3,9,22,160,3,23,15,41,2,6,22,41,3,6,22,62,3,9
2026-04-08,0.1085,0.0,16.0,47.0,15.0,42.0,15.0,48.0,30.0,29.0,10.0,48.0,14,42,2,6,21,63,3,9,21,161,3,23,14,42,2,6,21,42,3,6,21,63,3,9
2026-04-09,0.0,0.0,15.0,48.0,14.0,43.0,14.0,49.0,29.0,30.0,9.0,49.0,13,43,2,6,20,64,3,9,20,162,3,23,13,43,2,6,20,43,3,6,20,64,3,9
2026-04-10,0.0,0.0,14.0,49.0,13.0,44.0,13.0,50.0,28.0,31.0,8.0,50.0,12,44,2,6,19,65,3,9,19,163,3,23,12,44,2,6,19,44,3,6,19,65,3,9
2026-04-13,0.4929,0.1496,13.0,50.0,12.0,45.0,12.0,51.0,27.0,32.0,7.0,51.0,9,47,1,7,16,68,2,10,16,166,2,24,9,47,1,7,16,47,2,7,16,68,2,10
2026-04-14,3.094,0.0,12.0,51.0,11.0,46.0,11.0,52.0,26.0,33.0,6.0,52.0,8,48,1,7,15,69,2,10,15,167,2,24,8,48,1,7,15,48,2,7,15,69,2,10
2026-04-15,1.4208,1.5272,11.0,52.0,10.0,47.0,10.0,53.0,25.0,34.0,5.0,53.0,7,49,1,7,14,70,2,10,14,168,2,24,7,49,1,7,14,49,2,7,14,70,2,10
2026-04-16,2.2425,1.6866,10.0,53.0,9.0,48.0,9.0,54.0,24.0,35.0,4.0,54.0,6,50,1,7,13,71,2,10,13,169,2,24,6,50,1,7,13,50,2,7,13,71,2,10
2026-04-17,0.2487,0.0,9.0,54.0,8.0,49.0,8.0,55.0,23.0,36.0,3.0,55.0,5,51,1,7,12,72,2,10,12,170,2,24,5,51,1,7,12,51,2,7,12,72,2,10
2026-04-20,0.0,0.0,8.0,55.0,7.0,50.0,7.0,56.0,22.0,37.0,2.0,56.0,2,54,0,0,9,75,1,11,9,173,1,25,2,54,0,0,9,54,1,8,9,75,1,11
2026-04-21,3.0449,0.4122,7.0,56.0,6.0,51.0,6.0,57.0,21.0,38.0,1.0,57.0,1,55,0,0,8,76,1,11,8,174,1,25,1,55,0,0,8,55,1,8,8,76,1,11
2026-04-22,6.2277,5.2243,6.0,57.0,5.0,52.0,5.0,58.0,20.0,39.0,0.0,0.0,0,0,0,0,7,77,1,11,7,175,1,25,0,0,0,0,7,56,1,8,7,77,1,11
2026-04-23,4.0916,2.2036,5.0,58.0,4.0,53.0,4.0,59.0,19.0,40.0,59.0,1.0,5,1,0,0,6,78,1,11,6,176,1,25,6,1,0,0,6,57,1,8,6,78,1,11
2026-04-24,0.902,0.0772,4.0,59.0,3.0,54.0,3.0,60.0,18.0,41.0,58.0,2.0,4,2,0,0,5,79,1,11,5,177,1,25,5,2,0,0,5,58,1,8,5,79,1,11
2026-04-27,0.7682,0.2192,3.0,60.0,2.0,55.0,2.0,61.0,17.0,42.0,57.0,3.0,1,5,0,0,2,82,0,0,2,180,0,0,2,5,0,0,2,61,0,0,2,82,0,0
2026-04-28,5.1329,2.0473,2.0,61.0,1.0,56.0,1.0,62.0,16.0,43.0,56.0,4.0,0,0,0,0,1,83,0,0,1,181,0,0,1,6,0,0,1,62,0,0,1,83,0,0
2026-04-29,26.1652,40.8021,1.0,62.0,0.0,0.0,0.0,0.0,15.0,44.0,55.0,5.0,0,0,0,0,0,0,0,0,0,0,0,0,0,0,0,0,0,0,0,0,0,0,0,0
2026-04-30,13.2874,11.4086,0.0,0.0,45.0,1.0,63.0,1.0,14.0,45.0,54.0,6.0,0,0,0,0,0,0,0,0,89,1,0,0,0,0,0,0,0,0,0,0,89,1,0,0
2026-05-01,2.2899,0.5822,44.0,1.0,44.0,2.0,62.0,2.0,13.0,46.0,53.0,7.0,19,1,0,0,88,1,0,0,88,2,0,0,19,1,0,0,19,1,0,0,88,2,0,0
2026-05-04,1.067,1.277,43.0,2.0,43.0,3.0,61.0,3.0,12.0,47.0,52.0,8.0,16,4,2,1,85,4,12,1,85,5,12,1,16,4,2,1,16,4,2,1,85,5,12,1
2026-05-05,3.4185,2.3514,42.0,3.0,42.0,4.0,60.0,4.0,11.0,48.0,51.0,9.0,15,5,2,1,84,5,12,1,84,6,12,1,15,5,2,1,15,5,2,1,84,6,12,1
2026-05-06,2.5076,1.7483,41.0,4.0,41.0,5.0,59.0,5.0,10.0,49.0,50.0,10.0,14,6,2,1,83,6,12,1,83,7,12,1,14,6,2,1,14,6,2,1,83,7,12,1
2026-05-07,2.3437,1.2408,40.0,5.0,40.0,6.0,58.0,6.0,9.0,50.0,49.0,11.0,13,7,2,1,82,7,12,1,82,8,12,1,13,7,2,1,13,7,2,1,82,8,12,1
2026-05-08,0.0422,0.0,39.0,6.0,39.0,7.0,57.0,7.0,8.0,51.0,48.0,12.0,12,8,2,1,81,8,12,1,81,9,12,1,12,8,2,1,12,8,2,1,81,9,12,1
2026-05-11,0.3555,0.2597,38.0,7.0,38.0,8.0,56.0,8.0,7.0,52.0,47.0,13.0,9,11,1,2,78,11,11,2,78,12,11,2,9,11,1,2,9,11,1,2,78,12,11,2
2026-05-12,0.0718,0.0,37.0,8.0,37.0,9.0,55.0,9.0,6.0,53.0,46.0,14.0,8,12,1,2,77,12,11,2,77,13,11,2,8,12,1,2,8,12,1,2,77,13,11,2
2026-05-13,0.5341,0.8637,36.0,9.0,36.0,10.0,54.0,10.0,5.0,54.0,45.0,15.0,7,13,1,2,76,13,11,2,76,14,11,2,7,13,1,2,7,13,1,2,76,14,11,2
2026-05-14,0.5084,0.8747,35.0,10.0,35.0,11.0,53.0,11.0,4.0,55.0,44.0,16.0,6,14,1,2,75,14,11,2,75,15,11,2,6,14,1,2,6,14,1,2,75,15,11,2
2026-05-15,0.0,0.0,34.0,11.0,34.0,12.0,52.0,12.0,3.0,56.0,43.0,17.0,5,15,1,2,74,15,11,2,74,16,11,2,5,15,1,2,5,15,1,2,74,16,11,2
2026-05-18,0.0,0.0,33.0,12.0,33.0,13.0,51.0,13.0,2.0,57.0,42.0,18.0,2,18,0,0,71,18,10,3,71,19,10,3,2,18,0,0,2,18,0,0,71,19,10,3
2026-05-19,0.5897,0.0,32.0,13.0,32.0,14.0,50.0,14.0,1.0,58.0,41.0,19.0,1,19,0,0,70,19,10,3,70,20,10,3,1,19,0,0,1,19,0,0,70,20,10,3
2026-05-20,7.9088,12.6061,31.0,14.0,31.0,15.0,49.0,15.0,0.0,0.0,40.0,20.0,0,0,0,0,69,20,10,3,69,21,10,3,0,0,0,0,0,0,0,0,69,21,10,3
2026-05-21,2.4781,3.7653,30.0,15.0,30.0,16.0,48.0,16.0,69.0,1.0,39.0,21.0,42,1,0,0,68,21,10,3,68,22,10,3,42,1,0,0,42,1,0,0,68,22,10,3
2026-05-22,0.0,0.0,29.0,16.0,29.0,17.0,47.0,17.0,68.0,2.0,38.0,22.0,41,2,0,0,67,22,10,3,67,23,10,3,41,2,0,0,41,2,0,0,67,23,10,3
2026-05-25,0.0,0.0,28.0,17.0,28.0,18.0,46.0,18.0,67.0,3.0,37.0,23.0,38,5,5,1,64,25,9,4,64,26,9,4,38,5,5,1,38,5,5,1,64,26,9,4
2026-05-26,0.0857,0.0,27.0,18.0,27.0,19.0,45.0,19.0,66.0,4.0,36.0,24.0,37,6,5,1,63,26,9,4,63,27,9,4,37,6,5,1,37,6,5,1,63,27,9,4
2026-05-27,0.4792,0.5888,26.0,19.0,26.0,20.0,44.0,20.0,65.0,5.0,35.0,25.0,36,7,5,1,62,27,9,4,62,28,9,4,36,7,5,1,36,7,5,1,62,28,9,4
2026-05-28,0.925,1.4801,25.0,20.0,25.0,21.0,43.0,21.0,64.0,6.0,34.0,26.0,35,8,5,1,61,28,9,4,61,29,9,4,35,8,5,1,35,8,5,1,61,29,9,4
2026-05-29,0.0,0.0,24.0,21.0,24.0,22.0,42.0,22.0,63.0,7.0,33.0,27.0,34,9,5,1,60,29,9,4,60,30,9,4,34,9,5,1,34,9,5,1,60,30,9,4
2026-06-01,0.0,0.0,23.0,22.0,23.0,23.0,41.0,23.0,62.0,8.0,32.0,28.0,31,12,4,2,57,32,8,5,57,33,8,5,31,12,4,2,31,12,4,2,57,33,8,5
2026-06-02,0.131,0.0,22.0,23.0,22.0,24.0,40.0,24.0,61.0,9.0,31.0,29.0,30,13,4,2,56,33,8,5,56,34,8,5,30,13,4,2,30,13,4,2,56,34,8,5
2026-06-03,2.9332,4.7224,21.0,24.0,21.0,25.0,39.0,25.0,60.0,10.0,30.0,30.0,29,14,4,2,55,34,8,5,55,35,8,5,29,14,4,2,29,14,4,2,55,35,8,5
2026-06-04,0.1515,0.0,20.0,25.0,20.0,26.0,38.0,26.0,59.0,11.0,29.0,31.0,28,15,4,2,54,35,8,5,54,36,8,5,28,15,4,2,28,15,4,2,54,36,8,5
2026-06-05,0.0,0.0,19.0,26.0,19.0,27.0,37.0,27.0,58.0,12.0,28.0,32.0,27,16,4,2,53,36,8,5,53,37,8,5,27,16,4,2,27,16,4,2,53,37,8,5
2026-06-08,0.0505,0.0,18.0,27.0,18.0,28.0,36.0,28.0,57.0,13.0,27.0,33.0,24,19,3,3,50,39,7,6,50,40,7,6,24,19,3,3,24,19,3,3,50,40,7,6
2026-06-09,0.174,0.2738,17.0,28.0,17.0,29.0,35.0,29.0,56.0,14.0,26.0,34.0,23,20,3,3,49,40,7,6,49,41,7,6,23,20,3,3,23,20,3,3,49,41,7,6
2026-06-10,0.7397,0.0,16.0,29.0,16.0,30.0,34.0,30.0,55.0,15.0,25.0,35.0,22,21,3,3,48,41,7,6,48,42,7,6,22,21,3,3,22,21,3,3,48,42,7,6
2026-06-11,0.1468,0.2526,15.0,30.0,15.0,31.0,33.0,31.0,54.0,16.0,24.0,36.0,21,22,3,3,47,42,7,6,47,43,7,6,21,22,3,3,21,22,3,3,47,43,7,6
2026-06-12,0.0,0.0,14.0,31.0,14.0,32.0,32.0,32.0,53.0,17.0,23.0,37.0,20,23,3,3,46,43,7,6,46,44,7,6,20,23,3,3,20,23,3,3,46,44,7,6
2026-06-15,0.0,0.0,13.0,32.0,13.0,33.0,31.0,33.0,52.0,18.0,22.0,38.0,17,26,2,4,43,46,6,7,43,47,6,7,17,26,2,4,17,26,2,4,43,47,6,7
2026-06-16,0.0841,0.0,12.0,33.0,12.0,34.0,30.0,34.0,51.0,19.0,21.0,39.0,16,27,2,4,42,47,6,7,42,48,6,7,16,27,2,4,16,27,2,4,42,48,6,7
2026-06-17,0.0,0.0,11.0,34.0,11.0,35.0,29.0,35.0,50.0,20.0,20.0,40.0,15,28,2,4,41,48,6,7,41,49,6,7,15,28,2,4,15,28,2,4,41,49,6,7
2026-06-18,0.1739,0.0,10.0,35.0,10.0,36.0,28.0,36.0,49.0,21.0,19.0,41.0,14,29,2,4,40,49,6,7,40,50,6,7,14,29,2,4,14,29,2,4,40,50,6,7
2026-06-19,0.0,0.0,9.0,36.0,9.0,37.0,27.0,37.0,48.0,22.0,18.0,42.0,13,30,2,4,39,50,6,7,39,51,6,7,13,30,2,4,13,30,2,4,39,51,6,7
2026-06-22,0.0622,0.0,8.0,37.0,8.0,38.0,26.0,38.0,47.0,23.0,17.0,43.0,10,33,1,5,36,53,5,8,36,54,5,8,10,33,1,5,10,33,1,5,36,54,5,8
2026-06-23,0.1361,0.0,7.0,38.0,7.0,39.0,25.0,39.0,46.0,24.0,16.0,44.0,9,34,1,5,35,54,5,8,35,55,5,8,9,34,1,5,9,34,1,5,35,55,5,8
2026-06-24,0.8165,1.2579,6.0,39.0,6.0,40.0,24.0,40.0,45.0,25.0,15.0,45.0,8,35,1,5,34,55,5,8,34,56,5,8,8,35,1,5,8,35,1,5,34,56,5,8
2026-06-25,0.1944,0.0831,5.0,40.0,5.0,41.0,23.0,41.0,44.0,26.0,14.0,46.0,7,36,1,5,33,56,5,8,33,57,5,8,7,36,1,5,7,36,1,5,33,57,5,8
2026-06-26,0.0,0.0,4.0,41.0,4.0,42.0,22.0,42.0,43.0,27.0,13.0,47.0,6,37,1,5,32,57,5,8,32,58,5,8,6,37,1,5,6,37,1,5,32,58,5,8
2026-06-29,0.0,0.0,3.0,42.0,3.0,43.0,21.0,43.0,42.0,28.0,12.0,48.0,3,40,0,0,29,60,4,9,29,61,4,9,3,40,0,0,3,40,0,0,29,61,4,9
2026-06-30,0.0,0.0,2.0,43.0,2.0,44.0,20.0,44.0,41.0,29.0,11.0,49.0,2,41,0,0,28,61,4,9,28,62,4,9,2,41,0,0,2,41,0,0,28,62,4,9
2026-07-01,0.198,0.0,1.0,44.0,1.0,45.0,19.0,45.0,40.0,30.0,10.0,50.0,1,42,0,0,27,62,4,9,27,63,4,9,1,42,0,0,1,42,0,0,27,63,4,9
2026-07-02,9.9258,16.8575,0.0,0.0,0.0,0.0,18.0,46.0,39.0,31.0,9.0,51.0,0,0,0,0,26,63,4,9,26,64,4,9,0,0,0,0,0,0,0,0,26,64,4,9
2026-07-03,1.5307,0.0,84.0,1.0,79.0,1.0,17.0,47.0,38.0,32.0,8.0,52.0,12,1,0,0,25,64,4,9,25,65,4,9,12,1,0,0,25,1,0,0,25,65,4,9
2026-07-06,0.0,0.0,83.0,2.0,78.0,2.0,16.0,48.0,37.0,33.0,7.0,53.0,9,4,1,1,22,67,3,10,22,68,3,10,9,4,1,1,22,4,3,1,22,68,3,10
2026-07-07,0.2267,0.0,82.0,3.0,77.0,3.0,15.0,49.0,36.0,34.0,6.0,54.0,8,5,1,1,21,68,3,10,21,69,3,10,8,5,1,1,21,5,3,1,21,69,3,10
2026-07-08,0.0,0.0,81.0,4.0,76.0,4.0,14.0,50.0,35.0,35.0,5.0,55.0,7,6,1,1,20,69,3,10,20,70,3,10,7,6,1,1,20,6,3,1,20,70,3,10
2026-07-09,0.0781,0.0,80.0,5.0,75.0,5.0,13.0,51.0,34.0,36.0,4.0,56.0,6,7,1,1,19,70,3,10,19,71,3,10,6,7,1,1,19,7,3,1,19,71,3,10
2026-07-10,0.0,0.0,79.0,6.0,74.0,6.0,12.0,52.0,33.0,37.0,3.0,57.0,5,8,1,1,18,71,3,10,18,72,3,10,5,8,1,1,18,8,3,1,18,72,3,10
2026-07-13,0.0758,0.1304,78.0,7.0,73.0,7.0,11.0,53.0,32.0,38.0,2.0,58.0,2,11,0,0,15,74,2,11,15,75,2,11,2,11,0,0,15,11,2,2,15,75,2,11
2026-07-14,2.9988,0.0,77.0,8.0,72.0,8.0,10.0,54.0,31.0,39.0,1.0,59.0,1,12,0,0,14,75,2,11,14,76,2,11,1,12,0,0,14,12,2,2,14,76,2,11
2026-07-15,5.3169,5.3018,76.0,9.0,71.0,9.0,9.0,55.0,30.0,40.0,0.0,0.0,0,0,0,0,13,76,2,11,13,77,2,11,0,0,0,0,13,13,2,2,13,77,2,11
2026-07-16,3.3343,2.2694,75.0,10.0,70.0,10.0,8.0,56.0,29.0,41.0,69.0,1.0,6,1,0,0,12,77,2,11,12,78,2,11,6,1,0,0,12,14,2,2,12,78,2,11
2026-07-17,1.1103,0.0,74.0,11.0,69.0,11.0,7.0,57.0,28.0,42.0,68.0,2.0,5,2,0,0,11,78,2,11,11,79,2,11,5,2,0,0,11,15,2,2,11,79,2,11
2026-07-20,0.0,0.0,73.0,12.0,68.0,12.0,6.0,58.0,27.0,43.0,67.0,3.0,2,5,0,0,8,81,1,12,8,82,1,12,2,5,0,0,8,18,1,3,8,82,1,12
2026-07-21,0.5503,0.0,72.0,13.0,67.0,13.0,5.0,59.0,26.0,44.0,66.0,4.0,1,6,0,0,7,82,1,12,7,83,1,12,1,6,0,0,7,19,1,3,7,83,1,12
2026-07-22,7.1023,6.2984,71.0,14.0,66.0,14.0,4.0,60.0,25.0,45.0,65.0,5.0,0,0,0,0,6,83,1,12,6,84,1,12,0,0,0,0,6,20,1,3,6,84,1,12
2026-07-23,5.2714,2.9051,70.0,15.0,65.0,15.0,3.0,61.0,24.0,46.0,64.0,6.0,0,0,0,0,5,84,1,12,5,85,1,12,5,1,0,0,5,21,1,3,5,85,1,12
2026-07-24,0.5331,0.1695,69.0,16.0,64.0,16.0,2.0,62.0,23.0,47.0,63.0,7.0,4,1,0,0,4,85,1,12,4,86,1,12,4,2,0,0,4,22,1,3,4,86,1,12
2026-07-27,0.6792,0.3583,68.0,17.0,63.0,17.0,1.0,63.0,22.0,48.0,62.0,8.0,1,4,0,0,1,88,0,0,1,89,0,0,1,5,0,0,1,25,0,0,1,89,0,0
2026-07-28,21.3158,29.2554,67.0,18.0,62.0,18.0,0.0,0.0,21.0,49.0,61.0,9.0,0,0,0,0,0,0,0,0,0,0,0,0,0,0,0,0,0,0,0,0,0,0,0,0
2026-07-29,1.1208,1.3706,66.0,19.0,61.0,19.0,64.0,1.0,20.0,50.0,60.0,10.0,8,1,0,0,90,1,0,0,90,1,0,0,28,1,0,0,28,1,0,0,90,1,0,0
2026-07-30,0.6525,0.0,65.0,20.0,60.0,20.0,63.0,2.0,19.0,51.0,59.0,11.0,7,2,0,0,89,2,0,0,89,2,0,0,27,2,0,0,27,2,0,0,89,2,0,0
2026-07-31,0.5803,0.0,64.0,21.0,59.0,21.0,62.0,3.0,18.0,52.0,58.0,12.0,6,3,0,0,88,3,0,0,88,3,0,0,26,3,0,0,26,3,0,0,88,3,0,0
2026-08-03,3.2037,1.1811,63.0,22.0,58.0,22.0,61.0,4.0,17.0,53.0,57.0,13.0,3,6,0,0,85,6,12,1,85,6,12,1,23,6,3,1,23,6,3,1,85,6,12,1
2026-08-04,4.8109,2.3766,62.0,23.0,57.0,23.0,60.0,5.0,16.0,54.0,56.0,14.0,2,7,0,0,84,7,12,1,84,7,12,1,22,7,3,1,22,7,3,1,84,7,12,1
2026-08-05,2.4613,1.0091,61.0,24.0,56.0,24.0,59.0,6.0,15.0,55.0,55.0,15.0,1,8,0,0,83,8,12,1,83,8,12,1,21,8,3,1,21,8,3,1,83,8,12,1
2026-08-06,5.2885,3.1263,60.0,25.0,55.0,25.0,58.0,7.0,14.0,56.0,54.0,16.0,0,0,0,0,82,9,12,1,82,9,12,1,20,9,3,1,20,9,3,1,82,9,12,1
2026-08-07,0.4573,0.0,59.0,26.0,54.0,26.0,57.0,8.0,13.0,57.0,53.0,17.0,19,1,0,0,81,10,12,1,81,10,12,1,19,10,3,1,19,10,3,1,81,10,12,1
2026-08-10,0.0251,0.0,58.0,27.0,53.0,27.0,56.0,9.0,12.0,58.0,52.0,18.0,16,4,2,1,78,13,11,2,78,13,11,2,16,13,2,2,16,13,2,2,78,13,11,2
2026-08-11,0.3922,0.0799,57.0,28.0,52.0,28.0,55.0,10.0,11.0,59.0,51.0,19.0,15,5,2,1,77,14,11,2,77,14,11,2,15,14,2,2,15,14,2,2,77,14,11,2
2026-08-12,0.5136,0.414,56.0,29.0,51.0,29.0,54.0,11.0,10.0,60.0,50.0,20.0,14,6,2,1,76,15,11,2,76,15,11,2,14,15,2,2,14,15,2,2,76,15,11,2
2026-08-13,0.5031,0.1001,55.0,30.0,50.0,30.0,53.0,12.0,9.0,61.0,49.0,21.0,13,7,2,1,75,16,11,2,75,16,11,2,13,16,2,2,13,16,2,2,75,16,11,2
2026-08-14,0.1107,0.0,54.0,31.0,49.0,31.0,52.0,13.0,8.0,62.0,48.0,22.0,12,8,2,1,74,17,11,2,74,17,11,2,12,17,2,2,12,17,2,2,74,17,11,2
2026-08-17,0.2233,0.3448,53.0,32.0,48.0,32.0,51.0,14.0,7.0,63.0,47.0,23.0,9,11,1,2,71,20,10,3,71,20,10,3,9,20,1,3,9,20,1,3,71,20,10,3
2026-08-18,0.748,0.0,52.0,33.0,47.0,33.0,50.0,15.0,6.0,64.0,46.0,24.0,8,12,1,2,70,21,10,3,70,21,10,3,8,21,1,3,8,21,1,3,70,21,10,3
2026-08-19,1.5695,1.5475,51.0,34.0,46.0,34.0,49.0,16.0,5.0,65.0,45.0,25.0,7,13,1,2,69,22,10,3,69,22,10,3,7,22,1,3,7,22,1,3,69,22,10,3
2026-08-20,2.1203,3.5004,50.0,35.0,45.0,35.0,48.0,17.0,4.0,66.0,44.0,26.0,6,14,1,2,68,23,10,3,68,23,10,3,6,23,1,3,6,23,1,3,68,23,10,3
2026-08-21,0.2326,0.0,49.0,36.0,44.0,36.0,47.0,18.0,3.0,67.0,43.0,27.0,5,15,1,2,67,24,10,3,67,24,10,3,5,24,1,3,5,24,1,3,67,24,10,3
2026-08-24,0.0,0.0,48.0,37.0,43.0,37.0,46.0,19.0,2.0,68.0,42.0,28.0,2,18,0,0,64,27,9,4,64,27,9,4,2,27,0,0,2,27,0,0,64,27,9,4
2026-08-25,0.1728,0.0,47.0,38.0,42.0,38.0,45.0,20.0,1.0,69.0,41.0,29.0,1,19,0,0,63,28,9,4,63,28,9,4,1,28,0,0,1,28,0,0,63,28,9,4
2026-08-26,7.5191,12.3909,46.0,39.0,41.0,39.0,44.0,21.0,0.0,0.0,40.0,30.0,0,0,0,0,62,29,9,4,62,29,9,4,0,0,0,0,0,0,0,0,62,29,9,4
2026-08-27,0.5163,0.6869,45.0,40.0,40.0,40.0,43.0,22.0,59.0,1.0,39.0,31.0,56,1,0,0,61,30,9,4,61,30,9,4,55,1,0,0,61,1,0,0,61,30,9,4
2026-08-28,0.0,0.0,44.0,41.0,39.0,41.0,42.0,23.0,58.0,2.0,38.0,32.0,55,2,0,0,60,31,9,4,60,31,9,4,54,2,0,0,60,2,0,0,60,31,9,4
2026-08-31,0.0,0.3687,43.0,42.0,38.0,42.0,41.0,24.0,57.0,3.0,37.0,33.0,52,5,7,1,57,34,8,5,57,34,8,5,51,5,7,1,57,5,8,1,57,34,8,5
2026-09-01,0.1661,0.054,42.0,43.0,37.0,43.0,40.0,25.0,56.0,4.0,36.0,34.0,51,6,7,1,56,35,8,5,56,35,8,5,50,6,7,1,56,6,8,1,56,35,8,5
2026-09-02,0.2867,0.3553,41.0,44.0,36.0,44.0,39.0,26.0,55.0,5.0,35.0,35.0,50,7,7,1,55,36,8,5,55,36,8,5,49,7,7,1,55,7,8,1,55,36,8,5
2026-09-03,2.9027,4.7224,40.0,45.0,35.0,45.0,38.0,27.0,54.0,6.0,34.0,36.0,49,8,7,1,54,37,8,5,54,37,8,5,48,8,7,1,54,8,8,1,54,37,8,5
2026-09-04,0.0,0.0,39.0,46.0,34.0,46.0,37.0,28.0,53.0,7.0,33.0,37.0,48,9,7,1,53,38,8,5,53,38,8,5,47,9,7,1,53,9,8,1,53,38,8,5
2026-09-07,0.0,0.0,38.0,47.0,33.0,47.0,36.0,29.0,52.0,8.0,32.0,38.0,45,12,6,2,50,41,7,6,50,41,7,6,44,12,6,2,50,12,7,2,50,41,7,6
2026-09-08,0.0,0.0,37.0,48.0,32.0,48.0,35.0,30.0,51.0,9.0,31.0,39.0,44,13,6,2,49,42,7,6,49,42,7,6,43,13,6,2,49,13,7,2,49,42,7,6
2026-09-09,0.0,0.0,36.0,49.0,31.0,49.0,34.0,31.0,50.0,10.0,30.0,40.0,43,14,6,2,48,43,7,6,48,43,7,6,42,14,6,2,48,14,7,2,48,43,7,6
2026-09-10,0.1468,0.2526,35.0,50.0,30.0,50.0,33.0,32.0,49.0,11.0,29.0,41.0,42,15,6,2,47,44,7,6,47,44,7,6,41,15,6,2,47,15,7,2,47,44,7,6
2026-09-11,0.0622,0.0,34.0,51.0,29.0,51.0,32.0,33.0,48.0,12.0,28.0,42.0,41,16,6,2,46,45,7,6,46,45,7,6,40,16,6,2,46,16,7,2,46,45,7,6
2026-09-14,0.7397,0.0,33.0,52.0,28.0,52.0,31.0,34.0,47.0,13.0,27.0,43.0,38,19,5,3,43,48,6,7,43,48,6,7,37,19,5,3,43,19,6,3,43,48,6,7
2026-09-15,0.0857,0.0,32.0,53.0,27.0,53.0,30.0,35.0,46.0,14.0,26.0,44.0,37,20,5,3,42,49,6,7,42,49,6,7,36,20,5,3,42,20,6,3,42,49,6,7
2026-09-16,0.0609,0.0,31.0,54.0,26.0,54.0,29.0,36.0,45.0,15.0,25.0,45.0,36,21,5,3,41,50,6,7,41,50,6,7,35,21,5,3,41,21,6,3,41,50,6,7
2026-09-17,0.1825,0.0,30.0,55.0,25.0,55.0,28.0,37.0,44.0,16.0,24.0,46.0,35,22,5,3,40,51,6,7,40,51,6,7,34,22,5,3,40,22,6,3,40,51,6,7
2026-09-18,0.0,0.0,29.0,56.0,24.0,56.0,27.0,38.0,43.0,17.0,23.0,47.0,34,23,5,3,39,52,6,7,39,52,6,7,33,23,5,3,39,23,6,3,39,52,6,7
2026-09-21,0.0,0.0,28.0,57.0,23.0,57.0,26.0,39.0,42.0,18.0,22.0,48.0,31,26,4,4,36,55,5,8,36,55,5,8,30,26,4,4,36,26,5,4,36,55,5,8
2026-09-22,0.0,0.0,27.0,58.0,22.0,58.0,25.0,40.0,41.0,19.0,21.0,49.0,30,27,4,4,35,56,5,8,35,56,5,8,29,27,4,4,35,27,5,4,35,56,5,8
2026-09-23,0.7793,1.341,26.0,59.0,21.0,59.0,24.0,41.0,40.0,20.0,20.0,50.0,29,28,4,4,34,57,5,8,34,57,5,8,28,28,4,4,34,28,5,4,34,57,5,8
2026-09-24,0.8659,1.1039,25.0,60.0,20.0,60.0,23.0,42.0,39.0,21.0,19.0,51.0,28,29,4,4,33,58,5,8,33,58,5,8,27,29,4,4,33,29,5,4,33,58,5,8
2026-09-25,0.0,0.0,24.0,61.0,19.0,61.0,22.0,43.0,38.0,22.0,18.0,52.0,27,30,4,4,32,59,5,8,32,59,5,8,26,30,4,4,32,30,5,4,32,59,5,8
2026-09-28,0.0,0.0,23.0,62.0,18.0,62.0,21.0,44.0,37.0,23.0,17.0,53.0,24,33,3,5,29,62,4,9,29,62,4,9,23,33,3,5,29,33,4,5,29,62,4,9
2026-09-29,0.0,0.0,22.0,63.0,17.0,63.0,20.0,45.0,36.0,24.0,16.0,54.0,23,34,3,5,28,63,4,9,28,63,4,9,22,34,3,5,28,34,4,5,28,63,4,9
2026-09-30,0.0,0.0,21.0,64.0,16.0,64.0,19.0,46.0,35.0,25.0,15.0,55.0,22,35,3,5,27,64,4,9,27,64,4,9,21,35,3,5,27,35,4,5,27,64,4,9
2026-10-01,0.5564,0.6009,20.0,65.0,15.0,65.0,18.0,47.0,34.0,26.0,14.0,56.0,21,36,3,5,26,65,4,9,26,65,4,9,20,36,3,5,26,36,4,5,26,65,4,9
2026-10-02,0.0913,0.0,19.0,66.0,14.0,66.0,17.0,48.0,33.0,27.0,13.0,57.0,20,37,3,5,25,66,4,9,25,66,4,9,19,37,3,5,25,37,4,5,25,66,4,9
2026-10-05,0.1148,0.1391,18.0,67.0,13.0,67.0,16.0,49.0,32.0,28.0,12.0,58.0,17,40,2,6,22,69,3,10,22,69,3,10,16,40,2,6,22,40,3,6,22,69,3,10
2026-10-06,0.0206,0.0,17.0,68.0,12.0,68.0,15.0,50.0,31.0,29.0,11.0,59.0,16,41,2,6,21,70,3,10,21,70,3,10,15,41,2,6,21,41,3,6,21,70,3,10
2026-10-07,0.0,0.0,16.0,69.0,11.0,69.0,14.0,51.0,30.0,30.0,10.0,60.0,15,42,2,6,20,71,3,10,20,71,3,10,14,42,2,6,20,42,3,6,20,71,3,10
2026-10-08,0.1616,0.1304,15.0,70.0,10.0,70.0,13.0,52.0,29.0,31.0,9.0,61.0,14,43,2,6,19,72,3,10,19,72,3,10,13,43,2,6,19,43,3,6,19,72,3,10
2026-10-09,2.3966,0.0,14.0,71.0,9.0,71.0,12.0,53.0,28.0,32.0,8.0,62.0,13,44,2,6,18,73,3,10,18,73,3,10,12,44,2,6,18,44,3,6,18,73,3,10
2026-10-12,0.0,0.0,13.0,72.0,8.0,72.0,11.0,54.0,27.0,33.0,7.0,63.0,10,47,1,7,15,76,2,11,15,76,2,11,9,47,1,7,15,47,2,7,15,76,2,11
2026-10-13,0.6479,0.5348,12.0,73.0,7.0,73.0,10.0,55.0,26.0,34.0,6.0,64.0,9,48,1,7,14,77,2,11,14,77,2,11,8,48,1,7,14,48,2,7,14,77,2,11
2026-10-14,0.0,0.0,11.0,74.0,6.0,74.0,9.0,56.0,25.0,35.0,5.0,65.0,8,49,1,7,13,78,2,11,13,78,2,11,7,49,1,7,13,49,2,7,13,78,2,11
2026-10-15,1.7117,0.2026,10.0,75.0,5.0,75.0,8.0,57.0,24.0,36.0,4.0,66.0,7,50,1,7,12,79,2,11,12,79,2,11,6,50,1,7,12,50,2,7,12,79,2,11
2026-10-16,0.5273,0.0,9.0,76.0,4.0,76.0,7.0,58.0,23.0,37.0,3.0,67.0,6,51,1,7,11,80,2,11,11,80,2,11,5,51,1,7,11,51,2,7,11,80,2,11
2026-10-19,0.438,0.0,8.0,77.0,3.0,77.0,6.0,59.0,22.0,38.0,2.0,68.0,3,54,0,0,8,83,1,12,8,83,1,12,2,54,0,0,8,54,1,8,8,83,1,12
2026-10-20,3.5639,1.4101,7.0,78.0,2.0,78.0,5.0,60.0,21.0,39.0,1.0,69.0,2,55,0,0,7,84,1,12,7,84,1,12,1,55,0,0,7,55,1,8,7,84,1,12
2026-10-21,4.8334,5.9198,6.0,79.0,1.0,79.0,4.0,61.0,20.0,40.0,0.0,0.0,1,56,0,0,6,85,1,12,6,85,1,12,0,0,0,0,6,56,1,8,6,85,1,12
2026-10-22,9.866,9.9172,5.0,80.0,0.0,0.0,3.0,62.0,19.0,41.0,,1.0,0,0,0,0,5,86,1,12,5,86,1,12,0,0,0,0,5,57,1,8,5,86,1,12
2026-10-23,2.4828,0.0772,4.0,81.0,,1.0,2.0,63.0,18.0,42.0,,2.0,4,1,0,0,4,87,1,12,4,87,1,12,4,1,0,0,4,58,1,8,4,87,1,12
2026-10-26,0.4272,0.2192,3.0,82.0,,2.0,1.0,64.0,17.0,43.0,,3.0,1,4,0,0,1,90,0,0,1,90,0,0,1,4,0,0,1,61,0,0,1,90,0,0
2026-10-27,21.6501,29.0721,2.0,83.0,,3.0,0.0,0.0,16.0,44.0,,4.0,0,0,0,0,0,0,0,0,0,0,0,0,0,0,0,0,0,0,0,0,0,0,0,0
2026-10-28,6.5546,5.4277,1.0,84.0,,4.0,,1.0,15.0,45.0,,5.0,0,0,0,0,,1,0,0,,1,0,0,0,0,0,0,1,1,0,0,,1,0,0
2026-10-29,6.8951,10.5316,0.0,0.0,,5.0,,2.0,14.0,46.0,,6.0,0,0,0,0,,2,0,0,,2,0,0,0,0,0,0,0,0,0,0,,2,0,0
2026-10-30,0.0,0.0,,1.0,,6.0,,3.0,13.0,47.0,,7.0,6,1,0,0,,3,0,0,,3,0,0,19,1,0,0,19,1,0,0,,3,0,0
2026-11-02,1.6971,1.5367,,2.0,,7.0,,4.0,12.0,48.0,,8.0,3,4,0,0,,6,,1,,6,,1,16,4,2,1,16,4,2,1,,6,,1
2026-11-03,3.5947,2.3164,,3.0,,8.0,,5.0,11.0,49.0,,9.0,2,5,0,0,,7,,1,,7,,1,15,5,2,1,15,5,2,1,,7,,1
2026-11-04,4.2147,2.3345,,4.0,,9.0,,6.0,10.0,50.0,,10.0,1,6,0,0,,8,,1,,8,,1,14,6,2,1,14,6,2,1,,8,,1
2026-11-05,5.048,2.133,,5.0,,10.0,,7.0,9.0,51.0,,11.0,0,0,0,0,,9,,1,,9,,1,13,7,2,1,13,7,2,1,,9,,1
2026-11-06,0.5451,0.0,,6.0,,11.0,,8.0,8.0,52.0,,12.0,12,1,0,0,,10,,1,,10,,1,12,8,2,1,12,8,2,1,,10,,1
2026-11-09,1.6204,0.0,,7.0,,12.0,,9.0,7.0,53.0,,13.0,9,4,1,1,,13,,2,,13,,2,9,11,1,2,9,11,1,2,,13,,2
2026-11-10,0.2356,0.0,,8.0,,13.0,,10.0,6.0,54.0,,14.0,8,5,1,1,,14,,2,,14,,2,8,12,1,2,8,12,1,2,,14,,2
2026-11-11,0.3575,0.414,,9.0,,14.0,,11.0,5.0,55.0,,15.0,7,6,1,1,,15,,2,,15,,2,7,13,1,2,7,13,1,2,,15,,2
2026-11-12,0.6187,0.0,,10.0,,15.0,,12.0,4.0,56.0,,16.0,6,7,1,1,,16,,2,,16,,2,6,14,1,2,6,14,1,2,,16,,2
2026-11-13,0.0,0.0,,11.0,,16.0,,13.0,3.0,57.0,,17.0,5,8,1,1,,17,,2,,17,,2,5,15,1,2,5,15,1,2,,17,,2
2026-11-16,0.1329,0.0,,12.0,,17.0,,14.0,2.0,58.0,,18.0,2,11,0,0,,20,,3,,20,,3,2,18,0,0,2,18,0,0,,20,,3
2026-11-17,2.3685,2.8226,,13.0,,18.0,,15.0,1.0,59.0,,19.0,1,12,0,0,,21,,3,,21,,3,1,19,0,0,1,19,0,0,,21,,3
2026-11-18,8.3759,13.4698,,14.0,,19.0,,16.0,0.0,0.0,,20.0,0,0,0,0,,22,,3,,22,,3,0,0,0,0,0,0,0,0,,22,,3
2026-11-19,0.6392,1.0401,,15.0,,20.0,,17.0,,1.0,,21.0,,1,0,0,,23,,3,,23,,3,21,1,0,0,,1,0,0,,23,,3
2026-11-20,0.0,0.0,,16.0,,21.0,,18.0,,2.0,,22.0,,2,0,0,,24,,3,,24,,3,20,2,0,0,,2,0,0,,24,,3
2026-11-23,0.0,0.0,,17.0,,22.0,,19.0,,3.0,,23.0,,5,,1,,27,,4,,27,,4,17,5,2,1,,5,,1,,27,,4
2026-11-24,0.8403,1.3197,,18.0,,23.0,,20.0,,4.0,,24.0,,6,,1,,28,,4,,28,,4,16,6,2,1,,6,,1,,28,,4
2026-11-25,0.2326,0.0,,19.0,,24.0,,21.0,,5.0,,25.0,,7,,1,,29,,4,,29,,4,15,7,2,1,,7,,1,,29,,4
2026-11-26,0.0,0.0,,20.0,,25.0,,22.0,,6.0,,26.0,,8,,1,,30,,4,,30,,4,14,8,2,1,,8,,1,,30,,4
2026-11-27,0.0,0.0,,21.0,,26.0,,23.0,,7.0,,27.0,,9,,1,,31,,4,,31,,4,13,9,2,1,,9,,1,,31,,4
2026-11-30,0.0,0.0,,22.0,,27.0,,24.0,,8.0,,28.0,,12,,2,,34,,5,,34,,5,10,12,1,2,,12,,2,,34,,5
2026-12-01,0.0857,0.0,,23.0,,28.0,,25.0,,9.0,,29.0,,13,,2,,35,,5,,35,,5,9,13,1,2,,13,,2,,35,,5
2026-12-02,0.4419,0.2201,,24.0,,29.0,,26.0,,10.0,,30.0,,14,,2,,36,,5,,36,,5,8,14,1,2,,14,,2,,36,,5
2026-12-03,0.1593,0.3222,,25.0,,30.0,,27.0,,11.0,,31.0,,15,,2,,37,,5,,37,,5,7,15,1,2,,15,,2,,37,,5
2026-12-04,0.0,0.0,,26.0,,31.0,,28.0,,12.0,,32.0,,16,,2,,38,,5,,38,,5,6,16,1,2,,16,,2,,38,,5
2026-12-07,0.0,0.054,,27.0,,32.0,,29.0,,13.0,,33.0,,19,,3,,41,,6,,41,,6,3,19,0,0,,19,,3,,41,,6
2026-12-08,0.0413,0.0,,28.0,,33.0,,30.0,,14.0,,34.0,,20,,3,,42,,6,,42,,6,2,20,0,0,,20,,3,,42,,6
2026-12-09,0.2033,0.2526,,29.0,,34.0,,31.0,,15.0,,35.0,,21,,3,,43,,6,,43,,6,1,21,0,0,,21,,3,,43,,6
2026-12-10,3.518,5.8263,,30.0,,35.0,,32.0,,16.0,,36.0,,22,,3,,44,,6,,44,,6,0,0,0,0,,22,,3,,44,,6
2026-12-11,0.0,0.0,,31.0,,36.0,,33.0,,17.0,,37.0,,23,,3,,45,,6,,45,,6,,1,0,0,,23,,3,,45,,6
2026-12-14,0.7397,0.0,,32.0,,37.0,,34.0,,18.0,,38.0,,26,,4,,48,,7,,48,,7,,4,,1,,26,,4,,48,,7
2026-12-15,0.1488,0.0,,33.0,,38.0,,35.0,,19.0,,39.0,,27,,4,,49,,7,,49,,7,,5,,1,,27,,4,,49,,7
2026-12-16,0.7583,1.2579,,34.0,,39.0,,36.0,,20.0,,40.0,,28,,4,,50,,7,,50,,7,,6,,1,,28,,4,,50,,7
2026-12-17,0.4759,0.2613,,35.0,,40.0,,37.0,,21.0,,41.0,,29,,4,,51,,7,,51,,7,,7,,1,,29,,4,,51,,7
2026-12-18,0.0919,0.0,,36.0,,41.0,,38.0,,22.0,,42.0,,30,,4,,52,,7,,52,,7,,8,,1,,30,,4,,52,,7
