date,calendar_day_of_week,calendar_month,calendar_name_today,calendar_closure_type_today,calendar_days_to_closure,calendar_days_from_closure,calendar_weeks_to_closure,calendar_weeks_from_closure,calendar_days_to_early_close,calendar_days_from_early_close,calendar_weeks_to_early_close,calendar_weeks_from_early_close,calendar_is_closure_today,calendar_is_early_close_today,calendar_days_to_last_trading_day_of_month,calendar_days_from_last_trading_day_of_month,calendar_weeks_to_last_trading_day_of_month,calendar_weeks_from_last_trading_day_of_month,calendar_days_to_last_trading_day_of_quarter,calendar_days_from_last_trading_day_of_quarter,calendar_weeks_to_last_trading_day_of_quarter,calendar_weeks_from_last_trading_day_of_quarter,calendar_days_to_last_trading_day_of_year,calendar_days_from_last_trading_day_of_year,calendar_weeks_to_last_trading_day_of_year,calendar_weeks_from_last_trading_day_of_year
2018-01-01,1,1,New Year's Day,closed,0,0,0,0,183,,26,,1,0,30,,4,,87,,12,,364,,52,
2018-01-02,2,1,,,13,1,0,0,182,,26,,0,0,29,,4,,86,,12,,363,,52,
2018-01-03,3,1,,,12,2,0,0,181,,26,,0,0,28,,4,,85,,12,,362,,52,
2018-01-04,4,1,,,11,3,0,0,180,,26,,0,0,27,,4,,84,,12,,361,,52,
2018-01-05,5,1,,,10,4,0,0,179,,26,,0,0,26,,4,,83,,12,,360,,52,
2018-01-08,1,1,,,7,7,1,1,176,,25,,0,0,23,,3,,80,,11,,357,,51,
2018-01-09,2,1,,,6,8,1,1,175,,25,,0,0,22,,3,,79,,11,,356,,51,
2018-01-10,3,1,,,5,9,1,1,174,,25,,0,0,21,,3,,78,,11,,355,,51,
2018-01-11,4,1,,,4,10,1,1,173,,25,,0,0,20,,3,,77,,11,,354,,51,
2018-01-12,5,1,,,3,11,1,1,172,,25,,0,0,19,,3,,76,,11,,353,,51,
2018-01-15,1,1,Martin Luther King Jr. Day,closed,0,0,0,0,169,,24,,1,0,16,,2,,73,,10,,350,,50,
2018-01-16,2,1,,,34,1,0,0,168,,24,,0,0,15,,2,,72,,10,,349,,50,
2018-01-17,3,1,,,33,2,0,0,167,,24,,0,0,14,,2,,71,,10,,348,,50,
2018-01-18,4,1,,,32,3,0,0,166,,24,,0,0,13,,2,,70,,10,,347,,50,
2018-01-19,5,1,,,31,4,0,0,165,,24,,0,0,12,,2,,69,,10,,346,,50,
2018-01-22,1,1,,,28,7,4,1,162,,23,,0,0,9,,1,,66,,9,,343,,49,
2018-01-23,2,1,,,27,8,4,1,161,,23,,0,0,8,,1,,65,,9,,342,,49,
2018-01-24,3,1,,,26,9,4,1,160,,23,,0,0,7,,1,,64,,9,,341,,49,
2018-01-25,4,1,,,25,10,4,1,159,,23,,0,0,6,,1,,63,,9,,340,,49,
2018-01-26,5,1,,,24,11,4,1,158,,23,,0,0,5,,1,,62,,9,,339,,49,
2018-01-29,1,1,,,21,14,3,2,155,,22,,0,0,2,,0,0,59,,8,,336,,48,
2018-01-30,2,1,,,20,15,3,2,154,,22,,0,0,1,,0,0,58,,8,,335,,48,
2018-01-31,3,1,,,19,16,3,2,153,,22,,0,0,0,0,0,0,57,,8,,334,,48,
2018-02-01,4,2,,,18,17,3,2,152,,22,,0,0,27,1,0,0,56,,8,,333,,48,
2018-02-02,5,2,,,17,18,3,2,151,,22,,0,0,26,2,0,0,55,,8,,332,,48,
2018-02-05,1,2,,,14,21,2,3,148,,21,,0,0,23,5,3,1,52,,7,,329,,47,
2018-02-06,2,2,,,13,22,2,3,147,,21,,0,0,22,6,3,1,51,,7,,328,,47,
2018-02-07,3,2,,,12,23,2,3,146,,21,,0,0,21,7,3,1,50,,7,,327,,47,
2018-02-08,4,2,,,11,24,2,3,145,,21,,0,0,20,8,3,1,49,,7,,326,,47,
2018-02-09,5,2,,,10,25,2,3,144,,21,,0,0,19,9,3,1,48,,7,,325,,47,
2018-02-12,1,2,,,7,28,1,4,141,,20,,0,0,16,12,2,2,45,,6,,322,,46,
2018-02-13,2,2,,,6,29,1,4,140,,20,,0,0,15,13,2,2,44,,6,,321,,46,
2018-02-14,3,2,,,5,30,1,4,139,,20,,0,0,14,14,2,2,43,,6,,320,,46,
2018-02-15,4,2,,,4,31,1,4,138,,20,,0,0,13,15,2,2,42,,6,,319,,46,
2018-02-16,5,2,,,3,32,1,4,137,,20,,0,0,12,16,2,2,41,,6,,318,,46,
2018-02-19,1,2,Washington's Birthday,closed,0,0,0,0,134,,19,,1,0,9,19,1,3,38,,5,,315,,45,
2018-02-20,2,2,,,38,1,0,0,133,,19,,0,0,8,20,1,3,37,,5,,314,,45,
2018-02-21,3,2,,,37,2,0,0,132,,19,,0,0,7,21,1,3,36,,5,,313,,45,
2018-02-22,4,2,,,36,3,0,0,131,,19,,0,0,6,22,1,3,35,,5,,312,,45,
2018-02-23,5,2,,,35,4,0,0,130,,19,,0,0,5,23,1,3,34,,5,,311,,45,
2018-02-26,1,2,,,32,7,4,1,127,,18,,0,0,2,26,0,0,31,,4,,308,,44,
2018-02-27,2,2,,,31,8,4,1,126,,18,,0,0,1,27,0,0,30,,4,,307,,44,
2018-02-28,3,2,,,30,9,4,1,125,,18,,0,0,0,0,0,0,29,,4,,306,,44,
2018-03-01,4,3,,,29,10,4,1,124,,18,,0,0,28,1,0,0,28,,4,,305,,44,
2018-03-02,5,3,,,28,11,4,1,123,,18,,0,0,27,2,0,0,27,,4,,304,,44,
2018-03-05,1,3,,,25,14,3,2,120,,17,,0,0,24,5,3,1,24,,3,,301,,43,
2018-03-06,2,3,,,24,15,3,2,119,,17,,0,0,23,6,3,1,23,,3,,300,,43,
2018-03-07,3,3,,,23,16,3,2,118,,17,,0,0,22,7,3,1,22,,3,,299,,43,
2018-03-08,4,3,,,22,17,3,2,117,,17,,0,0,21,8,3,1,21,,3,,298,,43,
2018-03-09,5,3,,,21,18,3,2,116,,17,,0,0,20,9,3,1,20,,3,,297,,43,
2018-03-12,1,3,,,18,21,2,3,113,,16,,0,0,17,12,2,2,17,,2,,294,,42,
2018-03-13,2,3,,,17,22,2,3,112,,16,,0,0,16,13,2,2,16,,2,,293,,42,
2018-03-14,3,3,,,16,23,2,3,111,,16,,0,0,15,14,2,2,15,,2,,292,,42,
2018-03-15,4,3,,,15,24,2,3,110,,16,,0,0,14,15,2,2,14,,2,,291,,42,
2018-03-16,5,3,,,14,25,2,3,109,,16,,0,0,13,16,2,2,13,,2,,290,,42,
2018-03-19,1,3,,,11,28,1,4,106,,15,,0,0,10,19,1,3,10,,1,,287,,41,
2018-03-20,2,3,,,10,29,1,4,105,,15,,0,0,9,20,1,3,9,,1,,286,,41,
2018-03-21,3,3,,,9,30,1,4,104,,15,,0,0,8,21,1,3,8,,1,,285,,41,
2018-03-22,4,3,,,8,31,1,4,103,,15,,0,0,7,22,1,3,7,,1,,284,,41,
2018-03-23,5,3,,,7,32,1,4,102,,15,,0,0,6,23,1,3,6,,1,,283,,41,
2018-03-26,1,3,,,4,35,0,0,99,,14,,0,0,3,26,0,0,3,,0,0,280,,40,
2018-03-27,2,3,,,3,36,0,0,98,,14,,0,0,2,27,0,0,2,,0,0,279,,40,
2018-03-28,3,3,,,2,37,0,0,97,,14,,0,0,1,28,0,0,1,,0,0,278,,40,
2018-03-29,4,3,,,1,38,0,0,96,,14,,0,0,0,0,0,0,0,0,0,0,277,,40,
2018-03-30,5,3,Good Friday,closed,0,0,0,0,95,,14,,1,0,31,1,0,0,91,1,0,0,276,,40,
2018-04-02,1,4,,,56,3,8,1,92,,13,,0,0,28,4,4,1,88,4,12,1,273,,39,
2018-04-03,2,4,,,55,4,8,1,91,,13,,0,0,27,5,4,1,87,5,12,1,272,,39,
2018-04-04,3,4,,,54,5,8,1,90,,13,,0,0,26,6,4,1,86,6,12,1,271,,39,
2018-04-05,4,4,,,53,6,8,1,89,,13,,0,0,25,7,4,1,85,7,12,1,270,,39,
2018-04-06,5,4,,,52,7,8,1,88,,13,,0,0,24,8,4,1,84,8,12,1,269,,39,
2018-04-09,1,4,,,49,10,7,2,85,,12,,0,0,21,11,3,2,81,11,11,2,266,,38,
2018-04-10,2,4,,,48,11,7,2,84,,12,,0,0,20,12,3,2,80,12,11,2,265,,38,
2018-04-11,3,4,,,47,12,7,2,83,,12,,0,0,19,13,3,2,79,13,11,2,264,,38,
2018-04-12,4,4,,,46,13,7,2,82,,12,,0,0,18,14,3,2,78,14,11,2,263,,38,
2018-04-13,5,4,,,45,14,7,2,81,,12,,0,0,17,15,3,2,77,15,11,2,262,,38,
2018-04-16,1,4,,,42,17,6,3,78,,11,,0,0,14,18,2,3,74,18,10,3,259,,37,
2018-04-17,2,4,,,41,18,6,3,77,,11,,0,0,13,19,2,3,73,19,10,3,258,,37,
2018-04-18,3,4,,,40,19,6,3,76,,11,,0,0,12,20,2,3,72,20,10,3,257,,37,
2018-04-19,4,4,,,39,20,6,3,75,,11,,0,0,11,21,2,3,71,21,10,3,256,,37,
2018-04-20,5,4,,,38,21,6,3,74,,11,,0,0,10,22,2,3,70,22,10,3,255,,37,
2018-04-23,1,4,,,35,24,5,4,71,,10,,0,0,7,25,1,4,67,25,9,4,252,,36,
2018-04-24,2,4,,,34,25,5,4,70,,10,,0,0,6,26,1,4,66,26,9,4,251,,36,
2018-04-25,3,4,,,33,26,5,4,69,,10,,0,0,5,27,1,4,65,27,9,4,250,,36,
2018-04-26,4,4,,,32,27,5,4,68,,10,,0,0,4,28,1,4,64,28,9,4,249,,36,
2018-04-27,5,4,,,31,28,5,4,67,,10,,0,0,3,29,1,4,63,29,9,4,248,,36,
2018-04-30,1,4,,,28,31,4,5,64,,9,,0,0,0,0,0,0,60,32,8,5,245,,35,
2018-05-01,2,5,,,27,32,4,5,63,,9,,0,0,30,1,0,0,59,33,8,5,244,,35,
2018-05-02,3,5,,,26,33,4,5,62,,9,,0,0,29,2,0,0,58,34,8,5,243,,35,
2018-05-03,4,5,,,25,34,4,5,61,,9,,0,0,28,3,0,0,57,35,8,5,242,,35,
2018-05-04,5,5,,,24,35,4,5,60,,9,,0,0,27,4,0,0,56,36,8,5,241,,35,
2018-05-07,1,5,,,21,38,3,6,57,,8,,0,0,24,7,3,1,53,39,7,6,238,,34,
2018-05-08,2,5,,,20,39,3,6,56,,8,,0,0,23,8,3,1,52,40,7,6,237,,34,
2018-05-09,3,5,,,19,40,3,6,55,,8,,0,0,22,9,3,1,51,41,7,6,236,,34,
2018-05-10,4,5,,,18,41,3,6,54,,8,,0,0,21,10,3,1,50,42,7,6,235,,34,
2018-05-11,5,5,,,17,42,3,6,53,,8,,0,0,20,11,3,1,49,43,7,6,234,,34,
2018-05-14,1,5,,,14,45,2,7,50,,7,,0,0,17,14,2,2,46,46,6,7,231,,33,
2018-05-15,2,5,,,13,46,2,7,49,,7,,0,0,16,15,2,2,45,47,6,7,230,,33,
2018-05-16,3,5,,,12,47,2,7,48,,7,,0,0,15,16,2,2,44,48,6,7,229,,33,
2018-05-17,4,5,,,11,48,2,7,47,,7,,0,0,14,17,2,2,43,49,6,7,228,,33,
2018-05-18,5,5,,,10,49,2,7,46,,7,,0,0,13,18,2,2,42,50,6,7,227,,33,
2018-05-21,1,5,,,7,52,1,8,43,,6,,0,0,10,21,1,3,39,53,5,8,224,,32,
2018-05-22,2,5,,,6,53,1,8,42,,6,,0,0,9,22,1,3,38,54,5,8,223,,32,
2018-05-23,3,5,,,5,54,1,8,41,,6,,0,0,8,23,1,3,37,55,5,8,222,,32,
2018-05-24,4,5,,,4,55,1,8,40,,6,,0,0,7,24,1,3,36,56,5,8,221,,32,
2018-05-25,5,5,,,3,56,1,8,39,,6,,0,0,6,25,1,3,35,57,5,8,220,,32,
2018-05-28,1,5,Memorial Day,closed,0,0,0,0,36,,5,,1,0,3,28,0,0,32,60,4,9,217,,31,
2018-05-29,2,5,,,36,1,0,0,35,,5,,0,0,2,29,0,0,31,61,4,9,216,,31,
2018-05-30,3,5,,,35,2,0,0,34,,5,,0,0,1,30,0,0,30,62,4,9,215,,31,
2018-05-31,4,5,,,34,3,0,0,33,,5,,0,0,0,0,0,0,29,63,4,9,214,,31,
2018-06-01,5,6,,,33,4,0,0,32,,5,,0,0,28,1,0,0,28,64,4,9,213,,31,
2018-06-04,1,6,,,30,7,4,1,29,,4,,0,0,25,4,3,1,25,67,3,10,210,,30,
2018-06-05,2,6,,,29,8,4,1,28,,4,,0,0,24,5,3,1,24,68,3,10,209,,30,
2018-06-06,3,6,,,28,9,4,1,27,,4,,0,0,23,6,3,1,23,69,3,10,208,,30,
2018-06-07,4,6,,,27,10,4,1,26,,4,,0,0,22,7,3,1,22,70,3,10,207,,30,
2018-06-08,5,6,,,26,11,4,1,25,,4,,0,0,21,8,3,1,21,71,3,10,206,,30,
2018-06-11,1,6,,,23,14,3,2,22,,3,,0,0,18,11,2,2,18,74,2,11,203,,29,
2018-06-12,2,6,,,22,15,3,2,21,,3,,0,0,17,12,2,2,17,75,2,11,202,,29,
2018-06-13,3,6,,,21,16,3,2,20,,3,,0,0,16,13,2,2,16,76,2,11,201,,29,
2018-06-14,4,6,,,20,17,3,2,19,,3,,0,0,15,14,2,2,15,77,2,11,200,,29,
2018-06-15,5,6,,,19,18,3,2,18,,3,,0,0,14,15,2,2,14,78,2,11,199,,29,
2018-06-18,1,6,,,16,21,2,3,15,,2,,0,0,11,18,1,3,11,81,1,12,196,,28,
2018-06-19,2,6,,,15,22,2,3,14,,2,,0,0,10,19,1,3,10,82,1,12,195,,28,
2018-06-20,3,6,,,14,23,2,3,13,,2,,0,0,9,20,1,3,9,83,1,12,194,,28,
2018-06-21,4,6,,,13,24,2,3,12,,2,,0,0,8,21,1,3,8,84,1,12,193,,28,
2018-06-22,5,6,,,12,25,2,3,11,,2,,0,0,7,22,1,3,7,85,1,12,192,,28,
2018-06-25,1,6,,,9,28,1,4,8,,1,,0,0,4,25,0,0,4,88,0,0,189,,27,
2018-06-26,2,6,,,8,29,1,4,7,,1,,0,0,3,26,0,0,3,89,0,0,188,,27,
2018-06-27,3,6,,,7,30,1,4,6,,1,,0,0,2,27,0,0,2,90,0,0,187,,27,
2018-06-28,4,6,,,6,31,1,4,5,,1,,0,0,1,28,0,0,1,91,0,0,186,,27,
2018-06-29,5,6,,,5,32,1,4,4,,1,,0,0,0,0,0,0,0,0,0,0,185,,27,
2018-07-02,1,7,,,2,35,0,0,1,,0,0,0,0,29,3,4,1,88,3,12,1,182,,26,
2018-07-03,2,7,Independence Day Early Close,early_close,1,36,0,0,0,0,0,0,0,1,28,4,4,1,87,4,12,1,181,,26,
2018-07-04,3,7,Independence Day,closed,0,0,0,0,142,1,0,0,1,0,27,5,4,1,86,5,12,1,180,,26,
2018-07-05,4,7,,,60,1,0,0,141,2,0,0,0,0,26,6,4,1,85,6,12,1,179,,26,
2018-07-06,5,7,,,59,2,0,0,140,3,0,0,0,0,25,7,4,1,84,7,12,1,178,,26,
2018-07-09,1,7,,,56,5,8,1,137,6,19,1,0,0,22,10,3,2,81,10,11,2,175,,25,
2018-07-10,2,7,,,55,6,8,1,136,7,19,1,0,0,21,11,3,2,80,11,11,2,174,,25,
2018-07-11,3,7,,,54,7,8,1,135,8,19,1,0,0,20,12,3,2,79,12,11,2,173,,25,
2018-07-12,4,7,,,53,8,8,1,134,9,19,1,0,0,19,13,3,2,78,13,11,2,172,,25,
2018-07-13,5,7,,,52,9,8,1,133,10,19,1,0,0,18,14,3,2,77,14,11,2,171,,25,
2018-07-16,1,7,,,49,12,7,2,130,13,18,2,0,0,15,17,2,3,74,17,10,3,168,,24,
2018-07-17,2,7,,,48,13,7,2,129,14,18,2,0,0,14,18,2,3,73,18,10,3,167,,24,
2018-07-18,3,7,,,47,14,7,2,128,15,18,2,0,0,13,19,2,3,72,19,10,3,166,,24,
2018-07-19,4,7,,,46,15,7,2,127,16,18,2,0,0,12,20,2,3,71,20,10,3,165,,24,
2018-07-20,5,7,,,45,16,7,2,126,17,18,2,0,0,11,21,2,3,70,21,10,3,164,,24,
2018-07-23,1,7,,,42,19,6,3,123,20,17,3,0,0,8,24,1,4,67,24,9,4,161,,23,
2018-07-24,2,7,,,41,20,6,3,122,21,17,3,0,0,7,25,1,4,66,25,9,4,160,,23,
2018-07-25,3,7,,,40,21,6,3,121,22,17,3,0,0,6,26,1,4,65,26,9,4,159,,23,
2018-07-26,4,7,,,39,22,6,3,120,23,17,3,0,0,5,27,1,4,64,27,9,4,158,,23,
2018-07-27,5,7,,,38,23,6,3,119,24,17,3,0,0,4,28,1,4,63,28,9,4,157,,23,
2018-07-30,1,7,,,35,26,5,4,116,27,16,4,0,0,1,31,0,0,60,31,8,5,154,,22,
2018-07-31,2,7,,,34,27,5,4,115,28,16,4,0,0,0,0,0,0,59,32,8,5,153,,22,
2018-08-01,3,8,,,33,28,5,4,114,29,16,4,0,0,30,1,0,0,58,33,8,5,152,,22,
2018-08-02,4,8,,,32,29,5,4,113,30,16,4,0,0,29,2,0,0,57,34,8,5,151,,22,
2018-08-03,5,8,,,31,30,5,4,112,31,16,4,0,0,28,3,0,0,56,35,8,5,150,,22,
2018-08-06,1,8,,,28,33,4,5,109,34,15,5,0,0,25,6,3,1,53,38,7,6,147,,21,
2018-08-07,2,8,,,27,34,4,5,108,35,15,5,0,0,24,7,3,1,52,39,7,6,146,,21,
2018-08-08,3,8,,,26,35,4,5,107,36,15,5,0,0,23,8,3,1,51,40,7,6,145,,21,
2018-08-09,4,8,,,25,36,4,5,106,37,15,5,0,0,22,9,3,1,50,41,7,6,144,,21,
2018-08-10,5,8,,,24,37,4,5,105,38,15,5,0,0,21,10,3,1,49,42,7,6,143,,21,
2018-08-13,1,8,,,21,40,3,6,102,41,14,6,0,0,18,13,2,2,46,45,6,7,140,,20,
2018-08-14,2,8,,,20,41,3,6,101,42,14,6,0,0,17,14,2,2,45,46,6,7,139,,20,
2018-08-15,3,8,,,19,42,3,6,100,43,14,6,0,0,16,15,2,2,44,47,6,7,138,,20,
2018-08-16,4,8,,,18,43,3,6,99,44,14,6,0,0,15,16,2,2,43,48,6,7,137,,20,
2018-08-17,5,8,,,17,44,3,6,98,45,14,6,0,0,14,17,2,2,42,49,6,7,136,,20,
2018-08-20,1,8,,,14,47,2,7,95,48,13,7,0,0,11,20,1,3,39,52,5,8,133,,19,
2018-08-21,2,8,,,13,48,2,7,94,49,13,7,0,0,10,21,1,3,38,53,5,8,132,,19,
2018-08-22,3,8,,,12,49,2,7,93,50,13,7,0,0,9,22,1,3,37,54,5,8,131,,19,
2018-08-23,4,8,,,11,50,2,7,92,51,13,7,0,0,8,23,1,3,36,55,5,8,130,,19,
2018-08-24,5,8,,,10,51,2,7,91,52,13,7,0,0,7,24,1,3,35,56,5,8,129,,19,
2018-08-27,1,8,,,7,54,1,8,88,55,12,8,0,0,4,27,0,0,32,59,4,9,126,,18,
2018-08-28,2,8,,,6,55,1,8,87,56,12,8,0,0,3,28,0,0,31,60,4,9,125,,18,
2018-08-29,3,8,,,5,56,1,8,86,57,12,8,0,0,2,29,0,0,30,61,4,9,124,,18,
2018-08-30,4,8,,,4,57,1,8,85,58,12,8,0,0,1,30,0,0,29,62,4,9,123,,18,
2018-08-31,5,8,,,3,58,1,8,84,59,12,8,0,0,0,0,0,0,28,63,4,9,122,,18,
2018-09-03,1,9,Labor Day,closed,0,0,0,0,81,62,11,9,1,0,25,3,3,1,25,66,3,10,119,,17,
2018-09-04,2,9,,,79,1,0,0,80,63,11,9,0,0,24,4,3,1,24,67,3,10,118,,17,
2018-09-05,3,9,,,78,2,0,0,79,64,11,9,0,0,23,5,3,1,23,68,3,10,117,,17,
2018-09-06,4,9,,,77,3,0,0,78,65,11,9,0,0,22,6,3,1,22,69,3,10,116,,17,
2018-09-07,5,9,,,76,4,0,0,77,66,11,9,0,0,21,7,3,1,21,70,3,10,115,,17,
2018-09-10,1,9,,,73,7,10,1,74,69,10,10,0,0,18,10,2,2,18,73,2,11,112,,16,
2018-09-11,2,9,,,72,8,10,1,73,70,10,10,0,0,17,11,2,2,17,74,2,11,111,,16,
2018-09-12,3,9,,,71,9,10,1,72,71,10,10,0,0,16,12,2,2,16,75,2,11,110,,16,
2018-09-13,4,9,,,70,10,10,1,71,72,10,10,0,0,15,13,2,2,15,76,2,11,109,,16,
2018-09-14,5,9,,,69,11,10,1,70,73,10,10,0,0,14,14,2,2,14,77,2,11,108,,16,
2018-09-17,1,9,,,66,14,9,2,67,76,9,11,0,0,11,17,1,3,11,80,1,12,105,,15,
2018-09-18,2,9,,,65,15,9,2,66,77,9,11,0,0,10,18,1,3,10,81,1,12,104,,15,
2018-09-19,3,9,,,64,16,9,2,65,78,9,11,0,0,9,19,1,3,9,82,1,12,103,,15,
2018-09-20,4,9,,,63,17,9,2,64,79,9,11,0,0,8,20,1,3,8,83,1,12,102,,15,
2018-09-21,5,9,,,62,18,9,2,63,80,9,11,0,0,7,21,1,3,7,84,1,12,101,,15,
2018-09-24,1,9,,,59,21,8,3,60,83,8,12,0,0,4,24,0,0,4,87,0,0,98,,14,
2018-09-25,2,9,,,58,22,8,3,59,84,8,12,0,0,3,25,0,0,3,88,0,0,97,,14,
2018-09-26,3,9,,,57,23,8,3,58,85,8,12,0,0,2,26,0,0,2,89,0,0,96,,14,
2018-09-27,4,9,,,56,24,8,3,57,86,8,12,0,0,1,27,0,0,1,90,0,0,95,,14,
2018-09-28,5,9,,,55,25,8,3,56,87,8,12,0,0,0,0,0,0,0,0,0,0,94,,14,
2018-10-01,1,10,,,52,28,7,4,53,90,7,13,0,0,30,3,4,1,91,3,13,1,91,,13,
2018-10-02,2,10,,,51,29,7,4,52,91,7,13,0,0,29,4,4,1,90,4,13,1,90,,13,
2018-10-03,3,10,,,50,30,7,4,51,92,7,13,0,0,28,5,4,1,89,5,13,1,89,,13,
2018-10-04,4,10,,,49,31,7,4,50,93,7,13,0,0,27,6,4,1,88,6,13,1,88,,13,
2018-10-05,5,10,,,48,32,7,4,49,94,7,13,0,0,26,7,4,1,87,7,13,1,87,,13,
2018-10-08,1,10,,,45,35,6,5,46,97,6,14,0,0,23,10,3,2,84,10,12,2,84,,12,
2018-10-09,2,10,,,44,36,6,5,45,98,6,14,0,0,22,11,3,2,83,11,12,2,83,,12,
2018-10-10,3,10,,,43,37,6,5,44,99,6,14,0,0,21,12,3,2,82,12,12,2,82,,12,
2018-10-11,4,10,,,42,38,6,5,43,100,6,14,0,0,20,13,3,2,81,13,12,2,81,,12,
2018-10-12,5,10,,,41,39,6,5,42,101,6,14,0,0,19,14,3,2,80,14,12,2,80,,12,
2018-10-15,1,10,,,38,42,5,6,39,104,5,15,0,0,16,17,2,3,77,17,11,3,77,,11,
2018-10-16,2,10,,,37,43,5,6,38,105,5,15,0,0,15,18,2,3,76,18,11,3,76,,11,
2018-10-17,3,10,,,36,44,5,6,37,106,5,15,0,0,14,19,2,3,75,19,11,3,75,,11,
2018-10-18,4,10,,,35,45,5,6,36,107,5,15,0,0,13,20,2,3,74,20,11,3,74,,11,
2018-10-19,5,10,,,34,46,5,6,35,108,5,15,0,0,12,21,2,3,73,21,11,3,73,,11,
2018-10-22,1,10,,,31,49,4,7,32,111,4,16,0,0,9,24,1,4,70,24,10,4,70,,10,
2018-10-23,2,10,,,30,50,4,7,31,112,4,16,0,0,8,25,1,4,69,25,10,4,69,,10,
2018-10-24,3,10,,,29,51,4,7,30,113,4,16,0,0,7,26,1,4,68,26,10,4,68,,10,
2018-10-25,4,10,,,28,52,4,7,29,114,4,16,0,0,6,27,1,4,67,27,10,4,67,,10,
2018-10-26,5,10,,,27,53,4,7,28,115,4,16,0,0,5,28,1,4,66,28,10,4,66,,10,
2018-10-29,1,10,,,24,56,3,8,25,118,3,17,0,0,2,31,0,0,63,31,9,5,63,,9,
2018-10-30,2,10,,,23,57,3,8,24,119,3,17,0,0,1,32,0,0,62,32,9,5,62,,9,
2018-10-31,3,10,,,22,58,3,8,23,120,3,17,0,0,0,0,0,0,61,33,9,5,61,,9,
2018-11-01,4,11,,,21,59,3,8,22,121,3,17,0,0,29,1,0,0,60,34,9,5,60,,9,
2018-11-02,5,11,,,20,60,3,8,21,122,3,17,0,0,28,2,0,0,59,35,9,5,59,,9,
2018-11-05,1,11,,,17,63,2,9,18,125,2,18,0,0,25,5,3,1,56,38,8,6,56,,8,
2018-11-06,2,11,,,16,64,2,9,17,126,2,18,0,0,24,6,3,1,55,39,8,6,55,,8,
2018-11-07,3,11,,,15,65,2,9,16,127,2,18,0,0,23,7,3,1,54,40,8,6,54,,8,
2018-11-08,4,11,,,14,66,2,9,15,128,2,18,0,0,22,8,3,1,53,41,8,6,53,,8,
2018-11-09,5,11,,,13,67,2,9,14,129,2,18,0,0,21,9,3,1,52,42,8,6,52,,8,
2018-11-12,1,11,,,10,70,1,10,11,132,1,19,0,0,18,12,2,2,49,45,7,7,49,,7,
2018-11-13,2,11,,,9,71,1,10,10,133,1,19,0,0,17,13,2,2,48,46,7,7,48,,7,
2018-11-14,3,11,,,8,72,1,10,9,134,1,19,0,0,16,14,2,2,47,47,7,7,47,,7,
2018-11-15,4,11,,,7,73,1,10,8,135,1,19,0,0,15,15,2,2,46,48,7,7,46,,7,
2018-11-16,5,11,,,6,74,1,10,7,136,1,19,0,0,14,16,2,2,45,49,7,7,45,,7,
2018-11-19,1,11,,,3,77,0,0,4,139,0,0,0,0,11,19,1,3,42,52,6,8,42,,6,
2018-11-20,2,11,,,2,78,0,0,3,140,0,0,0,0,10,20,1,3,41,53,6,8,41,,6,
2018-11-21,3,11,,,1,79,0,0,2,141,0,0,0,0,9,21,1,3,40,54,6,8,40,,6,
2018-11-22,4,11,Thanksgiving Day,closed,0,0,0,0,1,142,0,0,1,0,8,22,1,3,39,55,6,8,39,,6,
2018-11-23,5,11,Thanksgiving Day Early Close,early_close,12,1,0,0,0,0,0,0,0,1,7,23,1,3,38,56,6,8,38,,6,
2018-11-26,1,11,,,9,4,1,1,28,3,4,1,0,0,4,26,0,0,35,59,5,9,35,,5,
2018-11-27,2,11,,,8,5,1,1,27,4,4,1,0,0,3,27,0,0,34,60,5,9,34,,5,
2018-11-28,3,11,,,7,6,1,1,26,5,4,1,0,0,2,28,0,0,33,61,5,9,33,,5,
2018-11-29,4,11,,,6,7,1,1,25,6,4,1,0,0,1,29,0,0,32,62,5,9,32,,5,
2018-11-30,5,11,,,5,8,1,1,24,7,4,1,0,0,0,0,0,0,31,63,5,9,31,,5,
2018-12-03,1,12,,,2,11,0,0,21,10,3,2,0,0,28,3,4,1,28,66,4,10,28,,4,
2018-12-04,2,12,,,1,12,0,0,20,11,3,2,0,0,27,4,4,1,27,67,4,10,27,,4,
2018-12-05,3,12,George H.W. Bush Day of Mourning,closed,0,0,0,0,19,12,3,2,1,0,26,5,4,1,26,68,4,10,26,,4,
2018-12-06,4,12,,,19,1,0,0,18,13,3,2,0,0,25,6,4,1,25,69,4,10,25,,4,
2018-12-07,5,12,,,18,2,0,0,17,14,3,2,0,0,24,7,4,1,24,70,4,10,24,,4,
2018-12-10,1,12,,,15,5,2,1,14,17,2,3,0,0,21,10,3,2,21,73,3,11,21,,3,
2018-12-11,2,12,,,14,6,2,1,13,18,2,3,0,0,20,11,3,2,20,74,3,11,20,,3,
2018-12-12,3,12,,,13,7,2,1,12,19,2,3,0,0,19,12,3,2,19,75,3,11,19,,3,
2018-12-13,4,12,,,12,8,2,1,11,20,2,3,0,0,18,13,3,2,18,76,3,11,18,,3,
2018-12-14,5,12,,,11,9,2,1,10,21,2,3,0,0,17,14,3,2,17,77,3,11,17,,3,
2018-12-17,1,12,,,8,12,1,2,7,24,1,4,0,0,14,17,2,3,14,80,2,12,14,,2,
2018-12-18,2,12,,,7,13,1,2,6,25,1,4,0,0,13,18,2,3,13,81,2,12,13,,2,
2018-12-19,3,12,,,6,14,1,2,5,26,1,4,0,0,12,19,2,3,12,82,2,12,12,,2,
2018-12-20,4,12,,,5,15,1,2,4,27,1,4,0,0,11,20,2,3,11,83,2,12,11,,2,
2018-12-21,5,12,,,4,16,1,2,3,28,1,4,0,0,10,21,2,3,10,84,2,12,10,,2,
2018-12-24,1,12,Christmas Eve Early Close,early_close,1,19,0,0,0,0,0,0,0,1,7,24,1,4,7,87,1,13,7,,1,
2018-12-25,2,12,Christmas Day,closed,0,0,0,0,190,1,0,0,1,0,6,25,1,4,6,88,1,13,6,,1,
2018-12-26,3,12,,,6,1,0,0,189,2,0,0,0,0,5,26,1,4,5,89,1,13,5,,1,
2018-12-27,4,12,,,5,2,0,0,188,3,0,0,0,0,4,27,1,4,4,90,1,13,4,,1,
2018-12-28,5,12,,,4,3,0,0,187,4,0,0,0,0,3,28,1,4,3,91,1,13,3,,1,
2018-12-31,1,12,,,1,6,0,0,184,7,26,1,0,0,0,0,0,0,0,0,0,0,0,0,0,0
2019-01-01,2,1,New Year's Day,closed,0,0,0,0,183,8,26,1,1,0,30,1,0,0,87,1,0,0,364,1,0,0
2019-01-02,3,1,,,19,1,0,0,182,9,26,1,0,0,29,2,0,0,86,2,0,0,363,2,0,0
2019-01-03,4,1,,,18,2,0,0,181,10,26,1,0,0,28,3,0,0,85,3,0,0,362,3,0,0
2019-01-04,5,1,,,17,3,0,0,180,11,26,1,0,0,27,4,0,0,84,4,0,0,361,4,0,0
2019-01-07,1,1,,,14,6,2,1,177,14,25,2,0,0,24,7,3,1,81,7,11,1,358,7,51,1
2019-01-08,2,1,,,13,7,2,1,176,15,25,2,0,0,23,8,3,1,80,8,11,1,357,8,51,1
2019-01-09,3,1,,,12,8,2,1,175,16,25,2,0,0,22,9,3,1,79,9,11,1,356,9,51,1
2019-01-10,4,1,,,11,9,2,1,174,17,25,2,0,0,21,10,3,1,78,10,11,1,355,10,51,1
2019-01-11,5,1,,,10,10,2,1,173,18,25,2,0,0,20,11,3,1,77,11,11,1,354,11,51,1
2019-01-14,1,1,,,7,13,1,2,170,21,24,3,0,0,17,14,2,2,74,14,10,2,351,14,50,2
2019-01-15,2,1,,,6,14,1,2,169,22,24,3,0,0,16,15,2,2,73,15,10,2,350,15,50,2
2019-01-16,3,1,,,5,15,1,2,168,23,24,3,0,0,15,16,2,2,72,16,10,2,349,16,50,2
2019-01-17,4,1,,,4,16,1,2,167,24,24,3,0,0,14,17,2,2,71,17,10,2,348,17,50,2
2019-01-18,5,1,,,3,17,1,2,166,25,24,3,0,0,13,18,2,2,70,18,10,2,347,18,50,2
2019-01-21,1,1,Martin Luther King Jr. Day,closed,0,0,0,0,163,28,23,4,1,0,10,21,1,3,67,21,9,3,344,21,49,3
2019-01-22,2,1,,,27,1,0,0,162,29,23,4,0,0,9,22,1,3,66,22,9,3,343,22,49,3
2019-01-23,3,1,,,26,2,0,0,161,30,23,4,0,0,8,23,1,3,65,23,9,3,342,23,49,3
2019-01-24,4,1,,,25,3,0,0,160,31,23,4,0,0,7,24,1,3,64,24,9,3,341,24,49,3
2019-01-25,5,1,,,24,4,0,0,159,32,23,4,0,0,6,25,1,3,63,25,9,3,340,25,49,3
2019-01-28,1,1,,,21,7,3,1,156,35,22,5,0,0,3,28,0,0,60,28,8,4,337,28,48,4
2019-01-29,2,1,,,20,8,3,1,155,36,22,5,0,0,2,29,0,0,59,29,8,4,336,29,48,4
2019-01-30,3,1,,,19,9,3,1,154,37,22,5,0,0,1,30,0,0,58,30,8,4,335,30,48,4
2019-01-31,4,1,,,18,10,3,1,153,38,22,5,0,0,0,0,0,0,57,31,8,4,334,31,48,4
2019-02-01,5,2,,,17,11,3,1,152,39,22,5,0,0,27,1,0,0,56,32,8,4,333,32,48,4
2019-02-04,1,2,,,14,14,2,2,149,42,21,6,0,0,24,4,3,1,53,35,7,5,330,35,47,5
2019-02-05,2,2,,,13,15,2,2,148,43,21,6,0,0,23,5,3,1,52,36,7,5,329,36,47,5
2019-02-06,3,2,,,12,16,2,2,147,44,21,6,0,0,22,6,3,1,51,37,7,5,328,37,47,5
2019-02-07,4,2,,,11,17,2,2,146,45,21,6,0,0,21,7,3,1,50,38,7,5,327,38,47,5
2019-02-08,5,2,,,10,18,2,2,145,46,21,6,0,0,20,8,3,1,49,39,7,5,326,39,47,5
2019-02-11,1,2,,,7,21,1,3,142,49,20,7,0,0,17,11,2,2,46,42,6,6,323,42,46,6
2019-02-12,2,2,,,6,22,1,3,141,50,20,7,0,0,16,12,2,2,45,43,6,6,322,43,46,6
2019-02-13,3,2,,,5,23,1,3,140,51,20,7,0,0,15,13,2,2,44,44,6,6,321,44,46,6
2019-02-14,4,2,,,4,24,1,3,139,52,20,7,0,0,14,14,2,2,43,45,6,6,320,45,46,6
2019-02-15,5,2,,,3,25,1,3,138,53,20,7,0,0,13,15,2,2,42,46,6,6,319,46,46,6
2019-02-18,1,2,Washington's Birthday,closed,0,0,0,0,135,56,19,8,1,0,10,18,1,3,39,49,5,7,316,49,45,7
2019-02-19,2,2,,,59,1,0,0,134,57,19,8,0,0,9,19,1,3,38,50,5,7,315,50,45,7
2019-02-20,3,2,,,58,2,0,0,133,58,19,8,0,0,8,20,1,3,37,51,5,7,314,51,45,7
2019-02-21,4,2,,,57,3,0,0,132,59,19,8,0,0,7,21,1,3,36,52,5,7,313,52,45,7
2019-02-22,5,2,,,56,4,0,0,131,60,19,8,0,0,6,22,1,3,35,53,5,7,312,53,45,7
2019-02-25,1,2,,,53,7,7,1,128,63,18,9,0,0,3,25,0,0,32,56,4,8,309,56,44,8
2019-02-26,2,2,,,52,8,7,1,127,64,18,9,0,0,2,26,0,0,31,57,4,8,308,57,44,8
2019-02-27,3,2,,,51,9,7,1,126,65,18,9,0,0,1,27,0,0,30,58,4,8,307,58,44,8
2019-02-28,4,2,,,50,10,7,1,125,66,18,9,0,0,0,0,0,0,29,59,4,8,306,59,44,8
2019-03-01,5,3,,,49,11,7,1,124,67,18,9,0,0,28,1,0,0,28,60,4,8,305,60,44,8
2019-03-04,1,3,,,46,14,6,2,121,70,17,10,0,0,25,4,3,1,25,63,3,9,302,63,43,9
2019-03-05,2,3,,,45,15,6,2,120,71,17,10,0,0,24,5,3,1,24,64,3,9,301,64,43,9
2019-03-06,3,3,,,44,16,6,2,119,72,17,10,0,0,23,6,3,1,23,65,3,9,300,65,43,9
2019-03-07,4,3,,,43,17,6,2,118,73,17,10,0,0,22,7,3,1,22,66,3,9,299,66,43,9
2019-03-08,5,3,,,42,18,6,2,117,74,17,10,0,0,21,8,3,1,21,67,3,9,298,67,43,9
2019-03-11,1,3,,,39,21,5,3,114,77,16,11,0,0,18,11,2,2,18,70,2,10,295,70,42,10
2019-03-12,2,3,,,38,22,5,3,113,78,16,11,0,0,17,12,2,2,17,71,2,10,294,71,42,10
2019-03-13,3,3,,,37,23,5,3,112,79,16,11,0,0,16,13,2,2,16,72,2,10,293,72,42,10
2019-03-14,4,3,,,36,24,5,3,111,80,16,11,0,0,15,14,2,2,15,73,2,10,292,73,42,10
2019-03-15,5,3,,,35,25,5,3,110,81,16,11,0,0,14,15,2,2,14,74,2,10,291,74,42,10
2019-03-18,1,3,,,32,28,4,4,107,84,15,12,0,0,11,18,1,3,11,77,1,11,288,77,41,11
2019-03-19,2,3,,,31,29,4,4,106,85,15,12,0,0,10,19,1,3,10,78,1,11,287,78,41,11
2019-03-20,3,3,,,30,30,4,4,105,86,15,12,0,0,9,20,1,3,9,79,1,11,286,79,41,11
2019-03-21,4,3,,,29,31,4,4,104,87,15,12,0,0,8,21,1,3,8,80,1,11,285,80,41,11
2019-03-22,5,3,,,28,32,4,4,103,88,15,12,0,0,7,22,1,3,7,81,1,11,284,81,41,11
2019-03-25,1,3,,,25,35,3,5,100,91,14,13,0,0,4,25,0,0,4,84,0,0,281,84,40,12
2019-03-26,2,3,,,24,36,3,5,99,92,14,13,0,0,3,26,0,0,3,85,0,0,280,85,40,12
2019-03-27,3,3,,,23,37,3,5,98,93,14,13,0,0,2,27,0,0,2,86,0,0,279,86,40,12
2019-03-28,4,3,,,22,38,3,5,97,94,14,13,0,0,1,28,0,0,1,87,0,0,278,87,40,12
2019-03-29,5,3,,,21,39,3,5,96,95,14,13,0,0,0,0,0,0,0,0,0,0,277,88,40,12
2019-04-01,1,4,,,18,42,2,6,93,98,13,14,0,0,29,3,4,1,88,3,12,1,274,91,39,13
2019-04-02,2,4,,,17,43,2,6,92,99,13,14,0,0,28,4,4,1,87,4,12,1,273,92,39,13
2019-04-03,3,4,,,16,44,2,6,91,100,13,14,0,0,27,5,4,1,86,5,12,1,272,93,39,13
2019-04-04,4,4,,,15,45,2,6,90,101,13,14,0,0,26,6,4,1,85,6,12,1,271,94,39,13
2019-04-05,5,4,,,14,46,2,6,89,102,13,14,0,0,25,7,4,1,84,7,12,1,270,95,39,13
2019-04-08,1,4,,,11,49,1,7,86,105,12,15,0,0,22,10,3,2,81,10,11,2,267,98,38,14
2019-04-09,2,4,,,10,50,1,7,85,106,12,15,0,0,21,11,3,2,80,11,11,2,266,99,38,14
2019-04-10,3,4,,,9,51,1,7,84,107,12,15,0,0,20,12,3,2,79,12,11,2,265,100,38,14
2019-04-11,4,4,,,8,52,1,7,83,108,12,15,0,0,19,13,3,2,78,13,11,2,264,101,38,14
2019-04-12,5,4,,,7,53,1,7,82,109,12,15,0,0,18,14,3,2,77,14,11,2,263,102,38,14
2019-04-15,1,4,,,4,56,0,0,79,112,11,16,0,0,15,17,2,3,74,17,10,3,260,105,37,15
2019-04-16,2,4,,,3,57,0,0,78,113,11,16,0,0,14,18,2,3,73,18,10,3,259,106,37,15
2019-04-17,3,4,,,2,58,0,0,77,114,11,16,0,0,13,19,2,3,72,19,10,3,258,107,37,15
2019-04-18,4,4,,,1,59,0,0,76,115,11,16,0,0,12,20,2,3,71,20,10,3,257,108,37,15
2019-04-19,5,4,Good Friday,closed,0,0,0,0,75,116,11,16,1,0,11,21,2,3,70,21,10,3,256,109,37,15
2019-04-22,1,4,,,35,3,5,1,72,119,10,17,0,0,8,24,1,4,67,24,9,4,253,112,36,16
2019-04-23,2,4,,,34,4,5,1,71,120,10,17,0,0,7,25,1,4,66,25,9,4,252,113,36,16
2019-04-24,3,4,,,33,5,5,1,70,121,10,17,0,0,6,26,1,4,65,26,9,4,251,114,36,16
2019-04-25,4,4,,,32,6,5,1,69,122,10,17,0,0,5,27,1,4,64,27,9,4,250,115,36,16
2019-04-26,5,4,,,31,7,5,1,68,123,10,17,0,0,4,28,1,4,63,28,9,4,249,116,36,16
2019-04-29,1,4,,,28,10,4,2,65,126,9,18,0,0,1,31,0,0,60,31,8,5,246,119,35,17
2019-04-30,2,4,,,27,11,4,2,64,127,9,18,0,0,0,0,0,0,59,32,8,5,245,120,35,17
2019-05-01,3,5,,,26,12,4,2,63,128,9,18,0,0,30,1,0,0,58,33,8,5,244,121,35,17
2019-05-02,4,5,,,25,13,4,2,62,129,9,18,0,0,29,2,0,0,57,34,8,5,243,122,35,17
2019-05-03,5,5,,,24,14,4,2,61,130,9,18,0,0,28,3,0,0,56,35,8,5,242,123,35,17
2019-05-06,1,5,,,21,17,3,3,58,133,8,19,0,0,25,6,3,1,53,38,7,6,239,126,34,18
2019-05-07,2,5,,,20,18,3,3,57,134,8,19,0,0,24,7,3,1,52,39,7,6,238,127,34,18
2019-05-08,3,5,,,19,19,3,3,56,135,8,19,0,0,23,8,3,1,51,40,7,6,237,128,34,18
2019-05-09,4,5,,,18,20,3,3,55,136,8,19,0,0,22,9,3,1,50,41,7,6,236,129,34,18
2019-05-10,5,5,,,17,21,3,3,54,137,8,19,0,0,21,10,3,1,49,42,7,6,235,130,34,18
2019-05-13,1,5,,,14,24,2,4,51,140,7,20,0,0,18,13,2,2,46,45,6,7,232,133,33,19
2019-05-14,2,5,,,13,25,2,4,50,141,7,20,0,0,17,14,2,2,45,46,6,7,231,134,33,19
2019-05-15,3,5,,,12,26,2,4,49,142,7,20,0,0,16,15,2,2,44,47,6,7,230,135,33,19
2019-05-16,4,5,,,11,27,2,4,48,143,7,20,0,0,15,16,2,2,43,48,6,7,229,136,33,19
2019-05-17,5,5,,,10,28,2,4,47,144,7,20,0,0,14,17,2,2,42,49,6,7,228,137,33,19
2019-05-20,1,5,,,7,31,1,5,44,147,6,21,0,0,11,20,1,3,39,52,5,8,225,140,32,20
2019-05-21,2,5,,,6,32,1,5,43,148,6,21,0,0,10,21,1,3,38,53,5,8,224,141,32,20
2019-05-22,3,5,,,5,33,1,5,42,149,6,21,0,0,9,22,1,3,37,54,5,8,223,142,32,20
2019-05-23,4,5,,,4,34,1,5,41,150,6,21,0,0,8,23,1,3,36,55,5,8,222,143,32,20
2019-05-24,5,5,,,3,35,1,5,40,151,6,21,0,0,7,24,1,3,35,56,5,8,221,144,32,20
2019-05-27,1,5,Memorial Day,closed,0,0,0,0,37,154,5,22,1,0,4,27,0,0,32,59,4,9,218,147,31,21
2019-05-28,2,5,,,37,1,0,0,36,155,5,22,0,0,3,28,0,0,31,60,4,9,217,148,31,21
2019-05-29,3,5,,,36,2,0,0,35,156,5,22,0,0,2,29,0,0,30,61,4,9,216,149,31,21
2019-05-30,4,5,,,35,3,0,0,34,157,5,22,0,0,1,30,0,0,29,62,4,9,215,150,31,21
2019-05-31,5,5,,,34,4,0,0,33,158,5,22,0,0,0,0,0,0,28,63,4,9,214,151,31,21
2019-06-03,1,6,,,31,7,4,1,30,161,4,23,0,0,25,3,3,1,25,66,3,10,211,154,30,22
2019-06-04,2,6,,,30,8,4,1,29,162,4,23,0,0,24,4,3,1,24,67,3,10,210,155,30,22
2019-06-05,3,6,,,29,9,4,1,28,163,4,23,0,0,23,5,3,1,23,68,3,10,209,156,30,22
2019-06-06,4,6,,,28,10,4,1,27,164,4,23,0,0,22,6,3,1,22,69,3,10,208,157,30,22
2019-06-07,5,6,,,27,11,4,1,26,165,4,23,0,0,21,7,3,1,21,70,3,10,207,158,30,22
2019-06-10,1,6,,,24,14,3,2,23,168,3,24,0,0,18,10,2,2,18,73,2,11,204,161,29,23
2019-06-11,2,6,,,23,15,3,2,22,169,3,24,0,0,17,11,2,2,17,74,2,11,203,162,29,23
2019-06-12,3,6,,,22,16,3,2,21,170,3,24,0,0,16,12,2,2,16,75,2,11,202,163,29,23
2019-06-13,4,6,,,21,17,3,2,20,171,3,24,0,0,15,13,2,2,15,76,2,11,201,164,29,23
2019-06-14,5,6,,,20,18,3,2,19,172,3,24,0,0,14,14,2,2,14,77,2,11,200,165,29,23
2019-06-17,1,6,,,17,21,2,3,16,175,2,25,0,0,11,17,1,3,11,80,1,12,197,168,28,24
2019-06-18,2,6,,,16,22,2,3,15,176,2,25,0,0,10,18,1,3,10,81,1,12,196,169,28,24
2019-06-19,3,6,,,15,23,2,3,14,177,2,25,0,0,9,19,1,3,9,82,1,12,195,170,28,24
2019-06-20,4,6,,,14,24,2,3,13,178,2,25,0,0,8,20,1,3,8,83,1,12,194,171,28,24
2019-06-21,5,6,,,13,25,2,3,12,179,2,25,0,0,7,21,1,3,7,84,1,12,193,172,28,24
2019-06-24,1,6,,,10,28,1,4,9,182,1,26,0,0,4,24,0,0,4,87,0,0,190,175,27,25
2019-06-25,2,6,,,9,29,1,4,8,183,1,26,0,0,3,25,0,0,3,88,0,0,189,176,27,25
2019-06-26,3,6,,,8,30,1,4,7,184,1,26,0,0,2,26,0,0,2,89,0,0,188,177,27,25
2019-06-27,4,6,,,7,31,1,4,6,185,1,26,0,0,1,27,0,0,1,90,0,0,187,178,27,25
2019-06-28,5,6,,,6,32,1,4,5,186,1,26,0,0,0,0,0,0,0,0,0,0,186,179,27,25
2019-07-01,1,7,,,3,35,0,0,2,189,0,0,0,0,30,3,4,1,91,3,13,1,183,182,26,26
2019-07-02,2,7,,,2,36,0,0,1,190,0,0,0,0,29,4,4,1,90,4,13,1,182,183,26,26
2019-07-03,3,7,Independence Day Early Close,early_close,1,37,0,0,0,0,0,0,0,1,28,5,4,1,89,5,13,1,181,184,26,26
2019-07-04,4,7,Independence Day,closed,0,0,0,0,148,1,0,0,1,0,27,6,4,1,88,6,13,1,180,185,26,26
2019-07-05,5,7,,,59,1,0,0,147,2,0,0,0,0,26,7,4,1,87,7,13,1,179,186,26,26
2019-07-08,1,7,,,56,4,8,1,144,5,20,1,0,0,23,10,3,2,84,10,12,2,176,189,25,27
2019-07-09,2,7,,,55,5,8,1,143,6,20,1,0,0,22,11,3,2,83,11,12,2,175,190,25,27
2019-07-10,3,7,,,54,6,8,1,142,7,20,1,0,0,21,12,3,2,82,12,12,2,174,191,25,27
2019-07-11,4,7,,,53,7,8,1,141,8,20,1,0,0,20,13,3,2,81,13,12,2,173,192,25,27
2019-07-12,5,7,,,52,8,8,1,140,9,20,1,0,0,19,14,3,2,80,14,12,2,172,193,25,27
2019-07-15,1,7,,,49,11,7,2,137,12,19,2,0,0,16,17,2,3,77,17,11,3,169,196,24,28
2019-07-16,2,7,,,48,12,7,2,136,13,19,2,0,0,15,18,2,3,76,18,11,3,168,197,24,28
2019-07-17,3,7,,,47,13,7,2,135,14,19,2,0,0,14,19,2,3,75,19,11,3,167,198,24,28
2019-07-18,4,7,,,46,14,7,2,134,15,19,2,0,0,13,20,2,3,74,20,11,3,166,199,24,28
2019-07-19,5,7,,,45,15,7,2,133,16,19,2,0,0,12,21,2,3,73,21,11,3,165,200,24,28
2019-07-22,1,7,,,42,18,6,3,130,19,18,3,0,0,9,24,1,4,70,24,10,4,162,203,23,29
2019-07-23,2,7,,,41,19,6,3,129,20,18,3,0,0,8,25,1,4,69,25,10,4,161,204,23,29
2019-07-24,3,7,,,40,20,6,3,128,21,18,3,0,0,7,26,1,4,68,26,10,4,160,205,23,29
2019-07-25,4,7,,,39,21,6,3,127,22,18,3,0,0,6,27,1,4,67,27,10,4,159,206,23,29
2019-07-26,5,7,,,38,22,6,3,126,23,18,3,0,0,5,28,1,4,66,28,10,4,158,207,23,29
2019-07-29,1,7,,,35,25,5,4,123,26,17,4,0,0,2,31,0,0,63,31,9,5,155,210,22,30
2019-07-30,2,7,,,34,26,5,4,122,27,17,4,0,0,1,32,0,0,62,32,9,5,154,211,22,30
2019-07-31,3,7,,,33,27,5,4,121,28,17,4,0,0,0,0,0,0,61,33,9,5,153,212,22,30
2019-08-01,4,8,,,32,28,5,4,120,29,17,4,0,0,29,1,0,0,60,34,9,5,152,213,22,30
2019-08-02,5,8,,,31,29,5,4,119,30,17,4,0,0,28,2,0,0,59,35,9,5,151,214,22,30
2019-08-05,1,8,,,28,32,4,5,116,33,16,5,0,0,25,5,3,1,56,38,8,6,148,217,21,31
2019-08-06,2,8,,,27,33,4,5,115,34,16,5,0,0,24,6,3,1,55,39,8,6,147,218,21,31
2019-08-07,3,8,,,26,34,4,5,114,35,16,5,0,0,23,7,3,1,54,40,8,6,146,219,21,31
2019-08-08,4,8,,,25,35,4,5,113,36,16,5,0,0,22,8,3,1,53,41,8,6,145,220,21,31
2019-08-09,5,8,,,24,36,4,5,112,37,16,5,0,0,21,9,3,1,52,42,8,6,144,221,21,31
2019-08-12,1,8,,,21,39,3,6,109,40,15,6,0,0,18,12,2,2,49,45,7,7,141,224,20,32
2019-08-13,2,8,,,20,40,3,6,108,41,15,6,0,0,17,13,2,2,48,46,7,7,140,225,20,32
2019-08-14,3,8,,,19,41,3,6,107,42,15,6,0,0,16,14,2,2,47,47,7,7,139,226,20,32
2019-08-15,4,8,,,18,42,3,6,106,43,15,6,0,0,15,15,2,2,46,48,7,7,138,227,20,32
2019-08-16,5,8,,,17,43,3,6,105,44,15,6,0,0,14,16,2,2,45,49,7,7,137,228,20,32
2019-08-19,1,8,,,14,46,2,7,102,47,14,7,0,0,11,19,1,3,42,52,6,8,134,231,19,33
2019-08-20,2,8,,,13,47,2,7,101,48,14,7,0,0,10,20,1,3,41,53,6,8,133,232,19,33
2019-08-21,3,8,,,12,48,2,7,100,49,14,7,0,0,9,21,1,3,40,54,6,8,132,233,19,33
2019-08-22,4,8,,,11,49,2,7,99,50,14,7,0,0,8,22,1,3,39,55,6,8,131,234,19,33
2019-08-23,5,8,,,10,50,2,7,98,51,14,7,0,0,7,23,1,3,38,56,6,8,130,235,19,33
2019-08-26,1,8,,,7,53,1,8,95,54,13,8,0,0,4,26,0,0,35,59,5,9,127,238,18,34
2019-08-27,2,8,,,6,54,1,8,94,55,13,8,0,0,3,27,0,0,34,60,5,9,126,239,18,34
2019-08-28,3,8,,,5,55,1,8,93,56,13,8,0,0,2,28,0,0,33,61,5,9,125,240,18,34
2019-08-29,4,8,,,4,56,1,8,92,57,13,8,0,0,1,29,0,0,32,62,5,9,124,241,18,34
2019-08-30,5,8,,,3,57,1,8,91,58,13,8,0,0,0,0,0,0,31,63,5,9,123,242,18,34
2019-09-02,1,9,Labor Day,closed,0,0,0,0,88,61,12,9,1,0,28,3,4,1,28,66,4,10,120,245,17,35
2019-09-03,2,9,,,86,1,0,0,87,62,12,9,0,0,27,4,4,1,27,67,4,10,119,246,17,35
2019-09-04,3,9,,,85,2,0,0,86,63,12,9,0,0,26,5,4,1,26,68,4,10,118,247,17,35
2019-09-05,4,9,,,84,3,0,0,85,64,12,9,0,0,25,6,4,1,25,69,4,10,117,248,17,35
2019-09-06,5,9,,,83,4,0,0,84,65,12,9,0,0,24,7,4,1,24,70,4,10,116,249,17,35
2019-09-09,1,9,,,80,7,11,1,81,68,11,10,0,0,21,10,3,2,21,73,3,11,113,252,16,36
2019-09-10,2,9,,,79,8,11,1,80,69,11,10,0,0,20,11,3,2,20,74,3,11,112,253,16,36
2019-09-11,3,9,,,78,9,11,1,79,70,11,10,0,0,19,12,3,2,19,75,3,11,111,254,16,36
2019-09-12,4,9,,,77,10,11,1,78,71,11,10,0,0,18,13,3,2,18,76,3,11,110,255,16,36
2019-09-13,5,9,,,76,11,11,1,77,72,11,10,0,0,17,14,3,2,17,77,3,11,109,256,16,36
2019-09-16,1,9,,,73,14,10,2,74,75,10,11,0,0,14,17,2,3,14,80,2,12,106,259,15,37
2019-09-17,2,9,,,72,15,10,2,73,76,10,11,0,0,13,18,2,3,13,81,2,12,105,260,15,37
2019-09-18,3,9,,,71,16,10,2,72,77,10,11,0,0,12,19,2,3,12,82,2,12,104,261,15,37
2019-09-19,4,9,,,70,17,10,2,71,78,10,11,0,0,11,20,2,3,11,83,2,12,103,262,15,37
2019-09-20,5,9,,,69,18,10,2,70,79,10,11,0,0,10,21,2,3,10,84,2,12,102,263,15,37
2019-09-23,1,9,,,66,21,9,3,67,82,9,12,0,0,7,24,1,4,7,87,1,13,99,266,14,38
2019-09-24,2,9,,,65,22,9,3,66,83,9,12,0,0,6,25,1,4,6,88,1,13,98,267,14,38
2019-09-25,3,9,,,64,23,9,3,65,84,9,12,0,0,5,26,1,4,5,89,1,13,97,268,14,38
2019-09-26,4,9,,,63,24,9,3,64,85,9,12,0,0,4,27,1,4,4,90,1,13,96,269,14,38
2019-09-27,5,9,,,62,25,9,3,63,86,9,12,0,0,3,28,1,4,3,91,1,13,95,270,14,38
2019-09-30,1,9,,,59,28,8,4,60,89,8,13,0,0,0,0,0,0,0,0,0,0,92,273,13,39
2019-10-01,2,10,,,58,29,8,4,59,90,8,13,0,0,30,1,0,0,91,1,0,0,91,274,13,39
2019-10-02,3,10,,,57,30,8,4,58,91,8,13,0,0,29,2,0,0,90,2,0,0,90,275,13,39
2019-10-03,4,10,,,56,31,8,4,57,92,8,13,0,0,28,3,0,0,89,3,0,0,89,276,13,39
2019-10-04,5,10,,,55,32,8,4,56,93,8,13,0,0,27,4,0,0,88,4,0,0,88,277,13,39
2019-10-07,1,10,,,52,35,7,5,53,96,7,14,0,0,24,7,3,1,85,7,12,1,85,280,12,40
2019-10-08,2,10,,,51,36,7,5,52,97,7,14,0,0,23,8,3,1,84,8,12,1,84,281,12,40
2019-10-09,3,10,,,50,37,7,5,51,98,7,14,0,0,22,9,3,1,83,9,12,1,83,282,12,40
2019-10-10,4,10,,,49,38,7,5,50,99,7,14,0,0,21,10,3,1,82,10,12,1,82,283,12,40
2019-10-11,5,10,,,48,39,7,5,49,100,7,14,0,0,20,11,3,1,81,11,12,1,81,284,12,40
2019-10-14,1,10,,,45,42,6,6,46,103,6,15,0,0,17,14,2,2,78,14,11,2,78,287,11,41
2019-10-15,2,10,,,44,43,6,6,45,104,6,15,0,0,16,15,2,2,77,15,11,2,77,288,11,41
2019-10-16,3,10,,,43,44,6,6,44,105,6,15,0,0,15,16,2,2,76,16,11,2,76,289,11,41
2019-10-17,4,10,,,42,45,6,6,43,106,6,15,0,0,14,17,2,2,75,17,11,2,75,290,11,41
2019-10-18,5,10,,,41,46,6,6,42,107,6,15,0,0,13,18,2,2,74,18,11,2,74,291,11,41
2019-10-21,1,10,,,38,49,5,7,39,110,5,16,0,0,10,21,1,3,71,21,10,3,71,294,10,42
2019-10-22,2,10,,,37,50,5,7,38,111,5,16,0,0,9,22,1,3,70,22,10,3,70,295,10,42
2019-10-23,3,10,,,36,51,5,7,37,112,5,16,0,0,8,23,1,3,69,23,10,3,69,296,10,42
2019-10-24,4,10,,,35,52,5,7,36,113,5,16,0,0,7,24,1,3,68,24,10,3,68,297,10,42
2019-10-25,5,10,,,34,53,5,7,35,114,5,16,0,0,6,25,1,3,67,25,10,3,67,298,10,42
2019-10-28,1,10,,,31,56,4,8,32,117,4,17,0,0,3,28,0,0,64,28,9,4,64,301,9,43
2019-10-29,2,10,,,30,57,4,8,31,118,4,17,0,0,2,29,0,0,63,29,9,4,63,302,9,43
2019-10-30,3,10,,,29,58,4,8,30,119,4,17,0,0,1,30,0,0,62,30,9,4,62,303,9,43
2019-10-31,4,10,,,28,59,4,8,29,120,4,17,0,0,0,0,0,0,61,31,9,4,61,304,9,43
2019-11-01,5,11,,,27,60,4,8,28,121,4,17,0,0,28,1,0,0,60,32,9,4,60,305,9,43
2019-11-04,1,11,,,24,63,3,9,25,124,3,18,0,0,25,4,3,1,57,35,8,5,57,308,8,44
2019-11-05,2,11,,,23,64,3,9,24,125,3,18,0,0,24,5,3,1,56,36,8,5,56,309,8,44
2019-11-06,3,11,,,22,65,3,9,23,126,3,18,0,0,23,6,3,1,55,37,8,5,55,310,8,44
2019-11-07,4,11,,,21,66,3,9,22,127,3,18,0,0,22,7,3,1,54,38,8,5,54,311,8,44
2019-11-08,5,11,,,20,67,3,9,21,128,3,18,0,0,21,8,3,1,53,39,8,5,53,312,8,44
2019-11-11,1,11,,,17,70,2,10,18,131,2,19,0,0,18,11,2,2,50,42,7,6,50,315,7,45
2019-11-12,2,11,,,16,71,2,10,17,132,2,19,0,0,17,12,2,2,49,43,7,6,49,316,7,45
2019-11-13,3,11,,,15,72,2,10,16,133,2,19,0,0,16,13,2,2,48,44,7,6,48,317,7,45
2019-11-14,4,11,,,14,73,2,10,15,134,2,19,0,0,15,14,2,2,47,45,7,6,47,318,7,45
2019-11-15,5,11,,,13,74,2,10,14,135,2,19,0,0,14,15,2,2,46,46,7,6,46,319,7,45
2019-11-18,1,11,,,10,77,1,11,11,138,1,20,0,0,11,18,1,3,43,49,6,7,43,322,6,46
2019-11-19,2,11,,,9,78,1,11,10,139,1,20,0,0,10,19,1,3,42,50,6,7,42,323,6,46
2019-11-20,3,11,,,8,79,1,11,9,140,1,20,0,0,9,20,1,3,41,51,6,7,41,324,6,46
2019-11-21,4,11,,,7,80,1,11,8,141,1,20,0,0,8,21,1,3,40,52,6,7,40,325,6,46
2019-11-22,5,11,,,6,81,1,11,7,142,1,20,0,0,7,22,1,3,39,53,6,7,39,326,6,46
2019-11-25,1,11,,,3,84,0,0,4,145,0,0,0,0,4,25,0,0,36,56,5,8,36,329,5,47
2019-11-26,2,11,,,2,85,0,0,3,146,0,0,0,0,3,26,0,0,35,57,5,8,35,330,5,47
2019-11-27,3,11,,,1,86,0,0,2,147,0,0,0,0,2,27,0,0,34,58,5,8,34,331,5,47
2019-11-28,4,11,Thanksgiving Day,closed,0,0,0,0,1,148,0,0,1,0,1,28,0,0,33,59,5,8,33,332,5,47
2019-11-29,5,11,Thanksgiving Day Early Close,early_close,26,1,0,0,0,0,0,0,0,1,0,0,0,0,32,60,5,8,32,333,5,47
2019-12-02,1,12,,,23,4,3,1,22,3,3,1,0,0,29,3,4,1,29,63,4,9,29,336,4,48
2019-12-03,2,12,,,22,5,3,1,21,4,3,1,0,0,28,4,4,1,28,64,4,9,28,337,4,48
2019-12-04,3,12,,,21,6,3,1,20,5,3,1,0,0,27,5,4,1,27,65,4,9,27,338,4,48
2019-12-05,4,12,,,20,7,3,1,19,6,3,1,0,0,26,6,4,1,26,66,4,9,26,339,4,48
2019-12-06,5,12,,,19,8,3,1,18,7,3,1,0,0,25,7,4,1,25,67,4,9,25,340,4,48
2019-12-09,1,12,,,16,11,2,2,15,10,2,2,0,0,22,10,3,2,22,70,3,10,22,343,3,49
2019-12-10,2,12,,,15,12,2,2,14,11,2,2,0,0,21,11,3,2,21,71,3,10,21,344,3,49
2019-12-11,3,12,,,14,13,2,2,13,12,2,2,0,0,20,12,3,2,20,72,3,10,20,345,3,49
2019-12-12,4,12,,,13,14,2,2,12,13,2,2,0,0,19,13,3,2,19,73,3,10,19,346,3,49
2019-12-13,5,12,,,12,15,2,2,11,14,2,2,0,0,18,14,3,2,18,74,3,10,18,347,3,49
2019-12-16,1,12,,,9,18,1,3,8,17,1,3,0,0,15,17,2,3,15,77,2,11,15,350,2,50
2019-12-17,2,12,,,8,19,1,3,7,18,1,3,0,0,14,18,2,3,14,78,2,11,14,351,2,50
2019-12-18,3,12,,,7,20,1,3,6,19,1,3,0,0,13,19,2,3,13,79,2,11,13,352,2,50
2019-12-19,4,12,,,6,21,1,3,5,20,1,3,0,0,12,20,2,3,12,80,2,11,12,353,2,50
2019-12-20,5,12,,,5,22,1,3,4,21,1,3,0,0,11,21,2,3,11,81,2,11,11,354,2,50
2019-12-23,1,12,,,2,25,0,0,1,24,0,0,0,0,8,24,1,4,8,84,1,12,8,357,1,51
2019-12-24,2,12,Christmas Eve Early Close,early_close,1,26,0,0,0,0,0,0,0,1,7,25,1,4,7,85,1,12,7,358,1,51
2019-12-25,3,12,Christmas Day,closed,0,0,0,0,338,1,0,0,1,0,6,26,1,4,6,86,1,12,6,359,1,51
2019-12-26,4,12,,,6,1,0,0,337,2,0,0,0,0,5,27,1,4,5,87,1,12,5,360,1,51
2019-12-27,5,12,,,5,2,0,0,336,3,0,0,0,0,4,28,1,4,4,88,1,12,4,361,1,51
2019-12-30,1,12,,,2,5,0,0,333,6,47,1,0,0,1,31,0,0,1,91,0,0,1,364,0,0
2019-12-31,2,12,,,1,6,0,0,332,7,47,1,0,0,0,0,0,0,0,0,0,0,0,0,0,0
2020-01-01,3,1,New Year's Day,closed,0,0,0,0,331,8,47,1,1,0,30,1,0,0,90,1,0,0,365,1,0,0
2020-01-02,4,1,,,18,1,0,0,330,9,47,1,0,0,29,2,0,0,89,2,0,0,364,2,0,0
2020-01-03,5,1,,,17,2,0,0,329,10,47,1,0,0,28,3,0,0,88,3,0,0,363,3,0,0
2020-01-06,1,1,,,14,5,2,1,326,13,46,2,0,0,25,6,3,1,85,6,12,1,360,6,51,1
2020-01-07,2,1,,,13,6,2,1,325,14,46,2,0,0,24,7,3,1,84,7,12,1,359,7,51,1
2020-01-08,3,1,,,12,7,2,1,324,15,46,2,0,0,23,8,3,1,83,8,12,1,358,8,51,1
2020-01-09,4,1,,,11,8,2,1,323,16,46,2,0,0,22,9,3,1,82,9,12,1,357,9,51,1
2020-01-10,5,1,,,10,9,2,1,322,17,46,2,0,0,21,10,3,1,81,10,12,1,356,10,51,1
2020-01-13,1,1,,,7,12,1,2,319,20,45,3,0,0,18,13,2,2,78,13,11,2,353,13,50,2
2020-01-14,2,1,,,6,13,1,2,318,21,45,3,0,0,17,14,2,2,77,14,11,2,352,14,50,2
2020-01-15,3,1,,,5,14,1,2,317,22,45,3,0,0,16,15,2,2,76,15,11,2,351,15,50,2
2020-01-16,4,1,,,4,15,1,2,316,23,45,3,0,0,15,16,2,2,75,16,11,2,350,16,50,2
2020-01-17,5,1,,,3,16,1,2,315,24,45,3,0,0,14,17,2,2,74,17,11,2,349,17,50,2
2020-01-20,1,1,Martin Luther King Jr. Day,closed,0,0,0,0,312,27,44,4,1,0,11,20,1,3,71,20,10,3,346,20,49,3
2020-01-21,2,1,,,27,1,0,0,311,28,44,4,0,0,10,21,1,3,70,21,10,3,345,21,49,3
2020-01-22,3,1,,,26,2,0,0,310,29,44,4,0,0,9,22,1,3,69,22,10,3,344,22,49,3
2020-01-23,4,1,,,25,3,0,0,309,30,44,4,0,0,8,23,1,3,68,23,10,3,343,23,49,3
2020-01-24,5,1,,,24,4,0,0,308,31,44,4,0,0,7,24,1,3,67,24,10,3,342,24,49,3
2020-01-27,1,1,,,21,7,3,1,305,34,43,5,0,0,4,27,0,0,64,27,9,4,339,27,48,4
2020-01-28,2,1,,,20,8,3,1,304,35,43,5,0,0,3,28,0,0,63,28,9,4,338,28,48,4
2020-01-29,3,1,,,19,9,3,1,303,36,43,5,0,0,2,29,0,0,62,29,9,4,337,29,48,4
2020-01-30,4,1,,,18,10,3,1,302,37,43,5,0,0,1,30,0,0,61,30,9,4,336,30,48,4
2020-01-31,5,1,,,17,11,3,1,301,38,43,5,0,0,0,0,0,0,60,31,9,4,335,31,48,4
2020-02-03,1,2,,,14,14,2,2,298,41,42,6,0,0,25,3,3,1,57,34,8,5,332,34,47,5
2020-02-04,2,2,,,13,15,2,2,297,42,42,6,0,0,24,4,3,1,56,35,8,5,331,35,47,5
2020-02-05,3,2,,,12,16,2,2,296,43,42,6,0,0,23,5,3,1,55,36,8,5,330,36,47,5
2020-02-06,4,2,,,11,17,2,2,295,44,42,6,0,0,22,6,3,1,54,37,8,5,329,37,47,5
2020-02-07,5,2,,,10,18,2,2,294,45,42,6,0,0,21,7,3,1,53,38,8,5,328,38,47,5
2020-02-10,1,2,,,7,21,1,3,291,48,41,7,0,0,18,10,2,2,50,41,7,6,325,41,46,6
2020-02-11,2,2,,,6,22,1,3,290,49,41,7,0,0,17,11,2,2,49,42,7,6,324,42,46,6
2020-02-12,3,2,,,5,23,1,3,289,50,41,7,0,0,16,12,2,2,48,43,7,6,323,43,46,6
2020-02-13,4,2,,,4,24,1,3,288,51,41,7,0,0,15,13,2,2,47,44,7,6,322,44,46,6
2020-02-14,5,2,,,3,25,1,3,287,52,41,7,0,0,14,14,2,2,46,45,7,6,321,45,46,6
2020-02-17,1,2,Washington's Birthday,closed,0,0,0,0,284,55,40,8,1,0,11,17,1,3,43,48,6,7,318,48,45,7
2020-02-18,2,2,,,52,1,0,0,283,56,40,8,0,0,10,18,1,3,42,49,6,7,317,49,45,7
2020-02-19,3,2,,,51,2,0,0,282,57,40,8,0,0,9,19,1,3,41,50,6,7,316,50,45,7
2020-02-20,4,2,,,50,3,0,0,281,58,40,8,0,0,8,20,1,3,40,51,6,7,315,51,45,7
2020-02-21,5,2,,,49,4,0,0,280,59,40,8,0,0,7,21,1,3,39,52,6,7,314,52,45,7
2020-02-24,1,2,,,46,7,6,1,277,62,39,9,0,0,4,24,0,0,36,55,5,8,311,55,44,8
2020-02-25,2,2,,,45,8,6,1,276,63,39,9,0,0,3,25,0,0,35,56,5,8,310,56,44,8
2020-02-26,3,2,,,44,9,6,1,275,64,39,9,0,0,2,26,0,0,34,57,5,8,309,57,44,8
2020-02-27,4,2,,,43,10,6,1,274,65,39,9,0,0,1,27,0,0,33,58,5,8,308,58,44,8
2020-02-28,5,2,,,42,11,6,1,273,66,39,9,0,0,0,0,0,0,32,59,5,8,307,59,44,8
2020-03-02,1,3,,,39,14,5,2,270,69,38,10,0,0,29,3,4,1,29,62,4,9,304,62,43,9
2020-03-03,2,3,,,38,15,5,2,269,70,38,10,0,0,28,4,4,1,28,63,4,9,303,63,43,9
2020-03-04,3,3,,,37,16,5,2,268,71,38,10,0,0,27,5,4,1,27,64,4,9,302,64,43,9
2020-03-05,4,3,,,36,17,5,2,267,72,38,10,0,0,26,6,4,1,26,65,4,9,301,65,43,9
2020-03-06,5,3,,,35,18,5,2,266,73,38,10,0,0,25,7,4,1,25,66,4,9,300,66,43,9
2020-03-09,1,3,,,32,21,4,3,263,76,37,11,0,0,22,10,3,2,22,69,3,10,297,69,42,10
2020-03-10,2,3,,,31,22,4,3,262,77,37,11,0,0,21,11,3,2,21,70,3,10,296,70,42,10
2020-03-11,3,3,,,30,23,4,3,261,78,37,11,0,0,20,12,3,2,20,71,3,10,295,71,42,10
2020-03-12,4,3,,,29,24,4,3,260,79,37,11,0,0,19,13,3,2,19,72,3,10,294,72,42,10
2020-03-13,5,3,,,28,25,4,3,259,80,37,11,0,0,18,14,3,2,18,73,3,10,293,73,42,10
2020-03-16,1,3,,,25,28,3,4,256,83,36,12,0,0,15,17,2,3,15,76,2,11,290,76,41,11
2020-03-17,2,3,,,24,29,3,4,255,84,36,12,0,0,14,18,2,3,14,77,2,11,289,77,41,11
2020-03-18,3,3,,,23,30,3,4,254,85,36,12,0,0,13,19,2,3,13,78,2,11,288,78,41,11
2020-03-19,4,3,,,22,31,3,4,253,86,36,12,0,0,12,20,2,3,12,79,2,11,287,79,41,11
2020-03-20,5,3,,,21,32,3,4,252,87,36,12,0,0,11,21,2,3,11,80,2,11,286,80,41,11
2020-03-23,1,3,,,18,35,2,5,249,90,35,13,0,0,8,24,1,4,8,83,1,12,283,83,40,12
2020-03-24,2,3,,,17,36,2,5,248,91,35,13,0,0,7,25,1,4,7,84,1,12,282,84,40,12
2020-03-25,3,3,,,16,37,2,5,247,92,35,13,0,0,6,26,1,4,6,85,1,12,281,85,40,12
2020-03-26,4,3,,,15,38,2,5,246,93,35,13,0,0,5,27,1,4,5,86,1,12,280,86,40,12
2020-03-27,5,3,,,14,39,2,5,245,94,35,13,0,0,4,28,1,4,4,87,1,12,279,87,40,12
2020-03-30,1,3,,,11,42,1,6,242,97,34,14,0,0,1,31,0,0,1,90,0,0,276,90,39,13
2020-03-31,2,3,,,10,43,1,6,241,98,34,14,0,0,0,0,0,0,0,0,0,0,275,91,39,13
2020-04-01,3,4,,,9,44,1,6,240,99,34,14,0,0,29,1,0,0,90,1,0,0,274,92,39,13
2020-04-02,4,4,,,8,45,1,6,239,100,34,14,0,0,28,2,0,0,89,2,0,0,273,93,39,13
2020-04-03,5,4,,,7,46,1,6,238,101,34,14,0,0,27,3,0,0,88,3,0,0,272,94,39,13
2020-04-06,1,4,,,4,49,0,0,235,104,33,15,0,0,24,6,3,1,85,6,12,1,269,97,38,14
2020-04-07,2,4,,,3,50,0,0,234,105,33,15,0,0,23,7,3,1,84,7,12,1,268,98,38,14
2020-04-08,3,4,,,2,51,0,0,233,106,33,15,0,0,22,8,3,1,83,8,12,1,267,99,38,14
2020-04-09,4,4,,,1,52,0,0,232,107,33,15,0,0,21,9,3,1,82,9,12,1,266,100,38,14
2020-04-10,5,4,Good Friday,closed,0,0,0,0,231,108,33,15,1,0,20,10,3,1,81,10,12,1,265,101,38,14
2020-04-13,1,4,,,42,3,6,1,228,111,32,16,0,0,17,13,2,2,78,13,11,2,262,104,37,15
2020-04-14,2,4,,,41,4,6,1,227,112,32,16,0,0,16,14,2,2,77,14,11,2,261,105,37,15
2020-04-15,3,4,,,40,5,6,1,226,113,32,16,0,0,15,15,2,2,76,15,11,2,260,106,37,15
2020-04-16,4,4,,,39,6,6,1,225,114,32,16,0,0,14,16,2,2,75,16,11,2,259,107,37,15
2020-04-17,5,4,,,38,7,6,1,224,115,32,16,0,0,13,17,2,2,74,17,11,2,258,108,37,15
2020-04-20,1,4,,,35,10,5,2,221,118,31,17,0,0,10,20,1,3,71,20,10,3,255,111,36,16
2020-04-21,2,4,,,34,11,5,2,220,119,31,17,0,0,9,21,1,3,70,21,10,3,254,112,36,16
2020-04-22,3,4,,,33,12,5,2,219,120,31,17,0,0,8,22,1,3,69,22,10,3,253,113,36,16
2020-04-23,4,4,,,32,13,5,2,218,121,31,17,0,0,7,23,1,3,68,23,10,3,252,114,36,16
2020-04-24,5,4,,,31,14,5,2,217,122,31,17,0,0,6,24,1,3,67,24,10,3,251,115,36,16
2020-04-27,1,4,,,28,17,4,3,214,125,30,18,0,0,3,27,0,0,64,27,9,4,248,118,35,17
2020-04-28,2,4,,,27,18,4,3,213,126,30,18,0,0,2,28,0,0,63,28,9,4,247,119,35,17
2020-04-29,3,4,,,26,19,4,3,212,127,30,18,0,0,1,29,0,0,62,29,9,4,246,120,35,17
2020-04-30,4,4,,,25,20,4,3,211,128,30,18,0,0,0,0,0,0,61,30,9,4,245,121,35,17
2020-05-01,5,5,,,24,21,4,3,210,129,30,18,0,0,28,1,0,0,60,31,9,4,244,122,35,17
2020-05-04,1,5,,,21,24,3,4,207,132,29,19,0,0,25,4,3,1,57,34,8,5,241,125,34,18
2020-05-05,2,5,,,20,25,3,4,206,133,29,19,0,0,24,5,3,1,56,35,8,5,240,126,34,18
2020-05-06,3,5,,,19,26,3,4,205,134,29,19,0,0,23,6,3,1,55,36,8,5,239,127,34,18
2020-05-07,4,5,,,18,27,3,4,204,135,29,19,0,0,22,7,3,1,54,37,8,5,238,128,34,18
2020-05-08,5,5,,,17,28,3,4,203,136,29,19,0,0,21,8,3,1,53,38,8,5,237,129,34,18
2020-05-11,1,5,,,14,31,2,5,200,139,28,20,0,0,18,11,2,2,50,41,7,6,234,132,33,19
2020-05-12,2,5,,,13,32,2,5,199,140,28,20,0,0,17,12,2,2,49,42,7,6,233,133,33,19
2020-05-13,3,5,,,12,33,2,5,198,141,28,20,0,0,16,13,2,2,48,43,7,6,232,134,33,19
2020-05-14,4,5,,,11,34,2,5,197,142,28,20,0,0,15,14,2,2,47,44,7,6,231,135,33,19
2020-05-15,5,5,,,10,35,2,5,196,143,28,20,0,0,14,15,2,2,46,45,7,6,230,136,33,19
2020-05-18,1,5,,,7,38,1,6,193,146,27,21,0,0,11,18,1,3,43,48,6,7,227,139,32,20
2020-05-19,2,5,,,6,39,1,6,192,147,27,21,0,0,10,19,1,3,42,49,6,7,226,140,32,20
2020-05-20,3,5,,,5,40,1,6,191,148,27,21,0,0,9,20,1,3,41,50,6,7,225,141,32,20
2020-05-21,4,5,,,4,41,1,6,190,149,27,21,0,0,8,21,1,3,40,51,6,7,224,142,32,20
2020-05-22,5,5,,,3,42,1,6,189,150,27,21,0,0,7,22,1,3,39,52,6,7,223,143,32,20
2020-05-25,1,5,Memorial Day,closed,0,0,0,0,186,153,26,22,1,0,4,25,0,0,36,55,5,8,220,146,31,21
2020-05-26,2,5,,,38,1,0,0,185,154,26,22,0,0,3,26,0,0,35,56,5,8,219,147,31,21
2020-05-27,3,5,,,37,2,0,0,184,155,26,22,0,0,2,27,0,0,34,57,5,8,218,148,31,21
2020-05-28,4,5,,,36,3,0,0,183,156,26,22,0,0,1,28,0,0,33,58,5,8,217,149,31,21
2020-05-29,5,5,,,35,4,0,0,182,157,26,22,0,0,0,0,0,0,32,59,5,8,216,150,31,21
2020-06-01,1,6,,,32,7,4,1,179,160,25,23,0,0,29,3,4,1,29,62,4,9,213,153,30,22
2020-06-02,2,6,,,31,8,4,1,178,161,25,23,0,0,28,4,4,1,28,63,4,9,212,154,30,22
2020-06-03,3,6,,,30,9,4,1,177,162,25,23,0,0,27,5,4,1,27,64,4,9,211,155,30,22
2020-06-04,4,6,,,29,10,4,1,176,163,25,23,0,0,26,6,4,1,26,65,4,9,210,156,30,22
2020-06-05,5,6,,,28,11,4,1,175,164,25,23,0,0,25,7,4,1,25,66,4,9,209,157,30,22
2020-06-08,1,6,,,25,14,3,2,172,167,24,24,0,0,22,10,3,2,22,69,3,10,206,160,29,23
2020-06-09,2,6,,,24,15,3,2,171,168,24,24,0,0,21,11,3,2,21,70,3,10,205,161,29,23
2020-06-10,3,6,,,23,16,3,2,170,169,24,24,0,0,20,12,3,2,20,71,3,10,204,162,29,23
2020-06-11,4,6,,,22,17,3,2,169,170,24,24,0,0,19,13,3,2,19,72,3,10,203,163,29,23
2020-06-12,5,6,,,21,18,3,2,168,171,24,24,0,0,18,14,3,2,18,73,3,10,202,164,29,23
2020-06-15,1,6,,,18,21,2,3,165,174,23,25,0,0,15,17,2,3,15,76,2,11,199,167,28,24
2020-06-16,2,6,,,17,22,2,3,164,175,23,25,0,0,14,18,2,3,14,77,2,11,198,168,28,24
2020-06-17,3,6,,,16,23,2,3,163,176,23,25,0,0,13,19,2,3,13,78,2,11,197,169,28,24
2020-06-18,4,6,,,15,24,2,3,162,177,23,25,0,0,12,20,2,3,12,79,2,11,196,170,28,24
2020-06-19,5,6,,,14,25,2,3,161,178,23,25,0,0,11,21,2,3,11,80,2,11,195,171,28,24
2020-06-22,1,6,,,11,28,1,4,158,181,22,26,0,0,8,24,1,4,8,83,1,12,192,174,27,25
2020-06-23,2,6,,,10,29,1,4,157,182,22,26,0,0,7,25,1,4,7,84,1,12,191,175,27,25
2020-06-24,3,6,,,9,30,1,4,156,183,22,26,0,0,6,26,1,4,6,85,1,12,190,176,27,25
2020-06-25,4,6,,,8,31,1,4,155,184,22,26,0,0,5,27,1,4,5,86,1,12,189,177,27,25
2020-06-26,5,6,,,7,32,1,4,154,185,22,26,0,0,4,28,1,4,4,87,1,12,188,178,27,25
2020-06-29,1,6,,,4,35,0,0,151,188,21,27,0,0,1,31,0,0,1,90,0,0,185,181,26,26
2020-06-30,2,6,,,3,36,0,0,150,189,21,27,0,0,0,0,0,0,0,0,0,0,184,182,26,26
2020-07-01,3,7,,,2,37,0,0,149,190,21,27,0,0,30,1,0,0,91,1,0,0,183,183,26,26
2020-07-02,4,7,,,1,38,0,0,148,191,21,27,0,0,29,2,0,0,90,2,0,0,182,184,26,26
2020-07-03,5,7,Independence Day Observed,closed,0,0,0,0,147,192,21,27,1,0,28,3,0,0,89,3,0,0,181,185,26,26
2020-07-06,1,7,,,63,3,9,1,144,195,20,28,0,0,25,6,3,1,86,6,12,1,178,188,25,27
2020-07-07,2,7,,,62,4,9,1,143,196,20,28,0,0,24,7,3,1,85,7,12,1,177,189,25,27
2020-07-08,3,7,,,61,5,9,1,142,197,20,28,0,0,23,8,3,1,84,8,12,1,176,190,25,27
2020-07-09,4,7,,,60,6,9,1,141,198,20,28,0,0,22,9,3,1,83,9,12,1,175,191,25,27
2020-07-10,5,7,,,59,7,9,1,140,199,20,28,0,0,21,10,3,1,82,10,12,1,174,192,25,27
2020-07-13,1,7,,,56,10,8,2,137,202,19,29,0,0,18,13,2,2,79,13,11,2,171,195,24,28
2020-07-14,2,7,,,55,11,8,2,136,203,19,29,0,0,17,14,2,2,78,14,11,2,170,196,24,28
2020-07-15,3,7,,,54,12,8,2,135,204,19,29,0,0,16,15,2,2,77,15,11,2,169,197,24,28
2020-07-16,4,7,,,53,13,8,2,134,205,19,29,0,0,15,16,2,2,76,16,11,2,168,198,24,28
2020-07-17,5,7,,,52,14,8,2,133,206,19,29,0,0,14,17,2,2,75,17,11,2,167,199,24,28
2020-07-20,1,7,,,49,17,7,3,130,209,18,30,0,0,11,20,1,3,72,20,10,3,164,202,23,29
2020-07-21,2,7,,,48,18,7,3,129,210,18,30,0,0,10,21,1,3,71,21,10,3,163,203,23,29
2020-07-22,3,7,,,47,19,7,3,128,211,18,30,0,0,9,22,1,3,70,22,10,3,162,204,23,29
2020-07-23,4,7,,,46,20,7,3,127,212,18,30,0,0,8,23,1,3,69,23,10,3,161,205,23,29
2020-07-24,5,7,,,45,21,7,3,126,213,18,30,0,0,7,24,1,3,68,24,10,3,160,206,23,29
2020-07-27,1,7,,,42,24,6,4,123,216,17,31,0,0,4,27,0,0,65,27,9,4,157,209,22,30
2020-07-28,2,7,,,41,25,6,4,122,217,17,31,0,0,3,28,0,0,64,28,9,4,156,210,22,30
2020-07-29,3,7,,,40,26,6,4,121,218,17,31,0,0,2,29,0,0,63,29,9,4,155,211,22,30
2020-07-30,4,7,,,39,27,6,4,120,219,17,31,0,0,1,30,0,0,62,30,9,4,154,212,22,30
2020-07-31,5,7,,,38,28,6,4,119,220,17,31,0,0,0,0,0,0,61,31,9,4,153,213,22,30
2020-08-03,1,8,,,35,31,5,5,116,223,16,32,0,0,28,3,4,1,58,34,8,5,150,216,21,31
2020-08-04,2,8,,,34,32,5,5,115,224,16,32,0,0,27,4,4,1,57,35,8,5,149,217,21,31
2020-08-05,3,8,,,33,33,5,5,114,225,16,32,0,0,26,5,4,1,56,36,8,5,148,218,21,31
2020-08-06,4,8,,,32,34,5,5,113,226,16,32,0,0,25,6,4,1,55,37,8,5,147,219,21,31
2020-08-07,5,8,,,31,35,5,5,112,227,16,32,0,0,24,7,4,1,54,38,8,5,146,220,21,31
2020-08-10,1,8,,,28,38,4,6,109,230,15,33,0,0,21,10,3,2,51,41,7,6,143,223,20,32
2020-08-11,2,8,,,27,39,4,6,108,231,15,33,0,0,20,11,3,2,50,42,7,6,142,224,20,32
2020-08-12,3,8,,,26,40,4,6,107,232,15,33,0,0,19,12,3,2,49,43,7,6,141,225,20,32
2020-08-13,4,8,,,25,41,4,6,106,233,15,33,0,0,18,13,3,2,48,44,7,6,140,226,20,32
2020-08-14,5,8,,,24,42,4,6,105,234,15,33,0,0,17,14,3,2,47,45,7,6,139,227,20,32
2020-08-17,1,8,,,21,45,3,7,102,237,14,34,0,0,14,17,2,3,44,48,6,7,136,230,19,33
2020-08-18,2,8,,,20,46,3,7,101,238,14,34,0,0,13,18,2,3,43,49,6,7,135,231,19,33
2020-08-19,3,8,,,19,47,3,7,100,239,14,34,0,0,12,19,2,3,42,50,6,7,134,232,19,33
2020-08-20,4,8,,,18,48,3,7,99,240,14,34,0,0,11,20,2,3,41,51,6,7,133,233,19,33
2020-08-21,5,8,,,17,49,3,7,98,241,14,34,0,0,10,21,2,3,40,52,6,7,132,234,19,33
2020-08-24,1,8,,,14,52,2,8,95,244,13,35,0,0,7,24,1,4,37,55,5,8,129,237,18,34
2020-08-25,2,8,,,13,53,2,8,94,245,13,35,0,0,6,25,1,4,36,56,5,8,128,238,18,34
2020-08-26,3,8,,,12,54,2,8,93,246,13,35,0,0,5,26,1,4,35,57,5,8,127,239,18,34
2020-08-27,4,8,,,11,55,2,8,92,247,13,35,0,0,4,27,1,4,34,58,5,8,126,240,18,34
2020-08-28,5,8,,,10,56,2,8,91,248,13,35,0,0,3,28,1,4,33,59,5,8,125,241,18,34
2020-08-31,1,8,,,7,59,1,9,88,251,12,36,0,0,0,0,0,0,30,62,4,9,122,244,17,35
2020-09-01,2,9,,,6,60,1,9,87,252,12,36,0,0,29,1,0,0,29,63,4,9,121,245,17,35
2020-09-02,3,9,,,5,61,1,9,86,253,12,36,0,0,28,2,0,0,28,64,4,9,120,246,17,35
2020-09-03,4,9,,,4,62,1,9,85,254,12,36,0,0,27,3,0,0,27,65,4,9,119,247,17,35
2020-09-04,5,9,,,3,63,1,9,84,255,12,36,0,0,26,4,0,0,26,66,4,9,118,248,17,35
2020-09-07,1,9,Labor Day,closed,0,0,0,0,81,258,11,37,1,0,23,7,3,1,23,69,3,10,115,251,16,36
2020-09-08,2,9,,,79,1,0,0,80,259,11,37,0,0,22,8,3,1,22,70,3,10,114,252,16,36
2020-09-09,3,9,,,78,2,0,0,79,260,11,37,0,0,21,9,3,1,21,71,3,10,113,253,16,36
2020-09-10,4,9,,,77,3,0,0,78,261,11,37,0,0,20,10,3,1,20,72,3,10,112,254,16,36
2020-09-11,5,9,,,76,4,0,0,77,262,11,37,0,0,19,11,3,1,19,73,3,10,111,255,16,36
2020-09-14,1,9,,,73,7,10,1,74,265,10,38,0,0,16,14,2,2,16,76,2,11,108,258,15,37
2020-09-15,2,9,,,72,8,10,1,73,266,10,38,0,0,15,15,2,2,15,77,2,11,107,259,15,37
2020-09-16,3,9,,,71,9,10,1,72,267,10,38,0,0,14,16,2,2,14,78,2,11,106,260,15,37
2020-09-17,4,9,,,70,10,10,1,71,268,10,38,0,0,13,17,2,2,13,79,2,11,105,261,15,37
2020-09-18,5,9,,,69,11,10,1,70,269,10,38,0,0,12,18,2,2,12,80,2,11,104,262,15,37
2020-09-21,1,9,,,66,14,9,2,67,272,9,39,0,0,9,21,1,3,9,83,1,12,101,265,14,38
2020-09-22,2,9,,,65,15,9,2,66,273,9,39,0,0,8,22,1,3,8,84,1,12,100,266,14,38
2020-09-23,3,9,,,64,16,9,2,65,274,9,39,0,0,7,23,1,3,7,85,1,12,99,267,14,38
2020-09-24,4,9,,,63,17,9,2,64,275,9,39,0,0,6,24,1,3,6,86,1,12,98,268,14,38
2020-09-25,5,9,,,62,18,9,2,63,276,9,39,0,0,5,25,1,3,5,87,1,12,97,269,14,38
2020-09-28,1,9,,,59,21,8,3,60,279,8,40,0,0,2,28,0,0,2,90,0,0,94,272,13,39
2020-09-29,2,9,,,58,22,8,3,59,280,8,40,0,0,1,29,0,0,1,91,0,0,93,273,13,39
2020-09-30,3,9,,,57,23,8,3,58,281,8,40,0,0,0,0,0,0,0,0,0,0,92,274,13,39
2020-10-01,4,10,,,56,24,8,3,57,282,8,40,0,0,29,1,0,0,91,1,0,0,91,275,13,39
2020-10-02,5,10,,,55,25,8,3,56,283,8,40,0,0,28,2,0,0,90,2,0,0,90,276,13,39
2020-10-05,1,10,,,52,28,7,4,53,286,7,41,0,0,25,5,3,1,87,5,12,1,87,279,12,40
2020-10-06,2,10,,,51,29,7,4,52,287,7,41,0,0,24,6,3,1,86,6,12,1,86,280,12,40
2020-10-07,3,10,,,50,30,7,4,51,288,7,41,0,0,23,7,3,1,85,7,12,1,85,281,12,40
2020-10-08,4,10,,,49,31,7,4,50,289,7,41,0,0,22,8,3,1,84,8,12,1,84,282,12,40
2020-10-09,5,10,,,48,32,7,4,49,290,7,41,0,0,21,9,3,1,83,9,12,1,83,283,12,40
2020-10-12,1,10,,,45,35,6,5,46,293,6,42,0,0,18,12,2,2,80,12,11,2,80,286,11,41
2020-10-13,2,10,,,44,36,6,5,45,294,6,42,0,0,17,13,2,2,79,13,11,2,79,287,11,41
2020-10-14,3,10,,,43,37,6,5,44,295,6,42,0,0,16,14,2,2,78,14,11,2,78,288,11,41
2020-10-15,4,10,,,42,38,6,5,43,296,6,42,0,0,15,15,2,2,77,15,11,2,77,289,11,41
2020-10-16,5,10,,,41,39,6,5,42,297,6,42,0,0,14,16,2,2,76,16,11,2,76,290,11,41
2020-10-19,1,10,,,38,42,5,6,39,300,5,43,0,0,11,19,1,3,73,19,10,3,73,293,10,42
2020-10-20,2,10,,,37,43,5,6,38,301,5,43,0,0,10,20,1,3,72,20,10,3,72,294,10,42
2020-10-21,3,10,,,36,44,5,6,37,302,5,43,0,0,9,21,1,3,71,21,10,3,71,295,10,42
2020-10-22,4,10,,,35,45,5,6,36,303,5,43,0,0,8,22,1,3,70,22,10,3,70,296,10,42
2020-10-23,5,10,,,34,46,5,6,35,304,5,43,0,0,7,23,1,3,69,23,10,3,69,297,10,42
2020-10-26,1,10,,,31,49,4,7,32,307,4,44,0,0,4,26,0,0,66,26,9,4,66,300,9,43
2020-10-27,2,10,,,30,50,4,7,31,308,4,44,0,0,3,27,0,0,65,27,9,4,65,301,9,43
2020-10-28,3,10,,,29,51,4,7,30,309,4,44,0,0,2,28,0,0,64,28,9,4,64,302,9,43
2020-10-29,4,10,,,28,52,4,7,29,310,4,44,0,0,1,29,0,0,63,29,9,4,63,303,9,43
2020-10-30,5,10,,,27,53,4,7,28,311,4,44,0,0,0,0,0,0,62,30,9,4,62,304,9,43
2020-11-02,1,11,,,24,56,3,8,25,314,3,45,0,0,28,3,4,1,59,33,8,5,59,307,8,44
2020-11-03,2,11,,,23,57,3,8,24,315,3,45,0,0,27,4,4,1,58,34,8,5,58,308,8,44
2020-11-04,3,11,,,22,58,3,8,23,316,3,45,0,0,26,5,4,1,57,35,8,5,57,309,8,44
2020-11-05,4,11,,,21,59,3,8,22,317,3,45,0,0,25,6,4,1,56,36,8,5,56,310,8,44
2020-11-06,5,11,,,20,60,3,8,21,318,3,45,0,0,24,7,4,1,55,37,8,5,55,311,8,44
2020-11-09,1,11,,,17,63,2,9,18,321,2,46,0,0,21,10,3,2,52,40,7,6,52,314,7,45
2020-11-10,2,11,,,16,64,2,9,17,322,2,46,0,0,20,11,3,2,51,41,7,6,51,315,7,45
2020-11-11,3,11,,,15,65,2,9,16,323,2,46,0,0,19,12,3,2,50,42,7,6,50,316,7,45
2020-11-12,4,11,,,14,66,2,9,15,324,2,46,0,0,18,13,3,2,49,43,7,6,49,317,7,45
2020-11-13,5,11,,,13,67,2,9,14,325,2,46,0,0,17,14,3,2,48,44,7,6,48,318,7,45
2020-11-16,1,11,,,10,70,1,10,11,328,1,47,0,0,14,17,2,3,45,47,6,7,45,321,6,46
2020-11-17,2,11,,,9,71,1,10,10,329,1,47,0,0,13,18,2,3,44,48,6,7,44,322,6,46
2020-11-18,3,11,,,8,72,1,10,9,330,1,47,0,0,12,19,2,3,43,49,6,7,43,323,6,46
2020-11-19,4,11,,,7,73,1,10,8,331,1,47,0,0,11,20,2,3,42,50,6,7,42,324,6,46
2020-11-20,5,11,,,6,74,1,10,7,332,1,47,0,0,10,21,2,3,41,51,6,7,41,325,6,46
2020-11-23,1,11,,,3,77,0,0,4,335,0,0,0,0,7,24,1,4,38,54,5,8,38,328,5,47
2020-11-24,2,11,,,2,78,0,0,3,336,0,0,0,0,6,25,1,4,37,55,5,8,37,329,5,47
2020-11-25,3,11,,,1,79,0,0,2,337,0,0,0,0,5,26,1,4,36,56,5,8,36,330,5,47
2020-11-26,4,11,Thanksgiving Day,closed,0,0,0,0,1,338,0,0,1,0,4,27,1,4,35,57,5,8,35,331,5,47
2020-11-27,5,11,Thanksgiving Day Early Close,early_close,28,1,0,0,0,0,0,0,0,1,3,28,1,4,34,58,5,8,34,332,5,47
2020-11-30,1,11,,,25,4,3,1,24,3,3,1,0,0,0,0,0,0,31,61,4,9,31,335,4,48
2020-12-01,2,12,,,24,5,3,1,23,4,3,1,0,0,30,1,0,0,30,62,4,9,30,336,4,48
2020-12-02,3,12,,,23,6,3,1,22,5,3,1,0,0,29,2,0,0,29,63,4,9,29,337,4,48
2020-12-03,4,12,,,22,7,3,1,21,6,3,1,0,0,28,3,0,0,28,64,4,9,28,338,4,48
2020-12-04,5,12,,,21,8,3,1,20,7,3,1,0,0,27,4,0,0,27,65,4,9,27,339,4,48
2020-12-07,1,12,,,18,11,2,2,17,10,2,2,0,0,24,7,3,1,24,68,3,10,24,342,3,49
2020-12-08,2,12,,,17,12,2,2,16,11,2,2,0,0,23,8,3,1,23,69,3,10,23,343,3,49
2020-12-09,3,12,,,16,13,2,2,15,12,2,2,0,0,22,9,3,1,22,70,3,10,22,344,3,49
2020-12-10,4,12,,,15,14,2,2,14,13,2,2,0,0,21,10,3,1,21,71,3,10,21,345,3,49
2020-12-11,5,12,,,14,15,2,2,13,14,2,2,0,0,20,11,3,1,20,72,3,10,20,346,3,49
2020-12-14,1,12,,,11,18,1,3,10,17,1,3,0,0,17,14,2,2,17,75,2,11,17,349,2,50
2020-12-15,2,12,,,10,19,1,3,9,18,1,3,0,0,16,15,2,2,16,76,2,11,16,350,2,50
2020-12-16,3,12,,,9,20,1,3,8,19,1,3,0,0,15,16,2,2,15,77,2,11,15,351,2,50
2020-12-17,4,12,,,8,21,1,3,7,20,1,3,0,0,14,17,2,2,14,78,2,11,14,352,2,50
2020-12-18,5,12,,,7,22,1,3,6,21,1,3,0,0,13,18,2,2,13,79,2,11,13,353,2,50
2020-12-21,1,12,,,4,25,0,0,3,24,0,0,0,0,10,21,1,3,10,82,1,12,10,356,1,51
2020-12-22,2,12,,,3,26,0,0,2,25,0,0,0,0,9,22,1,3,9,83,1,12,9,357,1,51
2020-12-23,3,12,,,2,27,0,0,1,26,0,0,0,0,8,23,1,3,8,84,1,12,8,358,1,51
2020-12-24,4,12,Christmas Eve Early Close,early_close,1,28,0,0,0,0,0,0,0,1,7,24,1,3,7,85,1,12,7,359,1,51
2020-12-25,5,12,Christmas Day,closed,0,0,0,0,336,1,0,0,1,0,6,25,1,3,6,86,1,12,6,360,1,51
2020-12-28,1,12,,,4,3,0,0,333,4,47,1,0,0,3,28,0,0,3,89,0,0,3,363,0,0
2020-12-29,2,12,,,3,4,0,0,332,5,47,1,0,0,2,29,0,0,2,90,0,0,2,364,0,0
2020-12-30,3,12,,,2,5,0,0,331,6,47,1,0,0,1,30,0,0,1,91,0,0,1,365,0,0
2020-12-31,4,12,,,1,6,0,0,330,7,47,1,0,0,0,0,0,0,0,0,0,0,0,0,0,0
2021-01-01,5,1,New Year's Day,closed,0,0,0,0,329,8,47,1,1,0,28,1,0,0,89,1,0,0,364,1,0,0
2021-01-04,1,1,,,14,3,2,1,326,11,46,2,0,0,25,4,3,1,86,4,12,1,361,4,51,1
2021-01-05,2,1,,,13,4,2,1,325,12,46,2,0,0,24,5,3,1,85,5,12,1,360,5,51,1
2021-01-06,3,1,,,12,5,2,1,324,13,46,2,0,0,23,6,3,1,84,6,12,1,359,6,51,1
2021-01-07,4,1,,,11,6,2,1,323,14,46,2,0,0,22,7,3,1,83,7,12,1,358,7,51,1
2021-01-08,5,1,,,10,7,2,1,322,15,46,2,0,0,21,8,3,1,82,8,12,1,357,8,51,1
2021-01-11,1,1,,,7,10,1,2,319,18,45,3,0,0,18,11,2,2,79,11,11,2,354,11,50,2
2021-01-12,2,1,,,6,11,1,2,318,19,45,3,0,0,17,12,2,2,78,12,11,2,353,12,50,2
2021-01-13,3,1,,,5,12,1,2,317,20,45,3,0,0,16,13,2,2,77,13,11,2,352,13,50,2
2021-01-14,4,1,,,4,13,1,2,316,21,45,3,0,0,15,14,2,2,76,14,11,2,351,14,50,2
2021-01-15,5,1,,,3,14,1,2,315,22,45,3,0,0,14,15,2,2,75,15,11,2,350,15,50,2
2021-01-18,1,1,Martin Luther King Jr. Day,closed,0,0,0,0,312,25,44,4,1,0,11,18,1,3,72,18,10,3,347,18,49,3
2021-01-19,2,1,,,27,1,0,0,311,26,44,4,0,0,10,19,1,3,71,19,10,3,346,19,49,3
2021-01-20,3,1,,,26,2,0,0,310,27,44,4,0,0,9,20,1,3,70,20,10,3,345,20,49,3
2021-01-21,4,1,,,25,3,0,0,309,28,44,4,0,0,8,21,1,3,69,21,10,3,344,21,49,3
2021-01-22,5,1,,,24,4,0,0,308,29,44,4,0,0,7,22,1,3,68,22,10,3,343,22,49,3
2021-01-25,1,1,,,21,7,3,1,305,32,43,5,0,0,4,25,0,0,65,25,9,4,340,25,48,4
2021-01-26,2,1,,,20,8,3,1,304,33,43,5,0,0,3,26,0,0,64,26,9,4,339,26,48,4
2021-01-27,3,1,,,19,9,3,1,303,34,43,5,0,0,2,27,0,0,63,27,9,4,338,27,48,4
2021-01-28,4,1,,,18,10,3,1,302,35,43,5,0,0,1,28,0,0,62,28,9,4,337,28,48,4
2021-01-29,5,1,,,17,11,3,1,301,36,43,5,0,0,0,0,0,0,61,29,9,4,336,29,48,4
2021-02-01,1,2,,,14,14,2,2,298,39,42,6,0,0,25,3,3,1,58,32,8,5,333,32,47,5
2021-02-02,2,2,,,13,15,2,2,297,40,42,6,0,0,24,4,3,1,57,33,8,5,332,33,47,5
2021-02-03,3,2,,,12,16,2,2,296,41,42,6,0,0,23,5,3,1,56,34,8,5,331,34,47,5
2021-02-04,4,2,,,11,17,2,2,295,42,42,6,0,0,22,6,3,1,55,35,8,5,330,35,47,5
2021-02-05,5,2,,,10,18,2,2,294,43,42,6,0,0,21,7,3,1,54,36,8,5,329,36,47,5
2021-02-08,1,2,,,7,21,1,3,291,46,41,7,0,0,18,10,2,2,51,39,7,6,326,39,46,6
2021-02-09,2,2,,,6,22,1,3,290,47,41,7,0,0,17,11,2,2,50,40,7,6,325,40,46,6
2021-02-10,3,2,,,5,23,1,3,289,48,41,7,0,0,16,12,2,2,49,41,7,6,324,41,46,6
2021-02-11,4,2,,,4,24,1,3,288,49,41,7,0,0,15,13,2,2,48,42,7,6,323,42,46,6
2021-02-12,5,2,,,3,25,1,3,287,50,41,7,0,0,14,14,2,2,47,43,7,6,322,43,46,6
2021-02-15,1,2,Washington's Birthday,closed,0,0,0,0,284,53,40,8,1,0,11,17,1,3,44,46,6,7,319,46,45,7
2021-02-16,2,2,,,45,1,0,0,283,54,40,8,0,0,10,18,1,3,43,47,6,7,318,47,45,7
2021-02-17,3,2,,,44,2,0,0,282,55,40,8,0,0,9,19,1,3,42,48,6,7,317,48,45,7
2021-02-18,4,2,,,43,3,0,0,281,56,40,8,0,0,8,20,1,3,41,49,6,7,316,49,45,7
2021-02-19,5,2,,,42,4,0,0,280,57,40,8,0,0,7,21,1,3,40,50,6,7,315,50,45,7
2021-02-22,1,2,,,39,7,5,1,277,60,39,9,0,0,4,24,0,0,37,53,5,8,312,53,44,8
2021-02-23,2,2,,,38,8,5,1,276,61,39,9,0,0,3,25,0,0,36,54,5,8,311,54,44,8
2021-02-24,3,2,,,37,9,5,1,275,62,39,9,0,0,2,26,0,0,35,55,5,8,310,55,44,8
2021-02-25,4,2,,,36,10,5,1,274,63,39,9,0,0,1,27,0,0,34,56,5,8,309,56,44,8
2021-02-26,5,2,,,35,11,5,1,273,64,39,9,0,0,0,0,0,0,33,57,5,8,308,57,44,8
2021-03-01,1,3,,,32,14,4,2,270,67,38,10,0,0,30,3,4,1,30,60,4,9,305,60,43,9
2021-03-02,2,3,,,31,15,4,2,269,68,38,10,0,0,29,4,4,1,29,61,4,9,304,61,43,9
2021-03-03,3,3,,,30,16,4,2,268,69,38,10,0,0,28,5,4,1,28,62,4,9,303,62,43,9
2021-03-04,4,3,,,29,17,4,2,267,70,38,10,0,0,27,6,4,1,27,63,4,9,302,63,43,9
2021-03-05,5,3,,,28,18,4,2,266,71,38,10,0,0,26,7,4,1,26,64,4,9,301,64,43,9
2021-03-08,1,3,,,25,21,3,3,263,74,37,11,0,0,23,10,3,2,23,67,3,10,298,67,42,10
2021-03-09,2,3,,,24,22,3,3,262,75,37,11,0,0,22,11,3,2,22,68,3,10,297,68,42,10
2021-03-10,3,3,,,23,23,3,3,261,76,37,11,0,0,21,12,3,2,21,69,3,10,296,69,42,10
2021-03-11,4,3,,,22,24,3,3,260,77,37,11,0,0,20,13,3,2,20,70,3,10,295,70,42,10
2021-03-12,5,3,,,21,25,3,3,259,78,37,11,0,0,19,14,3,2,19,71,3,10,294,71,42,10
2021-03-15,1,3,,,18,28,2,4,256,81,36,12,0,0,16,17,2,3,16,74,2,11,291,74,41,11
2021-03-16,2,3,,,17,29,2,4,255,82,36,12,0,0,15,18,2,3,15,75,2,11,290,75,41,11
2021-03-17,3,3,,,16,30,2,4,254,83,36,12,0,0,14,19,2,3,14,76,2,11,289,76,41,11
2021-03-18,4,3,,,15,31,2,4,253,84,36,12,0,0,13,20,2,3,13,77,2,11,288,77,41,11
2021-03-19,5,3,,,14,32,2,4,252,85,36,12,0,0,12,21,2,3,12,78,2,11,287,78,41,11
2021-03-22,1,3,,,11,35,1,5,249,88,35,13,0,0,9,24,1,4,9,81,1,12,284,81,40,12
2021-03-23,2,3,,,10,36,1,5,248,89,35,13,0,0,8,25,1,4,8,82,1,12,283,82,40,12
2021-03-24,3,3,,,9,37,1,5,247,90,35,13,0,0,7,26,1,4,7,83,1,12,282,83,40,12
2021-03-25,4,3,,,8,38,1,5,246,91,35,13,0,0,6,27,1,4,6,84,1,12,281,84,40,12
2021-03-26,5,3,,,7,39,1,5,245,92,35,13,0,0,5,28,1,4,5,85,1,12,280,85,40,12
2021-03-29,1,3,,,4,42,0,0,242,95,34,14,0,0,2,31,0,0,2,88,0,0,277,88,39,13
2021-03-30,2,3,,,3,43,0,0,241,96,34,14,0,0,1,32,0,0,1,89,0,0,276,89,39,13
2021-03-31,3,3,,,2,44,0,0,240,97,34,14,0,0,0,0,0,0,0,0,0,0,275,90,39,13
2021-04-01,4,4,,,1,45,0,0,239,98,34,14,0,0,29,1,0,0,90,1,0,0,274,91,39,13
2021-04-02,5,4,Good Friday,closed,0,0,0,0,238,99,34,14,1,0,28,2,0,0,89,2,0,0,273,92,39,13
2021-04-05,1,4,,,56,3,8,1,235,102,33,15,0,0,25,5,3,1,86,5,12,1,270,95,38,14
2021-04-06,2,4,,,55,4,8,1,234,103,33,15,0,0,24,6,3,1,85,6,12,1,269,96,38,14
2021-04-07,3,4,,,54,5,8,1,233,104,33,15,0,0,23,7,3,1,84,7,12,1,268,97,38,14
2021-04-08,4,4,,,53,6,8,1,232,105,33,15,0,0,22,8,3,1,83,8,12,1,267,98,38,14
2021-04-09,5,4,,,52,7,8,1,231,106,33,15,0,0,21,9,3,1,82,9,12,1,266,99,38,14
2021-04-12,1,4,,,49,10,7,2,228,109,32,16,0,0,18,12,2,2,79,12,11,2,263,102,37,15
2021-04-13,2,4,,,48,11,7,2,227,110,32,16,0,0,17,13,2,2,78,13,11,2,262,103,37,15
2021-04-14,3,4,,,47,12,7,2,226,111,32,16,0,0,16,14,2,2,77,14,11,2,261,104,37,15
2021-04-15,4,4,,,46,13,7,2,225,112,32,16,0,0,15,15,2,2,76,15,11,2,260,105,37,15
2021-04-16,5,4,,,45,14,7,2,224,113,32,16,0,0,14,16,2,2,75,16,11,2,259,106,37,15
2021-04-19,1,4,,,42,17,6,3,221,116,31,17,0,0,11,19,1,3,72,19,10,3,256,109,36,16
2021-04-20,2,4,,,41,18,6,3,220,117,31,17,0,0,10,20,1,3,71,20,10,3,255,110,36,16
2021-04-21,3,4,,,40,19,6,3,219,118,31,17,0,0,9,21,1,3,70,21,10,3,254,111,36,16
2021-04-22,4,4,,,39,20,6,3,218,119,31,17,0,0,8,22,1,3,69,22,10,3,253,112,36,16
2021-04-23,5,4,,,38,21,6,3,217,120,31,17,0,0,7,23,1,3,68,23,10,3,252,113,36,16
2021-04-26,1,4,,,35,24,5,4,214,123,30,18,0,0,4,26,0,0,65,26,9,4,249,116,35,17
2021-04-27,2,4,,,34,25,5,4,213,124,30,18,0,0,3,27,0,0,64,27,9,4,248,117,35,17
2021-04-28,3,4,,,33,26,5,4,212,125,30,18,0,0,2,28,0,0,63,28,9,4,247,118,35,17
2021-04-29,4,4,,,32,27,5,4,211,126,30,18,0,0,1,29,0,0,62,29,9,4,246,119,35,17
2021-04-30,5,4,,,31,28,5,4,210,127,30,18,0,0,0,0,0,0,61,30,9,4,245,120,35,17
2021-05-03,1,5,,,28,31,4,5,207,130,29,19,0,0,25,3,3,1,58,33,8,5,242,123,34,18
2021-05-04,2,5,,,27,32,4,5,206,131,29,19,0,0,24,4,3,1,57,34,8,5,241,124,34,18
2021-05-05,3,5,,,26,33,4,5,205,132,29,19,0,0,23,5,3,1,56,35,8,5,240,125,34,18
2021-05-06,4,5,,,25,34,4,5,204,133,29,19,0,0,22,6,3,1,55,36,8,5,239,126,34,18
2021-05-07,5,5,,,24,35,4,5,203,134,29,19,0,0,21,7,3,1,54,37,8,5,238,127,34,18
2021-05-10,1,5,,,21,38,3,6,200,137,28,20,0,0,18,10,2,2,51,40,7,6,235,130,33,19
2021-05-11,2,5,,,20,39,3,6,199,138,28,20,0,0,17,11,2,2,50,41,7,6,234,131,33,19
2021-05-12,3,5,,,19,40,3,6,198,139,28,20,0,0,16,12,2,2,49,42,7,6,233,132,33,19
2021-05-13,4,5,,,18,41,3,6,197,140,28,20,0,0,15,13,2,2,48,43,7,6,232,133,33,19
2021-05-14,5,5,,,17,42,3,6,196,141,28,20,0,0,14,14,2,2,47,44,7,6,231,134,33,19
2021-05-17,1,5,,,14,45,2,7,193,144,27,21,0,0,11,17,1,3,44,47,6,7,228,137,32,20
2021-05-18,2,5,,,13,46,2,7,192,145,27,21,0,0,10,18,1,3,43,48,6,7,227,138,32,20
2021-05-19,3,5,,,12,47,2,7,191,146,27,21,0,0,9,19,1,3,42,49,6,7,226,139,32,20
2021-05-20,4,5,,,11,48,2,7,190,147,27,21,0,0,8,20,1,3,41,50,6,7,225,140,32,20
2021-05-21,5,5,,,10,49,2,7,189,148,27,21,0,0,7,21,1,3,40,51,6,7,224,141,32,20
2021-05-24,1,5,,,7,52,1,8,186,151,26,22,0,0,4,24,0,0,37,54,5,8,221,144,31,21
2021-05-25,2,5,,,6,53,1,8,185,152,26,22,0,0,3,25,0,0,36,55,5,8,220,145,31,21
2021-05-26,3,5,,,5,54,1,8,184,153,26,22,0,0,2,26,0,0,35,56,5,8,219,146,31,21
2021-05-27,4,5,,,4,55,1,8,183,154,26,22,0,0,1,27,0,0,34,57,5,8,218,147,31,21
2021-05-28,5,5,,,3,56,1,8,182,155,26,22,0,0,0,0,0,0,33,58,5,8,217,148,31,21
2021-05-31,1,5,Memorial Day,closed,0,0,0,0,179,158,25,23,1,0,30,3,4,1,30,61,4,9,214,151,30,22
2021-06-01,2,6,,,34,1,0,0,178,159,25,23,0,0,29,4,4,1,29,62,4,9,213,152,30,22
2021-06-02,3,6,,,33,2,0,0,177,160,25,23,0,0,28,5,4,1,28,63,4,9,212,153,30,22
2021-06-03,4,6,,,32,3,0,0,176,161,25,23,0,0,27,6,4,1,27,64,4,9,211,154,30,22
2021-06-04,5,6,,,31,4,0,0,175,162,25,23,0,0,26,7,4,1,26,65,4,9,210,155,30,22
2021-06-07,1,6,,,28,7,4,1,172,165,24,24,0,0,23,10,3,2,23,68,3,10,207,158,29,23
2021-06-08,2,6,,,27,8,4,1,171,166,24,24,0,0,22,11,3,2,22,69,3,10,206,159,29,23
2021-06-09,3,6,,,26,9,4,1,170,167,24,24,0,0,21,12,3,2,21,70,3,10,205,160,29,23
2021-06-10,4,6,,,25,10,4,1,169,168,24,24,0,0,20,13,3,2,20,71,3,10,204,161,29,23
2021-06-11,5,6,,,24,11,4,1,168,169,24,24,0,0,19,14,3,2,19,72,3,10,203,162,29,23
2021-06-14,1,6,,,21,14,3,2,165,172,23,25,0,0,16,17,2,3,16,75,2,11,200,165,28,24
2021-06-15,2,6,,,20,15,3,2,164,173,23,25,0,0,15,18,2,3,15,76,2,11,199,166,28,24
2021-06-16,3,6,,,19,16,3,2,163,174,23,25,0,0,14,19,2,3,14,77,2,11,198,167,28,24
2021-06-17,4,6,,,18,17,3,2,162,175,23,25,0,0,13,20,2,3,13,78,2,11,197,168,28,24
2021-06-18,5,6,,,17,18,3,2,161,176,23,25,0,0,12,21,2,3,12,79,2,11,196,169,28,24
2021-06-21,1,6,,,14,21,2,3,158,179,22,26,0,0,9,24,1,4,9,82,1,12,193,172,27,25
2021-06-22,2,6,,,13,22,2,3,157,180,22,26,0,0,8,25,1,4,8,83,1,12,192,173,27,25
2021-06-23,3,6,,,12,23,2,3,156,181,22,26,0,0,7,26,1,4,7,84,1,12,191,174,27,25
2021-06-24,4,6,,,11,24,2,3,155,182,22,26,0,0,6,27,1,4,6,85,1,12,190,175,27,25
2021-06-25,5,6,,,10,25,2,3,154,183,22,26,0,0,5,28,1,4,5,86,1,12,189,176,27,25
2021-06-28,1,6,,,7,28,1,4,151,186,21,27,0,0,2,31,0,0,2,89,0,0,186,179,26,26
2021-06-29,2,6,,,6,29,1,4,150,187,21,27,0,0,1,32,0,0,1,90,0,0,185,180,26,26
2021-06-30,3,6,,,5,30,1,4,149,188,21,27,0,0,0,0,0,0,0,0,0,0,184,181,26,26
2021-07-01,4,7,,,4,31,1,4,148,189,21,27,0,0,29,1,0,0,91,1,0,0,183,182,26,26
2021-07-02,5,7,,,3,32,1,4,147,190,21,27,0,0,28,2,0,0,90,2,0,0,182,183,26,26
2021-07-05,1,7,Independence Day Observed,closed,0,0,0,0,144,193,20,28,1,0,25,5,3,1,87,5,12,1,179,186,25,27
2021-07-06,2,7,,,62,1,0,0,143,194,20,28,0,0,24,6,3,1,86,6,12,1,178,187,25,27
2021-07-07,3,7,,,61,2,0,0,142,195,20,28,0,0,23,7,3,1,85,7,12,1,177,188,25,27
2021-07-08,4,7,,,60,3,0,0,141,196,20,28,0,0,22,8,3,1,84,8,12,1,176,189,25,27
2021-07-09,5,7,,,59,4,0,0,140,197,20,28,0,0,21,9,3,1,83,9,12,1,175,190,25,27
2021-07-12,1,7,,,56,7,8,1,137,200,19,29,0,0,18,12,2,2,80,12,11,2,172,193,24,28
2021-07-13,2,7,,,55,8,8,1,136,201,19,29,0,0,17,13,2,2,79,13,11,2,171,194,24,28
2021-07-14,3,7,,,54,9,8,1,135,202,19,29,0,0,16,14,2,2,78,14,11,2,170,195,24,28
2021-07-15,4,7,,,53,10,8,1,134,203,19,29,0,0,15,15,2,2,77,15,11,2,169,196,24,28
2021-07-16,5,7,,,52,11,8,1,133,204,19,29,0,0,14,16,2,2,76,16,11,2,168,197,24,28
2021-07-19,1,7,,,49,14,7,2,130,207,18,30,0,0,11,19,1,3,73,19,10,3,165,200,23,29
2021-07-20,2,7,,,48,15,7,2,129,208,18,30,0,0,10,20,1,3,72,20,10,3,164,201,23,29
2021-07-21,3,7,,,47,16,7,2,128,209,18,30,0,0,9,21,1,3,71,21,10,3,163,202,23,29
2021-07-22,4,7,,,46,17,7,2,127,210,18,30,0,0,8,22,1,3,70,22,10,3,162,203,23,29
2021-07-23,5,7,,,45,18,7,2,126,211,18,30,0,0,7,23,1,3,69,23,10,3,161,204,23,29
2021-07-26,1,7,,,42,21,6,3,123,214,17,31,0,0,4,26,0,0,66,26,9,4,158,207,22,30
2021-07-27,2,7,,,41,22,6,3,122,215,17,31,0,0,3,27,0,0,65,27,9,4,157,208,22,30
2021-07-28,3,7,,,40,23,6,3,121,216,17,31,0,0,2,28,0,0,64,28,9,4,156,209,22,30
2021-07-29,4,7,,,39,24,6,3,120,217,17,31,0,0,1,29,0,0,63,29,9,4,155,210,22,30
2021-07-30,5,7,,,38,25,6,3,119,218,17,31,0,0,0,0,0,0,62,30,9,4,154,211,22,30
2021-08-02,1,8,,,35,28,5,4,116,221,16,32,0,0,29,3,4,1,59,33,8,5,151,214,21,31
2021-08-03,2,8,,,34,29,5,4,115,222,16,32,0,0,28,4,4,1,58,34,8,5,150,215,21,31
2021-08-04,3,8,,,33,30,5,4,114,223,16,32,0,0,27,5,4,1,57,35,8,5,149,216,21,31
2021-08-05,4,8,,,32,31,5,4,113,224,16,32,0,0,26,6,4,1,56,36,8,5,148,217,21,31
2021-08-06,5,8,,,31,32,5,4,112,225,16,32,0,0,25,7,4,1,55,37,8,5,147,218,21,31
2021-08-09,1,8,,,28,35,4,5,109,228,15,33,0,0,22,10,3,2,52,40,7,6,144,221,20,32
2021-08-10,2,8,,,27,36,4,5,108,229,15,33,0,0,21,11,3,2,51,41,7,6,143,222,20,32
2021-08-11,3,8,,,26,37,4,5,107,230,15,33,0,0,20,12,3,2,50,42,7,6,142,223,20,32
2021-08-12,4,8,,,25,38,4,5,106,231,15,33,0,0,19,13,3,2,49,43,7,6,141,224,20,32
2021-08-13,5,8,,,24,39,4,5,105,232,15,33,0,0,18,14,3,2,48,44,7,6,140,225,20,32
2021-08-16,1,8,,,21,42,3,6,102,235,14,34,0,0,15,17,2,3,45,47,6,7,137,228,19,33
2021-08-17,2,8,,,20,43,3,6,101,236,14,34,0,0,14,18,2,3,44,48,6,7,136,229,19,33
2021-08-18,3,8,,,19,44,3,6,100,237,14,34,0,0,13,19,2,3,43,49,6,7,135,230,19,33
2021-08-19,4,8,,,18,45,3,6,99,238,14,34,0,0,12,20,2,3,42,50,6,7,134,231,19,33
2021-08-20,5,8,,,17,46,3,6,98,239,14,34,0,0,11,21,2,3,41,51,6,7,133,232,19,33
2021-08-23,1,8,,,14,49,2,7,95,242,13,35,0,0,8,24,1,4,38,54,5,8,130,235,18,34
2021-08-24,2,8,,,13,50,2,7,94,243,13,35,0,0,7,25,1,4,37,55,5,8,129,236,18,34
2021-08-25,3,8,,,12,51,2,7,93,244,13,35,0,0,6,26,1,4,36,56,5,8,128,237,18,34
2021-08-26,4,8,,,11,52,2,7,92,245,13,35,0,0,5,27,1,4,35,57,5,8,127,238,18,34
2021-08-27,5,8,,,10,53,2,7,91,246,13,35,0,0,4,28,1,4,34,58,5,8,126,239,18,34
2021-08-30,1,8,,,7,56,1,8,88,249,12,36,0,0,1,31,0,0,31,61,4,9,123,242,17,35
2021-08-31,2,8,,,6,57,1,8,87,250,12,36,0,0,0,0,0,0,30,62,4,9,122,243,17,35
2021-09-01,3,9,,,5,58,1,8,86,251,12,36,0,0,29,1,0,0,29,63,4,9,121,244,17,35
2021-09-02,4,9,,,4,59,1,8,85,252,12,36,0,0,28,2,0,0,28,64,4,9,120,245,17,35
2021-09-03,5,9,,,3,60,1,8,84,253,12,36,0,0,27,3,0,0,27,65,4,9,119,246,17,35
2021-09-06,1,9,Labor Day,closed,0,0,0,0,81,256,11,37,1,0,24,6,3,1,24,68,3,10,116,249,16,36
2021-09-07,2,9,,,79,1,0,0,80,257,11,37,0,0,23,7,3,1,23,69,3,10,115,250,16,36
2021-09-08,3,9,,,78,2,0,0,79,258,11,37,0,0,22,8,3,1,22,70,3,10,114,251,16,36
2021-09-09,4,9,,,77,3,0,0,78,259,11,37,0,0,21,9,3,1,21,71,3,10,113,252,16,36
2021-09-10,5,9,,,76,4,0,0,77,260,11,37,0,0,20,10,3,1,20,72,3,10,112,253,16,36
2021-09-13,1,9,,,73,7,10,1,74,263,10,38,0,0,17,13,2,2,17,75,2,11,109,256,15,37
2021-09-14,2,9,,,72,8,10,1,73,264,10,38,0,0,16,14,2,2,16,76,2,11,108,257,15,37
2021-09-15,3,9,,,71,9,10,1,72,265,10,38,0,0,15,15,2,2,15,77,2,11,107,258,15,37
2021-09-16,4,9,,,70,10,10,1,71,266,10,38,0,0,14,16,2,2,14,78,2,11,106,259,15,37
2021-09-17,5,9,,,69,11,10,1,70,267,10,38,0,0,13,17,2,2,13,79,2,11,105,260,15,37
2021-09-20,1,9,,,66,14,9,2,67,270,9,39,0,0,10,20,1,3,10,82,1,12,102,263,14,38
2021-09-21,2,9,,,65,15,9,2,66,271,9,39,0,0,9,21,1,3,9,83,1,12,101,264,14,38
2021-09-22,3,9,,,64,16,9,2,65,272,9,39,0,0,8,22,1,3,8,84,1,12,100,265,14,38
2021-09-23,4,9,,,63,17,9,2,64,273,9,39,0,0,7,23,1,3,7,85,1,12,99,266,14,38
2021-09-24,5,9,,,62,18,9,2,63,274,9,39,0,0,6,24,1,3,6,86,1,12,98,267,14,38
2021-09-27,1,9,,,59,21,8,3,60,277,8,40,0,0,3,27,0,0,3,89,0,0,95,270,13,39
2021-09-28,2,9,,,58,22,8,3,59,278,8,40,0,0,2,28,0,0,2,90,0,0,94,271,13,39
2021-09-29,3,9,,,57,23,8,3,58,279,8,40,0,0,1,29,0,0,1,91,0,0,93,272,13,39
2021-09-30,4,9,,,56,24,8,3,57,280,8,40,0,0,0,0,0,0,0,0,0,0,92,273,13,39
2021-10-01,5,10,,,55,25,8,3,56,281,8,40,0,0,28,1,0,0,91,1,0,0,91,274,13,39
2021-10-04,1,10,,,52,28,7,4,53,284,7,41,0,0,25,4,3,1,88,4,12,1,88,277,12,40
2021-10-05,2,10,,,51,29,7,4,52,285,7,41,0,0,24,5,3,1,87,5,12,1,87,278,12,40
2021-10-06,3,10,,,50,30,7,4,51,286,7,41,0,0,23,6,3,1,86,6,12,1,86,279,12,40
2021-10-07,4,10,,,49,31,7,4,50,287,7,41,0,0,22,7,3,1,85,7,12,1,85,280,12,40
2021-10-08,5,10,,,48,32,7,4,49,288,7,41,0,0,21,8,3,1,84,8,12,1,84,281,12,40
2021-10-11,1,10,,,45,35,6,5,46,291,6,42,0,0,18,11,2,2,81,11,11,2,81,284,11,41
2021-10-12,2,10,,,44,36,6,5,45,292,6,42,0,0,17,12,2,2,80,12,11,2,80,285,11,41
2021-10-13,3,10,,,43,37,6,5,44,293,6,42,0,0,16,13,2,2,79,13,11,2,79,286,11,41
2021-10-14,4,10,,,42,38,6,5,43,294,6,42,0,0,15,14,2,2,78,14,11,2,78,287,11,41
2021-10-15,5,10,,,41,39,6,5,42,295,6,42,0,0,14,15,2,2,77,15,11,2,77,288,11,41
2021-10-18,1,10,,,38,42,5,6,39,298,5,43,0,0,11,18,1,3,74,18,10,3,74,291,10,42
2021-10-19,2,10,,,37,43,5,6,38,299,5,43,0,0,10,19,1,3,73,19,10,3,73,292,10,42
2021-10-20,3,10,,,36,44,5,6,37,300,5,43,0,0,9,20,1,3,72,20,10,3,72,293,10,42
2021-10-21,4,10,,,35,45,5,6,36,301,5,43,0,0,8,21,1,3,71,21,10,3,71,294,10,42
2021-10-22,5,10,,,34,46,5,6,35,302,5,43,0,0,7,22,1,3,70,22,10,3,70,295,10,42
2021-10-25,1,10,,,31,49,4,7,32,305,4,44,0,0,4,25,0,0,67,25,9,4,67,298,9,43
2021-10-26,2,10,,,30,50,4,7,31,306,4,44,0,0,3,26,0,0,66,26,9,4,66,299,9,43
2021-10-27,3,10,,,29,51,4,7,30,307,4,44,0,0,2,27,0,0,65,27,9,4,65,300,9,43
2021-10-28,4,10,,,28,52,4,7,29,308,4,44,0,0,1,28,0,0,64,28,9,4,64,301,9,43
2021-10-29,5,10,,,27,53,4,7,28,309,4,44,0,0,0,0,0,0,63,29,9,4,63,302,9,43
2021-11-01,1,11,,,24,56,3,8,25,312,3,45,0,0,29,3,4,1,60,32,8,5,60,305,8,44
2021-11-02,2,11,,,23,57,3,8,24,313,3,45,0,0,28,4,4,1,59,33,8,5,59,306,8,44
2021-11-03,3,11,,,22,58,3,8,23,314,3,45,0,0,27,5,4,1,58,34,8,5,58,307,8,44
2021-11-04,4,11,,,21,59,3,8,22,315,3,45,0,0,26,6,4,1,57,35,8,5,57,308,8,44
2021-11-05,5,11,,,20,60,3,8,21,316,3,45,0,0,25,7,4,1,56,36,8,5,56,309,8,44
2021-11-08,1,11,,,17,63,2,9,18,319,2,46,0,0,22,10,3,2,53,39,7,6,53,312,7,45
2021-11-09,2,11,,,16,64,2,9,17,320,2,46,0,0,21,11,3,2,52,40,7,6,52,313,7,45
2021-11-10,3,11,,,15,65,2,9,16,321,2,46,0,0,20,12,3,2,51,41,7,6,51,314,7,45
2021-11-11,4,11,,,14,66,2,9,15,322,2,46,0,0,19,13,3,2,50,42,7,6,50,315,7,45
2021-11-12,5,11,,,13,67,2,9,14,323,2,46,0,0,18,14,3,2,49,43,7,6,49,316,7,45
2021-11-15,1,11,,,10,70,1,10,11,326,1,47,0,0,15,17,2,3,46,46,6,7,46,319,6,46
2021-11-16,2,11,,,9,71,1,10,10,327,1,47,0,0,14,18,2,3,45,47,6,7,45,320,6,46
2021-11-17,3,11,,,8,72,1,10,9,328,1,47,0,0,13,19,2,3,44,48,6,7,44,321,6,46
2021-11-18,4,11,,,7,73,1,10,8,329,1,47,0,0,12,20,2,3,43,49,6,7,43,322,6,46
2021-11-19,5,11,,,6,74,1,10,7,330,1,47,0,0,11,21,2,3,42,50,6,7,42,323,6,46
2021-11-22,1,11,,,3,77,0,0,4,333,0,0,0,0,8,24,1,4,39,53,5,8,39,326,5,47
2021-11-23,2,11,,,2,78,0,0,3,334,0,0,0,0,7,25,1,4,38,54,5,8,38,327,5,47
2021-11-24,3,11,,,1,79,0,0,2,335,0,0,0,0,6,26,1,4,37,55,5,8,37,328,5,47
2021-11-25,4,11,Thanksgiving Day,closed,0,0,0,0,1,336,0,0,1,0,5,27,1,4,36,56,5,8,36,329,5,47
2021-11-26,5,11,Thanksgiving Day Early Close,early_close,28,1,0,0,0,0,0,0,0,1,4,28,1,4,35,57,5,8,35,330,5,47
2021-11-29,1,11,,,25,4,3,1,361,3,51,1,0,0,1,31,0,0,32,60,4,9,32,333,4,48
2021-11-30,2,11,,,24,5,3,1,360,4,51,1,0,0,0,0,0,0,31,61,4,9,31,334,4,48
2021-12-01,3,12,,,23,6,3,1,359,5,51,1,0,0,30,1,0,0,30,62,4,9,30,335,4,48
2021-12-02,4,12,,,22,7,3,1,358,6,51,1,0,0,29,2,0,0,29,63,4,9,29,336,4,48
2021-12-03,5,12,,,21,8,3,1,357,7,51,1,0,0,28,3,0,0,28,64,4,9,28,337,4,48
2021-12-06,1,12,,,18,11,2,2,354,10,50,2,0,0,25,6,3,1,25,67,3,10,25,340,3,49
2021-12-07,2,12,,,17,12,2,2,353,11,50,2,0,0,24,7,3,1,24,68,3,10,24,341,3,49
2021-12-08,3,12,,,16,13,2,2,352,12,50,2,0,0,23,8,3,1,23,69,3,10,23,342,3,49
2021-12-09,4,12,,,15,14,2,2,351,13,50,2,0,0,22,9,3,1,22,70,3,10,22,343,3,49
2021-12-10,5,12,,,14,15,2,2,350,14,50,2,0,0,21,10,3,1,21,71,3,10,21,344,3,49
2021-12-13,1,12,,,11,18,1,3,347,17,49,3,0,0,18,13,2,2,18,74,2,11,18,347,2,50
2021-12-14,2,12,,,10,19,1,3,346,18,49,3,0,0,17,14,2,2,17,75,2,11,17,348,2,50
2021-12-15,3,12,,,9,20,1,3,345,19,49,3,0,0,16,15,2,2,16,76,2,11,16,349,2,50
2021-12-16,4,12,,,8,21,1,3,344,20,49,3,0,0,15,16,2,2,15,77,2,11,15,350,2,50
2021-12-17,5,12,,,7,22,1,3,343,21,49,3,0,0,14,17,2,2,14,78,2,11,14,351,2,50
2021-12-20,1,12,,,4,25,0,0,340,24,48,4,0,0,11,20,1,3,11,81,1,12,11,354,1,51
2021-12-21,2,12,,,3,26,0,0,339,25,48,4,0,0,10,21,1,3,10,82,1,12,10,355,1,51
2021-12-22,3,12,,,2,27,0,0,338,26,48,4,0,0,9,22,1,3,9,83,1,12,9,356,1,51
2021-12-23,4,12,,,1,28,0,0,337,27,48,4,0,0,8,23,1,3,8,84,1,12,8,357,1,51
2021-12-24,5,12,Christmas Day Observed,closed,0,0,0,0,336,28,48,4,1,0,7,24,1,3,7,85,1,12,7,358,1,51
2021-12-27,1,12,,,6,3,0,0,333,31,47,5,0,0,4,27,0,0,4,88,0,0,4,361,0,0
2021-12-28,2,12,,,5,4,0,0,332,32,47,5,0,0,3,28,0,0,3,89,0,0,3,362,0,0
2021-12-29,3,12,,,4,5,0,0,331,33,47,5,0,0,2,29,0,0,2,90,0,0,2,363,0,0
2021-12-30,4,12,,,3,6,0,0,330,34,47,5,0,0,1,30,0,0,1,91,0,0,1,364,0,0
2021-12-31,5,12,,,2,7,0,0,329,35,47,5,0,0,0,0,0,0,0,0,0,0,0,0,0,0
2022-01-03,1,1,,,14,1,2,1,326,38,46,6,0,0,28,3,4,1,87,3,12,1,361,3,51,1
2022-01-04,2,1,,,13,2,2,1,325,39,46,6,0,0,27,4,4,1,86,4,12,1,360,4,51,1
2022-01-05,3,1,,,12,3,2,1,324,40,46,6,0,0,26,5,4,1,85,5,12,1,359,5,51,1
2022-01-06,4,1,,,11,4,2,1,323,41,46,6,0,0,25,6,4,1,84,6,12,1,358,6,51,1
2022-01-07,5,1,,,10,5,2,1,322,42,46,6,0,0,24,7,4,1,83,7,12,1,357,7,51,1
2022-01-10,1,1,,,7,8,1,2,319,45,45,7,0,0,21,10,3,2,80,10,11,2,354,10,50,2
2022-01-11,2,1,,,6,9,1,2,318,46,45,7,0,0,20,11,3,2,79,11,11,2,353,11,50,2
2022-01-12,3,1,,,5,10,1,2,317,47,45,7,0,0,19,12,3,2,78,12,11,2,352,12,50,2
2022-01-13,4,1,,,4,11,1,2,316,48,45,7,0,0,18,13,3,2,77,13,11,2,351,13,50,2
2022-01-14,5,1,,,3,12,1,2,315,49,45,7,0,0,17,14,3,2,76,14,11,2,350,14,50,2
2022-01-17,1,1,Martin Luther King Jr. Day,closed,0,0,0,0,312,52,44,8,1,0,14,17,2,3,73,17,10,3,347,17,49,3
2022-01-18,2,1,,,34,1,0,0,311,53,44,8,0,0,13,18,2,3,72,18,10,3,346,18,49,3
2022-01-19,3,1,,,33,2,0,0,310,54,44,8,0,0,12,19,2,3,71,19,10,3,345,19,49,3
2022-01-20,4,1,,,32,3,0,0,309,55,44,8,0,0,11,20,2,3,70,20,10,3,344,20,49,3
2022-01-21,5,1,,,31,4,0,0,308,56,44,8,0,0,10,21,2,3,69,21,10,3,343,21,49,3
2022-01-24,1,1,,,28,7,4,1,305,59,43,9,0,0,7,24,1,4,66,24,9,4,340,24,48,4
2022-01-25,2,1,,,27,8,4,1,304,60,43,9,0,0,6,25,1,4,65,25,9,4,339,25,48,4
2022-01-26,3,1,,,26,9,4,1,303,61,43,9,0,0,5,26,1,4,64,26,9,4,338,26,48,4
2022-01-27,4,1,,,25,10,4,1,302,62,43,9,0,0,4,27,1,4,63,27,9,4,337,27,48,4
2022-01-28,5,1,,,24,11,4,1,301,63,43,9,0,0,3,28,1,4,62,28,9,4,336,28,48,4
2022-01-31,1,1,,,21,14,3,2,298,66,42,10,0,0,0,0,0,0,59,31,8,5,333,31,47,5
2022-02-01,2,2,,,20,15,3,2,297,67,42,10,0,0,27,1,0,0,58,32,8,5,332,32,47,5
2022-02-02,3,2,,,19,16,3,2,296,68,42,10,0,0,26,2,0,0,57,33,8,5,331,33,47,5
2022-02-03,4,2,,,18,17,3,2,295,69,42,10,0,0,25,3,0,0,56,34,8,5,330,34,47,5
2022-02-04,5,2,,,17,18,3,2,294,70,42,10,0,0,24,4,0,0,55,35,8,5,329,35,47,5
2022-02-07,1,2,,,14,21,2,3,291,73,41,11,0,0,21,7,3,1,52,38,7,6,326,38,46,6
2022-02-08,2,2,,,13,22,2,3,290,74,41,11,0,0,20,8,3,1,51,39,7,6,325,39,46,6
2022-02-09,3,2,,,12,23,2,3,289,75,41,11,0,0,19,9,3,1,50,40,7,6,324,40,46,6
2022-02-10,4,2,,,11,24,2,3,288,76,41,11,0,0,18,10,3,1,49,41,7,6,323,41,46,6
2022-02-11,5,2,,,10,25,2,3,287,77,41,11,0,0,17,11,3,1,48,42,7,6,322,42,46,6
2022-02-14,1,2,,,7,28,1,4,284,80,40,12,0,0,14,14,2,2,45,45,6,7,319,45,45,7
2022-02-15,2,2,,,6,29,1,4,283,81,40,12,0,0,13,15,2,2,44,46,6,7,318,46,45,7
2022-02-16,3,2,,,5,30,1,4,282,82,40,12,0,0,12,16,2,2,43,47,6,7,317,47,45,7
2022-02-17,4,2,,,4,31,1,4,281,83,40,12,0,0,11,17,2,2,42,48,6,7,316,48,45,7
2022-02-18,5,2,,,3,32,1,4,280,84,40,12,0,0,10,18,2,2,41,49,6,7,315,49,45,7
2022-02-21,1,2,Washington's Birthday,closed,0,0,0,0,277,87,39,13,1,0,7,21,1,3,38,52,5,8,312,52,44,8
2022-02-22,2,2,,,52,1,0,0,276,88,39,13,0,0,6,22,1,3,37,53,5,8,311,53,44,8
2022-02-23,3,2,,,51,2,0,0,275,89,39,13,0,0,5,23,1,3,36,54,5,8,310,54,44,8
2022-02-24,4,2,,,50,3,0,0,274,90,39,13,0,0,4,24,1,3,35,55,5,8,309,55,44,8
2022-02-25,5,2,,,49,4,0,0,273,91,39,13,0,0,3,25,1,3,34,56,5,8,308,56,44,8
2022-02-28,1,2,,,46,7,6,1,270,94,38,14,0,0,0,0,0,0,31,59,4,9,305,59,43,9
2022-03-01,2,3,,,45,8,6,1,269,95,38,14,0,0,30,1,0,0,30,60,4,9,304,60,43,9
2022-03-02,3,3,,,44,9,6,1,268,96,38,14,0,0,29,2,0,0,29,61,4,9,303,61,43,9
2022-03-03,4,3,,,43,10,6,1,267,97,38,14,0,0,28,3,0,0,28,62,4,9,302,62,43,9
2022-03-04,5,3,,,42,11,6,1,266,98,38,14,0,0,27,4,0,0,27,63,4,9,301,63,43,9
2022-03-07,1,3,,,39,14,5,2,263,101,37,15,0,0,24,7,3,1,24,66,3,10,298,66,42,10
2022-03-08,2,3,,,38,15,5,2,262,102,37,15,0,0,23,8,3,1,23,67,3,10,297,67,42,10
2022-03-09,3,3,,,37,16,5,2,261,103,37,15,0,0,22,9,3,1,22,68,3,10,296,68,42,10
2022-03-10,4,3,,,36,17,5,2,260,104,37,15,0,0,21,10,3,1,21,69,3,10,295,69,42,10
2022-03-11,5,3,,,35,18,5,2,259,105,37,15,0,0,20,11,3,1,20,70,3,10,294,70,42,10
2022-03-14,1,3,,,32,21,4,3,256,108,36,16,0,0,17,14,2,2,17,73,2,11,291,73,41,11
2022-03-15,2,3,,,31,22,4,3,255,109,36,16,0,0,16,15,2,2,16,74,2,11,290,74,41,11
2022-03-16,3,3,,,30,23,4,3,254,110,36,16,0,0,15,16,2,2,15,75,2,11,289,75,41,11
2022-03-17,4,3,,,29,24,4,3,253,111,36,16,0,0,14,17,2,2,14,76,2,11,288,76,41,11
2022-03-18,5,3,,,28,25,4,3,252,112,36,16,0,0,13,18,2,2,13,77,2,11,287,77,41,11
2022-03-21,1,3,,,25,28,3,4,249,115,35,17,0,0,10,21,1,3,10,80,1,12,284,80,40,12
2022-03-22,2,3,,,24,29,3,4,248,116,35,17,0,0,9,22,1,3,9,81,1,12,283,81,40,12
2022-03-23,3,3,,,23,30,3,4,247,117,35,17,0,0,8,23,1,3,8,82,1,12,282,82,40,12
2022-03-24,4,3,,,22,31,3,4,246,118,35,17,0,0,7,24,1,3,7,83,1,12,281,83,40,12
2022-03-25,5,3,,,21,32,3,4,245,119,35,17,0,0,6,25,1,3,6,84,1,12,280,84,40,12
2022-03-28,1,3,,,18,35,2,5,242,122,34,18,0,0,3,28,0,0,3,87,0,0,277,87,39,13
2022-03-29,2,3,,,17,36,2,5,241,123,34,18,0,0,2,29,0,0,2,88,0,0,276,88,39,13
2022-03-30,3,3,,,16,37,2,5,240,124,34,18,0,0,1,30,0,0,1,89,0,0,275,89,39,13
2022-03-31,4,3,,,15,38,2,5,239,125,34,18,0,0,0,0,0,0,0,0,0,0,274,90,39,13
2022-04-01,5,4,,,14,39,2,5,238,126,34,18,0,0,28,1,0,0,90,1,0,0,273,91,39,13
2022-04-04,1,4,,,11,42,1,6,235,129,33,19,0,0,25,4,3,1,87,4,12,1,270,94,38,14
2022-04-05,2,4,,,10,43,1,6,234,130,33,19,0,0,24,5,3,1,86,5,12,1,269,95,38,14
2022-04-06,3,4,,,9,44,1,6,233,131,33,19,0,0,23,6,3,1,85,6,12,1,268,96,38,14
2022-04-07,4,4,,,8,45,1,6,232,132,33,19,0,0,22,7,3,1,84,7,12,1,267,97,38,14
2022-04-08,5,4,,,7,46,1,6,231,133,33,19,0,0,21,8,3,1,83,8,12,1,266,98,38,14
2022-04-11,1,4,,,4,49,0,0,228,136,32,20,0,0,18,11,2,2,80,11,11,2,263,101,37,15
2022-04-12,2,4,,,3,50,0,0,227,137,32,20,0,0,17,12,2,2,79,12,11,2,262,102,37,15
2022-04-13,3,4,,,2,51,0,0,226,138,32,20,0,0,16,13,2,2,78,13,11,2,261,103,37,15
2022-04-14,4,4,,,1,52,0,0,225,139,32,20,0,0,15,14,2,2,77,14,11,2,260,104,37,15
2022-04-15,5,4,Good Friday,closed,0,0,0,0,224,140,32,20,1,0,14,15,2,2,76,15,11,2,259,105,37,15
2022-04-18,1,4,,,42,3,6,1,221,143,31,21,0,0,11,18,1,3,73,18,10,3,256,108,36,16
2022-04-19,2,4,,,41,4,6,1,220,144,31,21,0,0,10,19,1,3,72,19,10,3,255,109,36,16
2022-04-20,3,4,,,40,5,6,1,219,145,31,21,0,0,9,20,1,3,71,20,10,3,254,110,36,16
2022-04-21,4,4,,,39,6,6,1,218,146,31,21,0,0,8,21,1,3,70,21,10,3,253,111,36,16
2022-04-22,5,4,,,38,7,6,1,217,147,31,21,0,0,7,22,1,3,69,22,10,3,252,112,36,16
2022-04-25,1,4,,,35,10,5,2,214,150,30,22,0,0,4,25,0,0,66,25,9,4,249,115,35,17
2022-04-26,2,4,,,34,11,5,2,213,151,30,22,0,0,3,26,0,0,65,26,9,4,248,116,35,17
2022-04-27,3,4,,,33,12,5,2,212,152,30,22,0,0,2,27,0,0,64,27,9,4,247,117,35,17
2022-04-28,4,4,,,32,13,5,2,211,153,30,22,0,0,1,28,0,0,63,28,9,4,246,118,35,17
2022-04-29,5,4,,,31,14,5,2,210,154,30,22,0,0,0,0,0,0,62,29,9,4,245,119,35,17
2022-05-02,1,5,,,28,17,4,3,207,157,29,23,0,0,29,3,4,1,59,32,8,5,242,122,34,18
2022-05-03,2,5,,,27,18,4,3,206,158,29,23,0,0,28,4,4,1,58,33,8,5,241,123,34,18
2022-05-04,3,5,,,26,19,4,3,205,159,29,23,0,0,27,5,4,1,57,34,8,5,240,124,34,18
2022-05-05,4,5,,,25,20,4,3,204,160,29,23,0,0,26,6,4,1,56,35,8,5,239,125,34,18
2022-05-06,5,5,,,24,21,4,3,203,161,29,23,0,0,25,7,4,1,55,36,8,5,238,126,34,18
2022-05-09,1,5,,,21,24,3,4,200,164,28,24,0,0,22,10,3,2,52,39,7,6,235,129,33,19
2022-05-10,2,5,,,20,25,3,4,199,165,28,24,0,0,21,11,3,2,51,40,7,6,234,130,33,19
2022-05-11,3,5,,,19,26,3,4,198,166,28,24,0,0,20,12,3,2,50,41,7,6,233,131,33,19
2022-05-12,4,5,,,18,27,3,4,197,167,28,24,0,0,19,13,3,2,49,42,7,6,232,132,33,19
2022-05-13,5,5,,,17,28,3,4,196,168,28,24,0,0,18,14,3,2,48,43,7,6,231,133,33,19
2022-05-16,1,5,,,14,31,2,5,193,171,27,25,0,0,15,17,2,3,45,46,6,7,228,136,32,20
2022-05-17,2,5,,,13,32,2,5,192,172,27,25,0,0,14,18,2,3,44,47,6,7,227,137,32,20
2022-05-18,3,5,,,12,33,2,5,191,173,27,25,0,0,13,19,2,3,43,48,6,7,226,138,32,20
2022-05-19,4,5,,,11,34,2,5,190,174,27,25,0,0,12,20,2,3,42,49,6,7,225,139,32,20
2022-05-20,5,5,,,10,35,2,5,189,175,27,25,0,0,11,21,2,3,41,50,6,7,224,140,32,20
2022-05-23,1,5,,,7,38,1,6,186,178,26,26,0,0,8,24,1,4,38,53,5,8,221,143,31,21
2022-05-24,2,5,,,6,39,1,6,185,179,26,26,0,0,7,25,1,4,37,54,5,8,220,144,31,21
2022-05-25,3,5,,,5,40,1,6,184,180,26,26,0,0,6,26,1,4,36,55,5,8,219,145,31,21
2022-05-26,4,5,,,4,41,1,6,183,181,26,26,0,0,5,27,1,4,35,56,5,8,218,146,31,21
2022-05-27,5,5,,,3,42,1,6,182,182,26,26,0,0,4,28,1,4,34,57,5,8,217,147,31,21
2022-05-30,1,5,Memorial Day,closed,0,0,0,0,179,185,25,27,1,0,1,31,0,0,31,60,4,9,214,150,30,22
2022-05-31,2,5,,,34,1,0,0,178,186,25,27,0,0,0,0,0,0,30,61,4,9,213,151,30,22
2022-06-01,3,6,,,33,2,0,0,177,187,25,27,0,0,29,1,0,0,29,62,4,9,212,152,30,22
2022-06-02,4,6,,,32,3,0,0,176,188,25,27,0,0,28,2,0,0,28,63,4,9,211,153,30,22
2022-06-03,5,6,,,31,4,0,0,175,189,25,27,0,0,27,3,0,0,27,64,4,9,210,154,30,22
2022-06-06,1,6,,,28,7,4,1,172,192,24,28,0,0,24,6,3,1,24,67,3,10,207,157,29,23
2022-06-07,2,6,,,27,8,4,1,171,193,24,28,0,0,23,7,3,1,23,68,3,10,206,158,29,23
2022-06-08,3,6,,,26,9,4,1,170,194,24,28,0,0,22,8,3,1,22,69,3,10,205,159,29,23
2022-06-09,4,6,,,25,10,4,1,169,195,24,28,0,0,21,9,3,1,21,70,3,10,204,160,29,23
2022-06-10,5,6,,,24,11,4,1,168,196,24,28,0,0,20,10,3,1,20,71,3,10,203,161,29,23
2022-06-13,1,6,,,21,14,3,2,165,199,23,29,0,0,17,13,2,2,17,74,2,11,200,164,28,24
2022-06-14,2,6,,,20,15,3,2,164,200,23,29,0,0,16,14,2,2,16,75,2,11,199,165,28,24
2022-06-15,3,6,,,19,16,3,2,163,201,23,29,0,0,15,15,2,2,15,76,2,11,198,166,28,24
2022-06-16,4,6,,,18,17,3,2,162,202,23,29,0,0,14,16,2,2,14,77,2,11,197,167,28,24
2022-06-17,5,6,,,17,18,3,2,161,203,23,29,0,0,13,17,2,2,13,78,2,11,196,168,28,24
2022-06-20,1,6,,,14,21,2,3,158,206,22,30,0,0,10,20,1,3,10,81,1,12,193,171,27,25
2022-06-21,2,6,,,13,22,2,3,157,207,22,30,0,0,9,21,1,3,9,82,1,12,192,172,27,25
2022-06-22,3,6,,,12,23,2,3,156,208,22,30,0,0,8,22,1,3,8,83,1,12,191,173,27,25
2022-06-23,4,6,,,11,24,2,3,155,209,22,30,0,0,7,23,1,3,7,84,1,12,190,174,27,25
2022-06-24,5,6,,,10,25,2,3,154,210,22,30,0,0,6,24,1,3,6,85,1,12,189,175,27,25
2022-06-27,1,6,,,7,28,1,4,151,213,21,31,0,0,3,27,0,0,3,88,0,0,186,178,26,26
2022-06-28,2,6,,,6,29,1,4,150,214,21,31,0,0,2,28,0,0,2,89,0,0,185,179,26,26
2022-06-29,3,6,,,5,30,1,4,149,215,21,31,0,0,1,29,0,0,1,90,0,0,184,180,26,26
2022-06-30,4,6,,,4,31,1,4,148,216,21,31,0,0,0,0,0,0,0,0,0,0,183,181,26,26
2022-07-01,5,7,,,3,32,1,4,147,217,21,31,0,0,28,1,0,0,91,1,0,0,182,182,26,26
2022-07-04,1,7,Independence Day,closed,0,0,0,0,144,220,20,32,1,0,25,4,3,1,88,4,12,1,179,185,25,27
2022-07-05,2,7,,,62,1,0,0,143,221,20,32,0,0,24,5,3,1,87,5,12,1,178,186,25,27
2022-07-06,3,7,,,61,2,0,0,142,222,20,32,0,0,23,6,3,1,86,6,12,1,177,187,25,27
2022-07-07,4,7,,,60,3,0,0,141,223,20,32,0,0,22,7,3,1,85,7,12,1,176,188,25,27
2022-07-08,5,7,,,59,4,0,0,140,224,20,32,0,0,21,8,3,1,84,8,12,1,175,189,25,27
2022-07-11,1,7,,,56,7,8,1,137,227,19,33,0,0,18,11,2,2,81,11,11,2,172,192,24,28
2022-07-12,2,7,,,55,8,8,1,136,228,19,33,0,0,17,12,2,2,80,12,11,2,171,193,24,28
2022-07-13,3,7,,,54,9,8,1,135,229,19,33,0,0,16,13,2,2,79,13,11,2,170,194,24,28
2022-07-14,4,7,,,53,10,8,1,134,230,19,33,0,0,15,14,2,2,78,14,11,2,169,195,24,28
2022-07-15,5,7,,,52,11,8,1,133,231,19,33,0,0,14,15,2,2,77,15,11,2,168,196,24,28
2022-07-18,1,7,,,49,14,7,2,130,234,18,34,0,0,11,18,1,3,74,18,10,3,165,199,23,29
2022-07-19,2,7,,,48,15,7,2,129,235,18,34,0,0,10,19,1,3,73,19,10,3,164,200,23,29
2022-07-20,3,7,,,47,16,7,2,128,236,18,34,0,0,9,20,1,3,72,20,10,3,163,201,23,29
2022-07-21,4,7,,,46,17,7,2,127,237,18,34,0,0,8,21,1,3,71,21,10,3,162,202,23,29
2022-07-22,5,7,,,45,18,7,2,126,238,18,34,0,0,7,22,1,3,70,22,10,3,161,203,23,29
2022-07-25,1,7,,,42,21,6,3,123,241,17,35,0,0,4,25,0,0,67,25,9,4,158,206,22,30
2022-07-26,2,7,,,41,22,6,3,122,242,17,35,0,0,3,26,0,0,66,26,9,4,157,207,22,30
2022-07-27,3,7,,,40,23,6,3,121,243,17,35,0,0,2,27,0,0,65,27,9,4,156,208,22,30
2022-07-28,4,7,,,39,24,6,3,120,244,17,35,0,0,1,28,0,0,64,28,9,4,155,209,22,30
2022-07-29,5,7,,,38,25,6,3,119,245,17,35,0,0,0,0,0,0,63,29,9,4,154,210,22,30
2022-08-01,1,8,,,35,28,5,4,116,248,16,36,0,0,30,3,4,1,60,32,8,5,151,213,21,31
2022-08-02,2,8,,,34,29,5,4,115,249,16,36,0,0,29,4,4,1,59,33,8,5,150,214,21,31
2022-08-03,3,8,,,33,30,5,4,114,250,16,36,0,0,28,5,4,1,58,34,8,5,149,215,21,31
2022-08-04,4,8,,,32,31,5,4,113,251,16,36,0,0,27,6,4,1,57,35,8,5,148,216,21,31
2022-08-05,5,8,,,31,32,5,4,112,252,16,36,0,0,26,7,4,1,56,36,8,5,147,217,21,31
2022-08-08,1,8,,,28,35,4,5,109,255,15,37,0,0,23,10,3,2,53,39,7,6,144,220,20,32
2022-08-09,2,8,,,27,36,4,5,108,256,15,37,0,0,22,11,3,2,52,40,7,6,143,221,20,32
2022-08-10,3,8,,,26,37,4,5,107,257,15,37,0,0,21,12,3,2,51,41,7,6,142,222,20,32
2022-08-11,4,8,,,25,38,4,5,106,258,15,37,0,0,20,13,3,2,50,42,7,6,141,223,20,32
2022-08-12,5,8,,,24,39,4,5,105,259,15,37,0,0,19,14,3,2,49,43,7,6,140,224,20,32
2022-08-15,1,8,,,21,42,3,6,102,262,14,38,0,0,16,17,2,3,46,46,6,7,137,227,19,33
2022-08-16,2,8,,,20,43,3,6,101,263,14,38,0,0,15,18,2,3,45,47,6,7,136,228,19,33
2022-08-17,3,8,,,19,44,3,6,100,264,14,38,0,0,14,19,2,3,44,48,6,7,135,229,19,33
2022-08-18,4,8,,,18,45,3,6,99,265,14,38,0,0,13,20,2,3,43,49,6,7,134,230,19,33
2022-08-19,5,8,,,17,46,3,6,98,266,14,38,0,0,12,21,2,3,42,50,6,7,133,231,19,33
2022-08-22,1,8,,,14,49,2,7,95,269,13,39,0,0,9,24,1,4,39,53,5,8,130,234,18,34
2022-08-23,2,8,,,13,50,2,7,94,270,13,39,0,0,8,25,1,4,38,54,5,8,129,235,18,34
2022-08-24,3,8,,,12,51,2,7,93,271,13,39,0,0,7,26,1,4,37,55,5,8,128,236,18,34
2022-08-25,4,8,,,11,52,2,7,92,272,13,39,0,0,6,27,1,4,36,56,5,8,127,237,18,34
2022-08-26,5,8,,,10,53,2,7,91,273,13,39,0,0,5,28,1,4,35,57,5,8,126,238,18,34
2022-08-29,1,8,,,7,56,1,8,88,276,12,40,0,0,2,31,0,0,32,60,4,9,123,241,17,35
2022-08-30,2,8,,,6,57,1,8,87,277,12,40,0,0,1,32,0,0,31,61,4,9,122,242,17,35
2022-08-31,3,8,,,5,58,1,8,86,278,12,40,0,0,0,0,0,0,30,62,4,9,121,243,17,35
2022-09-01,4,9,,,4,59,1,8,85,279,12,40,0,0,29,1,0,0,29,63,4,9,120,244,17,35
2022-09-02,5,9,,,3,60,1,8,84,280,12,40,0,0,28,2,0,0,28,64,4,9,119,245,17,35
2022-09-05,1,9,Labor Day,closed,0,0,0,0,81,283,11,41,1,0,25,5,3,1,25,67,3,10,116,248,16,36
2022-09-06,2,9,,,79,1,0,0,80,284,11,41,0,0,24,6,3,1,24,68,3,10,115,249,16,36
2022-09-07,3,9,,,78,2,0,0,79,285,11,41,0,0,23,7,3,1,23,69,3,10,114,250,16,36
2022-09-08,4,9,,,77,3,0,0,78,286,11,41,0,0,22,8,3,1,22,70,3,10,113,251,16,36
2022-09-09,5,9,,,76,4,0,0,77,287,11,41,0,0,21,9,3,1,21,71,3,10,112,252,16,36
2022-09-12,1,9,,,73,7,10,1,74,290,10,42,0,0,18,12,2,2,18,74,2,11,109,255,15,37
2022-09-13,2,9,,,72,8,10,1,73,291,10,42,0,0,17,13,2,2,17,75,2,11,108,256,15,37
2022-09-14,3,9,,,71,9,10,1,72,292,10,42,0,0,16,14,2,2,16,76,2,11,107,257,15,37
2022-09-15,4,9,,,70,10,10,1,71,293,10,42,0,0,15,15,2,2,15,77,2,11,106,258,15,37
2022-09-16,5,9,,,69,11,10,1,70,294,10,42,0,0,14,16,2,2,14,78,2,11,105,259,15,37
2022-09-19,1,9,,,66,14,9,2,67,297,9,43,0,0,11,19,1,3,11,81,1,12,102,262,14,38
2022-09-20,2,9,,,65,15,9,2,66,298,9,43,0,0,10,20,1,3,10,82,1,12,101,263,14,38
2022-09-21,3,9,,,64,16,9,2,65,299,9,43,0,0,9,21,1,3,9,83,1,12,100,264,14,38
2022-09-22,4,9,,,63,17,9,2,64,300,9,43,0,0,8,22,1,3,8,84,1,12,99,265,14,38
2022-09-23,5,9,,,62,18,9,2,63,301,9,43,0,0,7,23,1,3,7,85,1,12,98,266,14,38
2022-09-26,1,9,,,59,21,8,3,60,304,8,44,0,0,4,26,0,0,4,88,0,0,95,269,13,39
2022-09-27,2,9,,,58,22,8,3,59,305,8,44,0,0,3,27,0,0,3,89,0,0,94,270,13,39
2022-09-28,3,9,,,57,23,8,3,58,306,8,44,0,0,2,28,0,0,2,90,0,0,93,271,13,39
2022-09-29,4,9,,,56,24,8,3,57,307,8,44,0,0,1,29,0,0,1,91,0,0,92,272,13,39
2022-09-30,5,9,,,55,25,8,3,56,308,8,44,0,0,0,0,0,0,0,0,0,0,91,273,13,39
2022-10-03,1,10,,,52,28,7,4,53,311,7,45,0,0,28,3,4,1,88,3,12,1,88,276,12,40
2022-10-04,2,10,,,51,29,7,4,52,312,7,45,0,0,27,4,4,1,87,4,12,1,87,277,12,40
2022-10-05,3,10,,,50,30,7,4,51,313,7,45,0,0,26,5,4,1,86,5,12,1,86,278,12,40
2022-10-06,4,10,,,49,31,7,4,50,314,7,45,0,0,25,6,4,1,85,6,12,1,85,279,12,40
2022-10-07,5,10,,,48,32,7,4,49,315,7,45,0,0,24,7,4,1,84,7,12,1,84,280,12,40
2022-10-10,1,10,,,45,35,6,5,46,318,6,46,0,0,21,10,3,2,81,10,11,2,81,283,11,41
2022-10-11,2,10,,,44,36,6,5,45,319,6,46,0,0,20,11,3,2,80,11,11,2,80,284,11,41
2022-10-12,3,10,,,43,37,6,5,44,320,6,46,0,0,19,12,3,2,79,12,11,2,79,285,11,41
2022-10-13,4,10,,,42,38,6,5,43,321,6,46,0,0,18,13,3,2,78,13,11,2,78,286,11,41
2022-10-14,5,10,,,41,39,6,5,42,322,6,46,0,0,17,14,3,2,77,14,11,2,77,287,11,41
2022-10-17,1,10,,,38,42,5,6,39,325,5,47,0,0,14,17,2,3,74,17,10,3,74,290,10,42
2022-10-18,2,10,,,37,43,5,6,38,326,5,47,0,0,13,18,2,3,73,18,10,3,73,291,10,42
2022-10-19,3,10,,,36,44,5,6,37,327,5,47,0,0,12,19,2,3,72,19,10,3,72,292,10,42
2022-10-20,4,10,,,35,45,5,6,36,328,5,47,0,0,11,20,2,3,71,20,10,3,71,293,10,42
2022-10-21,5,10,,,34,46,5,6,35,329,5,47,0,0,10,21,2,3,70,21,10,3,70,294,10,42
2022-10-24,1,10,,,31,49,4,7,32,332,4,48,0,0,7,24,1,4,67,24,9,4,67,297,9,43
2022-10-25,2,10,,,30,50,4,7,31,333,4,48,0,0,6,25,1,4,66,25,9,4,66,298,9,43
2022-10-26,3,10,,,29,51,4,7,30,334,4,48,0,0,5,26,1,4,65,26,9,4,65,299,9,43
2022-10-27,4,10,,,28,52,4,7,29,335,4,48,0,0,4,27,1,4,64,27,9,4,64,300,9,43
2022-10-28,5,10,,,27,53,4,7,28,336,4,48,0,0,3,28,1,4,63,28,9,4,63,301,9,43
2022-10-31,1,10,,,24,56,3,8,25,339,3,49,0,0,0,0,0,0,60,31,8,5,60,304,8,44
2022-11-01,2,11,,,23,57,3,8,24,340,3,49,0,0,29,1,0,0,59,32,8,5,59,305,8,44
2022-11-02,3,11,,,22,58,3,8,23,341,3,49,0,0,28,2,0,0,58,33,8,5,58,306,8,44
2022-11-03,4,11,,,21,59,3,8,22,342,3,49,0,0,27,3,0,0,57,34,8,5,57,307,8,44
2022-11-04,5,11,,,20,60,3,8,21,343,3,49,0,0,26,4,0,0,56,35,8,5,56,308,8,44
2022-11-07,1,11,,,17,63,2,9,18,346,2,50,0,0,23,7,3,1,53,38,7,6,53,311,7,45
2022-11-08,2,11,,,16,64,2,9,17,347,2,50,0,0,22,8,3,1,52,39,7,6,52,312,7,45
2022-11-09,3,11,,,15,65,2,9,16,348,2,50,0,0,21,9,3,1,51,40,7,6,51,313,7,45
2022-11-10,4,11,,,14,66,2,9,15,349,2,50,0,0,20,10,3,1,50,41,7,6,50,314,7,45
2022-11-11,5,11,,,13,67,2,9,14,350,2,50,0,0,19,11,3,1,49,42,7,6,49,315,7,45
2022-11-14,1,11,,,10,70,1,10,11,353,1,51,0,0,16,14,2,2,46,45,6,7,46,318,6,46
2022-11-15,2,11,,,9,71,1,10,10,354,1,51,0,0,15,15,2,2,45,46,6,7,45,319,6,46
2022-11-16,3,11,,,8,72,1,10,9,355,1,51,0,0,14,16,2,2,44,47,6,7,44,320,6,46
2022-11-17,4,11,,,7,73,1,10,8,356,1,51,0,0,13,17,2,2,43,48,6,7,43,321,6,46
2022-11-18,5,11,,,6,74,1,10,7,357,1,51,0,0,12,18,2,2,42,49,6,7,42,322,6,46
2022-11-21,1,11,,,3,77,0,0,4,360,0,0,0,0,9,21,1,3,39,52,5,8,39,325,5,47
2022-11-22,2,11,,,2,78,0,0,3,361,0,0,0,0,8,22,1,3,38,53,5,8,38,326,5,47
2022-11-23,3,11,,,1,79,0,0,2,362,0,0,0,0,7,23,1,3,37,54,5,8,37,327,5,47
2022-11-24,4,11,Thanksgiving Day,closed,0,0,0,0,1,363,0,0,1,0,6,24,1,3,36,55,5,8,36,328,5,47
2022-11-25,5,11,Thanksgiving Day Early Close,early_close,31,1,0,0,0,0,0,0,0,1,5,25,1,3,35,56,5,8,35,329,5,47
2022-11-28,1,11,,,28,4,4,1,217,3,31,1,0,0,2,28,0,0,32,59,4,9,32,332,4,48
2022-11-29,2,11,,,27,5,4,1,216,4,31,1,0,0,1,29,0,0,31,60,4,9,31,333,4,48
2022-11-30,3,11,,,26,6,4,1,215,5,31,1,0,0,0,0,0,0,30,61,4,9,30,334,4,48
2022-12-01,4,12,,,25,7,4,1,214,6,31,1,0,0,29,1,0,0,29,62,4,9,29,335,4,48
2022-12-02,5,12,,,24,8,4,1,213,7,31,1,0,0,28,2,0,0,28,63,4,9,28,336,4,48
2022-12-05,1,12,,,21,11,3,2,210,10,30,2,0,0,25,5,3,1,25,66,3,10,25,339,3,49
2022-12-06,2,12,,,20,12,3,2,209,11,30,2,0,0,24,6,3,1,24,67,3,10,24,340,3,49
2022-12-07,3,12,,,19,13,3,2,208,12,30,2,0,0,23,7,3,1,23,68,3,10,23,341,3,49
2022-12-08,4,12,,,18,14,3,2,207,13,30,2,0,0,22,8,3,1,22,69,3,10,22,342,3,49
2022-12-09,5,12,,,17,15,3,2,206,14,30,2,0,0,21,9,3,1,21,70,3,10,21,343,3,49
2022-12-12,1,12,,,14,18,2,3,203,17,29,3,0,0,18,12,2,2,18,73,2,11,18,346,2,50
2022-12-13,2,12,,,13,19,2,3,202,18,29,3,0,0,17,13,2,2,17,74,2,11,17,347,2,50
2022-12-14,3,12,,,12,20,2,3,201,19,29,3,0,0,16,14,2,2,16,75,2,11,16,348,2,50
2022-12-15,4,12,,,11,21,2,3,200,20,29,3,0,0,15,15,2,2,15,76,2,11,15,349,2,50
2022-12-16,5,12,,,10,22,2,3,199,21,29,3,0,0,14,16,2,2,14,77,2,11,14,350,2,50
2022-12-19,1,12,,,7,25,1,4,196,24,28,4,0,0,11,19,1,3,11,80,1,12,11,353,1,51
2022-12-20,2,12,,,6,26,1,4,195,25,28,4,0,0,10,20,1,3,10,81,1,12,10,354,1,51
2022-12-21,3,12,,,5,27,1,4,194,26,28,4,0,0,9,21,1,3,9,82,1,12,9,355,1,51
2022-12-22,4,12,,,4,28,1,4,193,27,28,4,0,0,8,22,1,3,8,83,1,12,8,356,1,51
2022-12-23,5,12,,,3,29,1,4,192,28,28,4,0,0,7,23,1,3,7,84,1,12,7,357,1,51
2022-12-26,1,12,Christmas Day Observed,closed,0,0,0,0,189,31,27,5,1,0,4,26,0,0,4,87,0,0,4,360,0,0
2022-12-27,2,12,,,6,1,0,0,188,32,27,5,0,0,3,27,0,0,3,88,0,0,3,361,0,0
2022-12-28,3,12,,,5,2,0,0,187,33,27,5,0,0,2,28,0,0,2,89,0,0,2,362,0,0
2022-12-29,4,12,,,4,3,0,0,186,34,27,5,0,0,1,29,0,0,1,90,0,0,1,363,0,0
2022-12-30,5,12,,,3,4,0,0,185,35,27,5,0,0,0,0,0,0,0,0,0,0,0,0,0,0
2023-01-02,1,1,New Year's Day Observed,closed,0,0,0,0,182,38,26,6,1,0,29,3,4,1,88,3,12,1,361,3,51,1
2023-01-03,2,1,,,13,1,0,0,181,39,26,6,0,0,28,4,4,1,87,4,12,1,360,4,51,1
2023-01-04,3,1,,,12,2,0,0,180,40,26,6,0,0,27,5,4,1,86,5,12,1,359,5,51,1
2023-01-05,4,1,,,11,3,0,0,179,41,26,6,0,0,26,6,4,1,85,6,12,1,358,6,51,1
2023-01-06,5,1,,,10,4,0,0,178,42,26,6,0,0,25,7,4,1,84,7,12,1,357,7,51,1
2023-01-09,1,1,,,7,7,1,1,175,45,25,7,0,0,22,10,3,2,81,10,11,2,354,10,50,2
2023-01-10,2,1,,,6,8,1,1,174,46,25,7,0,0,21,11,3,2,80,11,11,2,353,11,50,2
2023-01-11,3,1,,,5,9,1,1,173,47,25,7,0,0,20,12,3,2,79,12,11,2,352,12,50,2
2023-01-12,4,1,,,4,10,1,1,172,48,25,7,0,0,19,13,3,2,78,13,11,2,351,13,50,2
2023-01-13,5,1,,,3,11,1,1,171,49,25,7,0,0,18,14,3,2,77,14,11,2,350,14,50,2
2023-01-16,1,1,Martin Luther King Jr. Day,closed,0,0,0,0,168,52,24,8,1,0,15,17,2,3,74,17,10,3,347,17,49,3
2023-01-17,2,1,,,34,1,0,0,167,53,24,8,0,0,14,18,2,3,73,18,10,3,346,18,49,3
2023-01-18,3,1,,,33,2,0,0,166,54,24,8,0,0,13,19,2,3,72,19,10,3,345,19,49,3
2023-01-19,4,1,,,32,3,0,0,165,55,24,8,0,0,12,20,2,3,71,20,10,3,344,20,49,3
2023-01-20,5,1,,,31,4,0,0,164,56,24,8,0,0,11,21,2,3,70,21,10,3,343,21,49,3
2023-01-23,1,1,,,28,7,4,1,161,59,23,9,0,0,8,24,1,4,67,24,9,4,340,24,48,4
2023-01-24,2,1,,,27,8,4,1,160,60,23,9,0,0,7,25,1,4,66,25,9,4,339,25,48,4
2023-01-25,3,1,,,26,9,4,1,159,61,23,9,0,0,6,26,1,4,65,26,9,4,338,26,48,4
2023-01-26,4,1,,,25,10,4,1,158,62,23,9,0,0,5,27,1,4,64,27,9,4,337,27,48,4
2023-01-27,5,1,,,24,11,4,1,157,63,23,9,0,0,4,28,1,4,63,28,9,4,336,28,48,4
2023-01-30,1,1,,,21,14,3,2,154,66,22,10,0,0,1,31,0,0,60,31,8,5,333,31,47,5
2023-01-31,2,1,,,20,15,3,2,153,67,22,10,0,0,0,0,0,0,59,32,8,5,332,32,47,5
2023-02-01,3,2,,,19,16,3,2,152,68,22,10,0,0,27,1,0,0,58,33,8,5,331,33,47,5
2023-02-02,4,2,,,18,17,3,2,151,69,22,10,0,0,26,2,0,0,57,34,8,5,330,34,47,5
2023-02-03,5,2,,,17,18,3,2,150,70,22,10,0,0,25,3,0,0,56,35,8,5,329,35,47,5
2023-02-06,1,2,,,14,21,2,3,147,73,21,11,0,0,22,6,3,1,53,38,7,6,326,38,46,6
2023-02-07,2,2,,,13,22,2,3,146,74,21,11,0,0,21,7,3,1,52,39,7,6,325,39,46,6
2023-02-08,3,2,,,12,23,2,3,145,75,21,11,0,0,20,8,3,1,51,40,7,6,324,40,46,6
2023-02-09,4,2,,,11,24,2,3,144,76,21,11,0,0,19,9,3,1,50,41,7,6,323,41,46,6
2023-02-10,5,2,,,10,25,2,3,143,77,21,11,0,0,18,10,3,1,49,42,7,6,322,42,46,6
2023-02-13,1,2,,,7,28,1,4,140,80,20,12,0,0,15,13,2,2,46,45,6,7,319,45,45,7
2023-02-14,2,2,,,6,29,1,4,139,81,20,12,0,0,14,14,2,2,45,46,6,7,318,46,45,7
2023-02-15,3,2,,,5,30,1,4,138,82,20,12,0,0,13,15,2,2,44,47,6,7,317,47,45,7
2023-02-16,4,2,,,4,31,1,4,137,83,20,12,0,0,12,16,2,2,43,48,6,7,316,48,45,7
2023-02-17,5,2,,,3,32,1,4,136,84,20,12,0,0,11,17,2,2,42,49,6,7,315,49,45,7
2023-02-20,1,2,Presidents' Day,closed,0,0,0,0,133,87,19,13,1,0,8,20,1,3,39,52,5,8,312,52,44,8
2023-02-21,2,2,,,45,1,0,0,132,88,19,13,0,0,7,21,1,3,38,53,5,8,311,53,44,8
2023-02-22,3,2,,,44,2,0,0,131,89,19,13,0,0,6,22,1,3,37,54,5,8,310,54,44,8
2023-02-23,4,2,,,43,3,0,0,130,90,19,13,0,0,5,23,1,3,36,55,5,8,309,55,44,8
2023-02-24,5,2,,,42,4,0,0,129,91,19,13,0,0,4,24,1,3,35,56,5,8,308,56,44,8
2023-02-27,1,2,,,39,7,5,1,126,94,18,14,0,0,1,27,0,0,32,59,4,9,305,59,43,9
2023-02-28,2,2,,,38,8,5,1,125,95,18,14,0,0,0,0,0,0,31,60,4,9,304,60,43,9
2023-03-01,3,3,,,37,9,5,1,124,96,18,14,0,0,30,1,0,0,30,61,4,9,303,61,43,9
2023-03-02,4,3,,,36,10,5,1,123,97,18,14,0,0,29,2,0,0,29,62,4,9,302,62,43,9
2023-03-03,5,3,,,35,11,5,1,122,98,18,14,0,0,28,3,0,0,28,63,4,9,301,63,43,9
2023-03-06,1,3,,,32,14,4,2,119,101,17,15,0,0,25,6,3,1,25,66,3,10,298,66,42,10
2023-03-07,2,3,,,31,15,4,2,118,102,17,15,0,0,24,7,3,1,24,67,3,10,297,67,42,10
2023-03-08,3,3,,,30,16,4,2,117,103,17,15,0,0,23,8,3,1,23,68,3,10,296,68,42,10
2023-03-09,4,3,,,29,17,4,2,116,104,17,15,0,0,22,9,3,1,22,69,3,10,295,69,42,10
2023-03-10,5,3,,,28,18,4,2,115,105,17,15,0,0,21,10,3,1,21,70,3,10,294,70,42,10
2023-03-13,1,3,,,25,21,3,3,112,108,16,16,0,0,18,13,2,2,18,73,2,11,291,73,41,11
2023-03-14,2,3,,,24,22,3,3,111,109,16,16,0,0,17,14,2,2,17,74,2,11,290,74,41,11
2023-03-15,3,3,,,23,23,3,3,110,110,16,16,0,0,16,15,2,2,16,75,2,11,289,75,41,11
2023-03-16,4,3,,,22,24,3,3,109,111,16,16,0,0,15,16,2,2,15,76,2,11,288,76,41,11
2023-03-17,5,3,,,21,25,3,3,108,112,16,16,0,0,14,17,2,2,14,77,2,11,287,77,41,11
2023-03-20,1,3,,,18,28,2,4,105,115,15,17,0,0,11,20,1,3,11,80,1,12,284,80,40,12
2023-03-21,2,3,,,17,29,2,4,104,116,15,17,0,0,10,21,1,3,10,81,1,12,283,81,40,12
2023-03-22,3,3,,,16,30,2,4,103,117,15,17,0,0,9,22,1,3,9,82,1,12,282,82,40,12
2023-03-23,4,3,,,15,31,2,4,102,118,15,17,0,0,8,23,1,3,8,83,1,12,281,83,40,12
2023-03-24,5,3,,,14,32,2,4,101,119,15,17,0,0,7,24,1,3,7,84,1,12,280,84,40,12
2023-03-27,1,3,,,11,35,1,5,98,122,14,18,0,0,4,27,0,0,4,87,0,0,277,87,39,13
2023-03-28,2,3,,,10,36,1,5,97,123,14,18,0,0,3,28,0,0,3,88,0,0,276,88,39,13
2023-03-29,3,3,,,9,37,1,5,96,124,14,18,0,0,2,29,0,0,2,89,0,0,275,89,39,13
2023-03-30,4,3,,,8,38,1,5,95,125,14,18,0,0,1,30,0,0,1,90,0,0,274,90,39,13
2023-03-31,5,3,,,7,39,1,5,94,126,14,18,0,0,0,0,0,0,0,0,0,0,273,91,39,13
2023-04-03,1,4,,,4,42,0,0,91,129,13,19,0,0,25,3,3,1,88,3,12,1,270,94,38,14
2023-04-04,2,4,,,3,43,0,0,90,130,13,19,0,0,24,4,3,1,87,4,12,1,269,95,38,14
2023-04-05,3,4,,,2,44,0,0,89,131,13,19,0,0,23,5,3,1,86,5,12,1,268,96,38,14
2023-04-06,4,4,,,1,45,0,0,88,132,13,19,0,0,22,6,3,1,85,6,12,1,267,97,38,14
2023-04-07,5,4,Good Friday,closed,0,0,0,0,87,133,13,19,1,0,21,7,3,1,84,7,12,1,266,98,38,14
2023-04-10,1,4,,,49,3,7,1,84,136,12,20,0,0,18,10,2,2,81,10,11,2,263,101,37,15
2023-04-11,2,4,,,48,4,7,1,83,137,12,20,0,0,17,11,2,2,80,11,11,2,262,102,37,15
2023-04-12,3,4,,,47,5,7,1,82,138,12,20,0,0,16,12,2,2,79,12,11,2,261,103,37,15
2023-04-13,4,4,,,46,6,7,1,81,139,12,20,0,0,15,13,2,2,78,13,11,2,260,104,37,15
2023-04-14,5,4,,,45,7,7,1,80,140,12,20,0,0,14,14,2,2,77,14,11,2,259,105,37,15
2023-04-17,1,4,,,42,10,6,2,77,143,11,21,0,0,11,17,1,3,74,17,10,3,256,108,36,16
2023-04-18,2,4,,,41,11,6,2,76,144,11,21,0,0,10,18,1,3,73,18,10,3,255,109,36,16
2023-04-19,3,4,,,40,12,6,2,75,145,11,21,0,0,9,19,1,3,72,19,10,3,254,110,36,16
2023-04-20,4,4,,,39,13,6,2,74,146,11,21,0,0,8,20,1,3,71,20,10,3,253,111,36,16
2023-04-21,5,4,,,38,14,6,2,73,147,11,21,0,0,7,21,1,3,70,21,10,3,252,112,36,16
2023-04-24,1,4,,,35,17,5,3,70,150,10,22,0,0,4,24,0,0,67,24,9,4,249,115,35,17
2023-04-25,2,4,,,34,18,5,3,69,151,10,22,0,0,3,25,0,0,66,25,9,4,248,116,35,17
2023-04-26,3,4,,,33,19,5,3,68,152,10,22,0,0,2,26,0,0,65,26,9,4,247,117,35,17
2023-04-27,4,4,,,32,20,5,3,67,153,10,22,0,0,1,27,0,0,64,27,9,4,246,118,35,17
2023-04-28,5,4,,,31,21,5,3,66,154,10,22,0,0,0,0,0,0,63,28,9,4,245,119,35,17
2023-05-01,1,5,,,28,24,4,4,63,157,9,23,0,0,30,3,4,1,60,31,8,5,242,122,34,18
2023-05-02,2,5,,,27,25,4,4,62,158,9,23,0,0,29,4,4,1,59,32,8,5,241,123,34,18
2023-05-03,3,5,,,26,26,4,4,61,159,9,23,0,0,28,5,4,1,58,33,8,5,240,124,34,18
2023-05-04,4,5,,,25,27,4,4,60,160,9,23,0,0,27,6,4,1,57,34,8,5,239,125,34,18
2023-05-05,5,5,,,24,28,4,4,59,161,9,23,0,0,26,7,4,1,56,35,8,5,238,126,34,18
2023-05-08,1,5,,,21,31,3,5,56,164,8,24,0,0,23,10,3,2,53,38,7,6,235,129,33,19
2023-05-09,2,5,,,20,32,3,5,55,165,8,24,0,0,22,11,3,2,52,39,7,6,234,130,33,19
2023-05-10,3,5,,,19,33,3,5,54,166,8,24,0,0,21,12,3,2,51,40,7,6,233,131,33,19
2023-05-11,4,5,,,18,34,3,5,53,167,8,24,0,0,20,13,3,2,50,41,7,6,232,132,33,19
2023-05-12,5,5,,,17,35,3,5,52,168,8,24,0,0,19,14,3,2,49,42,7,6,231,133,33,19
2023-05-15,1,5,,,14,38,2,6,49,171,7,25,0,0,16,17,2,3,46,45,6,7,228,136,32,20
2023-05-16,2,5,,,13,39,2,6,48,172,7,25,0,0,15,18,2,3,45,46,6,7,227,137,32,20
2023-05-17,3,5,,,12,40,2,6,47,173,7,25,0,0,14,19,2,3,44,47,6,7,226,138,32,20
2023-05-18,4,5,,,11,41,2,6,46,174,7,25,0,0,13,20,2,3,43,48,6,7,225,139,32,20
2023-05-19,5,5,,,10,42,2,6,45,175,7,25,0,0,12,21,2,3,42,49,6,7,224,140,32,20
2023-05-22,1,5,,,7,45,1,7,42,178,6,26,0,0,9,24,1,4,39,52,5,8,221,143,31,21
2023-05-23,2,5,,,6,46,1,7,41,179,6,26,0,0,8,25,1,4,38,53,5,8,220,144,31,21
2023-05-24,3,5,,,5,47,1,7,40,180,6,26,0,0,7,26,1,4,37,54,5,8,219,145,31,21
2023-05-25,4,5,,,4,48,1,7,39,181,6,26,0,0,6,27,1,4,36,55,5,8,218,146,31,21
2023-05-26,5,5,,,3,49,1,7,38,182,6,26,0,0,5,28,1,4,35,56,5,8,217,147,31,21
2023-05-29,1,5,Memorial Day,closed,0,0,0,0,35,185,5,27,1,0,2,31,0,0,32,59,4,9,214,150,30,22
2023-05-30,2,5,,,20,1,0,0,34,186,5,27,0,0,1,32,0,0,31,60,4,9,213,151,30,22
2023-05-31,3,5,,,19,2,0,0,33,187,5,27,0,0,0,0,0,0,30,61,4,9,212,152,30,22
2023-06-01,4,6,,,18,3,0,0,32,188,5,27,0,0,29,1,0,0,29,62,4,9,211,153,30,22
2023-06-02,5,6,,,17,4,0,0,31,189,5,27,0,0,28,2,0,0,28,63,4,9,210,154,30,22
2023-06-05,1,6,,,14,7,2,1,28,192,4,28,0,0,25,5,3,1,25,66,3,10,207,157,29,23
2023-06-06,2,6,,,13,8,2,1,27,193,4,28,0,0,24,6,3,1,24,67,3,10,206,158,29,23
2023-06-07,3,6,,,12,9,2,1,26,194,4,28,0,0,23,7,3,1,23,68,3,10,205,159,29,23
2023-06-08,4,6,,,11,10,2,1,25,195,4,28,0,0,22,8,3,1,22,69,3,10,204,160,29,23
2023-06-09,5,6,,,10,11,2,1,24,196,4,28,0,0,21,9,3,1,21,70,3,10,203,161,29,23
2023-06-12,1,6,,,7,14,1,2,21,199,3,29,0,0,18,12,2,2,18,73,2,11,200,164,28,24
2023-06-13,2,6,,,6,15,1,2,20,200,3,29,0,0,17,13,2,2,17,74,2,11,199,165,28,24
2023-06-14,3,6,,,5,16,1,2,19,201,3,29,0,0,16,14,2,2,16,75,2,11,198,166,28,24
2023-06-15,4,6,,,4,17,1,2,18,202,3,29,0,0,15,15,2,2,15,76,2,11,197,167,28,24
2023-06-16,5,6,,,3,18,1,2,17,203,3,29,0,0,14,16,2,2,14,77,2,11,196,168,28,24
2023-06-19,1,6,Juneteenth Holiday,closed,0,0,0,0,14,206,2,30,1,0,11,19,1,3,11,80,1,12,193,171,27,25
2023-06-20,2,6,,,14,1,0,0,13,207,2,30,0,0,10,20,1,3,10,81,1,12,192,172,27,25
2023-06-21,3,6,,,13,2,0,0,12,208,2,30,0,0,9,21,1,3,9,82,1,12,191,173,27,25
2023-06-22,4,6,,,12,3,0,0,11,209,2,30,0,0,8,22,1,3,8,83,1,12,190,174,27,25
2023-06-23,5,6,,,11,4,0,0,10,210,2,30,0,0,7,23,1,3,7,84,1,12,189,175,27,25
2023-06-26,1,6,,,8,7,1,1,7,213,1,31,0,0,4,26,0,0,4,87,0,0,186,178,26,26
2023-06-27,2,6,,,7,8,1,1,6,214,1,31,0,0,3,27,0,0,3,88,0,0,185,179,26,26
2023-06-28,3,6,,,6,9,1,1,5,215,1,31,0,0,2,28,0,0,2,89,0,0,184,180,26,26
2023-06-29,4,6,,,5,10,1,1,4,216,1,31,0,0,1,29,0,0,1,90,0,0,183,181,26,26
2023-06-30,5,6,,,4,11,1,1,3,217,1,31,0,0,0,0,0,0,0,0,0,0,182,182,26,26
2023-07-03,1,7,Independence Day Early Close,early_close,1,14,0,0,0,0,0,0,0,1,28,3,4,1,88,3,12,1,179,185,25,27
2023-07-04,2,7,Independence Day,closed,0,0,0,0,143,1,0,0,1,0,27,4,4,1,87,4,12,1,178,186,25,27
2023-07-05,3,7,,,61,1,0,0,142,2,0,0,0,0,26,5,4,1,86,5,12,1,177,187,25,27
2023-07-06,4,7,,,60,2,0,0,141,3,0,0,0,0,25,6,4,1,85,6,12,1,176,188,25,27
2023-07-07,5,7,,,59,3,0,0,140,4,0,0,0,0,24,7,4,1,84,7,12,1,175,189,25,27
2023-07-10,1,7,,,56,6,8,1,137,7,19,1,0,0,21,10,3,2,81,10,11,2,172,192,24,28
2023-07-11,2,7,,,55,7,8,1,136,8,19,1,0,0,20,11,3,2,80,11,11,2,171,193,24,28
2023-07-12,3,7,,,54,8,8,1,135,9,19,1,0,0,19,12,3,2,79,12,11,2,170,194,24,28
2023-07-13,4,7,,,53,9,8,1,134,10,19,1,0,0,18,13,3,2,78,13,11,2,169,195,24,28
2023-07-14,5,7,,,52,10,8,1,133,11,19,1,0,0,17,14,3,2,77,14,11,2,168,196,24,28
2023-07-17,1,7,,,49,13,7,2,130,14,18,2,0,0,14,17,2,3,74,17,10,3,165,199,23,29
2023-07-18,2,7,,,48,14,7,2,129,15,18,2,0,0,13,18,2,3,73,18,10,3,164,200,23,29
2023-07-19,3,7,,,47,15,7,2,128,16,18,2,0,0,12,19,2,3,72,19,10,3,163,201,23,29
2023-07-20,4,7,,,46,16,7,2,127,17,18,2,0,0,11,20,2,3,71,20,10,3,162,202,23,29
2023-07-21,5,7,,,45,17,7,2,126,18,18,2,0,0,10,21,2,3,70,21,10,3,161,203,23,29
2023-07-24,1,7,,,42,20,6,3,123,21,17,3,0,0,7,24,1,4,67,24,9,4,158,206,22,30
2023-07-25,2,7,,,41,21,6,3,122,22,17,3,0,0,6,25,1,4,66,25,9,4,157,207,22,30
2023-07-26,3,7,,,40,22,6,3,121,23,17,3,0,0,5,26,1,4,65,26,9,4,156,208,22,30
2023-07-27,4,7,,,39,23,6,3,120,24,17,3,0,0,4,27,1,4,64,27,9,4,155,209,22,30
2023-07-28,5,7,,,38,24,6,3,119,25,17,3,0,0,3,28,1,4,63,28,9,4,154,210,22,30
2023-07-31,1,7,,,35,27,5,4,116,28,16,4,0,0,0,0,0,0,60,31,8,5,151,213,21,31
2023-08-01,2,8,,,34,28,5,4,115,29,16,4,0,0,30,1,0,0,59,32,8,5,150,214,21,31
2023-08-02,3,8,,,33,29,5,4,114,30,16,4,0,0,29,2,0,0,58,33,8,5,149,215,21,31
2023-08-03,4,8,,,32,30,5,4,113,31,16,4,0,0,28,3,0,0,57,34,8,5,148,216,21,31
2023-08-04,5,8,,,31,31,5,4,112,32,16,4,0,0,27,4,0,0,56,35,8,5,147,217,21,31
2023-08-07,1,8,,,28,34,4,5,109,35,15,5,0,0,24,7,3,1,53,38,7,6,144,220,20,32
2023-08-08,2,8,,,27,35,4,5,108,36,15,5,0,0,23,8,3,1,52,39,7,6,143,221,20,32
2023-08-09,3,8,,,26,36,4,5,107,37,15,5,0,0,22,9,3,1,51,40,7,6,142,222,20,32
2023-08-10,4,8,,,25,37,4,5,106,38,15,5,0,0,21,10,3,1,50,41,7,6,141,223,20,32
2023-08-11,5,8,,,24,38,4,5,105,39,15,5,0,0,20,11,3,1,49,42,7,6,140,224,20,32
2023-08-14,1,8,,,21,41,3,6,102,42,14,6,0,0,17,14,2,2,46,45,6,7,137,227,19,33
2023-08-15,2,8,,,20,42,3,6,101,43,14,6,0,0,16,15,2,2,45,46,6,7,136,228,19,33
2023-08-16,3,8,,,19,43,3,6,100,44,14,6,0,0,15,16,2,2,44,47,6,7,135,229,19,33
2023-08-17,4,8,,,18,44,3,6,99,45,14,6,0,0,14,17,2,2,43,48,6,7,134,230,19,33
2023-08-18,5,8,,,17,45,3,6,98,46,14,6,0,0,13,18,2,2,42,49,6,7,133,231,19,33
2023-08-21,1,8,,,14,48,2,7,95,49,13,7,0,0,10,21,1,3,39,52,5,8,130,234,18,34
2023-08-22,2,8,,,13,49,2,7,94,50,13,7,0,0,9,22,1,3,38,53,5,8,129,235,18,34
2023-08-23,3,8,,,12,50,2,7,93,51,13,7,0,0,8,23,1,3,37,54,5,8,128,236,18,34
2023-08-24,4,8,,,11,51,2,7,92,52,13,7,0,0,7,24,1,3,36,55,5,8,127,237,18,34
2023-08-25,5,8,,,10,52,2,7,91,53,13,7,0,0,6,25,1,3,35,56,5,8,126,238,18,34
2023-08-28,1,8,,,7,55,1,8,88,56,12,8,0,0,3,28,0,0,32,59,4,9,123,241,17,35
2023-08-29,2,8,,,6,56,1,8,87,57,12,8,0,0,2,29,0,0,31,60,4,9,122,242,17,35
2023-08-30,3,8,,,5,57,1,8,86,58,12,8,0,0,1,30,0,0,30,61,4,9,121,243,17,35
2023-08-31,4,8,,,4,58,1,8,85,59,12,8,0,0,0,0,0,0,29,62,4,9,120,244,17,35
2023-09-01,5,9,,,3,59,1,8,84,60,12,8,0,0,28,1,0,0,28,63,4,9,119,245,17,35
2023-09-04,1,9,Labor Day,closed,0,0,0,0,81,63,11,9,1,0,25,4,3,1,25,66,3,10,116,248,16,36
2023-09-05,2,9,,,79,1,0,0,80,64,11,9,0,0,24,5,3,1,24,67,3,10,115,249,16,36
2023-09-06,3,9,,,78,2,0,0,79,65,11,9,0,0,23,6,3,1,23,68,3,10,114,250,16,36
2023-09-07,4,9,,,77,3,0,0,78,66,11,9,0,0,22,7,3,1,22,69,3,10,113,251,16,36
2023-09-08,5,9,,,76,4,0,0,77,67,11,9,0,0,21,8,3,1,21,70,3,10,112,252,16,36
2023-09-11,1,9,,,73,7,10,1,74,70,10,10,0,0,18,11,2,2,18,73,2,11,109,255,15,37
2023-09-12,2,9,,,72,8,10,1,73,71,10,10,0,0,17,12,2,2,17,74,2,11,108,256,15,37
2023-09-13,3,9,,,71,9,10,1,72,72,10,10,0,0,16,13,2,2,16,75,2,11,107,257,15,37
2023-09-14,4,9,,,70,10,10,1,71,73,10,10,0,0,15,14,2,2,15,76,2,11,106,258,15,37
2023-09-15,5,9,,,69,11,10,1,70,74,10,10,0,0,14,15,2,2,14,77,2,11,105,259,15,37
2023-09-18,1,9,,,66,14,9,2,67,77,9,11,0,0,11,18,1,3,11,80,1,12,102,262,14,38
2023-09-19,2,9,,,65,15,9,2,66,78,9,11,0,0,10,19,1,3,10,81,1,12,101,263,14,38
2023-09-20,3,9,,,64,16,9,2,65,79,9,11,0,0,9,20,1,3,9,82,1,12,100,264,14,38
2023-09-21,4,9,,,63,17,9,2,64,80,9,11,0,0,8,21,1,3,8,83,1,12,99,265,14,38
2023-09-22,5,9,,,62,18,9,2,63,81,9,11,0,0,7,22,1,3,7,84,1,12,98,266,14,38
2023-09-25,1,9,,,59,21,8,3,60,84,8,12,0,0,4,25,0,0,4,87,0,0,95,269,13,39
2023-09-26,2,9,,,58,22,8,3,59,85,8,12,0,0,3,26,0,0,3,88,0,0,94,270,13,39
2023-09-27,3,9,,,57,23,8,3,58,86,8,12,0,0,2,27,0,0,2,89,0,0,93,271,13,39
2023-09-28,4,9,,,56,24,8,3,57,87,8,12,0,0,1,28,0,0,1,90,0,0,92,272,13,39
2023-09-29,5,9,,,55,25,8,3,56,88,8,12,0,0,0,0,0,0,0,0,0,0,91,273,13,39
2023-10-02,1,10,,,52,28,7,4,53,91,7,13,0,0,29,3,4,1,88,3,12,1,88,276,12,40
2023-10-03,2,10,,,51,29,7,4,52,92,7,13,0,0,28,4,4,1,87,4,12,1,87,277,12,40
2023-10-04,3,10,,,50,30,7,4,51,93,7,13,0,0,27,5,4,1,86,5,12,1,86,278,12,40
2023-10-05,4,10,,,49,31,7,4,50,94,7,13,0,0,26,6,4,1,85,6,12,1,85,279,12,40
2023-10-06,5,10,,,48,32,7,4,49,95,7,13,0,0,25,7,4,1,84,7,12,1,84,280,12,40
2023-10-09,1,10,,,45,35,6,5,46,98,6,14,0,0,22,10,3,2,81,10,11,2,81,283,11,41
2023-10-10,2,10,,,44,36,6,5,45,99,6,14,0,0,21,11,3,2,80,11,11,2,80,284,11,41
2023-10-11,3,10,,,43,37,6,5,44,100,6,14,0,0,20,12,3,2,79,12,11,2,79,285,11,41
2023-10-12,4,10,,,42,38,6,5,43,101,6,14,0,0,19,13,3,2,78,13,11,2,78,286,11,41
2023-10-13,5,10,,,41,39,6,5,42,102,6,14,0,0,18,14,3,2,77,14,11,2,77,287,11,41
2023-10-16,1,10,,,38,42,5,6,39,105,5,15,0,0,15,17,2,3,74,17,10,3,74,290,10,42
2023-10-17,2,10,,,37,43,5,6,38,106,5,15,0,0,14,18,2,3,73,18,10,3,73,291,10,42
2023-10-18,3,10,,,36,44,5,6,37,107,5,15,0,0,13,19,2,3,72,19,10,3,72,292,10,42
2023-10-19,4,10,,,35,45,5,6,36,108,5,15,0,0,12,20,2,3,71,20,10,3,71,293,10,42
2023-10-20,5,10,,,34,46,5,6,35,109,5,15,0,0,11,21,2,3,70,21,10,3,70,294,10,42
2023-10-23,1,10,,,31,49,4,7,32,112,4,16,0,0,8,24,1,4,67,24,9,4,67,297,9,43
2023-10-24,2,10,,,30,50,4,7,31,113,4,16,0,0,7,25,1,4,66,25,9,4,66,298,9,43
2023-10-25,3,10,,,29,51,4,7,30,114,4,16,0,0,6,26,1,4,65,26,9,4,65,299,9,43
2023-10-26,4,10,,,28,52,4,7,29,115,4,16,0,0,5,27,1,4,64,27,9,4,64,300,9,43
2023-10-27,5,10,,,27,53,4,7,28,116,4,16,0,0,4,28,1,4,63,28,9,4,63,301,9,43
2023-10-30,1,10,,,24,56,3,8,25,119,3,17,0,0,1,31,0,0,60,31,8,5,60,304,8,44
2023-10-31,2,10,,,23,57,3,8,24,120,3,17,0,0,0,0,0,0,59,32,8,5,59,305,8,44
2023-11-01,3,11,,,22,58,3,8,23,121,3,17,0,0,29,1,0,0,58,33,8,5,58,306,8,44
2023-11-02,4,11,,,21,59,3,8,22,122,3,17,0,0,28,2,0,0,57,34,8,5,57,307,8,44
2023-11-03,5,11,,,20,60,3,8,21,123,3,17,0,0,27,3,0,0,56,35,8,5,56,308,8,44
2023-11-06,1,11,,,17,63,2,9,18,126,2,18,0,0,24,6,3,1,53,38,7,6,53,311,7,45
2023-11-07,2,11,,,16,64,2,9,17,127,2,18,0,0,23,7,3,1,52,39,7,6,52,312,7,45
2023-11-08,3,11,,,15,65,2,9,16,128,2,18,0,0,22,8,3,1,51,40,7,6,51,313,7,45
2023-11-09,4,11,,,14,66,2,9,15,129,2,18,0,0,21,9,3,1,50,41,7,6,50,314,7,45
2023-11-10,5,11,,,13,67,2,9,14,130,2,18,0,0,20,10,3,1,49,42,7,6,49,315,7,45
2023-11-13,1,11,,,10,70,1,10,11,133,1,19,0,0,17,13,2,2,46,45,6,7,46,318,6,46
2023-11-14,2,11,,,9,71,1,10,10,134,1,19,0,0,16,14,2,2,45,46,6,7,45,319,6,46
2023-11-15,3,11,,,8,72,1,10,9,135,1,19,0,0,15,15,2,2,44,47,6,7,44,320,6,46
2023-11-16,4,11,,,7,73,1,10,8,136,1,19,0,0,14,16,2,2,43,48,6,7,43,321,6,46
2023-11-17,5,11,,,6,74,1,10,7,137,1,19,0,0,13,17,2,2,42,49,6,7,42,322,6,46
2023-11-20,1,11,,,3,77,0,0,4,140,0,0,0,0,10,20,1,3,39,52,5,8,39,325,5,47
2023-11-21,2,11,,,2,78,0,0,3,141,0,0,0,0,9,21,1,3,38,53,5,8,38,326,5,47
2023-11-22,3,11,,,1,79,0,0,2,142,0,0,0,0,8,22,1,3,37,54,5,8,37,327,5,47
2023-11-23,4,11,Thanksgiving Day,closed,0,0,0,0,1,143,0,0,1,0,7,23,1,3,36,55,5,8,36,328,5,47
2023-11-24,5,11,Thanksgiving Early Close,early_close,31,1,0,0,0,0,0,0,0,1,6,24,1,3,35,56,5,8,35,329,5,47
2023-11-27,1,11,,,28,4,4,1,219,3,31,1,0,0,3,27,0,0,32,59,4,9,32,332,4,48
2023-11-28,2,11,,,27,5,4,1,218,4,31,1,0,0,2,28,0,0,31,60,4,9,31,333,4,48
2023-11-29,3,11,,,26,6,4,1,217,5,31,1,0,0,1,29,0,0,30,61,4,9,30,334,4,48
2023-11-30,4,11,,,25,7,4,1,216,6,31,1,0,0,0,0,0,0,29,62,4,9,29,335,4,48
2023-12-01,5,12,,,24,8,4,1,215,7,31,1,0,0,28,1,0,0,28,63,4,9,28,336,4,48
2023-12-04,1,12,,,21,11,3,2,212,10,30,2,0,0,25,4,3,1,25,66,3,10,25,339,3,49
2023-12-05,2,12,,,20,12,3,2,211,11,30,2,0,0,24,5,3,1,24,67,3,10,24,340,3,49
2023-12-06,3,12,,,19,13,3,2,210,12,30,2,0,0,23,6,3,1,23,68,3,10,23,341,3,49
2023-12-07,4,12,,,18,14,3,2,209,13,30,2,0,0,22,7,3,1,22,69,3,10,22,342,3,49
2023-12-08,5,12,,,17,15,3,2,208,14,30,2,0,0,21,8,3,1,21,70,3,10,21,343,3,49
2023-12-11,1,12,,,14,18,2,3,205,17,29,3,0,0,18,11,2,2,18,73,2,11,18,346,2,50
2023-12-12,2,12,,,13,19,2,3,204,18,29,3,0,0,17,12,2,2,17,74,2,11,17,347,2,50
2023-12-13,3,12,,,12,20,2,3,203,19,29,3,0,0,16,13,2,2,16,75,2,11,16,348,2,50
2023-12-14,4,12,,,11,21,2,3,202,20,29,3,0,0,15,14,2,2,15,76,2,11,15,349,2,50
2023-12-15,5,12,,,10,22,2,3,201,21,29,3,0,0,14,15,2,2,14,77,2,11,14,350,2,50
2023-12-18,1,12,,,7,25,1,4,198,24,28,4,0,0,11,18,1,3,11,80,1,12,11,353,1,51
2023-12-19,2,12,,,6,26,1,4,197,25,28,4,0,0,10,19,1,3,10,81,1,12,10,354,1,51
2023-12-20,3,12,,,5,27,1,4,196,26,28,4,0,0,9,20,1,3,9,82,1,12,9,355,1,51
2023-12-21,4,12,,,4,28,1,4,195,27,28,4,0,0,8,21,1,3,8,83,1,12,8,356,1,51
2023-12-22,5,12,,,3,29,1,4,194,28,28,4,0,0,7,22,1,3,7,84,1,12,7,357,1,51
2023-12-25,1,12,Christmas Day,closed,0,0,0,0,191,31,27,5,1,0,4,25,0,0,4,87,0,0,4,360,0,0
2023-12-26,2,12,,,6,1,0,0,190,32,27,5,0,0,3,26,0,0,3,88,0,0,3,361,0,0
2023-12-27,3,12,,,5,2,0,0,189,33,27,5,0,0,2,27,0,0,2,89,0,0,2,362,0,0
2023-12-28,4,12,,,4,3,0,0,188,34,27,5,0,0,1,28,0,0,1,90,0,0,1,363,0,0
2023-12-29,5,12,,,3,4,0,0,187,35,27,5,0,0,0,0,0,0,0,0,0,0,0,0,0,0
2024-01-01,1,1,New Year's Day,closed,0,0,0,0,184,38,26,6,1,0,30,3,4,1,87,3,12,1,365,3,52,1
2024-01-02,2,1,,,13,1,0,0,183,39,26,6,0,0,29,4,4,1,86,4,12,1,364,4,52,1
2024-01-03,3,1,,,12,2,0,0,182,40,26,6,0,0,28,5,4,1,85,5,12,1,363,5,52,1
2024-01-04,4,1,,,11,3,0,0,181,41,26,6,0,0,27,6,4,1,84,6,12,1,362,6,52,1
2024-01-05,5,1,,,10,4,0,0,180,42,26,6,0,0,26,7,4,1,83,7,12,1,361,7,52,1
2024-01-08,1,1,,,7,7,1,1,177,45,25,7,0,0,23,10,3,2,80,10,11,2,358,10,51,2
2024-01-09,2,1,,,6,8,1,1,176,46,25,7,0,0,22,11,3,2,79,11,11,2,357,11,51,2
2024-01-10,3,1,,,5,9,1,1,175,47,25,7,0,0,21,12,3,2,78,12,11,2,356,12,51,2
2024-01-11,4,1,,,4,10,1,1,174,48,25,7,0,0,20,13,3,2,77,13,11,2,355,13,51,2
2024-01-12,5,1,,,3,11,1,1,173,49,25,7,0,0,19,14,3,2,76,14,11,2,354,14,51,2
2024-01-15,1,1,Martin Luther King Jr. Day,closed,0,0,0,0,170,52,24,8,1,0,16,17,2,3,73,17,10,3,351,17,50,3
2024-01-16,2,1,,,34,1,0,0,169,53,24,8,0,0,15,18,2,3,72,18,10,3,350,18,50,3
2024-01-17,3,1,,,33,2,0,0,168,54,24,8,0,0,14,19,2,3,71,19,10,3,349,19,50,3
2024-01-18,4,1,,,32,3,0,0,167,55,24,8,0,0,13,20,2,3,70,20,10,3,348,20,50,3
2024-01-19,5,1,,,31,4,0,0,166,56,24,8,0,0,12,21,2,3,69,21,10,3,347,21,50,3
2024-01-22,1,1,,,28,7,4,1,163,59,23,9,0,0,9,24,1,4,66,24,9,4,344,24,49,4
2024-01-23,2,1,,,27,8,4,1,162,60,23,9,0,0,8,25,1,4,65,25,9,4,343,25,49,4
2024-01-24,3,1,,,26,9,4,1,161,61,23,9,0,0,7,26,1,4,64,26,9,4,342,26,49,4
2024-01-25,4,1,,,25,10,4,1,160,62,23,9,0,0,6,27,1,4,63,27,9,4,341,27,49,4
2024-01-26,5,1,,,24,11,4,1,159,63,23,9,0,0,5,28,1,4,62,28,9,4,340,28,49,4
2024-01-29,1,1,,,21,14,3,2,156,66,22,10,0,0,2,31,0,0,59,31,8,5,337,31,48,5
2024-01-30,2,1,,,20,15,3,2,155,67,22,10,0,0,1,32,0,0,58,32,8,5,336,32,48,5
2024-01-31,3,1,,,19,16,3,2,154,68,22,10,0,0,0,0,0,0,57,33,8,5,335,33,48,5
2024-02-01,4,2,,,18,17,3,2,153,69,22,10,0,0,28,1,0,0,56,34,8,5,334,34,48,5
2024-02-02,5,2,,,17,18,3,2,152,70,22,10,0,0,27,2,0,0,55,35,8,5,333,35,48,5
2024-02-05,1,2,,,14,21,2,3,149,73,21,11,0,0,24,5,3,1,52,38,7,6,330,38,47,6
2024-02-06,2,2,,,13,22,2,3,148,74,21,11,0,0,23,6,3,1,51,39,7,6,329,39,47,6
2024-02-07,3,2,,,12,23,2,3,147,75,21,11,0,0,22,7,3,1,50,40,7,6,328,40,47,6
2024-02-08,4,2,,,11,24,2,3,146,76,21,11,0,0,21,8,3,1,49,41,7,6,327,41,47,6
2024-02-09,5,2,,,10,25,2,3,145,77,21,11,0,0,20,9,3,1,48,42,7,6,326,42,47,6
2024-02-12,1,2,,,7,28,1,4,142,80,20,12,0,0,17,12,2,2,45,45,6,7,323,45,46,7
2024-02-13,2,2,,,6,29,1,4,141,81,20,12,0,0,16,13,2,2,44,46,6,7,322,46,46,7
2024-02-14,3,2,,,5,30,1,4,140,82,20,12,0,0,15,14,2,2,43,47,6,7,321,47,46,7
2024-02-15,4,2,,,4,31,1,4,139,83,20,12,0,0,14,15,2,2,42,48,6,7,320,48,46,7
2024-02-16,5,2,,,3,32,1,4,138,84,20,12,0,0,13,16,2,2,41,49,6,7,319,49,46,7
2024-02-19,1,2,Presidents' Day,closed,0,0,0,0,135,87,19,13,1,0,10,19,1,3,38,52,5,8,316,52,45,8
2024-02-20,2,2,,,38,1,0,0,134,88,19,13,0,0,9,20,1,3,37,53,5,8,315,53,45,8
2024-02-21,3,2,,,37,2,0,0,133,89,19,13,0,0,8,21,1,3,36,54,5,8,314,54,45,8
2024-02-22,4,2,,,36,3,0,0,132,90,19,13,0,0,7,22,1,3,35,55,5,8,313,55,45,8
2024-02-23,5,2,,,35,4,0,0,131,91,19,13,0,0,6,23,1,3,34,56,5,8,312,56,45,8
2024-02-26,1,2,,,32,7,4,1,128,94,18,14,0,0,3,26,0,0,31,59,4,9,309,59,44,9
2024-02-27,2,2,,,31,8,4,1,127,95,18,14,0,0,2,27,0,0,30,60,4,9,308,60,44,9
2024-02-28,3,2,,,30,9,4,1,126,96,18,14,0,0,1,28,0,0,29,61,4,9,307,61,44,9
2024-02-29,4,2,,,29,10,4,1,125,97,18,14,0,0,0,0,0,0,28,62,4,9,306,62,44,9
2024-03-01,5,3,,,28,11,4,1,124,98,18,14,0,0,27,1,0,0,27,63,4,9,305,63,44,9
2024-03-04,1,3,,,25,14,3,2,121,101,17,15,0,0,24,4,3,1,24,66,3,10,302,66,43,10
2024-03-05,2,3,,,24,15,3,2,120,102,17,15,0,0,23,5,3,1,23,67,3,10,301,67,43,10
2024-03-06,3,3,,,23,16,3,2,119,103,17,15,0,0,22,6,3,1,22,68,3,10,300,68,43,10
2024-03-07,4,3,,,22,17,3,2,118,104,17,15,0,0,21,7,3,1,21,69,3,10,299,69,43,10
2024-03-08,5,3,,,21,18,3,2,117,105,17,15,0,0,20,8,3,1,20,70,3,10,298,70,43,10
2024-03-11,1,3,,,18,21,2,3,114,108,16,16,0,0,17,11,2,2,17,73,2,11,295,73,42,11
2024-03-12,2,3,,,17,22,2,3,113,109,16,16,0,0,16,12,2,2,16,74,2,11,294,74,42,11
2024-03-13,3,3,,,16,23,2,3,112,110,16,16,0,0,15,13,2,2,15,75,2,11,293,75,42,11
2024-03-14,4,3,,,15,24,2,3,111,111,16,16,0,0,14,14,2,2,14,76,2,11,292,76,42,11
2024-03-15,5,3,,,14,25,2,3,110,112,16,16,0,0,13,15,2,2,13,77,2,11,291,77,42,11
2024-03-18,1,3,,,11,28,1,4,107,115,15,17,0,0,10,18,1,3,10,80,1,12,288,80,41,12
2024-03-19,2,3,,,10,29,1,4,106,116,15,17,0,0,9,19,1,3,9,81,1,12,287,81,41,12
2024-03-20,3,3,,,9,30,1,4,105,117,15,17,0,0,8,20,1,3,8,82,1,12,286,82,41,12
2024-03-21,4,3,,,8,31,1,4,104,118,15,17,0,0,7,21,1,3,7,83,1,12,285,83,41,12
2024-03-22,5,3,,,7,32,1,4,103,119,15,17,0,0,6,22,1,3,6,84,1,12,284,84,41,12
2024-03-25,1,3,,,4,35,0,0,100,122,14,18,0,0,3,25,0,0,3,87,0,0,281,87,40,13
2024-03-26,2,3,,,3,36,0,0,99,123,14,18,0,0,2,26,0,0,2,88,0,0,280,88,40,13
2024-03-27,3,3,,,2,37,0,0,98,124,14,18,0,0,1,27,0,0,1,89,0,0,279,89,40,13
2024-03-28,4,3,,,1,38,0,0,97,125,14,18,0,0,0,0,0,0,0,0,0,0,278,90,40,13
2024-03-29,5,3,Good Friday,closed,0,0,0,0,96,126,14,18,1,0,32,1,0,0,91,1,0,0,277,91,40,13
2024-04-01,1,4,,,56,3,8,1,93,129,13,19,0,0,29,4,4,1,88,4,12,1,274,94,39,14
2024-04-02,2,4,,,55,4,8,1,92,130,13,19,0,0,28,5,4,1,87,5,12,1,273,95,39,14
2024-04-03,3,4,,,54,5,8,1,91,131,13,19,0,0,27,6,4,1,86,6,12,1,272,96,39,14
2024-04-04,4,4,,,53,6,8,1,90,132,13,19,0,0,26,7,4,1,85,7,12,1,271,97,39,14
2024-04-05,5,4,,,52,7,8,1,89,133,13,19,0,0,25,8,4,1,84,8,12,1,270,98,39,14
2024-04-08,1,4,,,49,10,7,2,86,136,12,20,0,0,22,11,3,2,81,11,11,2,267,101,38,15
2024-04-09,2,4,,,48,11,7,2,85,137,12,20,0,0,21,12,3,2,80,12,11,2,266,102,38,15
2024-04-10,3,4,,,47,12,7,2,84,138,12,20,0,0,20,13,3,2,79,13,11,2,265,103,38,15
2024-04-11,4,4,,,46,13,7,2,83,139,12,20,0,0,19,14,3,2,78,14,11,2,264,104,38,15
2024-04-12,5,4,,,45,14,7,2,82,140,12,20,0,0,18,15,3,2,77,15,11,2,263,105,38,15
2024-04-15,1,4,,,42,17,6,3,79,143,11,21,0,0,15,18,2,3,74,18,10,3,260,108,37,16
2024-04-16,2,4,,,41,18,6,3,78,144,11,21,0,0,14,19,2,3,73,19,10,3,259,109,37,16
2024-04-17,3,4,,,40,19,6,3,77,145,11,21,0,0,13,20,2,3,72,20,10,3,258,110,37,16
2024-04-18,4,4,,,39,20,6,3,76,146,11,21,0,0,12,21,2,3,71,21,10,3,257,111,37,16
2024-04-19,5,4,,,38,21,6,3,75,147,11,21,0,0,11,22,2,3,70,22,10,3,256,112,37,16
2024-04-22,1,4,,,35,24,5,4,72,150,10,22,0,0,8,25,1,4,67,25,9,4,253,115,36,17
2024-04-23,2,4,,,34,25,5,4,71,151,10,22,0,0,7,26,1,4,66,26,9,4,252,116,36,17
2024-04-24,3,4,,,33,26,5,4,70,152,10,22,0,0,6,27,1,4,65,27,9,4,251,117,36,17
2024-04-25,4,4,,,32,27,5,4,69,153,10,22,0,0,5,28,1,4,64,28,9,4,250,118,36,17
2024-04-26,5,4,,,31,28,5,4,68,154,10,22,0,0,4,29,1,4,63,29,9,4,249,119,36,17
2024-04-29,1,4,,,28,31,4,5,65,157,9,23,0,0,1,32,0,0,60,32,8,5,246,122,35,18
2024-04-30,2,4,,,27,32,4,5,64,158,9,23,0,0,0,0,0,0,59,33,8,5,245,123,35,18
2024-05-01,3,5,,,26,33,4,5,63,159,9,23,0,0,30,1,0,0,58,34,8,5,244,124,35,18
2024-05-02,4,5,,,25,34,4,5,62,160,9,23,0,0,29,2,0,0,57,35,8,5,243,125,35,18
2024-05-03,5,5,,,24,35,4,5,61,161,9,23,0,0,28,3,0,0,56,36,8,5,242,126,35,18
2024-05-06,1,5,,,21,38,3,6,58,164,8,24,0,0,25,6,3,1,53,39,7,6,239,129,34,19
2024-05-07,2,5,,,20,39,3,6,57,165,8,24,0,0,24,7,3,1,52,40,7,6,238,130,34,19
2024-05-08,3,5,,,19,40,3,6,56,166,8,24,0,0,23,8,3,1,51,41,7,6,237,131,34,19
2024-05-09,4,5,,,18,41,3,6,55,167,8,24,0,0,22,9,3,1,50,42,7,6,236,132,34,19
2024-05-10,5,5,,,17,42,3,6,54,168,8,24,0,0,21,10,3,1,49,43,7,6,235,133,34,19
2024-05-13,1,5,,,14,45,2,7,51,171,7,25,0,0,18,13,2,2,46,46,6,7,232,136,33,20
2024-05-14,2,5,,,13,46,2,7,50,172,7,25,0,0,17,14,2,2,45,47,6,7,231,137,33,20
2024-05-15,3,5,,,12,47,2,7,49,173,7,25,0,0,16,15,2,2,44,48,6,7,230,138,33,20
2024-05-16,4,5,,,11,48,2,7,48,174,7,25,0,0,15,16,2,2,43,49,6,7,229,139,33,20
2024-05-17,5,5,,,10,49,2,7,47,175,7,25,0,0,14,17,2,2,42,50,6,7,228,140,33,20
2024-05-20,1,5,,,7,52,1,8,44,178,6,26,0,0,11,20,1,3,39,53,5,8,225,143,32,21
2024-05-21,2,5,,,6,53,1,8,43,179,6,26,0,0,10,21,1,3,38,54,5,8,224,144,32,21
2024-05-22,3,5,,,5,54,1,8,42,180,6,26,0,0,9,22,1,3,37,55,5,8,223,145,32,21
2024-05-23,4,5,,,4,55,1,8,41,181,6,26,0,0,8,23,1,3,36,56,5,8,222,146,32,21
2024-05-24,5,5,,,3,56,1,8,40,182,6,26,0,0,7,24,1,3,35,57,5,8,221,147,32,21
2024-05-27,1,5,Memorial Day,closed,0,0,0,0,37,185,5,27,1,0,4,27,0,0,32,60,4,9,218,150,31,22
2024-05-28,2,5,,,22,1,0,0,36,186,5,27,0,0,3,28,0,0,31,61,4,9,217,151,31,22
2024-05-29,3,5,,,21,2,0,0,35,187,5,27,0,0,2,29,0,0,30,62,4,9,216,152,31,22
2024-05-30,4,5,,,20,3,0,0,34,188,5,27,0,0,1,30,0,0,29,63,4,9,215,153,31,22
2024-05-31,5,5,,,19,4,0,0,33,189,5,27,0,0,0,0,0,0,28,64,4,9,214,154,31,22
2024-06-03,1,6,,,16,7,2,1,30,192,4,28,0,0,25,3,3,1,25,67,3,10,211,157,30,23
2024-06-04,2,6,,,15,8,2,1,29,193,4,28,0,0,24,4,3,1,24,68,3,10,210,158,30,23
2024-06-05,3,6,,,14,9,2,1,28,194,4,28,0,0,23,5,3,1,23,69,3,10,209,159,30,23
2024-06-06,4,6,,,13,10,2,1,27,195,4,28,0,0,22,6,3,1,22,70,3,10,208,160,30,23
2024-06-07,5,6,,,12,11,2,1,26,196,4,28,0,0,21,7,3,1,21,71,3,10,207,161,30,23
2024-06-10,1,6,,,9,14,1,2,23,199,3,29,0,0,18,10,2,2,18,74,2,11,204,164,29,24
2024-06-11,2,6,,,8,15,1,2,22,200,3,29,0,0,17,11,2,2,17,75,2,11,203,165,29,24
2024-06-12,3,6,,,7,16,1,2,21,201,3,29,0,0,16,12,2,2,16,76,2,11,202,166,29,24
2024-06-13,4,6,,,6,17,1,2,20,202,3,29,0,0,15,13,2,2,15,77,2,11,201,167,29,24
2024-06-14,5,6,,,5,18,1,2,19,203,3,29,0,0,14,14,2,2,14,78,2,11,200,168,29,24
2024-06-17,1,6,,,2,21,0,0,16,206,2,30,0,0,11,17,1,3,11,81,1,12,197,171,28,25
2024-06-18,2,6,,,1,22,0,0,15,207,2,30,0,0,10,18,1,3,10,82,1,12,196,172,28,25
2024-06-19,3,6,Juneteenth Holiday,closed,0,0,0,0,14,208,2,30,1,0,9,19,1,3,9,83,1,12,195,173,28,25
2024-06-20,4,6,,,14,1,0,0,13,209,2,30,0,0,8,20,1,3,8,84,1,12,194,174,28,25
2024-06-21,5,6,,,13,2,0,0,12,210,2,30,0,0,7,21,1,3,7,85,1,12,193,175,28,25
2024-06-24,1,6,,,10,5,1,1,9,213,1,31,0,0,4,24,0,0,4,88,0,0,190,178,27,26
2024-06-25,2,6,,,9,6,1,1,8,214,1,31,0,0,3,25,0,0,3,89,0,0,189,179,27,26
2024-06-26,3,6,,,8,7,1,1,7,215,1,31,0,0,2,26,0,0,2,90,0,0,188,180,27,26
2024-06-27,4,6,,,7,8,1,1,6,216,1,31,0,0,1,27,0,0,1,91,0,0,187,181,27,26
2024-06-28,5,6,,,6,9,1,1,5,217,1,31,0,0,0,0,0,0,0,0,0,0,186,182,27,26
2024-07-01,1,7,,,3,12,0,0,2,220,0,0,0,0,30,3,4,1,91,3,13,1,183,185,26,27
2024-07-02,2,7,,,2,13,0,0,1,221,0,0,0,0,29,4,4,1,90,4,13,1,182,186,26,27
2024-07-03,3,7,Independence Day Early Close,early_close,1,14,0,0,0,0,0,0,0,1,28,5,4,1,89,5,13,1,181,187,26,27
2024-07-04,4,7,Independence Day,closed,0,0,0,0,148,1,0,0,1,0,27,6,4,1,88,6,13,1,180,188,26,27
2024-07-05,5,7,,,59,1,0,0,147,2,0,0,0,0,26,7,4,1,87,7,13,1,179,189,26,27
2024-07-08,1,7,,,56,4,8,1,144,5,20,1,0,0,23,10,3,2,84,10,12,2,176,192,25,28
2024-07-09,2,7,,,55,5,8,1,143,6,20,1,0,0,22,11,3,2,83,11,12,2,175,193,25,28
2024-07-10,3,7,,,54,6,8,1,142,7,20,1,0,0,21,12,3,2,82,12,12,2,174,194,25,28
2024-07-11,4,7,,,53,7,8,1,141,8,20,1,0,0,20,13,3,2,81,13,12,2,173,195,25,28
2024-07-12,5,7,,,52,8,8,1,140,9,20,1,0,0,19,14,3,2,80,14,12,2,172,196,25,28
2024-07-15,1,7,,,49,11,7,2,137,12,19,2,0,0,16,17,2,3,77,17,11,3,169,199,24,29
2024-07-16,2,7,,,48,12,7,2,136,13,19,2,0,0,15,18,2,3,76,18,11,3,168,200,24,29
2024-07-17,3,7,,,47,13,7,2,135,14,19,2,0,0,14,19,2,3,75,19,11,3,167,201,24,29
2024-07-18,4,7,,,46,14,7,2,134,15,19,2,0,0,13,20,2,3,74,20,11,3,166,202,24,29
2024-07-19,5,7,,,45,15,7,2,133,16,19,2,0,0,12,21,2,3,73,21,11,3,165,203,24,29
2024-07-22,1,7,,,42,18,6,3,130,19,18,3,0,0,9,24,1,4,70,24,10,4,162,206,23,30
2024-07-23,2,7,,,41,19,6,3,129,20,18,3,0,0,8,25,1,4,69,25,10,4,161,207,23,30
2024-07-24,3,7,,,40,20,6,3,128,21,18,3,0,0,7,26,1,4,68,26,10,4,160,208,23,30
2024-07-25,4,7,,,39,21,6,3,127,22,18,3,0,0,6,27,1,4,67,27,10,4,159,209,23,30
2024-07-26,5,7,,,38,22,6,3,126,23,18,3,0,0,5,28,1,4,66,28,10,4,158,210,23,30
2024-07-29,1,7,,,35,25,5,4,123,26,17,4,0,0,2,31,0,0,63,31,9,5,155,213,22,31
2024-07-30,2,7,,,34,26,5,4,122,27,17,4,0,0,1,32,0,0,62,32,9,5,154,214,22,31
2024-07-31,3,7,,,33,27,5,4,121,28,17,4,0,0,0,0,0,0,61,33,9,5,153,215,22,31
2024-08-01,4,8,,,32,28,5,4,120,29,17,4,0,0,29,1,0,0,60,34,9,5,152,216,22,31
2024-08-02,5,8,,,31,29,5,4,119,30,17,4,0,0,28,2,0,0,59,35,9,5,151,217,22,31
2024-08-05,1,8,,,28,32,4,5,116,33,16,5,0,0,25,5,3,1,56,38,8,6,148,220,21,32
2024-08-06,2,8,,,27,33,4,5,115,34,16,5,0,0,24,6,3,1,55,39,8,6,147,221,21,32
2024-08-07,3,8,,,26,34,4,5,114,35,16,5,0,0,23,7,3,1,54,40,8,6,146,222,21,32
2024-08-08,4,8,,,25,35,4,5,113,36,16,5,0,0,22,8,3,1,53,41,8,6,145,223,21,32
2024-08-09,5,8,,,24,36,4,5,112,37,16,5,0,0,21,9,3,1,52,42,8,6,144,224,21,32
2024-08-12,1,8,,,21,39,3,6,109,40,15,6,0,0,18,12,2,2,49,45,7,7,141,227,20,33
2024-08-13,2,8,,,20,40,3,6,108,41,15,6,0,0,17,13,2,2,48,46,7,7,140,228,20,33
2024-08-14,3,8,,,19,41,3,6,107,42,15,6,0,0,16,14,2,2,47,47,7,7,139,229,20,33
2024-08-15,4,8,,,18,42,3,6,106,43,15,6,0,0,15,15,2,2,46,48,7,7,138,230,20,33
2024-08-16,5,8,,,17,43,3,6,105,44,15,6,0,0,14,16,2,2,45,49,7,7,137,231,20,33
2024-08-19,1,8,,,14,46,2,7,102,47,14,7,0,0,11,19,1,3,42,52,6,8,134,234,19,34
2024-08-20,2,8,,,13,47,2,7,101,48,14,7,0,0,10,20,1,3,41,53,6,8,133,235,19,34
2024-08-21,3,8,,,12,48,2,7,100,49,14,7,0,0,9,21,1,3,40,54,6,8,132,236,19,34
2024-08-22,4,8,,,11,49,2,7,99,50,14,7,0,0,8,22,1,3,39,55,6,8,131,237,19,34
2024-08-23,5,8,,,10,50,2,7,98,51,14,7,0,0,7,23,1,3,38,56,6,8,130,238,19,34
2024-08-26,1,8,,,7,53,1,8,95,54,13,8,0,0,4,26,0,0,35,59,5,9,127,241,18,35
2024-08-27,2,8,,,6,54,1,8,94,55,13,8,0,0,3,27,0,0,34,60,5,9,126,242,18,35
2024-08-28,3,8,,,5,55,1,8,93,56,13,8,0,0,2,28,0,0,33,61,5,9,125,243,18,35
2024-08-29,4,8,,,4,56,1,8,92,57,13,8,0,0,1,29,0,0,32,62,5,9,124,244,18,35
2024-08-30,5,8,,,3,57,1,8,91,58,13,8,0,0,0,0,0,0,31,63,5,9,123,245,18,35
2024-09-02,1,9,Labor Day,closed,0,0,0,0,88,61,12,9,1,0,28,3,4,1,28,66,4,10,120,248,17,36
2024-09-03,2,9,,,86,1,0,0,87,62,12,9,0,0,27,4,4,1,27,67,4,10,119,249,17,36
2024-09-04,3,9,,,85,2,0,0,86,63,12,9,0,0,26,5,4,1,26,68,4,10,118,250,17,36
2024-09-05,4,9,,,84,3,0,0,85,64,12,9,0,0,25,6,4,1,25,69,4,10,117,251,17,36
2024-09-06,5,9,,,83,4,0,0,84,65,12,9,0,0,24,7,4,1,24,70,4,10,116,252,17,36
2024-09-09,1,9,,,80,7,11,1,81,68,11,10,0,0,21,10,3,2,21,73,3,11,113,255,16,37
2024-09-10,2,9,,,79,8,11,1,80,69,11,10,0,0,20,11,3,2,20,74,3,11,112,256,16,37
2024-09-11,3,9,,,78,9,11,1,79,70,11,10,0,0,19,12,3,2,19,75,3,11,111,257,16,37
2024-09-12,4,9,,,77,10,11,1,78,71,11,10,0,0,18,13,3,2,18,76,3,11,110,258,16,37
2024-09-13,5,9,,,76,11,11,1,77,72,11,10,0,0,17,14,3,2,17,77,3,11,109,259,16,37
2024-09-16,1,9,,,73,14,10,2,74,75,10,11,0,0,14,17,2,3,14,80,2,12,106,262,15,38
2024-09-17,2,9,,,72,15,10,2,73,76,10,11,0,0,13,18,2,3,13,81,2,12,105,263,15,38
2024-09-18,3,9,,,71,16,10,2,72,77,10,11,0,0,12,19,2,3,12,82,2,12,104,264,15,38
2024-09-19,4,9,,,70,17,10,2,71,78,10,11,0,0,11,20,2,3,11,83,2,12,103,265,15,38
2024-09-20,5,9,,,69,18,10,2,70,79,10,11,0,0,10,21,2,3,10,84,2,12,102,266,15,38
2024-09-23,1,9,,,66,21,9,3,67,82,9,12,0,0,7,24,1,4,7,87,1,13,99,269,14,39
2024-09-24,2,9,,,65,22,9,3,66,83,9,12,0,0,6,25,1,4,6,88,1,13,98,270,14,39
2024-09-25,3,9,,,64,23,9,3,65,84,9,12,0,0,5,26,1,4,5,89,1,13,97,271,14,39
2024-09-26,4,9,,,63,24,9,3,64,85,9,12,0,0,4,27,1,4,4,90,1,13,96,272,14,39
2024-09-27,5,9,,,62,25,9,3,63,86,9,12,0,0,3,28,1,4,3,91,1,13,95,273,14,39
2024-09-30,1,9,,,59,28,8,4,60,89,8,13,0,0,0,0,0,0,0,0,0,0,92,276,13,40
2024-10-01,2,10,,,58,29,8,4,59,90,8,13,0,0,30,1,0,0,91,1,0,0,91,277,13,40
2024-10-02,3,10,,,57,30,8,4,58,91,8,13,0,0,29,2,0,0,90,2,0,0,90,278,13,40
2024-10-03,4,10,,,56,31,8,4,57,92,8,13,0,0,28,3,0,0,89,3,0,0,89,279,13,40
2024-10-04,5,10,,,55,32,8,4,56,93,8,13,0,0,27,4,0,0,88,4,0,0,88,280,13,40
2024-10-07,1,10,,,52,35,7,5,53,96,7,14,0,0,24,7,3,1,85,7,12,1,85,283,12,41
2024-10-08,2,10,,,51,36,7,5,52,97,7,14,0,0,23,8,3,1,84,8,12,1,84,284,12,41
2024-10-09,3,10,,,50,37,7,5,51,98,7,14,0,0,22,9,3,1,83,9,12,1,83,285,12,41
2024-10-10,4,10,,,49,38,7,5,50,99,7,14,0,0,21,10,3,1,82,10,12,1,82,286,12,41
2024-10-11,5,10,,,48,39,7,5,49,100,7,14,0,0,20,11,3,1,81,11,12,1,81,287,12,41
2024-10-14,1,10,,,45,42,6,6,46,103,6,15,0,0,17,14,2,2,78,14,11,2,78,290,11,42
2024-10-15,2,10,,,44,43,6,6,45,104,6,15,0,0,16,15,2,2,77,15,11,2,77,291,11,42
2024-10-16,3,10,,,43,44,6,6,44,105,6,15,0,0,15,16,2,2,76,16,11,2,76,292,11,42
2024-10-17,4,10,,,42,45,6,6,43,106,6,15,0,0,14,17,2,2,75,17,11,2,75,293,11,42
2024-10-18,5,10,,,41,46,6,6,42,107,6,15,0,0,13,18,2,2,74,18,11,2,74,294,11,42
2024-10-21,1,10,,,38,49,5,7,39,110,5,16,0,0,10,21,1,3,71,21,10,3,71,297,10,43
2024-10-22,2,10,,,37,50,5,7,38,111,5,16,0,0,9,22,1,3,70,22,10,3,70,298,10,43
2024-10-23,3,10,,,36,51,5,7,37,112,5,16,0,0,8,23,1,3,69,23,10,3,69,299,10,43
2024-10-24,4,10,,,35,52,5,7,36,113,5,16,0,0,7,24,1,3,68,24,10,3,68,300,10,43
2024-10-25,5,10,,,34,53,5,7,35,114,5,16,0,0,6,25,1,3,67,25,10,3,67,301,10,43
2024-10-28,1,10,,,31,56,4,8,32,117,4,17,0,0,3,28,0,0,64,28,9,4,64,304,9,44
2024-10-29,2,10,,,30,57,4,8,31,118,4,17,0,0,2,29,0,0,63,29,9,4,63,305,9,44
2024-10-30,3,10,,,29,58,4,8,30,119,4,17,0,0,1,30,0,0,62,30,9,4,62,306,9,44
2024-10-31,4,10,,,28,59,4,8,29,120,4,17,0,0,0,0,0,0,61,31,9,4,61,307,9,44
2024-11-01,5,11,,,27,60,4,8,28,121,4,17,0,0,28,1,0,0,60,32,9,4,60,308,9,44
2024-11-04,1,11,,,24,63,3,9,25,124,3,18,0,0,25,4,3,1,57,35,8,5,57,311,8,45
2024-11-05,2,11,,,23,64,3,9,24,125,3,18,0,0,24,5,3,1,56,36,8,5,56,312,8,45
2024-11-06,3,11,,,22,65,3,9,23,126,3,18,0,0,23,6,3,1,55,37,8,5,55,313,8,45
2024-11-07,4,11,,,21,66,3,9,22,127,3,18,0,0,22,7,3,1,54,38,8,5,54,314,8,45
2024-11-08,5,11,,,20,67,3,9,21,128,3,18,0,0,21,8,3,1,53,39,8,5,53,315,8,45
2024-11-11,1,11,,,17,70,2,10,18,131,2,19,0,0,18,11,2,2,50,42,7,6,50,318,7,46
2024-11-12,2,11,,,16,71,2,10,17,132,2,19,0,0,17,12,2,2,49,43,7,6,49,319,7,46
2024-11-13,3,11,,,15,72,2,10,16,133,2,19,0,0,16,13,2,2,48,44,7,6,48,320,7,46
2024-11-14,4,11,,,14,73,2,10,15,134,2,19,0,0,15,14,2,2,47,45,7,6,47,321,7,46
2024-11-15,5,11,,,13,74,2,10,14,135,2,19,0,0,14,15,2,2,46,46,7,6,46,322,7,46
2024-11-18,1,11,,,10,77,1,11,11,138,1,20,0,0,11,18,1,3,43,49,6,7,43,325,6,47
2024-11-19,2,11,,,9,78,1,11,10,139,1,20,0,0,10,19,1,3,42,50,6,7,42,326,6,47
2024-11-20,3,11,,,8,79,1,11,9,140,1,20,0,0,9,20,1,3,41,51,6,7,41,327,6,47
2024-11-21,4,11,,,7,80,1,11,8,141,1,20,0,0,8,21,1,3,40,52,6,7,40,328,6,47
2024-11-22,5,11,,,6,81,1,11,7,142,1,20,0,0,7,22,1,3,39,53,6,7,39,329,6,47
2024-11-25,1,11,,,3,84,0,0,4,145,0,0,0,0,4,25,0,0,36,56,5,8,36,332,5,48
2024-11-26,2,11,,,2,85,0,0,3,146,0,0,0,0,3,26,0,0,35,57,5,8,35,333,5,48
2024-11-27,3,11,,,1,86,0,0,2,147,0,0,0,0,2,27,0,0,34,58,5,8,34,334,5,48
2024-11-28,4,11,Thanksgiving Day,closed,0,0,0,0,1,148,0,0,1,0,1,28,0,0,33,59,5,8,33,335,5,48
2024-11-29,5,11,Thanksgiving Early Close,early_close,26,1,0,0,0,0,0,0,0,1,0,0,0,0,32,60,5,8,32,336,5,48
2024-12-02,1,12,,,23,4,3,1,22,3,3,1,0,0,29,3,4,1,29,63,4,9,29,339,4,49
2024-12-03,2,12,,,22,5,3,1,21,4,3,1,0,0,28,4,4,1,28,64,4,9,28,340,4,49
2024-12-04,3,12,,,21,6,3,1,20,5,3,1,0,0,27,5,4,1,27,65,4,9,27,341,4,49
2024-12-05,4,12,,,20,7,3,1,19,6,3,1,0,0,26,6,4,1,26,66,4,9,26,342,4,49
2024-12-06,5,12,,,19,8,3,1,18,7,3,1,0,0,25,7,4,1,25,67,4,9,25,343,4,49
2024-12-09,1,12,,,16,11,2,2,15,10,2,2,0,0,22,10,3,2,22,70,3,10,22,346,3,50
2024-12-10,2,12,,,15,12,2,2,14,11,2,2,0,0,21,11,3,2,21,71,3,10,21,347,3,50
2024-12-11,3,12,,,14,13,2,2,13,12,2,2,0,0,20,12,3,2,20,72,3,10,20,348,3,50
2024-12-12,4,12,,,13,14,2,2,12,13,2,2,0,0,19,13,3,2,19,73,3,10,19,349,3,50
2024-12-13,5,12,,,12,15,2,2,11,14,2,2,0,0,18,14,3,2,18,74,3,10,18,350,3,50
2024-12-16,1,12,,,9,18,1,3,8,17,1,3,0,0,15,17,2,3,15,77,2,11,15,353,2,51
2024-12-17,2,12,,,8,19,1,3,7,18,1,3,0,0,14,18,2,3,14,78,2,11,14,354,2,51
2024-12-18,3,12,,,7,20,1,3,6,19,1,3,0,0,13,19,2,3,13,79,2,11,13,355,2,51
2024-12-19,4,12,,,6,21,1,3,5,20,1,3,0,0,12,20,2,3,12,80,2,11,12,356,2,51
2024-12-20,5,12,,,5,22,1,3,4,21,1,3,0,0,11,21,2,3,11,81,2,11,11,357,2,51
2024-12-23,1,12,,,2,25,0,0,1,24,0,0,0,0,8,24,1,4,8,84,1,12,8,360,1,52
2024-12-24,2,12,Christmas Early Close,early_close,1,26,0,0,0,0,0,0,0,1,7,25,1,4,7,85,1,12,7,361,1,52
2024-12-25,3,12,Christmas Day,closed,0,0,0,0,190,1,0,0,1,0,6,26,1,4,6,86,1,12,6,362,1,52
2024-12-26,4,12,,,6,1,0,0,189,2,0,0,0,0,5,27,1,4,5,87,1,12,5,363,1,52
2024-12-27,5,12,,,5,2,0,0,188,3,0,0,0,0,4,28,1,4,4,88,1,12,4,364,1,52
2024-12-30,1,12,,,2,5,0,0,185,6,26,1,0,0,1,31,0,0,1,91,0,0,1,367,0,0
2024-12-31,2,12,,,1,6,0,0,184,7,26,1,0,0,0,0,0,0,0,0,0,0,0,0,0,0
2025-01-01,3,1,New Year's Day,closed,0,0,0,0,183,8,26,1,1,0,30,1,0,0,89,1,0,0,364,1,0,0
2025-01-02,4,1,,,7,1,0,0,182,9,26,1,0,0,29,2,0,0,88,2,0,0,363,2,0,0
2025-01-03,5,1,,,6,2,0,0,181,10,26,1,0,0,28,3,0,0,87,3,0,0,362,3,0,0
2025-01-06,1,1,,,3,5,0,0,178,13,25,2,0,0,25,6,3,1,84,6,12,1,359,6,51,1
2025-01-07,2,1,,,2,6,0,0,177,14,25,2,0,0,24,7,3,1,83,7,12,1,358,7,51,1
2025-01-08,3,1,,,1,7,0,0,176,15,25,2,0,0,23,8,3,1,82,8,12,1,357,8,51,1
2025-01-09,4,1,National Day of Mourning (NDoM) - Jimmy Carter,closed,0,0,0,0,175,16,25,2,1,0,22,9,3,1,81,9,12,1,356,9,51,1
2025-01-10,5,1,,,10,1,0,0,174,17,25,2,0,0,21,10,3,1,80,10,12,1,355,10,51,1
2025-01-13,1,1,,,7,4,1,1,171,20,24,3,0,0,18,13,2,2,77,13,11,2,352,13,50,2
2025-01-14,2,1,,,6,5,1,1,170,21,24,3,0,0,17,14,2,2,76,14,11,2,351,14,50,2
2025-01-15,3,1,,,5,6,1,1,169,22,24,3,0,0,16,15,2,2,75,15,11,2,350,15,50,2
2025-01-16,4,1,,,4,7,1,1,168,23,24,3,0,0,15,16,2,2,74,16,11,2,349,16,50,2
2025-01-17,5,1,,,3,8,1,1,167,24,24,3,0,0,14,17,2,2,73,17,11,2,348,17,50,2
2025-01-20,1,1,"Martin Luther King, Jr. Day",closed,0,0,0,0,164,27,23,4,1,0,11,20,1,3,70,20,10,3,345,20,49,3
2025-01-21,2,1,,,27,1,0,0,163,28,23,4,0,0,10,21,1,3,69,21,10,3,344,21,49,3
2025-01-22,3,1,,,26,2,0,0,162,29,23,4,0,0,9,22,1,3,68,22,10,3,343,22,49,3
2025-01-23,4,1,,,25,3,0,0,161,30,23,4,0,0,8,23,1,3,67,23,10,3,342,23,49,3
2025-01-24,5,1,,,24,4,0,0,160,31,23,4,0,0,7,24,1,3,66,24,10,3,341,24,49,3
2025-01-27,1,1,,,21,7,3,1,157,34,22,5,0,0,4,27,0,0,63,27,9,4,338,27,48,4
2025-01-28,2,1,,,20,8,3,1,156,35,22,5,0,0,3,28,0,0,62,28,9,4,337,28,48,4
2025-01-29,3,1,,,19,9,3,1,155,36,22,5,0,0,2,29,0,0,61,29,9,4,336,29,48,4
2025-01-30,4,1,,,18,10,3,1,154,37,22,5,0,0,1,30,0,0,60,30,9,4,335,30,48,4
2025-01-31,5,1,,,17,11,3,1,153,38,22,5,0,0,0,0,0,0,59,31,9,4,334,31,48,4
2025-02-03,1,2,,,14,14,2,2,150,41,21,6,0,0,25,3,3,1,56,34,8,5,331,34,47,5
2025-02-04,2,2,,,13,15,2,2,149,42,21,6,0,0,24,4,3,1,55,35,8,5,330,35,47,5
2025-02-05,3,2,,,12,16,2,2,148,43,21,6,0,0,23,5,3,1,54,36,8,5,329,36,47,5
2025-02-06,4,2,,,11,17,2,2,147,44,21,6,0,0,22,6,3,1,53,37,8,5,328,37,47,5
2025-02-07,5,2,,,10,18,2,2,146,45,21,6,0,0,21,7,3,1,52,38,8,5,327,38,47,5
2025-02-10,1,2,,,7,21,1,3,143,48,20,7,0,0,18,10,2,2,49,41,7,6,324,41,46,6
2025-02-11,2,2,,,6,22,1,3,142,49,20,7,0,0,17,11,2,2,48,42,7,6,323,42,46,6
2025-02-12,3,2,,,5,23,1,3,141,50,20,7,0,0,16,12,2,2,47,43,7,6,322,43,46,6
2025-02-13,4,2,,,4,24,1,3,140,51,20,7,0,0,15,13,2,2,46,44,7,6,321,44,46,6
2025-02-14,5,2,,,3,25,1,3,139,52,20,7,0,0,14,14,2,2,45,45,7,6,320,45,46,6
2025-02-17,1,2,Presidents' Day,closed,0,0,0,0,136,55,19,8,1,0,11,17,1,3,42,48,6,7,317,48,45,7
2025-02-18,2,2,,,59,1,0,0,135,56,19,8,0,0,10,18,1,3,41,49,6,7,316,49,45,7
2025-02-19,3,2,,,58,2,0,0,134,57,19,8,0,0,9,19,1,3,40,50,6,7,315,50,45,7
2025-02-20,4,2,,,57,3,0,0,133,58,19,8,0,0,8,20,1,3,39,51,6,7,314,51,45,7
2025-02-21,5,2,,,56,4,0,0,132,59,19,8,0,0,7,21,1,3,38,52,6,7,313,52,45,7
2025-02-24,1,2,,,53,7,7,1,129,62,18,9,0,0,4,24,0,0,35,55,5,8,310,55,44,8
2025-02-25,2,2,,,52,8,7,1,128,63,18,9,0,0,3,25,0,0,34,56,5,8,309,56,44,8
2025-02-26,3,2,,,51,9,7,1,127,64,18,9,0,0,2,26,0,0,33,57,5,8,308,57,44,8
2025-02-27,4,2,,,50,10,7,1,126,65,18,9,0,0,1,27,0,0,32,58,5,8,307,58,44,8
2025-02-28,5,2,,,49,11,7,1,125,66,18,9,0,0,0,0,0,0,31,59,5,8,306,59,44,8
2025-03-03,1,3,,,46,14,6,2,122,69,17,10,0,0,28,3,4,1,28,62,4,9,303,62,43,9
2025-03-04,2,3,,,45,15,6,2,121,70,17,10,0,0,27,4,4,1,27,63,4,9,302,63,43,9
2025-03-05,3,3,,,44,16,6,2,120,71,17,10,0,0,26,5,4,1,26,64,4,9,301,64,43,9
2025-03-06,4,3,,,43,17,6,2,119,72,17,10,0,0,25,6,4,1,25,65,4,9,300,65,43,9
2025-03-07,5,3,,,42,18,6,2,118,73,17,10,0,0,24,7,4,1,24,66,4,9,299,66,43,9
2025-03-10,1,3,,,39,21,5,3,115,76,16,11,0,0,21,10,3,2,21,69,3,10,296,69,42,10
2025-03-11,2,3,,,38,22,5,3,114,77,16,11,0,0,20,11,3,2,20,70,3,10,295,70,42,10
2025-03-12,3,3,,,37,23,5,3,113,78,16,11,0,0,19,12,3,2,19,71,3,10,294,71,42,10
2025-03-13,4,3,,,36,24,5,3,112,79,16,11,0,0,18,13,3,2,18,72,3,10,293,72,42,10
2025-03-14,5,3,,,35,25,5,3,111,80,16,11,0,0,17,14,3,2,17,73,3,10,292,73,42,10
2025-03-17,1,3,,,32,28,4,4,108,83,15,12,0,0,14,17,2,3,14,76,2,11,289,76,41,11
2025-03-18,2,3,,,31,29,4,4,107,84,15,12,0,0,13,18,2,3,13,77,2,11,288,77,41,11
2025-03-19,3,3,,,30,30,4,4,106,85,15,12,0,0,12,19,2,3,12,78,2,11,287,78,41,11
2025-03-20,4,3,,,29,31,4,4,105,86,15,12,0,0,11,20,2,3,11,79,2,11,286,79,41,11
2025-03-21,5,3,,,28,32,4,4,104,87,15,12,0,0,10,21,2,3,10,80,2,11,285,80,41,11
2025-03-24,1,3,,,25,35,3,5,101,90,14,13,0,0,7,24,1,4,7,83,1,12,282,83,40,12
2025-03-25,2,3,,,24,36,3,5,100,91,14,13,0,0,6,25,1,4,6,84,1,12,281,84,40,12
2025-03-26,3,3,,,23,37,3,5,99,92,14,13,0,0,5,26,1,4,5,85,1,12,280,85,40,12
2025-03-27,4,3,,,22,38,3,5,98,93,14,13,0,0,4,27,1,4,4,86,1,12,279,86,40,12
2025-03-28,5,3,,,21,39,3,5,97,94,14,13,0,0,3,28,1,4,3,87,1,12,278,87,40,12
2025-03-31,1,3,,,18,42,2,6,94,97,13,14,0,0,0,0,0,0,0,0,0,0,275,90,39,13
2025-04-01,2,4,,,17,43,2,6,93,98,13,14,0,0,29,1,0,0,90,1,0,0,274,91,39,13
2025-04-02,3,4,,,16,44,2,6,92,99,13,14,0,0,28,2,0,0,89,2,0,0,273,92,39,13
2025-04-03,4,4,,,15,45,2,6,91,100,13,14,0,0,27,3,0,0,88,3,0,0,272,93,39,13
2025-04-04,5,4,,,14,46,2,6,90,101,13,14,0,0,26,4,0,0,87,4,0,0,271,94,39,13
2025-04-07,1,4,,,11,49,1,7,87,104,12,15,0,0,23,7,3,1,84,7,12,1,268,97,38,14
2025-04-08,2,4,,,10,50,1,7,86,105,12,15,0,0,22,8,3,1,83,8,12,1,267,98,38,14
2025-04-09,3,4,,,9,51,1,7,85,106,12,15,0,0,21,9,3,1,82,9,12,1,266,99,38,14
2025-04-10,4,4,,,8,52,1,7,84,107,12,15,0,0,20,10,3,1,81,10,12,1,265,100,38,14
2025-04-11,5,4,,,7,53,1,7,83,108,12,15,0,0,19,11,3,1,80,11,12,1,264,101,38,14
2025-04-14,1,4,,,4,56,0,0,80,111,11,16,0,0,16,14,2,2,77,14,11,2,261,104,37,15
2025-04-15,2,4,,,3,57,0,0,79,112,11,16,0,0,15,15,2,2,76,15,11,2,260,105,37,15
2025-04-16,3,4,,,2,58,0,0,78,113,11,16,0,0,14,16,2,2,75,16,11,2,259,106,37,15
2025-04-17,4,4,,,1,59,0,0,77,114,11,16,0,0,13,17,2,2,74,17,11,2,258,107,37,15
2025-04-18,5,4,Good Friday,closed,0,0,0,0,76,115,11,16,1,0,12,18,2,2,73,18,11,2,257,108,37,15
2025-04-21,1,4,,,35,3,5,1,73,118,10,17,0,0,9,21,1,3,70,21,10,3,254,111,36,16
2025-04-22,2,4,,,34,4,5,1,72,119,10,17,0,0,8,22,1,3,69,22,10,3,253,112,36,16
2025-04-23,3,4,,,33,5,5,1,71,120,10,17,0,0,7,23,1,3,68,23,10,3,252,113,36,16
2025-04-24,4,4,,,32,6,5,1,70,121,10,17,0,0,6,24,1,3,67,24,10,3,251,114,36,16
2025-04-25,5,4,,,31,7,5,1,69,122,10,17,0,0,5,25,1,3,66,25,10,3,250,115,36,16
2025-04-28,1,4,,,28,10,4,2,66,125,9,18,0,0,2,28,0,0,63,28,9,4,247,118,35,17
2025-04-29,2,4,,,27,11,4,2,65,126,9,18,0,0,1,29,0,0,62,29,9,4,246,119,35,17
2025-04-30,3,4,,,26,12,4,2,64,127,9,18,0,0,0,0,0,0,61,30,9,4,245,120,35,17
2025-05-01,4,5,,,25,13,4,2,63,128,9,18,0,0,29,1,0,0,60,31,9,4,244,121,35,17
2025-05-02,5,5,,,24,14,4,2,62,129,9,18,0,0,28,2,0,0,59,32,9,4,243,122,35,17
2025-05-05,1,5,,,21,17,3,3,59,132,8,19,0,0,25,5,3,1,56,35,8,5,240,125,34,18
2025-05-06,2,5,,,20,18,3,3,58,133,8,19,0,0,24,6,3,1,55,36,8,5,239,126,34,18
2025-05-07,3,5,,,19,19,3,3,57,134,8,19,0,0,23,7,3,1,54,37,8,5,238,127,34,18
2025-05-08,4,5,,,18,20,3,3,56,135,8,19,0,0,22,8,3,1,53,38,8,5,237,128,34,18
2025-05-09,5,5,,,17,21,3,3,55,136,8,19,0,0,21,9,3,1,52,39,8,5,236,129,34,18
2025-05-12,1,5,,,14,24,2,4,52,139,7,20,0,0,18,12,2,2,49,42,7,6,233,132,33,19
2025-05-13,2,5,,,13,25,2,4,51,140,7,20,0,0,17,13,2,2,48,43,7,6,232,133,33,19
2025-05-14,3,5,,,12,26,2,4,50,141,7,20,0,0,16,14,2,2,47,44,7,6,231,134,33,19
2025-05-15,4,5,,,11,27,2,4,49,142,7,20,0,0,15,15,2,2,46,45,7,6,230,135,33,19
2025-05-16,5,5,,,10,28,2,4,48,143,7,20,0,0,14,16,2,2,45,46,7,6,229,136,33,19
2025-05-19,1,5,,,7,31,1,5,45,146,6,21,0,0,11,19,1,3,42,49,6,7,226,139,32,20
2025-05-20,2,5,,,6,32,1,5,44,147,6,21,0,0,10,20,1,3,41,50,6,7,225,140,32,20
2025-05-21,3,5,,,5,33,1,5,43,148,6,21,0,0,9,21,1,3,40,51,6,7,224,141,32,20
2025-05-22,4,5,,,4,34,1,5,42,149,6,21,0,0,8,22,1,3,39,52,6,7,223,142,32,20
2025-05-23,5,5,,,3,35,1,5,41,150,6,21,0,0,7,23,1,3,38,53,6,7,222,143,32,20
2025-05-26,1,5,Memorial Day,closed,0,0,0,0,38,153,5,22,1,0,4,26,0,0,35,56,5,8,219,146,31,21
2025-05-27,2,5,,,23,1,0,0,37,154,5,22,0,0,3,27,0,0,34,57,5,8,218,147,31,21
2025-05-28,3,5,,,22,2,0,0,36,155,5,22,0,0,2,28,0,0,33,58,5,8,217,148,31,21
2025-05-29,4,5,,,21,3,0,0,35,156,5,22,0,0,1,29,0,0,32,59,5,8,216,149,31,21
2025-05-30,5,5,,,20,4,0,0,34,157,5,22,0,0,0,0,0,0,31,60,5,8,215,150,31,21
2025-06-02,1,6,,,17,7,2,1,31,160,4,23,0,0,28,3,4,1,28,63,4,9,212,153,30,22
2025-06-03,2,6,,,16,8,2,1,30,161,4,23,0,0,27,4,4,1,27,64,4,9,211,154,30,22
2025-06-04,3,6,,,15,9,2,1,29,162,4,23,0,0,26,5,4,1,26,65,4,9,210,155,30,22
2025-06-05,4,6,,,14,10,2,1,28,163,4,23,0,0,25,6,4,1,25,66,4,9,209,156,30,22
2025-06-06,5,6,,,13,11,2,1,27,164,4,23,0,0,24,7,4,1,24,67,4,9,208,157,30,22
2025-06-09,1,6,,,10,14,1,2,24,167,3,24,0,0,21,10,3,2,21,70,3,10,205,160,29,23
2025-06-10,2,6,,,9,15,1,2,23,168,3,24,0,0,20,11,3,2,20,71,3,10,204,161,29,23
2025-06-11,3,6,,,8,16,1,2,22,169,3,24,0,0,19,12,3,2,19,72,3,10,203,162,29,23
2025-06-12,4,6,,,7,17,1,2,21,170,3,24,0,0,18,13,3,2,18,73,3,10,202,163,29,23
2025-06-13,5,6,,,6,18,1,2,20,171,3,24,0,0,17,14,3,2,17,74,3,10,201,164,29,23
2025-06-16,1,6,,,3,21,0,0,17,174,2,25,0,0,14,17,2,3,14,77,2,11,198,167,28,24
2025-06-17,2,6,,,2,22,0,0,16,175,2,25,0,0,13,18,2,3,13,78,2,11,197,168,28,24
2025-06-18,3,6,,,1,23,0,0,15,176,2,25,0,0,12,19,2,3,12,79,2,11,196,169,28,24
2025-06-19,4,6,Juneteenth Holiday,closed,0,0,0,0,14,177,2,25,1,0,11,20,2,3,11,80,2,11,195,170,28,24
2025-06-20,5,6,,,14,1,0,0,13,178,2,25,0,0,10,21,2,3,10,81,2,11,194,171,28,24
2025-06-23,1,6,,,11,4,1,1,10,181,1,26,0,0,7,24,1,4,7,84,1,12,191,174,27,25
2025-06-24,2,6,,,10,5,1,1,9,182,1,26,0,0,6,25,1,4,6,85,1,12,190,175,27,25
2025-06-25,3,6,,,9,6,1,1,8,183,1,26,0,0,5,26,1,4,5,86,1,12,189,176,27,25
2025-06-26,4,6,,,8,7,1,1,7,184,1,26,0,0,4,27,1,4,4,87,1,12,188,177,27,25
2025-06-27,5,6,,,7,8,1,1,6,185,1,26,0,0,3,28,1,4,3,88,1,12,187,178,27,25
2025-06-30,1,6,,,4,11,0,0,3,188,0,0,0,0,0,0,0,0,0,0,0,0,184,181,26,26
2025-07-01,2,7,,,3,12,0,0,2,189,0,0,0,0,30,1,0,0,91,1,0,0,183,182,26,26
2025-07-02,3,7,,,2,13,0,0,1,190,0,0,0,0,29,2,0,0,90,2,0,0,182,183,26,26
2025-07-03,4,7,Independence Day Early Close,early_close,1,14,0,0,0,0,0,0,0,1,28,3,0,0,89,3,0,0,181,184,26,26
2025-07-04,5,7,Independence Day,closed,0,0,0,0,147,1,0,0,1,0,27,4,0,0,88,4,0,0,180,185,26,26
2025-07-07,1,7,,,56,3,8,1,144,4,20,1,0,0,24,7,3,1,85,7,12,1,177,188,25,27
2025-07-08,2,7,,,55,4,8,1,143,5,20,1,0,0,23,8,3,1,84,8,12,1,176,189,25,27
2025-07-09,3,7,,,54,5,8,1,142,6,20,1,0,0,22,9,3,1,83,9,12,1,175,190,25,27
2025-07-10,4,7,,,53,6,8,1,141,7,20,1,0,0,21,10,3,1,82,10,12,1,174,191,25,27
2025-07-11,5,7,,,52,7,8,1,140,8,20,1,0,0,20,11,3,1,81,11,12,1,173,192,25,27
2025-07-14,1,7,,,49,10,7,2,137,11,19,2,0,0,17,14,2,2,78,14,11,2,170,195,24,28
2025-07-15,2,7,,,48,11,7,2,136,12,19,2,0,0,16,15,2,2,77,15,11,2,169,196,24,28
2025-07-16,3,7,,,47,12,7,2,135,13,19,2,0,0,15,16,2,2,76,16,11,2,168,197,24,28
2025-07-17,4,7,,,46,13,7,2,134,14,19,2,0,0,14,17,2,2,75,17,11,2,167,198,24,28
2025-07-18,5,7,,,45,14,7,2,133,15,19,2,0,0,13,18,2,2,74,18,11,2,166,199,24,28
2025-07-21,1,7,,,42,17,6,3,130,18,18,3,0,0,10,21,1,3,71,21,10,3,163,202,23,29
2025-07-22,2,7,,,41,18,6,3,129,19,18,3,0,0,9,22,1,3,70,22,10,3,162,203,23,29
2025-07-23,3,7,,,40,19,6,3,128,20,18,3,0,0,8,23,1,3,69,23,10,3,161,204,23,29
2025-07-24,4,7,,,39,20,6,3,127,21,18,3,0,0,7,24,1,3,68,24,10,3,160,205,23,29
2025-07-25,5,7,,,38,21,6,3,126,22,18,3,0,0,6,25,1,3,67,25,10,3,159,206,23,29
2025-07-28,1,7,,,35,24,5,4,123,25,17,4,0,0,3,28,0,0,64,28,9,4,156,209,22,30
2025-07-29,2,7,,,34,25,5,4,122,26,17,4,0,0,2,29,0,0,63,29,9,4,155,210,22,30
2025-07-30,3,7,,,33,26,5,4,121,27,17,4,0,0,1,30,0,0,62,30,9,4,154,211,22,30
2025-07-31,4,7,,,32,27,5,4,120,28,17,4,0,0,0,0,0,0,61,31,9,4,153,212,22,30
2025-08-01,5,8,,,31,28,5,4,119,29,17,4,0,0,28,1,0,0,60,32,9,4,152,213,22,30
2025-08-04,1,8,,,28,31,4,5,116,32,16,5,0,0,25,4,3,1,57,35,8,5,149,216,21,31
2025-08-05,2,8,,,27,32,4,5,115,33,16,5,0,0,24,5,3,1,56,36,8,5,148,217,21,31
2025-08-06,3,8,,,26,33,4,5,114,34,16,5,0,0,23,6,3,1,55,37,8,5,147,218,21,31
2025-08-07,4,8,,,25,34,4,5,113,35,16,5,0,0,22,7,3,1,54,38,8,5,146,219,21,31
2025-08-08,5,8,,,24,35,4,5,112,36,16,5,0,0,21,8,3,1,53,39,8,5,145,220,21,31
2025-08-11,1,8,,,21,38,3,6,109,39,15,6,0,0,18,11,2,2,50,42,7,6,142,223,20,32
2025-08-12,2,8,,,20,39,3,6,108,40,15,6,0,0,17,12,2,2,49,43,7,6,141,224,20,32
2025-08-13,3,8,,,19,40,3,6,107,41,15,6,0,0,16,13,2,2,48,44,7,6,140,225,20,32
2025-08-14,4,8,,,18,41,3,6,106,42,15,6,0,0,15,14,2,2,47,45,7,6,139,226,20,32
2025-08-15,5,8,,,17,42,3,6,105,43,15,6,0,0,14,15,2,2,46,46,7,6,138,227,20,32
2025-08-18,1,8,,,14,45,2,7,102,46,14,7,0,0,11,18,1,3,43,49,6,7,135,230,19,33
2025-08-19,2,8,,,13,46,2,7,101,47,14,7,0,0,10,19,1,3,42,50,6,7,134,231,19,33
2025-08-20,3,8,,,12,47,2,7,100,48,14,7,0,0,9,20,1,3,41,51,6,7,133,232,19,33
2025-08-21,4,8,,,11,48,2,7,99,49,14,7,0,0,8,21,1,3,40,52,6,7,132,233,19,33
2025-08-22,5,8,,,10,49,2,7,98,50,14,7,0,0,7,22,1,3,39,53,6,7,131,234,19,33
2025-08-25,1,8,,,7,52,1,8,95,53,13,8,0,0,4,25,0,0,36,56,5,8,128,237,18,34
2025-08-26,2,8,,,6,53,1,8,94,54,13,8,0,0,3,26,0,0,35,57,5,8,127,238,18,34
2025-08-27,3,8,,,5,54,1,8,93,55,13,8,0,0,2,27,0,0,34,58,5,8,126,239,18,34
2025-08-28,4,8,,,4,55,1,8,92,56,13,8,0,0,1,28,0,0,33,59,5,8,125,240,18,34
2025-08-29,5,8,,,3,56,1,8,91,57,13,8,0,0,0,0,0,0,32,60,5,8,124,241,18,34
2025-09-01,1,9,Labor Day,closed,0,0,0,0,88,60,12,9,1,0,29,3,4,1,29,63,4,9,121,244,17,35
2025-09-02,2,9,,,86,1,0,0,87,61,12,9,0,0,28,4,4,1,28,64,4,9,120,245,17,35
2025-09-03,3,9,,,85,2,0,0,86,62,12,9,0,0,27,5,4,1,27,65,4,9,119,246,17,35
2025-09-04,4,9,,,84,3,0,0,85,63,12,9,0,0,26,6,4,1,26,66,4,9,118,247,17,35
2025-09-05,5,9,,,83,4,0,0,84,64,12,9,0,0,25,7,4,1,25,67,4,9,117,248,17,35
2025-09-08,1,9,,,80,7,11,1,81,67,11,10,0,0,22,10,3,2,22,70,3,10,114,251,16,36
2025-09-09,2,9,,,79,8,11,1,80,68,11,10,0,0,21,11,3,2,21,71,3,10,113,252,16,36
2025-09-10,3,9,,,78,9,11,1,79,69,11,10,0,0,20,12,3,2,20,72,3,10,112,253,16,36
2025-09-11,4,9,,,77,10,11,1,78,70,11,10,0,0,19,13,3,2,19,73,3,10,111,254,16,36
2025-09-12,5,9,,,76,11,11,1,77,71,11,10,0,0,18,14,3,2,18,74,3,10,110,255,16,36
2025-09-15,1,9,,,73,14,10,2,74,74,10,11,0,0,15,17,2,3,15,77,2,11,107,258,15,37
2025-09-16,2,9,,,72,15,10,2,73,75,10,11,0,0,14,18,2,3,14,78,2,11,106,259,15,37
2025-09-17,3,9,,,71,16,10,2,72,76,10,11,0,0,13,19,2,3,13,79,2,11,105,260,15,37
2025-09-18,4,9,,,70,17,10,2,71,77,10,11,0,0,12,20,2,3,12,80,2,11,104,261,15,37
2025-09-19,5,9,,,69,18,10,2,70,78,10,11,0,0,11,21,2,3,11,81,2,11,103,262,15,37
2025-09-22,1,9,,,66,21,9,3,67,81,9,12,0,0,8,24,1,4,8,84,1,12,100,265,14,38
2025-09-23,2,9,,,65,22,9,3,66,82,9,12,0,0,7,25,1,4,7,85,1,12,99,266,14,38
2025-09-24,3,9,,,64,23,9,3,65,83,9,12,0,0,6,26,1,4,6,86,1,12,98,267,14,38
2025-09-25,4,9,,,63,24,9,3,64,84,9,12,0,0,5,27,1,4,5,87,1,12,97,268,14,38
2025-09-26,5,9,,,62,25,9,3,63,85,9,12,0,0,4,28,1,4,4,88,1,12,96,269,14,38
2025-09-29,1,9,,,59,28,8,4,60,88,8,13,0,0,1,31,0,0,1,91,0,0,93,272,13,39
2025-09-30,2,9,,,58,29,8,4,59,89,8,13,0,0,0,0,0,0,0,0,0,0,92,273,13,39
2025-10-01,3,10,,,57,30,8,4,58,90,8,13,0,0,30,1,0,0,91,1,0,0,91,274,13,39
2025-10-02,4,10,,,56,31,8,4,57,91,8,13,0,0,29,2,0,0,90,2,0,0,90,275,13,39
2025-10-03,5,10,,,55,32,8,4,56,92,8,13,0,0,28,3,0,0,89,3,0,0,89,276,13,39
2025-10-06,1,10,,,52,35,7,5,53,95,7,14,0,0,25,6,3,1,86,6,12,1,86,279,12,40
2025-10-07,2,10,,,51,36,7,5,52,96,7,14,0,0,24,7,3,1,85,7,12,1,85,280,12,40
2025-10-08,3,10,,,50,37,7,5,51,97,7,14,0,0,23,8,3,1,84,8,12,1,84,281,12,40
2025-10-09,4,10,,,49,38,7,5,50,98,7,14,0,0,22,9,3,1,83,9,12,1,83,282,12,40
2025-10-10,5,10,,,48,39,7,5,49,99,7,14,0,0,21,10,3,1,82,10,12,1,82,283,12,40
2025-10-13,1,10,,,45,42,6,6,46,102,6,15,0,0,18,13,2,2,79,13,11,2,79,286,11,41
2025-10-14,2,10,,,44,43,6,6,45,103,6,15,0,0,17,14,2,2,78,14,11,2,78,287,11,41
2025-10-15,3,10,,,43,44,6,6,44,104,6,15,0,0,16,15,2,2,77,15,11,2,77,288,11,41
2025-10-16,4,10,,,42,45,6,6,43,105,6,15,0,0,15,16,2,2,76,16,11,2,76,289,11,41
2025-10-17,5,10,,,41,46,6,6,42,106,6,15,0,0,14,17,2,2,75,17,11,2,75,290,11,41
2025-10-20,1,10,,,38,49,5,7,39,109,5,16,0,0,11,20,1,3,72,20,10,3,72,293,10,42
2025-10-21,2,10,,,37,50,5,7,38,110,5,16,0,0,10,21,1,3,71,21,10,3,71,294,10,42
2025-10-22,3,10,,,36,51,5,7,37,111,5,16,0,0,9,22,1,3,70,22,10,3,70,295,10,42
2025-10-23,4,10,,,35,52,5,7,36,112,5,16,0,0,8,23,1,3,69,23,10,3,69,296,10,42
2025-10-24,5,10,,,34,53,5,7,35,113,5,16,0,0,7,24,1,3,68,24,10,3,68,297,10,42
2025-10-27,1,10,,,31,56,4,8,32,116,4,17,0,0,4,27,0,0,65,27,9,4,65,300,9,43
2025-10-28,2,10,,,30,57,4,8,31,117,4,17,0,0,3,28,0,0,64,28,9,4,64,301,9,43
2025-10-29,3,10,,,29,58,4,8,30,118,4,17,0,0,2,29,0,0,63,29,9,4,63,302,9,43
2025-10-30,4,10,,,28,59,4,8,29,119,4,17,0,0,1,30,0,0,62,30,9,4,62,303,9,43
2025-10-31,5,10,,,27,60,4,8,28,120,4,17,0,0,0,0,0,0,61,31,9,4,61,304,9,43
2025-11-03,1,11,,,24,63,3,9,25,123,3,18,0,0,25,3,3,1,58,34,8,5,58,307,8,44
2025-11-04,2,11,,,23,64,3,9,24,124,3,18,0,0,24,4,3,1,57,35,8,5,57,308,8,44
2025-11-05,3,11,,,22,65,3,9,23,125,3,18,0,0,23,5,3,1,56,36,8,5,56,309,8,44
2025-11-06,4,11,,,21,66,3,9,22,126,3,18,0,0,22,6,3,1,55,37,8,5,55,310,8,44
2025-11-07,5,11,,,20,67,3,9,21,127,3,18,0,0,21,7,3,1,54,38,8,5,54,311,8,44
2025-11-10,1,11,,,17,70,2,10,18,130,2,19,0,0,18,10,2,2,51,41,7,6,51,314,7,45
2025-11-11,2,11,,,16,71,2,10,17,131,2,19,0,0,17,11,2,2,50,42,7,6,50,315,7,45
2025-11-12,3,11,,,15,72,2,10,16,132,2,19,0,0,16,12,2,2,49,43,7,6,49,316,7,45
2025-11-13,4,11,,,14,73,2,10,15,133,2,19,0,0,15,13,2,2,48,44,7,6,48,317,7,45
2025-11-14,5,11,,,13,74,2,10,14,134,2,19,0,0,14,14,2,2,47,45,7,6,47,318,7,45
2025-11-17,1,11,,,10,77,1,11,11,137,1,20,0,0,11,17,1,3,44,48,6,7,44,321,6,46
2025-11-18,2,11,,,9,78,1,11,10,138,1,20,0,0,10,18,1,3,43,49,6,7,43,322,6,46
2025-11-19,3,11,,,8,79,1,11,9,139,1,20,0,0,9,19,1,3,42,50,6,7,42,323,6,46
2025-11-20,4,11,,,7,80,1,11,8,140,1,20,0,0,8,20,1,3,41,51,6,7,41,324,6,46
2025-11-21,5,11,,,6,81,1,11,7,141,1,20,0,0,7,21,1,3,40,52,6,7,40,325,6,46
2025-11-24,1,11,,,3,84,0,0,4,144,0,0,0,0,4,24,0,0,37,55,5,8,37,328,5,47
2025-11-25,2,11,,,2,85,0,0,3,145,0,0,0,0,3,25,0,0,36,56,5,8,36,329,5,47
2025-11-26,3,11,,,1,86,0,0,2,146,0,0,0,0,2,26,0,0,35,57,5,8,35,330,5,47
2025-11-27,4,11,Thanksgiving Day,closed,0,0,0,0,1,147,0,0,1,0,1,27,0,0,34,58,5,8,34,331,5,47
2025-11-28,5,11,Thanksgiving Early Close,early_close,27,1,0,0,0,0,0,0,0,1,0,0,0,0,33,59,5,8,33,332,5,47
2025-12-01,1,12,,,24,4,3,1,23,3,3,1,0,0,30,3,4,1,30,62,4,9,30,335,4,48
2025-12-02,2,12,,,23,5,3,1,22,4,3,1,0,0,29,4,4,1,29,63,4,9,29,336,4,48
2025-12-03,3,12,,,22,6,3,1,21,5,3,1,0,0,28,5,4,1,28,64,4,9,28,337,4,48
2025-12-04,4,12,,,21,7,3,1,20,6,3,1,0,0,27,6,4,1,27,65,4,9,27,338,4,48
2025-12-05,5,12,,,20,8,3,1,19,7,3,1,0,0,26,7,4,1,26,66,4,9,26,339,4,48
2025-12-08,1,12,,,17,11,2,2,16,10,2,2,0,0,23,10,3,2,23,69,3,10,23,342,3,49
2025-12-09,2,12,,,16,12,2,2,15,11,2,2,0,0,22,11,3,2,22,70,3,10,22,343,3,49
2025-12-10,3,12,,,15,13,2,2,14,12,2,2,0,0,21,12,3,2,21,71,3,10,21,344,3,49
2025-12-11,4,12,,,14,14,2,2,13,13,2,2,0,0,20,13,3,2,20,72,3,10,20,345,3,49
2025-12-12,5,12,,,13,15,2,2,12,14,2,2,0,0,19,14,3,2,19,73,3,10,19,346,3,49
2025-12-15,1,12,,,10,18,1,3,9,17,1,3,0,0,16,17,2,3,16,76,2,11,16,349,2,50
2025-12-16,2,12,,,9,19,1,3,8,18,1,3,0,0,15,18,2,3,15,77,2,11,15,350,2,50
2025-12-17,3,12,,,8,20,1,3,7,19,1,3,0,0,14,19,2,3,14,78,2,11,14,351,2,50
2025-12-18,4,12,,,7,21,1,3,6,20,1,3,0,0,13,20,2,3,13,79,2,11,13,352,2,50
2025-12-19,5,12,,,6,22,1,3,5,21,1,3,0,0,12,21,2,3,12,80,2,11,12,353,2,50
2025-12-22,1,12,,,3,25,0,0,2,24,0,0,0,0,9,24,1,4,9,83,1,12,9,356,1,51
2025-12-23,2,12,,,2,26,0,0,1,25,0,0,0,0,8,25,1,4,8,84,1,12,8,357,1,51
2025-12-24,3,12,Christmas Early Close,early_close,1,27,0,0,0,0,0,0,0,1,7,26,1,4,7,85,1,12,7,358,1,51
2025-12-25,4,12,Christmas Day,closed,0,0,0,0,337,1,0,0,1,0,6,27,1,4,6,86,1,12,6,359,1,51
2025-12-26,5,12,,,6,1,0,0,336,2,0,0,0,0,5,28,1,4,5,87,1,12,5,360,1,51
2025-12-29,1,12,,,3,4,0,0,333,5,47,1,0,0,2,31,0,0,2,90,0,0,2,363,0,0
2025-12-30,2,12,,,2,5,0,0,332,6,47,1,0,0,1,32,0,0,1,91,0,0,1,364,0,0
2025-12-31,3,12,,,1,6,0,0,331,7,47,1,0,0,0,0,0,0,0,0,0,0,0,0,0,0
2026-01-01,4,1,New Year's Day,closed,0,0,0,0,330,8,47,1,1,0,29,1,0,0,89,1,0,0,364,1,0,0
2026-01-02,5,1,,,17,1,0,0,329,9,47,1,0,0,28,2,0,0,88,2,0,0,363,2,0,0
2026-01-05,1,1,,,14,4,2,1,326,12,46,2,0,0,25,5,3,1,85,5,12,1,360,5,51,1
2026-01-06,2,1,,,13,5,2,1,325,13,46,2,0,0,24,6,3,1,84,6,12,1,359,6,51,1
2026-01-07,3,1,,,12,6,2,1,324,14,46,2,0,0,23,7,3,1,83,7,12,1,358,7,51,1
2026-01-08,4,1,,,11,7,2,1,323,15,46,2,0,0,22,8,3,1,82,8,12,1,357,8,51,1
2026-01-09,5,1,,,10,8,2,1,322,16,46,2,0,0,21,9,3,1,81,9,12,1,356,9,51,1
2026-01-12,1,1,,,7,11,1,2,319,19,45,3,0,0,18,12,2,2,78,12,11,2,353,12,50,2
2026-01-13,2,1,,,6,12,1,2,318,20,45,3,0,0,17,13,2,2,77,13,11,2,352,13,50,2
2026-01-14,3,1,,,5,13,1,2,317,21,45,3,0,0,16,14,2,2,76,14,11,2,351,14,50,2
2026-01-15,4,1,,,4,14,1,2,316,22,45,3,0,0,15,15,2,2,75,15,11,2,350,15,50,2
2026-01-16,5,1,,,3,15,1,2,315,23,45,3,0,0,14,16,2,2,74,16,11,2,349,16,50,2
2026-01-19,1,1,Martin Luther King Jr. Day,closed,0,0,0,0,312,26,44,4,1,0,11,19,1,3,71,19,10,3,346,19,49,3
2026-01-20,2,1,,,27,1,0,0,311,27,44,4,0,0,10,20,1,3,70,20,10,3,345,20,49,3
2026-01-21,3,1,,,26,2,0,0,310,28,44,4,0,0,9,21,1,3,69,21,10,3,344,21,49,3
2026-01-22,4,1,,,25,3,0,0,309,29,44,4,0,0,8,22,1,3,68,22,10,3,343,22,49,3
2026-01-23,5,1,,,24,4,0,0,308,30,44,4,0,0,7,23,1,3,67,23,10,3,342,23,49,3
2026-01-26,1,1,,,21,7,3,1,305,33,43,5,0,0,4,26,0,0,64,26,9,4,339,26,48,4
2026-01-27,2,1,,,20,8,3,1,304,34,43,5,0,0,3,27,0,0,63,27,9,4,338,27,48,4
2026-01-28,3,1,,,19,9,3,1,303,35,43,5,0,0,2,28,0,0,62,28,9,4,337,28,48,4
2026-01-29,4,1,,,18,10,3,1,302,36,43,5,0,0,1,29,0,0,61,29,9,4,336,29,48,4
2026-01-30,5,1,,,17,11,3,1,301,37,43,5,0,0,0,0,0,0,60,30,9,4,335,30,48,4
2026-02-02,1,2,,,14,14,2,2,298,40,42,6,0,0,25,3,3,1,57,33,8,5,332,33,47,5
2026-02-03,2,2,,,13,15,2,2,297,41,42,6,0,0,24,4,3,1,56,34,8,5,331,34,47,5
2026-02-04,3,2,,,12,16,2,2,296,42,42,6,0,0,23,5,3,1,55,35,8,5,330,35,47,5
2026-02-05,4,2,,,11,17,2,2,295,43,42,6,0,0,22,6,3,1,54,36,8,5,329,36,47,5
2026-02-06,5,2,,,10,18,2,2,294,44,42,6,0,0,21,7,3,1,53,37,8,5,328,37,47,5
2026-02-09,1,2,,,7,21,1,3,291,47,41,7,0,0,18,10,2,2,50,40,7,6,325,40,46,6
2026-02-10,2,2,,,6,22,1,3,290,48,41,7,0,0,17,11,2,2,49,41,7,6,324,41,46,6
2026-02-11,3,2,,,5,23,1,3,289,49,41,7,0,0,16,12,2,2,48,42,7,6,323,42,46,6
2026-02-12,4,2,,,4,24,1,3,288,50,41,7,0,0,15,13,2,2,47,43,7,6,322,43,46,6
2026-02-13,5,2,,,3,25,1,3,287,51,41,7,0,0,14,14,2,2,46,44,7,6,321,44,46,6
2026-02-16,1,2,Presidents' Day,closed,0,0,0,0,284,54,40,8,1,0,11,17,1,3,43,47,6,7,318,47,45,7
2026-02-17,2,2,,,45,1,0,0,283,55,40,8,0,0,10,18,1,3,42,48,6,7,317,48,45,7
2026-02-18,3,2,,,44,2,0,0,282,56,40,8,0,0,9,19,1,3,41,49,6,7,316,49,45,7
2026-02-19,4,2,,,43,3,0,0,281,57,40,8,0,0,8,20,1,3,40,50,6,7,315,50,45,7
2026-02-20,5,2,,,42,4,0,0,280,58,40,8,0,0,7,21,1,3,39,51,6,7,314,51,45,7
2026-02-23,1,2,,,39,7,5,1,277,61,39,9,0,0,4,24,0,0,36,54,5,8,311,54,44,8
2026-02-24,2,2,,,38,8,5,1,276,62,39,9,0,0,3,25,0,0,35,55,5,8,310,55,44,8
2026-02-25,3,2,,,37,9,5,1,275,63,39,9,0,0,2,26,0,0,34,56,5,8,309,56,44,8
2026-02-26,4,2,,,36,10,5,1,274,64,39,9,0,0,1,27,0,0,33,57,5,8,308,57,44,8
2026-02-27,5,2,,,35,11,5,1,273,65,39,9,0,0,0,0,0,0,32,58,5,8,307,58,44,8
2026-03-02,1,3,,,32,14,4,2,270,68,38,10,0,0,29,3,4,1,29,61,4,9,304,61,43,9
2026-03-03,2,3,,,31,15,4,2,269,69,38,10,0,0,28,4,4,1,28,62,4,9,303,62,43,9
2026-03-04,3,3,,,30,16,4,2,268,70,38,10,0,0,27,5,4,1,27,63,4,9,302,63,43,9
2026-03-05,4,3,,,29,17,4,2,267,71,38,10,0,0,26,6,4,1,26,64,4,9,301,64,43,9
2026-03-06,5,3,,,28,18,4,2,266,72,38,10,0,0,25,7,4,1,25,65,4,9,300,65,43,9
2026-03-09,1,3,,,25,21,3,3,263,75,37,11,0,0,22,10,3,2,22,68,3,10,297,68,42,10
2026-03-10,2,3,,,24,22,3,3,262,76,37,11,0,0,21,11,3,2,21,69,3,10,296,69,42,10
2026-03-11,3,3,,,23,23,3,3,261,77,37,11,0,0,20,12,3,2,20,70,3,10,295,70,42,10
2026-03-12,4,3,,,22,24,3,3,260,78,37,11,0,0,19,13,3,2,19,71,3,10,294,71,42,10
2026-03-13,5,3,,,21,25,3,3,259,79,37,11,0,0,18,14,3,2,18,72,3,10,293,72,42,10
2026-03-16,1,3,,,18,28,2,4,256,82,36,12,0,0,15,17,2,3,15,75,2,11,290,75,41,11
2026-03-17,2,3,,,17,29,2,4,255,83,36,12,0,0,14,18,2,3,14,76,2,11,289,76,41,11
2026-03-18,3,3,,,16,30,2,4,254,84,36,12,0,0,13,19,2,3,13,77,2,11,288,77,41,11
2026-03-19,4,3,,,15,31,2,4,253,85,36,12,0,0,12,20,2,3,12,78,2,11,287,78,41,11
2026-03-20,5,3,,,14,32,2,4,252,86,36,12,0,0,11,21,2,3,11,79,2,11,286,79,41,11
2026-03-23,1,3,,,11,35,1,5,249,89,35,13,0,0,8,24,1,4,8,82,1,12,283,82,40,12
2026-03-24,2,3,,,10,36,1,5,248,90,35,13,0,0,7,25,1,4,7,83,1,12,282,83,40,12
2026-03-25,3,3,,,9,37,1,5,247,91,35,13,0,0,6,26,1,4,6,84,1,12,281,84,40,12
2026-03-26,4,3,,,8,38,1,5,246,92,35,13,0,0,5,27,1,4,5,85,1,12,280,85,40,12
2026-03-27,5,3,,,7,39,1,5,245,93,35,13,0,0,4,28,1,4,4,86,1,12,279,86,40,12
2026-03-30,1,3,,,4,42,0,0,242,96,34,14,0,0,1,31,0,0,1,89,0,0,276,89,39,13
2026-03-31,2,3,,,3,43,0,0,241,97,34,14,0,0,0,0,0,0,0,0,0,0,275,90,39,13
2026-04-01,3,4,,,2,44,0,0,240,98,34,14,0,0,29,1,0,0,90,1,0,0,274,91,39,13
2026-04-02,4,4,,,1,45,0,0,239,99,34,14,0,0,28,2,0,0,89,2,0,0,273,92,39,13
2026-04-03,5,4,Good Friday,closed,0,0,0,0,238,100,34,14,1,0,27,3,0,0,88,3,0,0,272,93,39,13
2026-04-06,1,4,,,49,3,7,1,235,103,33,15,0,0,24,6,3,1,85,6,12,1,269,96,38,14
2026-04-07,2,4,,,48,4,7,1,234,104,33,15,0,0,23,7,3,1,84,7,12,1,268,97,38,14
2026-04-08,3,4,,,47,5,7,1,233,105,33,15,0,0,22,8,3,1,83,8,12,1,267,98,38,14
2026-04-09,4,4,,,46,6,7,1,232,106,33,15,0,0,21,9,3,1,82,9,12,1,266,99,38,14
2026-04-10,5,4,,,45,7,7,1,231,107,33,15,0,0,20,10,3,1,81,10,12,1,265,100,38,14
2026-04-13,1,4,,,42,10,6,2,228,110,32,16,0,0,17,13,2,2,78,13,11,2,262,103,37,15
2026-04-14,2,4,,,41,11,6,2,227,111,32,16,0,0,16,14,2,2,77,14,11,2,261,104,37,15
2026-04-15,3,4,,,40,12,6,2,226,112,32,16,0,0,15,15,2,2,76,15,11,2,260,105,37,15
2026-04-16,4,4,,,39,13,6,2,225,113,32,16,0,0,14,16,2,2,75,16,11,2,259,106,37,15
2026-04-17,5,4,,,38,14,6,2,224,114,32,16,0,0,13,17,2,2,74,17,11,2,258,107,37,15
2026-04-20,1,4,,,35,17,5,3,221,117,31,17,0,0,10,20,1,3,71,20,10,3,255,110,36,16
2026-04-21,2,4,,,34,18,5,3,220,118,31,17,0,0,9,21,1,3,70,21,10,3,254,111,36,16
2026-04-22,3,4,,,33,19,5,3,219,119,31,17,0,0,8,22,1,3,69,22,10,3,253,112,36,16
2026-04-23,4,4,,,32,20,5,3,218,120,31,17,0,0,7,23,1,3,68,23,10,3,252,113,36,16
2026-04-24,5,4,,,31,21,5,3,217,121,31,17,0,0,6,24,1,3,67,24,10,3,251,114,36,16
2026-04-27,1,4,,,28,24,4,4,214,124,30,18,0,0,3,27,0,0,64,27,9,4,248,117,35,17
2026-04-28,2,4,,,27,25,4,4,213,125,30,18,0,0,2,28,0,0,63,28,9,4,247,118,35,17
2026-04-29,3,4,,,26,26,4,4,212,126,30,18,0,0,1,29,0,0,62,29,9,4,246,119,35,17
2026-04-30,4,4,,,25,27,4,4,211,127,30,18,0,0,0,0,0,0,61,30,9,4,245,120,35,17
2026-05-01,5,5,,,24,28,4,4,210,128,30,18,0,0,28,1,0,0,60,31,9,4,244,121,35,17
2026-05-04,1,5,,,21,31,3,5,207,131,29,19,0,0,25,4,3,1,57,34,8,5,241,124,34,18
2026-05-05,2,5,,,20,32,3,5,206,132,29,19,0,0,24,5,3,1,56,35,8,5,240,125,34,18
2026-05-06,3,5,,,19,33,3,5,205,133,29,19,0,0,23,6,3,1,55,36,8,5,239,126,34,18
2026-05-07,4,5,,,18,34,3,5,204,134,29,19,0,0,22,7,3,1,54,37,8,5,238,127,34,18
2026-05-08,5,5,,,17,35,3,5,203,135,29,19,0,0,21,8,3,1,53,38,8,5,237,128,34,18
2026-05-11,1,5,,,14,38,2,6,200,138,28,20,0,0,18,11,2,2,50,41,7,6,234,131,33,19
2026-05-12,2,5,,,13,39,2,6,199,139,28,20,0,0,17,12,2,2,49,42,7,6,233,132,33,19
2026-05-13,3,5,,,12,40,2,6,198,140,28,20,0,0,16,13,2,2,48,43,7,6,232,133,33,19
2026-05-14,4,5,,,11,41,2,6,197,141,28,20,0,0,15,14,2,2,47,44,7,6,231,134,33,19
2026-05-15,5,5,,,10,42,2,6,196,142,28,20,0,0,14,15,2,2,46,45,7,6,230,135,33,19
2026-05-18,1,5,,,7,45,1,7,193,145,27,21,0,0,11,18,1,3,43,48,6,7,227,138,32,20
2026-05-19,2,5,,,6,46,1,7,192,146,27,21,0,0,10,19,1,3,42,49,6,7,226,139,32,20
2026-05-20,3,5,,,5,47,1,7,191,147,27,21,0,0,9,20,1,3,41,50,6,7,225,140,32,20
2026-05-21,4,5,,,4,48,1,7,190,148,27,21,0,0,8,21,1,3,40,51,6,7,224,141,32,20
2026-05-22,5,5,,,3,49,1,7,189,149,27,21,0,0,7,22,1,3,39,52,6,7,223,142,32,20
2026-05-25,1,5,Memorial Day,closed,0,0,0,0,186,152,26,22,1,0,4,25,0,0,36,55,5,8,220,145,31,21
2026-05-26,2,5,,,24,1,0,0,185,153,26,22,0,0,3,26,0,0,35,56,5,8,219,146,31,21
2026-05-27,3,5,,,23,2,0,0,184,154,26,22,0,0,2,27,0,0,34,57,5,8,218,147,31,21
2026-05-28,4,5,,,22,3,0,0,183,155,26,22,0,0,1,28,0,0,33,58,5,8,217,148,31,21
2026-05-29,5,5,,,21,4,0,0,182,156,26,22,0,0,0,0,0,0,32,59,5,8,216,149,31,21
2026-06-01,1,6,,,18,7,2,1,179,159,25,23,0,0,29,3,4,1,29,62,4,9,213,152,30,22
2026-06-02,2,6,,,17,8,2,1,178,160,25,23,0,0,28,4,4,1,28,63,4,9,212,153,30,22
2026-06-03,3,6,,,16,9,2,1,177,161,25,23,0,0,27,5,4,1,27,64,4,9,211,154,30,22
2026-06-04,4,6,,,15,10,2,1,176,162,25,23,0,0,26,6,4,1,26,65,4,9,210,155,30,22
2026-06-05,5,6,,,14,11,2,1,175,163,25,23,0,0,25,7,4,1,25,66,4,9,209,156,30,22
2026-06-08,1,6,,,11,14,1,2,172,166,24,24,0,0,22,10,3,2,22,69,3,10,206,159,29,23
2026-06-09,2,6,,,10,15,1,2,171,167,24,24,0,0,21,11,3,2,21,70,3,10,205,160,29,23
2026-06-10,3,6,,,9,16,1,2,170,168,24,24,0,0,20,12,3,2,20,71,3,10,204,161,29,23
2026-06-11,4,6,,,8,17,1,2,169,169,24,24,0,0,19,13,3,2,19,72,3,10,203,162,29,23
2026-06-12,5,6,,,7,18,1,2,168,170,24,24,0,0,18,14,3,2,18,73,3,10,202,163,29,23
2026-06-15,1,6,,,4,21,0,0,165,173,23,25,0,0,15,17,2,3,15,76,2,11,199,166,28,24
2026-06-16,2,6,,,3,22,0,0,164,174,23,25,0,0,14,18,2,3,14,77,2,11,198,167,28,24
2026-06-17,3,6,,,2,23,0,0,163,175,23,25,0,0,13,19,2,3,13,78,2,11,197,168,28,24
2026-06-18,4,6,,,1,24,0,0,162,176,23,25,0,0,12,20,2,3,12,79,2,11,196,169,28,24
2026-06-19,5,6,Juneteenth Holiday,closed,0,0,0,0,161,177,23,25,1,0,11,21,2,3,11,80,2,11,195,170,28,24
2026-06-22,1,6,,,11,3,1,1,158,180,22,26,0,0,8,24,1,4,8,83,1,12,192,173,27,25
2026-06-23,2,6,,,10,4,1,1,157,181,22,26,0,0,7,25,1,4,7,84,1,12,191,174,27,25
2026-06-24,3,6,,,9,5,1,1,156,182,22,26,0,0,6,26,1,4,6,85,1,12,190,175,27,25
2026-06-25,4,6,,,8,6,1,1,155,183,22,26,0,0,5,27,1,4,5,86,1,12,189,176,27,25
2026-06-26,5,6,,,7,7,1,1,154,184,22,26,0,0,4,28,1,4,4,87,1,12,188,177,27,25
2026-06-29,1,6,,,4,10,0,0,151,187,21,27,0,0,1,31,0,0,1,90,0,0,185,180,26,26
2026-06-30,2,6,,,3,11,0,0,150,188,21,27,0,0,0,0,0,0,0,0,0,0,184,181,26,26
2026-07-01,3,7,,,2,12,0,0,149,189,21,27,0,0,30,1,0,0,91,1,0,0,183,182,26,26
2026-07-02,4,7,,,1,13,0,0,148,190,21,27,0,0,29,2,0,0,90,2,0,0,182,183,26,26
2026-07-03,5,7,Independence Day Observed,closed,0,0,0,0,147,191,21,27,1,0,28,3,0,0,89,3,0,0,181,184,26,26
2026-07-06,1,7,,,63,3,9,1,144,194,20,28,0,0,25,6,3,1,86,6,12,1,178,187,25,27
2026-07-07,2,7,,,62,4,9,1,143,195,20,28,0,0,24,7,3,1,85,7,12,1,177,188,25,27
2026-07-08,3,7,,,61,5,9,1,142,196,20,28,0,0,23,8,3,1,84,8,12,1,176,189,25,27
2026-07-09,4,7,,,60,6,9,1,141,197,20,28,0,0,22,9,3,1,83,9,12,1,175,190,25,27
2026-07-10,5,7,,,59,7,9,1,140,198,20,28,0,0,21,10,3,1,82,10,12,1,174,191,25,27
2026-07-13,1,7,,,56,10,8,2,137,201,19,29,0,0,18,13,2,2,79,13,11,2,171,194,24,28
2026-07-14,2,7,,,55,11,8,2,136,202,19,29,0,0,17,14,2,2,78,14,11,2,170,195,24,28
2026-07-15,3,7,,,54,12,8,2,135,203,19,29,0,0,16,15,2,2,77,15,11,2,169,196,24,28
2026-07-16,4,7,,,53,13,8,2,134,204,19,29,0,0,15,16,2,2,76,16,11,2,168,197,24,28
2026-07-17,5,7,,,52,14,8,2,133,205,19,29,0,0,14,17,2,2,75,17,11,2,167,198,24,28
2026-07-20,1,7,,,49,17,7,3,130,208,18,30,0,0,11,20,1,3,72,20,10,3,164,201,23,29
2026-07-21,2,7,,,48,18,7,3,129,209,18,30,0,0,10,21,1,3,71,21,10,3,163,202,23,29
2026-07-22,3,7,,,47,19,7,3,128,210,18,30,0,0,9,22,1,3,70,22,10,3,162,203,23,29
2026-07-23,4,7,,,46,20,7,3,127,211,18,30,0,0,8,23,1,3,69,23,10,3,161,204,23,29
2026-07-24,5,7,,,45,21,7,3,126,212,18,30,0,0,7,24,1,3,68,24,10,3,160,205,23,29
2026-07-27,1,7,,,42,24,6,4,123,215,17,31,0,0,4,27,0,0,65,27,9,4,157,208,22,30
2026-07-28,2,7,,,41,25,6,4,122,216,17,31,0,0,3,28,0,0,64,28,9,4,156,209,22,30
2026-07-29,3,7,,,40,26,6,4,121,217,17,31,0,0,2,29,0,0,63,29,9,4,155,210,22,30
2026-07-30,4,7,,,39,27,6,4,120,218,17,31,0,0,1,30,0,0,62,30,9,4,154,211,22,30
2026-07-31,5,7,,,38,28,6,4,119,219,17,31,0,0,0,0,0,0,61,31,9,4,153,212,22,30
2026-08-03,1,8,,,35,31,5,5,116,222,16,32,0,0,28,3,4,1,58,34,8,5,150,215,21,31
2026-08-04,2,8,,,34,32,5,5,115,223,16,32,0,0,27,4,4,1,57,35,8,5,149,216,21,31
2026-08-05,3,8,,,33,33,5,5,114,224,16,32,0,0,26,5,4,1,56,36,8,5,148,217,21,31
2026-08-06,4,8,,,32,34,5,5,113,225,16,32,0,0,25,6,4,1,55,37,8,5,147,218,21,31
2026-08-07,5,8,,,31,35,5,5,112,226,16,32,0,0,24,7,4,1,54,38,8,5,146,219,21,31
2026-08-10,1,8,,,28,38,4,6,109,229,15,33,0,0,21,10,3,2,51,41,7,6,143,222,20,32
2026-08-11,2,8,,,27,39,4,6,108,230,15,33,0,0,20,11,3,2,50,42,7,6,142,223,20,32
2026-08-12,3,8,,,26,40,4,6,107,231,15,33,0,0,19,12,3,2,49,43,7,6,141,224,20,32
2026-08-13,4,8,,,25,41,4,6,106,232,15,33,0,0,18,13,3,2,48,44,7,6,140,225,20,32
2026-08-14,5,8,,,24,42,4,6,105,233,15,33,0,0,17,14,3,2,47,45,7,6,139,226,20,32
2026-08-17,1,8,,,21,45,3,7,102,236,14,34,0,0,14,17,2,3,44,48,6,7,136,229,19,33
2026-08-18,2,8,,,20,46,3,7,101,237,14,34,0,0,13,18,2,3,43,49,6,7,135,230,19,33
2026-08-19,3,8,,,19,47,3,7,100,238,14,34,0,0,12,19,2,3,42,50,6,7,134,231,19,33
2026-08-20,4,8,,,18,48,3,7,99,239,14,34,0,0,11,20,2,3,41,51,6,7,133,232,19,33
2026-08-21,5,8,,,17,49,3,7,98,240,14,34,0,0,10,21,2,3,40,52,6,7,132,233,19,33
2026-08-24,1,8,,,14,52,2,8,95,243,13,35,0,0,7,24,1,4,37,55,5,8,129,236,18,34
2026-08-25,2,8,,,13,53,2,8,94,244,13,35,0,0,6,25,1,4,36,56,5,8,128,237,18,34
2026-08-26,3,8,,,12,54,2,8,93,245,13,35,0,0,5,26,1,4,35,57,5,8,127,238,18,34
2026-08-27,4,8,,,11,55,2,8,92,246,13,35,0,0,4,27,1,4,34,58,5,8,126,239,18,34
2026-08-28,5,8,,,10,56,2,8,91,247,13,35,0,0,3,28,1,4,33,59,5,8,125,240,18,34
2026-08-31,1,8,,,7,59,1,9,88,250,12,36,0,0,0,0,0,0,30,62,4,9,122,243,17,35
2026-09-01,2,9,,,6,60,1,9,87,251,12,36,0,0,29,1,0,0,29,63,4,9,121,244,17,35
2026-09-02,3,9,,,5,61,1,9,86,252,12,36,0,0,28,2,0,0,28,64,4,9,120,245,17,35
2026-09-03,4,9,,,4,62,1,9,85,253,12,36,0,0,27,3,0,0,27,65,4,9,119,246,17,35
2026-09-04,5,9,,,3,63,1,9,84,254,12,36,0,0,26,4,0,0,26,66,4,9,118,247,17,35
2026-09-07,1,9,Labor Day,closed,0,0,0,0,81,257,11,37,1,0,23,7,3,1,23,69,3,10,115,250,16,36
2026-09-08,2,9,,,79,1,0,0,80,258,11,37,0,0,22,8,3,1,22,70,3,10,114,251,16,36
2026-09-09,3,9,,,78,2,0,0,79,259,11,37,0,0,21,9,3,1,21,71,3,10,113,252,16,36
2026-09-10,4,9,,,77,3,0,0,78,260,11,37,0,0,20,10,3,1,20,72,3,10,112,253,16,36
2026-09-11,5,9,,,76,4,0,0,77,261,11,37,0,0,19,11,3,1,19,73,3,10,111,254,16,36
2026-09-14,1,9,,,73,7,10,1,74,264,10,38,0,0,16,14,2,2,16,76,2,11,108,257,15,37
2026-09-15,2,9,,,72,8,10,1,73,265,10,38,0,0,15,15,2,2,15,77,2,11,107,258,15,37
2026-09-16,3,9,,,71,9,10,1,72,266,10,38,0,0,14,16,2,2,14,78,2,11,106,259,15,37
2026-09-17,4,9,,,70,10,10,1,71,267,10,38,0,0,13,17,2,2,13,79,2,11,105,260,15,37
2026-09-18,5,9,,,69,11,10,1,70,268,10,38,0,0,12,18,2,2,12,80,2,11,104,261,15,37
2026-09-21,1,9,,,66,14,9,2,67,271,9,39,0,0,9,21,1,3,9,83,1,12,101,264,14,38
2026-09-22,2,9,,,65,15,9,2,66,272,9,39,0,0,8,22,1,3,8,84,1,12,100,265,14,38
2026-09-23,3,9,,,64,16,9,2,65,273,9,39,0,0,7,23,1,3,7,85,1,12,99,266,14,38
2026-09-24,4,9,,,63,17,9,2,64,274,9,39,0,0,6,24,1,3,6,86,1,12,98,267,14,38
2026-09-25,5,9,,,62,18,9,2,63,275,9,39,0,0,5,25,1,3,5,87,1,12,97,268,14,38
2026-09-28,1,9,,,59,21,8,3,60,278,8,40,0,0,2,28,0,0,2,90,0,0,94,271,13,39
2026-09-29,2,9,,,58,22,8,3,59,279,8,40,0,0,1,29,0,0,1,91,0,0,93,272,13,39
2026-09-30,3,9,,,57,23,8,3,58,280,8,40,0,0,0,0,0,0,0,0,0,0,92,273,13,39
2026-10-01,4,10,,,56,24,8,3,57,281,8,40,0,0,29,1,0,0,91,1,0,0,91,274,13,39
2026-10-02,5,10,,,55,25,8,3,56,282,8,40,0,0,28,2,0,0,90,2,0,0,90,275,13,39
2026-10-05,1,10,,,52,28,7,4,53,285,7,41,0,0,25,5,3,1,87,5,12,1,87,278,12,40
2026-10-06,2,10,,,51,29,7,4,52,286,7,41,0,0,24,6,3,1,86,6,12,1,86,279,12,40
2026-10-07,3,10,,,50,30,7,4,51,287,7,41,0,0,23,7,3,1,85,7,12,1,85,280,12,40
2026-10-08,4,10,,,49,31,7,4,50,288,7,41,0,0,22,8,3,1,84,8,12,1,84,281,12,40
2026-10-09,5,10,,,48,32,7,4,49,289,7,41,0,0,21,9,3,1,83,9,12,1,83,282,12,40
2026-10-12,1,10,,,45,35,6,5,46,292,6,42,0,0,18,12,2,2,80,12,11,2,80,285,11,41
2026-10-13,2,10,,,44,36,6,5,45,293,6,42,0,0,17,13,2,2,79,13,11,2,79,286,11,41
2026-10-14,3,10,,,43,37,6,5,44,294,6,42,0,0,16,14,2,2,78,14,11,2,78,287,11,41
2026-10-15,4,10,,,42,38,6,5,43,295,6,42,0,0,15,15,2,2,77,15,11,2,77,288,11,41
2026-10-16,5,10,,,41,39,6,5,42,296,6,42,0,0,14,16,2,2,76,16,11,2,76,289,11,41
2026-10-19,1,10,,,38,42,5,6,39,299,5,43,0,0,11,19,1,3,73,19,10,3,73,292,10,42
2026-10-20,2,10,,,37,43,5,6,38,300,5,43,0,0,10,20,1,3,72,20,10,3,72,293,10,42
2026-10-21,3,10,,,36,44,5,6,37,301,5,43,0,0,9,21,1,3,71,21,10,3,71,294,10,42
2026-10-22,4,10,,,35,45,5,6,36,302,5,43,0,0,8,22,1,3,70,22,10,3,70,295,10,42
2026-10-23,5,10,,,34,46,5,6,35,303,5,43,0,0,7,23,1,3,69,23,10,3,69,296,10,42
2026-10-26,1,10,,,31,49,4,7,32,306,4,44,0,0,4,26,0,0,66,26,9,4,66,299,9,43
2026-10-27,2,10,,,30,50,4,7,31,307,4,44,0,0,3,27,0,0,65,27,9,4,65,300,9,43
2026-10-28,3,10,,,29,51,4,7,30,308,4,44,0,0,2,28,0,0,64,28,9,4,64,301,9,43
2026-10-29,4,10,,,28,52,4,7,29,309,4,44,0,0,1,29,0,0,63,29,9,4,63,302,9,43
2026-10-30,5,10,,,27,53,4,7,28,310,4,44,0,0,0,0,0,0,62,30,9,4,62,303,9,43
2026-11-02,1,11,,,24,56,3,8,25,313,3,45,0,0,28,3,4,1,59,33,8,5,59,306,8,44
2026-11-03,2,11,,,23,57,3,8,24,314,3,45,0,0,27,4,4,1,58,34,8,5,58,307,8,44
2026-11-04,3,11,,,22,58,3,8,23,315,3,45,0,0,26,5,4,1,57,35,8,5,57,308,8,44
2026-11-05,4,11,,,21,59,3,8,22,316,3,45,0,0,25,6,4,1,56,36,8,5,56,309,8,44
2026-11-06,5,11,,,20,60,3,8,21,317,3,45,0,0,24,7,4,1,55,37,8,5,55,310,8,44
2026-11-09,1,11,,,17,63,2,9,18,320,2,46,0,0,21,10,3,2,52,40,7,6,52,313,7,45
2026-11-10,2,11,,,16,64,2,9,17,321,2,46,0,0,20,11,3,2,51,41,7,6,51,314,7,45
2026-11-11,3,11,,,15,65,2,9,16,322,2,46,0,0,19,12,3,2,50,42,7,6,50,315,7,45
2026-11-12,4,11,,,14,66,2,9,15,323,2,46,0,0,18,13,3,2,49,43,7,6,49,316,7,45
2026-11-13,5,11,,,13,67,2,9,14,324,2,46,0,0,17,14,3,2,48,44,7,6,48,317,7,45
2026-11-16,1,11,,,10,70,1,10,11,327,1,47,0,0,14,17,2,3,45,47,6,7,45,320,6,46
2026-11-17,2,11,,,9,71,1,10,10,328,1,47,0,0,13,18,2,3,44,48,6,7,44,321,6,46
2026-11-18,3,11,,,8,72,1,10,9,329,1,47,0,0,12,19,2,3,43,49,6,7,43,322,6,46
2026-11-19,4,11,,,7,73,1,10,8,330,1,47,0,0,11,20,2,3,42,50,6,7,42,323,6,46
2026-11-20,5,11,,,6,74,1,10,7,331,1,47,0,0,10,21,2,3,41,51,6,7,41,324,6,46
2026-11-23,1,11,,,3,77,0,0,4,334,0,0,0,0,7,24,1,4,38,54,5,8,38,327,5,47
2026-11-24,2,11,,,2,78,0,0,3,335,0,0,0,0,6,25,1,4,37,55,5,8,37,328,5,47
2026-11-25,3,11,,,1,79,0,0,2,336,0,0,0,0,5,26,1,4,36,56,5,8,36,329,5,47
2026-11-26,4,11,Thanksgiving Day,closed,0,0,0,0,1,337,0,0,1,0,4,27,1,4,35,57,5,8,35,330,5,47
2026-11-27,5,11,Thanksgiving Early Close,early_close,28,1,0,0,0,0,0,0,0,1,3,28,1,4,34,58,5,8,34,331,5,47
2026-11-30,1,11,,,25,4,3,1,24,3,3,1,0,0,0,0,0,0,31,61,4,9,31,334,4,48
2026-12-01,2,12,,,24,5,3,1,23,4,3,1,0,0,30,1,0,0,30,62,4,9,30,335,4,48
2026-12-02,3,12,,,23,6,3,1,22,5,3,1,0,0,29,2,0,0,29,63,4,9,29,336,4,48
2026-12-03,4,12,,,22,7,3,1,21,6,3,1,0,0,28,3,0,0,28,64,4,9,28,337,4,48
2026-12-04,5,12,,,21,8,3,1,20,7,3,1,0,0,27,4,0,0,27,65,4,9,27,338,4,48
2026-12-07,1,12,,,18,11,2,2,17,10,2,2,0,0,24,7,3,1,24,68,3,10,24,341,3,49
2026-12-08,2,12,,,17,12,2,2,16,11,2,2,0,0,23,8,3,1,23,69,3,10,23,342,3,49
2026-12-09,3,12,,,16,13,2,2,15,12,2,2,0,0,22,9,3,1,22,70,3,10,22,343,3,49
2026-12-10,4,12,,,15,14,2,2,14,13,2,2,0,0,21,10,3,1,21,71,3,10,21,344,3,49
2026-12-11,5,12,,,14,15,2,2,13,14,2,2,0,0,20,11,3,1,20,72,3,10,20,345,3,49
2026-12-14,1,12,,,11,18,1,3,10,17,1,3,0,0,17,14,2,2,17,75,2,11,17,348,2,50
2026-12-15,2,12,,,10,19,1,3,9,18,1,3,0,0,16,15,2,2,16,76,2,11,16,349,2,50
2026-12-16,3,12,,,9,20,1,3,8,19,1,3,0,0,15,16,2,2,15,77,2,11,15,350,2,50
2026-12-17,4,12,,,8,21,1,3,7,20,1,3,0,0,14,17,2,2,14,78,2,11,14,351,2,50
2026-12-18,5,12,,,7,22,1,3,6,21,1,3,0,0,13,18,2,2,13,79,2,11,13,352,2,50
2026-12-21,1,12,,,4,25,0,0,3,24,0,0,0,0,10,21,1,3,10,82,1,12,10,355,1,51
2026-12-22,2,12,,,3,26,0,0,2,25,0,0,0,0,9,22,1,3,9,83,1,12,9,356,1,51
2026-12-23,3,12,,,2,27,0,0,1,26,0,0,0,0,8,23,1,3,8,84,1,12,8,357,1,51
2026-12-24,4,12,Christmas Early Close,early_close,1,28,0,0,0,0,0,0,0,1,7,24,1,3,7,85,1,12,7,358,1,51
2026-12-25,5,12,Christmas Day,closed,0,0,0,0,,1,0,0,1,0,6,25,1,3,6,86,1,12,6,359,1,51
2026-12-28,1,12,,,,3,,1,,4,,1,0,0,3,28,0,0,3,89,0,0,3,362,0,0
2026-12-29,2,12,,,,4,,1,,5,,1,0,0,2,29,0,0,2,90,0,0,2,363,0,0
2026-12-30,3,12,,,,5,,1,,6,,1,0,0,1,30,0,0,1,91,0,0,1,364,0,0
2026-12-31,4,12,,,,6,,1,,7,,1,0,0,0,0,0,0,0,0,0,0,0,0,0,0
