date,day_of_week,is_trading_day,exchange_holiday,standard_monthly,equity_standard_monthly,weekly_equity_friday,spx_monthly_am,am_settled_index_last_trade,spx_weekly_pm,spx_weekly_mwf,spx_weekly_tuesday,spx_weekly_thursday,spx_weekly_daily,spx_0dte_any,spx_eom_pm,eom,spx_quarterly_pm,quarterly,vix_standard,vix_weekly,holiday_adjusted,spy_0dte_informational,qqq_0dte_informational,double_spx_expiration_day,spx_am_pm_overlap_day,all_0dte_complex_day,has_any_core_expiration,total_expirations_equal,total_expirations_weighted,core_expiration_cluster_5d,days_to_next_standard_monthly,days_since_prev_standard_monthly,days_to_next_vix_standard,days_to_next_spx_am_pm_overlap,opex_days_to_monthly,opex_days_from_monthly,opex_weeks_to_monthly,opex_weeks_from_monthly,opex_days_to_triple_witching,opex_days_from_triple_witching,opex_weeks_to_triple_witching,opex_weeks_from_triple_witching,opex_days_to_quarterly,opex_days_from_quarterly,opex_weeks_to_quarterly,opex_weeks_from_quarterly,opex_days_to_vix_monthly,opex_days_from_vix_monthly,opex_weeks_to_vix_monthly,opex_weeks_from_vix_monthly
2018-01-01,Mon,False,True,0,0,0,0,0,0,0,0,0,0,0,0,0,0,0,0,0,0,0,0,0,0,0,0,0,0.0,0.0,18.0,,16.0,18.0,18.0,,2.0,,74.0,,10.0,,87,,12,,16.0,,2.0,
2018-01-02,Tue,True,False,0,0,0,0,0,0,0,0,0,0,0,0,0,0,0,0,0,0,0,0,0,0,0,0,0,0.0,0.0,17.0,,15.0,17.0,17.0,,2.0,,73.0,,10.0,,86,,12,,15.0,,2.0,
2018-01-03,Wed,True,False,0,0,0,0,0,1,1,0,0,0,1,0,0,0,0,0,1,0,1,1,0,0,1,1,2,2.5,2.5,16.0,,14.0,16.0,16.0,,2.0,,72.0,,10.0,,85,,12,,14.0,,2.0,
2018-01-04,Thu,True,False,0,0,0,0,0,0,0,0,0,0,0,0,0,0,0,0,0,0,0,0,0,0,0,0,0,0.0,2.5,15.0,,13.0,15.0,15.0,,2.0,,71.0,,10.0,,84,,12,,13.0,,2.0,
2018-01-05,Fri,True,False,0,0,1,0,0,1,1,0,0,0,1,0,0,0,0,0,0,0,1,1,0,0,1,1,2,3.0,5.5,14.0,,12.0,14.0,14.0,,2.0,,70.0,,10.0,,83,,12,,12.0,,2.0,
2018-01-06,Sat,False,False,0,0,0,0,0,0,0,0,0,0,0,0,0,0,0,0,0,0,0,0,0,0,0,0,0,0.0,5.5,13.0,,11.0,13.0,13.0,,2.0,,69.0,,10.0,,82,,12,,11.0,,2.0,
2018-01-07,Sun,False,False,0,0,0,0,0,0,0,0,0,0,0,0,0,0,0,0,0,0,0,0,0,0,0,0,0,0.0,5.5,12.0,,10.0,12.0,12.0,,2.0,,68.0,,10.0,,81,,12,,10.0,,2.0,
2018-01-08,Mon,True,False,0,0,0,0,0,1,1,0,0,0,1,0,0,0,0,0,0,0,0,0,0,0,0,1,1,2.0,7.5,11.0,,9.0,11.0,11.0,,1.0,,67.0,,9.0,,80,,11,,9.0,,1.0,
2018-01-09,Tue,True,False,0,0,0,0,0,0,0,0,0,0,0,0,0,0,0,0,0,0,0,0,0,0,0,0,0,0.0,7.5,10.0,,8.0,10.0,10.0,,1.0,,66.0,,9.0,,79,,11,,8.0,,1.0,
2018-01-10,Wed,True,False,0,0,0,0,0,1,1,0,0,0,1,0,0,0,0,0,1,0,1,1,0,0,1,1,2,2.5,7.5,9.0,,7.0,9.0,9.0,,1.0,,65.0,,9.0,,78,,11,,7.0,,1.0,
2018-01-11,Thu,True,False,0,0,0,0,0,0,0,0,0,0,0,0,0,0,0,0,0,0,0,0,0,0,0,0,0,0.0,7.5,8.0,,6.0,8.0,8.0,,1.0,,64.0,,9.0,,77,,11,,6.0,,1.0,
2018-01-12,Fri,True,False,0,0,1,0,0,1,1,0,0,0,1,0,0,0,0,0,0,0,1,1,0,0,1,1,2,3.0,7.5,7.0,,5.0,7.0,7.0,,1.0,,63.0,,9.0,,76,,11,,5.0,,1.0,
2018-01-13,Sat,False,False,0,0,0,0,0,0,0,0,0,0,0,0,0,0,0,0,0,0,0,0,0,0,0,0,0,0.0,7.5,6.0,,4.0,6.0,6.0,,1.0,,62.0,,9.0,,75,,11,,4.0,,1.0,
2018-01-14,Sun,False,False,0,0,0,0,0,0,0,0,0,0,0,0,0,0,0,0,0,0,0,0,0,0,0,0,0,0.0,7.5,5.0,,3.0,5.0,5.0,,1.0,,61.0,,9.0,,74,,11,,3.0,,1.0,
2018-01-15,Mon,False,True,0,0,0,0,0,0,0,0,0,0,0,0,0,0,0,0,0,0,0,0,0,0,0,0,0,0.0,7.5,4.0,,2.0,4.0,4.0,,0.0,0.0,60.0,,8.0,,73,,10,,2.0,,0.0,0.0
2018-01-16,Tue,True,False,0,0,0,0,0,0,0,0,0,0,0,0,0,0,0,0,0,0,0,0,0,0,0,0,0,0.0,5.5,3.0,,1.0,3.0,3.0,,0.0,0.0,59.0,,8.0,,72,,10,,1.0,,0.0,0.0
2018-01-17,Wed,True,False,0,0,0,0,0,1,1,0,0,0,1,0,0,0,0,1,0,0,1,1,0,0,1,1,2,3.5,9.0,2.0,,0.0,2.0,2.0,,0.0,0.0,58.0,,8.0,,71,,10,,0.0,0.0,0.0,0.0
2018-01-18,Thu,True,False,0,0,0,0,0,0,0,0,0,0,0,0,0,0,0,0,0,0,0,0,0,0,0,0,0,0.0,6.5,1.0,,27.0,1.0,1.0,,0.0,0.0,57.0,,8.0,,70,,10,,27.0,1.0,0.0,0.0
2018-01-19,Fri,True,False,1,1,0,1,1,1,1,0,0,0,1,0,0,0,0,0,0,0,1,1,1,1,1,1,3,7.0,13.5,0.0,0.0,26.0,0.0,0.0,0.0,0.0,0.0,56.0,,8.0,,69,,10,,26.0,2.0,0.0,0.0
2018-01-20,Sat,False,False,0,0,0,0,0,0,0,0,0,0,0,0,0,0,0,0,0,0,0,0,0,0,0,0,0,0.0,13.5,27.0,1.0,25.0,27.0,27.0,1.0,0.0,0.0,55.0,,8.0,,68,,10,,25.0,3.0,0.0,0.0
2018-01-21,Sun,False,False,0,0,0,0,0,0,0,0,0,0,0,0,0,0,0,0,0,0,0,0,0,0,0,0,0,0.0,13.5,26.0,2.0,24.0,26.0,26.0,2.0,0.0,0.0,54.0,,8.0,,67,,10,,24.0,4.0,0.0,0.0
2018-01-22,Mon,True,False,0,0,0,0,0,1,1,0,0,0,1,0,0,0,0,0,0,0,0,0,0,0,0,1,1,2.0,12.5,25.0,3.0,23.0,25.0,25.0,3.0,3.0,1.0,53.0,,7.0,,66,,9,,23.0,5.0,3.0,1.0
2018-01-23,Tue,True,False,0,0,0,0,0,0,0,0,0,0,0,0,0,0,0,0,0,0,0,0,0,0,0,0,0,0.0,12.5,24.0,4.0,22.0,24.0,24.0,4.0,3.0,1.0,52.0,,7.0,,65,,9,,22.0,6.0,3.0,1.0
2018-01-24,Wed,True,False,0,0,0,0,0,1,1,0,0,0,1,0,0,0,0,0,1,0,1,1,0,0,1,1,2,2.5,11.5,23.0,5.0,21.0,23.0,23.0,5.0,3.0,1.0,51.0,,7.0,,64,,9,,21.0,7.0,3.0,1.0
2018-01-25,Thu,True,False,0,0,0,0,0,0,0,0,0,0,0,0,0,0,0,0,0,0,0,0,0,0,0,0,0,0.0,11.5,22.0,6.0,20.0,22.0,22.0,6.0,3.0,1.0,50.0,,7.0,,63,,9,,20.0,8.0,3.0,1.0
2018-01-26,Fri,True,False,0,0,1,0,0,1,1,0,0,0,1,0,0,0,0,0,0,0,1,1,0,0,1,1,2,3.0,7.5,21.0,7.0,19.0,21.0,21.0,7.0,3.0,1.0,49.0,,7.0,,62,,9,,19.0,9.0,3.0,1.0
2018-01-27,Sat,False,False,0,0,0,0,0,0,0,0,0,0,0,0,0,0,0,0,0,0,0,0,0,0,0,0,0,0.0,7.5,20.0,8.0,18.0,20.0,20.0,8.0,3.0,1.0,48.0,,7.0,,61,,9,,18.0,10.0,3.0,1.0
2018-01-28,Sun,False,False,0,0,0,0,0,0,0,0,0,0,0,0,0,0,0,0,0,0,0,0,0,0,0,0,0,0.0,7.5,19.0,9.0,17.0,19.0,19.0,9.0,3.0,1.0,47.0,,7.0,,60,,9,,17.0,11.0,3.0,1.0
2018-01-29,Mon,True,False,0,0,0,0,0,1,1,0,0,0,1,0,0,0,0,0,0,0,0,0,0,0,0,1,1,2.0,7.5,18.0,10.0,16.0,18.0,18.0,10.0,2.0,2.0,46.0,,6.0,,59,,8,,16.0,12.0,2.0,2.0
2018-01-30,Tue,True,False,0,0,0,0,0,0,0,0,0,0,0,0,0,0,0,0,0,0,0,0,0,0,0,0,0,0.0,7.5,17.0,11.0,15.0,17.0,17.0,11.0,2.0,2.0,45.0,,6.0,,58,,8,,15.0,13.0,2.0,2.0
2018-01-31,Wed,True,False,0,0,0,0,0,0,0,0,0,0,0,1,1,0,0,0,1,0,1,1,0,0,0,1,2,2.5,7.5,16.0,12.0,14.0,16.0,16.0,12.0,2.0,2.0,44.0,,6.0,,57,,8,,14.0,14.0,2.0,2.0
2018-02-01,Thu,True,False,0,0,0,0,0,0,0,0,0,0,0,0,0,0,0,0,0,0,0,0,0,0,0,0,0,0.0,7.5,15.0,13.0,13.0,15.0,15.0,13.0,2.0,2.0,43.0,,6.0,,56,,8,,13.0,15.0,2.0,2.0
2018-02-02,Fri,True,False,0,0,1,0,0,1,1,0,0,0,1,0,0,0,0,0,0,0,1,1,0,0,1,1,2,3.0,7.5,14.0,14.0,12.0,14.0,14.0,14.0,2.0,2.0,42.0,,6.0,,55,,8,,12.0,16.0,2.0,2.0
2018-02-03,Sat,False,False,0,0,0,0,0,0,0,0,0,0,0,0,0,0,0,0,0,0,0,0,0,0,0,0,0,0.0,7.5,13.0,15.0,11.0,13.0,13.0,15.0,2.0,2.0,41.0,,6.0,,54,,8,,11.0,17.0,2.0,2.0
2018-02-04,Sun,False,False,0,0,0,0,0,0,0,0,0,0,0,0,0,0,0,0,0,0,0,0,0,0,0,0,0,0.0,7.5,12.0,16.0,10.0,12.0,12.0,16.0,2.0,2.0,40.0,,6.0,,53,,8,,10.0,18.0,2.0,2.0
2018-02-05,Mon,True,False,0,0,0,0,0,1,1,0,0,0,1,0,0,0,0,0,0,0,0,0,0,0,0,1,1,2.0,7.5,11.0,17.0,9.0,11.0,11.0,17.0,1.0,3.0,39.0,,5.0,,52,,7,,9.0,19.0,1.0,3.0
2018-02-06,Tue,True,False,0,0,0,0,0,0,0,0,0,0,0,0,0,0,0,0,0,0,0,0,0,0,0,0,0,0.0,7.5,10.0,18.0,8.0,10.0,10.0,18.0,1.0,3.0,38.0,,5.0,,51,,7,,8.0,20.0,1.0,3.0
2018-02-07,Wed,True,False,0,0,0,0,0,1,1,0,0,0,1,0,0,0,0,0,1,0,1,1,0,0,1,1,2,2.5,7.5,9.0,19.0,7.0,9.0,9.0,19.0,1.0,3.0,37.0,,5.0,,50,,7,,7.0,21.0,1.0,3.0
2018-02-08,Thu,True,False,0,0,0,0,0,0,0,0,0,0,0,0,0,0,0,0,0,0,0,0,0,0,0,0,0,0.0,7.5,8.0,20.0,6.0,8.0,8.0,20.0,1.0,3.0,36.0,,5.0,,49,,7,,6.0,22.0,1.0,3.0
2018-02-09,Fri,True,False,0,0,1,0,0,1,1,0,0,0,1,0,0,0,0,0,0,0,1,1,0,0,1,1,2,3.0,7.5,7.0,21.0,5.0,7.0,7.0,21.0,1.0,3.0,35.0,,5.0,,48,,7,,5.0,23.0,1.0,3.0
2018-02-10,Sat,False,False,0,0,0,0,0,0,0,0,0,0,0,0,0,0,0,0,0,0,0,0,0,0,0,0,0,0.0,7.5,6.0,22.0,4.0,6.0,6.0,22.0,1.0,3.0,34.0,,5.0,,47,,7,,4.0,24.0,1.0,3.0
2018-02-11,Sun,False,False,0,0,0,0,0,0,0,0,0,0,0,0,0,0,0,0,0,0,0,0,0,0,0,0,0,0.0,7.5,5.0,23.0,3.0,5.0,5.0,23.0,1.0,3.0,33.0,,5.0,,46,,7,,3.0,25.0,1.0,3.0
2018-02-12,Mon,True,False,0,0,0,0,0,1,1,0,0,0,1,0,0,0,0,0,0,0,0,0,0,0,0,1,1,2.0,7.5,4.0,24.0,2.0,4.0,4.0,24.0,0.0,0.0,32.0,,4.0,,45,,6,,2.0,26.0,0.0,0.0
2018-02-13,Tue,True,False,0,0,0,0,0,0,0,0,0,0,0,0,0,0,0,0,0,0,0,0,0,0,0,0,0,0.0,7.5,3.0,25.0,1.0,3.0,3.0,25.0,0.0,0.0,31.0,,4.0,,44,,6,,1.0,27.0,0.0,0.0
2018-02-14,Wed,True,False,0,0,0,0,0,1,1,0,0,0,1,0,0,0,0,1,0,0,1,1,0,0,1,1,2,3.5,8.5,2.0,26.0,0.0,2.0,2.0,26.0,0.0,0.0,30.0,,4.0,,43,,6,,0.0,0.0,0.0,0.0
2018-02-15,Thu,True,False,0,0,0,0,0,0,0,0,0,0,0,0,0,0,0,0,0,0,0,0,0,0,0,0,0,0.0,8.5,1.0,27.0,34.0,1.0,1.0,27.0,0.0,0.0,29.0,,4.0,,42,,6,,34.0,1.0,0.0,0.0
2018-02-16,Fri,True,False,1,1,0,1,1,1,1,0,0,0,1,0,0,0,0,0,0,0,1,1,1,1,1,1,3,7.0,12.5,0.0,0.0,33.0,0.0,0.0,0.0,0.0,0.0,28.0,,4.0,,41,,6,,33.0,2.0,0.0,0.0
2018-02-17,Sat,False,False,0,0,0,0,0,0,0,0,0,0,0,0,0,0,0,0,0,0,0,0,0,0,0,0,0,0.0,12.5,27.0,1.0,32.0,27.0,27.0,1.0,0.0,0.0,27.0,,4.0,,40,,6,,32.0,3.0,0.0,0.0
2018-02-18,Sun,False,False,0,0,0,0,0,0,0,0,0,0,0,0,0,0,0,0,0,0,0,0,0,0,0,0,0,0.0,12.5,26.0,2.0,31.0,26.0,26.0,2.0,0.0,0.0,26.0,,4.0,,39,,6,,31.0,4.0,0.0,0.0
2018-02-19,Mon,False,True,0,0,0,0,0,0,0,0,0,0,0,0,0,0,0,0,0,0,0,0,0,0,0,0,0,0.0,12.5,25.0,3.0,30.0,25.0,25.0,3.0,3.0,1.0,25.0,,3.0,,38,,5,,30.0,5.0,4.0,1.0
2018-02-20,Tue,True,False,0,0,0,0,0,0,0,0,0,0,0,0,0,0,0,0,0,0,0,0,0,0,0,0,0,0.0,10.5,24.0,4.0,29.0,24.0,24.0,4.0,3.0,1.0,24.0,,3.0,,37,,5,,29.0,6.0,4.0,1.0
2018-02-21,Wed,True,False,0,0,0,0,0,1,1,0,0,0,1,0,0,0,0,0,1,0,1,1,0,0,1,1,2,2.5,13.0,23.0,5.0,28.0,23.0,23.0,5.0,3.0,1.0,23.0,,3.0,,36,,5,,28.0,7.0,4.0,1.0
2018-02-22,Thu,True,False,0,0,0,0,0,0,0,0,0,0,0,0,0,0,0,0,0,0,0,0,0,0,0,0,0,0.0,9.5,22.0,6.0,27.0,22.0,22.0,6.0,3.0,1.0,22.0,,3.0,,35,,5,,27.0,8.0,4.0,1.0
2018-02-23,Fri,True,False,0,0,1,0,0,1,1,0,0,0,1,0,0,0,0,0,0,0,1,1,0,0,1,1,2,3.0,12.5,21.0,7.0,26.0,21.0,21.0,7.0,3.0,1.0,21.0,,3.0,,34,,5,,26.0,9.0,4.0,1.0
2018-02-24,Sat,False,False,0,0,0,0,0,0,0,0,0,0,0,0,0,0,0,0,0,0,0,0,0,0,0,0,0,0.0,12.5,20.0,8.0,25.0,20.0,20.0,8.0,3.0,1.0,20.0,,3.0,,33,,5,,25.0,10.0,4.0,1.0
2018-02-25,Sun,False,False,0,0,0,0,0,0,0,0,0,0,0,0,0,0,0,0,0,0,0,0,0,0,0,0,0,0.0,12.5,19.0,9.0,24.0,19.0,19.0,9.0,3.0,1.0,19.0,,3.0,,32,,5,,24.0,11.0,4.0,1.0
2018-02-26,Mon,True,False,0,0,0,0,0,1,1,0,0,0,1,0,0,0,0,0,0,0,1,1,0,0,1,1,1,2.0,7.5,18.0,10.0,23.0,18.0,18.0,10.0,2.0,2.0,18.0,,2.0,,31,,4,,23.0,12.0,3.0,2.0
2018-02-27,Tue,True,False,0,0,0,0,0,0,0,0,0,0,0,0,0,0,0,0,0,0,0,0,0,0,0,0,0,0.0,7.5,17.0,11.0,22.0,17.0,17.0,11.0,2.0,2.0,17.0,,2.0,,30,,4,,22.0,13.0,3.0,2.0
2018-02-28,Wed,True,False,0,0,0,0,0,0,0,0,0,0,0,1,1,0,0,0,1,0,1,1,0,0,0,1,2,2.5,7.5,16.0,12.0,21.0,16.0,16.0,12.0,2.0,2.0,16.0,,2.0,,29,,4,,21.0,14.0,3.0,2.0
2018-03-01,Thu,True,False,0,0,0,0,0,0,0,0,0,0,0,0,0,0,0,0,0,0,0,0,0,0,0,0,0,0.0,7.5,15.0,13.0,20.0,15.0,15.0,13.0,2.0,2.0,15.0,,2.0,,28,,4,,20.0,15.0,3.0,2.0
2018-03-02,Fri,True,False,0,0,1,0,0,1,1,0,0,0,1,0,0,0,0,0,0,0,1,1,0,0,1,1,2,3.0,7.5,14.0,14.0,19.0,14.0,14.0,14.0,2.0,2.0,14.0,,2.0,,27,,4,,19.0,16.0,3.0,2.0
2018-03-03,Sat,False,False,0,0,0,0,0,0,0,0,0,0,0,0,0,0,0,0,0,0,0,0,0,0,0,0,0,0.0,7.5,13.0,15.0,18.0,13.0,13.0,15.0,2.0,2.0,13.0,,2.0,,26,,4,,18.0,17.0,3.0,2.0
2018-03-04,Sun,False,False,0,0,0,0,0,0,0,0,0,0,0,0,0,0,0,0,0,0,0,0,0,0,0,0,0,0.0,7.5,12.0,16.0,17.0,12.0,12.0,16.0,2.0,2.0,12.0,,2.0,,25,,4,,17.0,18.0,3.0,2.0
2018-03-05,Mon,True,False,0,0,0,0,0,1,1,0,0,0,1,0,0,0,0,0,0,0,1,1,0,0,1,1,1,2.0,7.5,11.0,17.0,16.0,11.0,11.0,17.0,1.0,3.0,11.0,,1.0,,24,,3,,16.0,19.0,2.0,3.0
2018-03-06,Tue,True,False,0,0,0,0,0,0,0,0,0,0,0,0,0,0,0,0,0,0,0,0,0,0,0,0,0,0.0,7.5,10.0,18.0,15.0,10.0,10.0,18.0,1.0,3.0,10.0,,1.0,,23,,3,,15.0,20.0,2.0,3.0
2018-03-07,Wed,True,False,0,0,0,0,0,1,1,0,0,0,1,0,0,0,0,0,1,0,1,1,0,0,1,1,2,2.5,7.5,9.0,19.0,14.0,9.0,9.0,19.0,1.0,3.0,9.0,,1.0,,22,,3,,14.0,21.0,2.0,3.0
2018-03-08,Thu,True,False,0,0,0,0,0,0,0,0,0,0,0,0,0,0,0,0,0,0,0,0,0,0,0,0,0,0.0,7.5,8.0,20.0,13.0,8.0,8.0,20.0,1.0,3.0,8.0,,1.0,,21,,3,,13.0,22.0,2.0,3.0
2018-03-09,Fri,True,False,0,0,1,0,0,1,1,0,0,0,1,0,0,0,0,0,0,0,1,1,0,0,1,1,2,3.0,7.5,7.0,21.0,12.0,7.0,7.0,21.0,1.0,3.0,7.0,,1.0,,20,,3,,12.0,23.0,2.0,3.0
2018-03-10,Sat,False,False,0,0,0,0,0,0,0,0,0,0,0,0,0,0,0,0,0,0,0,0,0,0,0,0,0,0.0,7.5,6.0,22.0,11.0,6.0,6.0,22.0,1.0,3.0,6.0,,1.0,,19,,3,,11.0,24.0,2.0,3.0
2018-03-11,Sun,False,False,0,0,0,0,0,0,0,0,0,0,0,0,0,0,0,0,0,0,0,0,0,0,0,0,0,0.0,7.5,5.0,23.0,10.0,5.0,5.0,23.0,1.0,3.0,5.0,,1.0,,18,,3,,10.0,25.0,2.0,3.0
2018-03-12,Mon,True,False,0,0,0,0,0,1,1,0,0,0,1,0,0,0,0,0,0,0,1,1,0,0,1,1,1,2.0,7.5,4.0,24.0,9.0,4.0,4.0,24.0,0.0,0.0,4.0,,0.0,0.0,17,,2,,9.0,26.0,1.0,4.0
2018-03-13,Tue,True,False,0,0,0,0,0,0,0,0,0,0,0,0,0,0,0,0,0,0,0,0,0,0,0,0,0,0.0,7.5,3.0,25.0,8.0,3.0,3.0,25.0,0.0,0.0,3.0,,0.0,0.0,16,,2,,8.0,27.0,1.0,4.0
2018-03-14,Wed,True,False,0,0,0,0,0,1,1,0,0,0,1,0,0,0,0,0,1,0,1,1,0,0,1,1,2,2.5,7.5,2.0,26.0,7.0,2.0,2.0,26.0,0.0,0.0,2.0,,0.0,0.0,15,,2,,7.0,28.0,1.0,4.0
2018-03-15,Thu,True,False,0,0,0,0,0,0,0,0,0,0,0,0,0,0,0,0,0,0,0,0,0,0,0,0,0,0.0,7.5,1.0,27.0,6.0,1.0,1.0,27.0,0.0,0.0,1.0,,0.0,0.0,14,,2,,6.0,29.0,1.0,4.0
2018-03-16,Fri,True,False,1,1,0,1,1,1,1,0,0,0,1,0,0,0,0,0,0,0,1,1,1,1,1,1,3,7.0,11.5,0.0,0.0,5.0,0.0,0.0,0.0,0.0,0.0,0.0,0.0,0.0,0.0,13,,2,,5.0,30.0,1.0,4.0
2018-03-17,Sat,False,False,0,0,0,0,0,0,0,0,0,0,0,0,0,0,0,0,0,0,0,0,0,0,0,0,0,0.0,11.5,34.0,1.0,4.0,34.0,34.0,1.0,0.0,0.0,90.0,1.0,0.0,0.0,12,,2,,4.0,31.0,1.0,4.0
2018-03-18,Sun,False,False,0,0,0,0,0,0,0,0,0,0,0,0,0,0,0,0,0,0,0,0,0,0,0,0,0,0.0,11.5,33.0,2.0,3.0,33.0,33.0,2.0,0.0,0.0,89.0,2.0,0.0,0.0,11,,2,,3.0,32.0,1.0,4.0
2018-03-19,Mon,True,False,0,0,0,0,0,1,1,0,0,0,1,0,0,0,0,0,0,0,1,1,0,0,1,1,1,2.0,11.5,32.0,3.0,2.0,32.0,32.0,3.0,4.0,1.0,88.0,3.0,12.0,1.0,10,,1,,2.0,33.0,0.0,0.0
2018-03-20,Tue,True,False,0,0,0,0,0,0,0,0,0,0,0,0,0,0,0,0,0,0,0,0,0,0,0,0,0,0.0,11.5,31.0,4.0,1.0,31.0,31.0,4.0,4.0,1.0,87.0,4.0,12.0,1.0,9,,1,,1.0,34.0,0.0,0.0
2018-03-21,Wed,True,False,0,0,0,0,0,1,1,0,0,0,1,0,0,0,0,1,0,0,1,1,0,0,1,1,2,3.5,12.5,30.0,5.0,0.0,30.0,30.0,5.0,4.0,1.0,86.0,5.0,12.0,1.0,8,,1,,0.0,0.0,0.0,0.0
2018-03-22,Thu,True,False,0,0,0,0,0,0,0,0,0,0,0,0,0,0,0,0,0,0,0,0,0,0,0,0,0,0.0,12.5,29.0,6.0,27.0,29.0,29.0,6.0,4.0,1.0,85.0,6.0,12.0,1.0,7,,1,,27.0,1.0,0.0,0.0
2018-03-23,Fri,True,False,0,0,1,0,0,1,1,0,0,0,1,0,0,0,0,0,0,0,1,1,0,0,1,1,2,3.0,8.5,28.0,7.0,26.0,28.0,28.0,7.0,4.0,1.0,84.0,7.0,12.0,1.0,6,,1,,26.0,2.0,0.0,0.0
2018-03-24,Sat,False,False,0,0,0,0,0,0,0,0,0,0,0,0,0,0,0,0,0,0,0,0,0,0,0,0,0,0.0,8.5,27.0,8.0,25.0,27.0,27.0,8.0,4.0,1.0,83.0,8.0,12.0,1.0,5,,1,,25.0,3.0,0.0,0.0
2018-03-25,Sun,False,False,0,0,0,0,0,0,0,0,0,0,0,0,0,0,0,0,0,0,0,0,0,0,0,0,0,0.0,8.5,26.0,9.0,24.0,26.0,26.0,9.0,4.0,1.0,82.0,9.0,12.0,1.0,4,,1,,24.0,4.0,0.0,0.0
2018-03-26,Mon,True,False,0,0,0,0,0,1,1,0,0,0,1,0,0,0,0,0,0,0,1,1,0,0,1,1,1,2.0,8.5,25.0,10.0,23.0,25.0,25.0,10.0,3.0,2.0,81.0,10.0,11.0,2.0,3,,0,0,23.0,5.0,3.0,1.0
2018-03-27,Tue,True,False,0,0,0,0,0,0,0,0,0,0,0,0,0,0,0,0,0,0,0,0,0,0,0,0,0,0.0,8.5,24.0,11.0,22.0,24.0,24.0,11.0,3.0,2.0,80.0,11.0,11.0,2.0,2,,0,0,22.0,6.0,3.0,1.0
2018-03-28,Wed,True,False,0,0,0,0,0,1,1,0,0,0,1,0,0,0,0,0,1,0,1,1,0,0,1,1,2,2.5,7.5,23.0,12.0,21.0,23.0,23.0,12.0,3.0,2.0,79.0,12.0,11.0,2.0,1,,0,0,21.0,7.0,3.0,1.0
2018-03-29,Thu,True,False,0,0,0,0,0,0,0,0,0,0,0,1,1,1,1,0,0,1,0,0,0,0,0,1,3,5.0,12.5,22.0,13.0,20.0,22.0,22.0,13.0,3.0,2.0,78.0,13.0,11.0,2.0,0,0,0,0,20.0,8.0,3.0,1.0
2018-03-30,Fri,False,True,0,0,0,0,0,0,0,0,0,0,0,0,0,0,0,0,0,0,0,0,0,0,0,0,0,0.0,12.5,21.0,14.0,19.0,21.0,21.0,14.0,3.0,2.0,77.0,14.0,11.0,2.0,91,1,0,0,19.0,9.0,3.0,1.0
2018-03-31,Sat,False,False,0,0,0,0,0,0,0,0,0,0,0,0,0,0,0,0,0,0,0,0,0,0,0,0,0,0.0,12.5,20.0,15.0,18.0,20.0,20.0,15.0,3.0,2.0,76.0,15.0,11.0,2.0,90,2,0,0,18.0,10.0,3.0,1.0
2018-04-01,Sun,False,False,0,0,0,0,0,0,0,0,0,0,0,0,0,0,0,0,0,0,0,0,0,0,0,0,0,0.0,12.5,19.0,16.0,17.0,19.0,19.0,16.0,3.0,2.0,75.0,16.0,11.0,2.0,89,3,0,0,17.0,11.0,3.0,1.0
2018-04-02,Mon,True,False,0,0,0,0,0,1,1,0,0,0,1,0,0,0,0,0,0,0,1,1,0,0,1,1,1,2.0,11.5,18.0,17.0,16.0,18.0,18.0,17.0,2.0,3.0,74.0,17.0,10.0,3.0,88,4,12,1,16.0,12.0,2.0,2.0
2018-04-03,Tue,True,False,0,0,0,0,0,0,0,0,0,0,0,0,0,0,0,0,0,0,0,0,0,0,0,0,0,0.0,9.5,17.0,18.0,15.0,17.0,17.0,18.0,2.0,3.0,73.0,18.0,10.0,3.0,87,5,12,1,15.0,13.0,2.0,2.0
2018-04-04,Wed,True,False,0,0,0,0,0,1,1,0,0,0,1,0,0,0,0,0,1,0,1,1,0,0,1,1,2,2.5,12.0,16.0,19.0,14.0,16.0,16.0,19.0,2.0,3.0,72.0,19.0,10.0,3.0,86,6,12,1,14.0,14.0,2.0,2.0
2018-04-05,Thu,True,False,0,0,0,0,0,0,0,0,0,0,0,0,0,0,0,0,0,0,0,0,0,0,0,0,0,0.0,9.5,15.0,20.0,13.0,15.0,15.0,20.0,2.0,3.0,71.0,20.0,10.0,3.0,85,7,12,1,13.0,15.0,2.0,2.0
2018-04-06,Fri,True,False,0,0,1,0,0,1,1,0,0,0,1,0,0,0,0,0,0,0,1,1,0,0,1,1,2,3.0,7.5,14.0,21.0,12.0,14.0,14.0,21.0,2.0,3.0,70.0,21.0,10.0,3.0,84,8,12,1,12.0,16.0,2.0,2.0
2018-04-07,Sat,False,False,0,0,0,0,0,0,0,0,0,0,0,0,0,0,0,0,0,0,0,0,0,0,0,0,0,0.0,7.5,13.0,22.0,11.0,13.0,13.0,22.0,2.0,3.0,69.0,22.0,10.0,3.0,83,9,12,1,11.0,17.0,2.0,2.0
2018-04-08,Sun,False,False,0,0,0,0,0,0,0,0,0,0,0,0,0,0,0,0,0,0,0,0,0,0,0,0,0,0.0,7.5,12.0,23.0,10.0,12.0,12.0,23.0,2.0,3.0,68.0,23.0,10.0,3.0,82,10,12,1,10.0,18.0,2.0,2.0
2018-04-09,Mon,True,False,0,0,0,0,0,1,1,0,0,0,1,0,0,0,0,0,0,0,1,1,0,0,1,1,1,2.0,7.5,11.0,24.0,9.0,11.0,11.0,24.0,1.0,4.0,67.0,24.0,9.0,4.0,81,11,11,2,9.0,19.0,1.0,3.0
2018-04-10,Tue,True,False,0,0,0,0,0,0,0,0,0,0,0,0,0,0,0,0,0,0,0,0,0,0,0,0,0,0.0,7.5,10.0,25.0,8.0,10.0,10.0,25.0,1.0,4.0,66.0,25.0,9.0,4.0,80,12,11,2,8.0,20.0,1.0,3.0
2018-04-11,Wed,True,False,0,0,0,0,0,1,1,0,0,0,1,0,0,0,0,0,1,0,1,1,0,0,1,1,2,2.5,7.5,9.0,26.0,7.0,9.0,9.0,26.0,1.0,4.0,65.0,26.0,9.0,4.0,79,13,11,2,7.0,21.0,1.0,3.0
2018-04-12,Thu,True,False,0,0,0,0,0,0,0,0,0,0,0,0,0,0,0,0,0,0,0,0,0,0,0,0,0,0.0,7.5,8.0,27.0,6.0,8.0,8.0,27.0,1.0,4.0,64.0,27.0,9.0,4.0,78,14,11,2,6.0,22.0,1.0,3.0
2018-04-13,Fri,True,False,0,0,1,0,0,1,1,0,0,0,1,0,0,0,0,0,0,0,1,1,0,0,1,1,2,3.0,7.5,7.0,28.0,5.0,7.0,7.0,28.0,1.0,4.0,63.0,28.0,9.0,4.0,77,15,11,2,5.0,23.0,1.0,3.0
2018-04-14,Sat,False,False,0,0,0,0,0,0,0,0,0,0,0,0,0,0,0,0,0,0,0,0,0,0,0,0,0,0.0,7.5,6.0,29.0,4.0,6.0,6.0,29.0,1.0,4.0,62.0,29.0,9.0,4.0,76,16,11,2,4.0,24.0,1.0,3.0
2018-04-15,Sun,False,False,0,0,0,0,0,0,0,0,0,0,0,0,0,0,0,0,0,0,0,0,0,0,0,0,0,0.0,7.5,5.0,30.0,3.0,5.0,5.0,30.0,1.0,4.0,61.0,30.0,9.0,4.0,75,17,11,2,3.0,25.0,1.0,3.0
2018-04-16,Mon,True,False,0,0,0,0,0,1,1,0,0,0,1,0,0,0,0,0,0,0,1,1,0,0,1,1,1,2.0,7.5,4.0,31.0,2.0,4.0,4.0,31.0,0.0,0.0,60.0,31.0,8.0,5.0,74,18,10,3,2.0,26.0,0.0,0.0
2018-04-17,Tue,True,False,0,0,0,0,0,0,0,0,0,0,0,0,0,0,0,0,0,0,0,0,0,0,0,0,0,0.0,7.5,3.0,32.0,1.0,3.0,3.0,32.0,0.0,0.0,59.0,32.0,8.0,5.0,73,19,10,3,1.0,27.0,0.0,0.0
2018-04-18,Wed,True,False,0,0,0,0,0,1,1,0,0,0,1,0,0,0,0,1,0,0,1,1,0,0,1,1,2,3.5,8.5,2.0,33.0,0.0,2.0,2.0,33.0,0.0,0.0,58.0,33.0,8.0,5.0,72,20,10,3,0.0,0.0,0.0,0.0
2018-04-19,Thu,True,False,0,0,0,0,0,0,0,0,0,0,0,0,0,0,0,0,0,0,0,0,0,0,0,0,0,0.0,8.5,1.0,34.0,27.0,1.0,1.0,34.0,0.0,0.0,57.0,34.0,8.0,5.0,71,21,10,3,27.0,1.0,0.0,0.0
2018-04-20,Fri,True,False,1,1,0,1,1,1,1,0,0,0,1,0,0,0,0,0,0,0,1,1,1,1,1,1,3,7.0,12.5,0.0,0.0,26.0,0.0,0.0,0.0,0.0,0.0,56.0,35.0,8.0,5.0,70,22,10,3,26.0,2.0,0.0,0.0
2018-04-21,Sat,False,False,0,0,0,0,0,0,0,0,0,0,0,0,0,0,0,0,0,0,0,0,0,0,0,0,0,0.0,12.5,27.0,1.0,25.0,27.0,27.0,1.0,0.0,0.0,55.0,36.0,8.0,5.0,69,23,10,3,25.0,3.0,0.0,0.0
2018-04-22,Sun,False,False,0,0,0,0,0,0,0,0,0,0,0,0,0,0,0,0,0,0,0,0,0,0,0,0,0,0.0,12.5,26.0,2.0,24.0,26.0,26.0,2.0,0.0,0.0,54.0,37.0,8.0,5.0,68,24,10,3,24.0,4.0,0.0,0.0
2018-04-23,Mon,True,False,0,0,0,0,0,1,1,0,0,0,1,0,0,0,0,0,0,0,1,1,0,0,1,1,1,2.0,12.5,25.0,3.0,23.0,25.0,25.0,3.0,3.0,1.0,53.0,38.0,7.0,6.0,67,25,9,4,23.0,5.0,3.0,1.0
2018-04-24,Tue,True,False,0,0,0,0,0,0,0,0,0,0,0,0,0,0,0,0,0,0,0,0,0,0,0,0,0,0.0,12.5,24.0,4.0,22.0,24.0,24.0,4.0,3.0,1.0,52.0,39.0,7.0,6.0,66,26,9,4,22.0,6.0,3.0,1.0
2018-04-25,Wed,True,False,0,0,0,0,0,1,1,0,0,0,1,0,0,0,0,0,1,0,1,1,0,0,1,1,2,2.5,11.5,23.0,5.0,21.0,23.0,23.0,5.0,3.0,1.0,51.0,40.0,7.0,6.0,65,27,9,4,21.0,7.0,3.0,1.0
2018-04-26,Thu,True,False,0,0,0,0,0,0,0,0,0,0,0,0,0,0,0,0,0,0,0,0,0,0,0,0,0,0.0,11.5,22.0,6.0,20.0,22.0,22.0,6.0,3.0,1.0,50.0,41.0,7.0,6.0,64,28,9,4,20.0,8.0,3.0,1.0
2018-04-27,Fri,True,False,0,0,1,0,0,1,1,0,0,0,1,0,0,0,0,0,0,0,1,1,0,0,1,1,2,3.0,7.5,21.0,7.0,19.0,21.0,21.0,7.0,3.0,1.0,49.0,42.0,7.0,6.0,63,29,9,4,19.0,9.0,3.0,1.0
2018-04-28,Sat,False,False,0,0,0,0,0,0,0,0,0,0,0,0,0,0,0,0,0,0,0,0,0,0,0,0,0,0.0,7.5,20.0,8.0,18.0,20.0,20.0,8.0,3.0,1.0,48.0,43.0,7.0,6.0,62,30,9,4,18.0,10.0,3.0,1.0
2018-04-29,Sun,False,False,0,0,0,0,0,0,0,0,0,0,0,0,0,0,0,0,0,0,0,0,0,0,0,0,0,0.0,7.5,19.0,9.0,17.0,19.0,19.0,9.0,3.0,1.0,47.0,44.0,7.0,6.0,61,31,9,4,17.0,11.0,3.0,1.0
2018-04-30,Mon,True,False,0,0,0,0,0,0,0,0,0,0,0,1,1,0,0,0,0,0,1,1,0,0,0,1,1,2.0,7.5,18.0,10.0,16.0,18.0,18.0,10.0,2.0,2.0,46.0,45.0,6.0,7.0,60,32,8,5,16.0,12.0,2.0,2.0
2018-05-01,Tue,True,False,0,0,0,0,0,0,0,0,0,0,0,0,0,0,0,0,0,0,0,0,0,0,0,0,0,0.0,7.5,17.0,11.0,15.0,17.0,17.0,11.0,2.0,2.0,45.0,46.0,6.0,7.0,59,33,8,5,15.0,13.0,2.0,2.0
2018-05-02,Wed,True,False,0,0,0,0,0,1,1,0,0,0,1,0,0,0,0,0,1,0,1,1,0,0,1,1,2,2.5,7.5,16.0,12.0,14.0,16.0,16.0,12.0,2.0,2.0,44.0,47.0,6.0,7.0,58,34,8,5,14.0,14.0,2.0,2.0
2018-05-03,Thu,True,False,0,0,0,0,0,0,0,0,0,0,0,0,0,0,0,0,0,0,0,0,0,0,0,0,0,0.0,7.5,15.0,13.0,13.0,15.0,15.0,13.0,2.0,2.0,43.0,48.0,6.0,7.0,57,35,8,5,13.0,15.0,2.0,2.0
2018-05-04,Fri,True,False,0,0,1,0,0,1,1,0,0,0,1,0,0,0,0,0,0,0,1,1,0,0,1,1,2,3.0,7.5,14.0,14.0,12.0,14.0,14.0,14.0,2.0,2.0,42.0,49.0,6.0,7.0,56,36,8,5,12.0,16.0,2.0,2.0
2018-05-05,Sat,False,False,0,0,0,0,0,0,0,0,0,0,0,0,0,0,0,0,0,0,0,0,0,0,0,0,0,0.0,7.5,13.0,15.0,11.0,13.0,13.0,15.0,2.0,2.0,41.0,50.0,6.0,7.0,55,37,8,5,11.0,17.0,2.0,2.0
2018-05-06,Sun,False,False,0,0,0,0,0,0,0,0,0,0,0,0,0,0,0,0,0,0,0,0,0,0,0,0,0,0.0,7.5,12.0,16.0,10.0,12.0,12.0,16.0,2.0,2.0,40.0,51.0,6.0,7.0,54,38,8,5,10.0,18.0,2.0,2.0
2018-05-07,Mon,True,False,0,0,0,0,0,1,1,0,0,0,1,0,0,0,0,0,0,0,1,1,0,0,1,1,1,2.0,7.5,11.0,17.0,9.0,11.0,11.0,17.0,1.0,3.0,39.0,52.0,5.0,8.0,53,39,7,6,9.0,19.0,1.0,3.0
2018-05-08,Tue,True,False,0,0,0,0,0,0,0,0,0,0,0,0,0,0,0,0,0,0,0,0,0,0,0,0,0,0.0,7.5,10.0,18.0,8.0,10.0,10.0,18.0,1.0,3.0,38.0,53.0,5.0,8.0,52,40,7,6,8.0,20.0,1.0,3.0
2018-05-09,Wed,True,False,0,0,0,0,0,1,1,0,0,0,1,0,0,0,0,0,1,0,1,1,0,0,1,1,2,2.5,7.5,9.0,19.0,7.0,9.0,9.0,19.0,1.0,3.0,37.0,54.0,5.0,8.0,51,41,7,6,7.0,21.0,1.0,3.0
2018-05-10,Thu,True,False,0,0,0,0,0,0,0,0,0,0,0,0,0,0,0,0,0,0,0,0,0,0,0,0,0,0.0,7.5,8.0,20.0,6.0,8.0,8.0,20.0,1.0,3.0,36.0,55.0,5.0,8.0,50,42,7,6,6.0,22.0,1.0,3.0
2018-05-11,Fri,True,False,0,0,1,0,0,1,1,0,0,0,1,0,0,0,0,0,0,0,1,1,0,0,1,1,2,3.0,7.5,7.0,21.0,5.0,7.0,7.0,21.0,1.0,3.0,35.0,56.0,5.0,8.0,49,43,7,6,5.0,23.0,1.0,3.0
2018-05-12,Sat,False,False,0,0,0,0,0,0,0,0,0,0,0,0,0,0,0,0,0,0,0,0,0,0,0,0,0,0.0,7.5,6.0,22.0,4.0,6.0,6.0,22.0,1.0,3.0,34.0,57.0,5.0,8.0,48,44,7,6,4.0,24.0,1.0,3.0
2018-05-13,Sun,False,False,0,0,0,0,0,0,0,0,0,0,0,0,0,0,0,0,0,0,0,0,0,0,0,0,0,0.0,7.5,5.0,23.0,3.0,5.0,5.0,23.0,1.0,3.0,33.0,58.0,5.0,8.0,47,45,7,6,3.0,25.0,1.0,3.0
2018-05-14,Mon,True,False,0,0,0,0,0,1,1,0,0,0,1,0,0,0,0,0,0,0,1,1,0,0,1,1,1,2.0,7.5,4.0,24.0,2.0,4.0,4.0,24.0,0.0,0.0,32.0,59.0,4.0,9.0,46,46,6,7,2.0,26.0,0.0,0.0
2018-05-15,Tue,True,False,0,0,0,0,0,0,0,0,0,0,0,0,0,0,0,0,0,0,0,0,0,0,0,0,0,0.0,7.5,3.0,25.0,1.0,3.0,3.0,25.0,0.0,0.0,31.0,60.0,4.0,9.0,45,47,6,7,1.0,27.0,0.0,0.0
2018-05-16,Wed,True,False,0,0,0,0,0,1,1,0,0,0,1,0,0,0,0,1,0,0,1,1,0,0,1,1,2,3.5,8.5,2.0,26.0,0.0,2.0,2.0,26.0,0.0,0.0,30.0,61.0,4.0,9.0,44,48,6,7,0.0,0.0,0.0,0.0
2018-05-17,Thu,True,False,0,0,0,0,0,0,0,0,0,0,0,0,0,0,0,0,0,0,0,0,0,0,0,0,0,0.0,8.5,1.0,27.0,34.0,1.0,1.0,27.0,0.0,0.0,29.0,62.0,4.0,9.0,43,49,6,7,34.0,1.0,0.0,0.0
2018-05-18,Fri,True,False,1,1,0,1,1,1,1,0,0,0,1,0,0,0,0,0,0,0,1,1,1,1,1,1,3,7.0,12.5,0.0,0.0,33.0,0.0,0.0,0.0,0.0,0.0,28.0,63.0,4.0,9.0,42,50,6,7,33.0,2.0,0.0,0.0
2018-05-19,Sat,False,False,0,0,0,0,0,0,0,0,0,0,0,0,0,0,0,0,0,0,0,0,0,0,0,0,0,0.0,12.5,27.0,1.0,32.0,27.0,27.0,1.0,0.0,0.0,27.0,64.0,4.0,9.0,41,51,6,7,32.0,3.0,0.0,0.0
2018-05-20,Sun,False,False,0,0,0,0,0,0,0,0,0,0,0,0,0,0,0,0,0,0,0,0,0,0,0,0,0,0.0,12.5,26.0,2.0,31.0,26.0,26.0,2.0,0.0,0.0,26.0,65.0,4.0,9.0,40,52,6,7,31.0,4.0,0.0,0.0
2018-05-21,Mon,True,False,0,0,0,0,0,1,1,0,0,0,1,0,0,0,0,0,0,0,1,1,0,0,1,1,1,2.0,12.5,25.0,3.0,30.0,25.0,25.0,3.0,3.0,1.0,25.0,66.0,3.0,10.0,39,53,5,8,30.0,5.0,4.0,1.0
2018-05-22,Tue,True,False,0,0,0,0,0,0,0,0,0,0,0,0,0,0,0,0,0,0,0,0,0,0,0,0,0,0.0,12.5,24.0,4.0,29.0,24.0,24.0,4.0,3.0,1.0,24.0,67.0,3.0,10.0,38,54,5,8,29.0,6.0,4.0,1.0
2018-05-23,Wed,True,False,0,0,0,0,0,1,1,0,0,0,1,0,0,0,0,0,1,0,1,1,0,0,1,1,2,2.5,11.5,23.0,5.0,28.0,23.0,23.0,5.0,3.0,1.0,23.0,68.0,3.0,10.0,37,55,5,8,28.0,7.0,4.0,1.0
2018-05-24,Thu,True,False,0,0,0,0,0,0,0,0,0,0,0,0,0,0,0,0,0,0,0,0,0,0,0,0,0,0.0,11.5,22.0,6.0,27.0,22.0,22.0,6.0,3.0,1.0,22.0,69.0,3.0,10.0,36,56,5,8,27.0,8.0,4.0,1.0
2018-05-25,Fri,True,False,0,0,1,0,0,1,1,0,0,0,1,0,0,0,0,0,0,0,1,1,0,0,1,1,2,3.0,7.5,21.0,7.0,26.0,21.0,21.0,7.0,3.0,1.0,21.0,70.0,3.0,10.0,35,57,5,8,26.0,9.0,4.0,1.0
2018-05-26,Sat,False,False,0,0,0,0,0,0,0,0,0,0,0,0,0,0,0,0,0,0,0,0,0,0,0,0,0,0.0,7.5,20.0,8.0,25.0,20.0,20.0,8.0,3.0,1.0,20.0,71.0,3.0,10.0,34,58,5,8,25.0,10.0,4.0,1.0
2018-05-27,Sun,False,False,0,0,0,0,0,0,0,0,0,0,0,0,0,0,0,0,0,0,0,0,0,0,0,0,0,0.0,7.5,19.0,9.0,24.0,19.0,19.0,9.0,3.0,1.0,19.0,72.0,3.0,10.0,33,59,5,8,24.0,11.0,4.0,1.0
2018-05-28,Mon,False,True,0,0,0,0,0,0,0,0,0,0,0,0,0,0,0,0,0,0,0,0,0,0,0,0,0,0.0,7.5,18.0,10.0,23.0,18.0,18.0,10.0,2.0,2.0,18.0,73.0,2.0,11.0,32,60,4,9,23.0,12.0,3.0,2.0
2018-05-29,Tue,True,False,0,0,0,0,0,0,0,0,0,0,0,0,0,0,0,0,0,0,0,0,0,0,0,0,0,0.0,5.5,17.0,11.0,22.0,17.0,17.0,11.0,2.0,2.0,17.0,74.0,2.0,11.0,31,61,4,9,22.0,13.0,3.0,2.0
2018-05-30,Wed,True,False,0,0,0,0,0,1,1,0,0,0,1,0,0,0,0,0,1,0,1,1,0,0,1,1,2,2.5,8.0,16.0,12.0,21.0,16.0,16.0,12.0,2.0,2.0,16.0,75.0,2.0,11.0,30,62,4,9,21.0,14.0,3.0,2.0
2018-05-31,Thu,True,False,0,0,0,0,0,0,0,0,0,0,0,1,1,0,0,0,0,0,0,0,0,0,0,1,1,2.0,7.5,15.0,13.0,20.0,15.0,15.0,13.0,2.0,2.0,15.0,76.0,2.0,11.0,29,63,4,9,20.0,15.0,3.0,2.0
2018-06-01,Fri,True,False,0,0,1,0,0,1,1,0,0,0,1,0,0,0,0,0,0,0,1,1,0,0,1,1,2,3.0,10.5,14.0,14.0,19.0,14.0,14.0,14.0,2.0,2.0,14.0,77.0,2.0,11.0,28,64,4,9,19.0,16.0,3.0,2.0
2018-06-02,Sat,False,False,0,0,0,0,0,0,0,0,0,0,0,0,0,0,0,0,0,0,0,0,0,0,0,0,0,0.0,10.5,13.0,15.0,18.0,13.0,13.0,15.0,2.0,2.0,13.0,78.0,2.0,11.0,27,65,4,9,18.0,17.0,3.0,2.0
2018-06-03,Sun,False,False,0,0,0,0,0,0,0,0,0,0,0,0,0,0,0,0,0,0,0,0,0,0,0,0,0,0.0,10.5,12.0,16.0,17.0,12.0,12.0,16.0,2.0,2.0,12.0,79.0,2.0,11.0,26,66,4,9,17.0,18.0,3.0,2.0
2018-06-04,Mon,True,False,0,0,0,0,0,1,1,0,0,0,1,0,0,0,0,0,0,0,1,1,0,0,1,1,1,2.0,9.5,11.0,17.0,16.0,11.0,11.0,17.0,1.0,3.0,11.0,80.0,1.0,12.0,25,67,3,10,16.0,19.0,2.0,3.0
2018-06-05,Tue,True,False,0,0,0,0,0,0,0,0,0,0,0,0,0,0,0,0,0,0,0,0,0,0,0,0,0,0.0,9.5,10.0,18.0,15.0,10.0,10.0,18.0,1.0,3.0,10.0,81.0,1.0,12.0,24,68,3,10,15.0,20.0,2.0,3.0
2018-06-06,Wed,True,False,0,0,0,0,0,1,1,0,0,0,1,0,0,0,0,0,1,0,1,1,0,0,1,1,2,2.5,9.5,9.0,19.0,14.0,9.0,9.0,19.0,1.0,3.0,9.0,82.0,1.0,12.0,23,69,3,10,14.0,21.0,2.0,3.0
2018-06-07,Thu,True,False,0,0,0,0,0,0,0,0,0,0,0,0,0,0,0,0,0,0,0,0,0,0,0,0,0,0.0,7.5,8.0,20.0,13.0,8.0,8.0,20.0,1.0,3.0,8.0,83.0,1.0,12.0,22,70,3,10,13.0,22.0,2.0,3.0
2018-06-08,Fri,True,False,0,0,1,0,0,1,1,0,0,0,1,0,0,0,0,0,0,0,1,1,0,0,1,1,2,3.0,7.5,7.0,21.0,12.0,7.0,7.0,21.0,1.0,3.0,7.0,84.0,1.0,12.0,21,71,3,10,12.0,23.0,2.0,3.0
2018-06-09,Sat,False,False,0,0,0,0,0,0,0,0,0,0,0,0,0,0,0,0,0,0,0,0,0,0,0,0,0,0.0,7.5,6.0,22.0,11.0,6.0,6.0,22.0,1.0,3.0,6.0,85.0,1.0,12.0,20,72,3,10,11.0,24.0,2.0,3.0
2018-06-10,Sun,False,False,0,0,0,0,0,0,0,0,0,0,0,0,0,0,0,0,0,0,0,0,0,0,0,0,0,0.0,7.5,5.0,23.0,10.0,5.0,5.0,23.0,1.0,3.0,5.0,86.0,1.0,12.0,19,73,3,10,10.0,25.0,2.0,3.0
2018-06-11,Mon,True,False,0,0,0,0,0,1,1,0,0,0,1,0,0,0,0,0,0,0,1,1,0,0,1,1,1,2.0,7.5,4.0,24.0,9.0,4.0,4.0,24.0,0.0,0.0,4.0,87.0,0.0,0.0,18,74,2,11,9.0,26.0,1.0,4.0
2018-06-12,Tue,True,False,0,0,0,0,0,0,0,0,0,0,0,0,0,0,0,0,0,0,0,0,0,0,0,0,0,0.0,7.5,3.0,25.0,8.0,3.0,3.0,25.0,0.0,0.0,3.0,88.0,0.0,0.0,17,75,2,11,8.0,27.0,1.0,4.0
2018-06-13,Wed,True,False,0,0,0,0,0,1,1,0,0,0,1,0,0,0,0,0,1,0,1,1,0,0,1,1,2,2.5,7.5,2.0,26.0,7.0,2.0,2.0,26.0,0.0,0.0,2.0,89.0,0.0,0.0,16,76,2,11,7.0,28.0,1.0,4.0
2018-06-14,Thu,True,False,0,0,0,0,0,0,0,0,0,0,0,0,0,0,0,0,0,0,0,0,0,0,0,0,0,0.0,7.5,1.0,27.0,6.0,1.0,1.0,27.0,0.0,0.0,1.0,90.0,0.0,0.0,15,77,2,11,6.0,29.0,1.0,4.0
2018-06-15,Fri,True,False,1,1,0,1,1,1,1,0,0,0,1,0,0,0,0,0,0,0,1,1,1,1,1,1,3,7.0,11.5,0.0,0.0,5.0,0.0,0.0,0.0,0.0,0.0,0.0,0.0,0.0,0.0,14,78,2,11,5.0,30.0,1.0,4.0
2018-06-16,Sat,False,False,0,0,0,0,0,0,0,0,0,0,0,0,0,0,0,0,0,0,0,0,0,0,0,0,0,0.0,11.5,34.0,1.0,4.0,34.0,34.0,1.0,0.0,0.0,97.0,1.0,0.0,0.0,13,79,2,11,4.0,31.0,1.0,4.0
2018-06-17,Sun,False,False,0,0,0,0,0,0,0,0,0,0,0,0,0,0,0,0,0,0,0,0,0,0,0,0,0,0.0,11.5,33.0,2.0,3.0,33.0,33.0,2.0,0.0,0.0,96.0,2.0,0.0,0.0,12,80,2,11,3.0,32.0,1.0,4.0
2018-06-18,Mon,True,False,0,0,0,0,0,1,1,0,0,0,1,0,0,0,0,0,0,0,1,1,0,0,1,1,1,2.0,11.5,32.0,3.0,2.0,32.0,32.0,3.0,4.0,1.0,95.0,3.0,13.0,1.0,11,81,1,12,2.0,33.0,0.0,0.0
2018-06-19,Tue,True,False,0,0,0,0,0,0,0,0,0,0,0,0,0,0,0,0,0,0,0,0,0,0,0,0,0,0.0,11.5,31.0,4.0,1.0,31.0,31.0,4.0,4.0,1.0,94.0,4.0,13.0,1.0,10,82,1,12,1.0,34.0,0.0,0.0
2018-06-20,Wed,True,False,0,0,0,0,0,1,1,0,0,0,1,0,0,0,0,1,0,0,1,1,0,0,1,1,2,3.5,12.5,30.0,5.0,0.0,30.0,30.0,5.0,4.0,1.0,93.0,5.0,13.0,1.0,9,83,1,12,0.0,0.0,0.0,0.0
2018-06-21,Thu,True,False,0,0,0,0,0,0,0,0,0,0,0,0,0,0,0,0,0,0,0,0,0,0,0,0,0,0.0,12.5,29.0,6.0,27.0,29.0,29.0,6.0,4.0,1.0,92.0,6.0,13.0,1.0,8,84,1,12,27.0,1.0,0.0,0.0
2018-06-22,Fri,True,False,0,0,1,0,0,1,1,0,0,0,1,0,0,0,0,0,0,0,1,1,0,0,1,1,2,3.0,8.5,28.0,7.0,26.0,28.0,28.0,7.0,4.0,1.0,91.0,7.0,13.0,1.0,7,85,1,12,26.0,2.0,0.0,0.0
2018-06-23,Sat,False,False,0,0,0,0,0,0,0,0,0,0,0,0,0,0,0,0,0,0,0,0,0,0,0,0,0,0.0,8.5,27.0,8.0,25.0,27.0,27.0,8.0,4.0,1.0,90.0,8.0,13.0,1.0,6,86,1,12,25.0,3.0,0.0,0.0
2018-06-24,Sun,False,False,0,0,0,0,0,0,0,0,0,0,0,0,0,0,0,0,0,0,0,0,0,0,0,0,0,0.0,8.5,26.0,9.0,24.0,26.0,26.0,9.0,4.0,1.0,89.0,9.0,13.0,1.0,5,87,1,12,24.0,4.0,0.0,0.0
2018-06-25,Mon,True,False,0,0,0,0,0,1,1,0,0,0,1,0,0,0,0,0,0,0,1,1,0,0,1,1,1,2.0,8.5,25.0,10.0,23.0,25.0,25.0,10.0,3.0,2.0,88.0,10.0,12.0,2.0,4,88,0,0,23.0,5.0,3.0,1.0
2018-06-26,Tue,True,False,0,0,0,0,0,0,0,0,0,0,0,0,0,0,0,0,0,0,0,0,0,0,0,0,0,0.0,8.5,24.0,11.0,22.0,24.0,24.0,11.0,3.0,2.0,87.0,11.0,12.0,2.0,3,89,0,0,22.0,6.0,3.0,1.0
2018-06-27,Wed,True,False,0,0,0,0,0,1,1,0,0,0,1,0,0,0,0,0,1,0,1,1,0,0,1,1,2,2.5,7.5,23.0,12.0,21.0,23.0,23.0,12.0,3.0,2.0,86.0,12.0,12.0,2.0,2,90,0,0,21.0,7.0,3.0,1.0
2018-06-28,Thu,True,False,0,0,0,0,0,0,0,0,0,0,0,0,0,0,0,0,0,0,0,0,0,0,0,0,0,0.0,7.5,22.0,13.0,20.0,22.0,22.0,13.0,3.0,2.0,85.0,13.0,12.0,2.0,1,91,0,0,20.0,8.0,3.0,1.0
2018-06-29,Fri,True,False,0,0,1,0,0,0,0,0,0,0,0,1,1,1,1,0,0,1,1,1,0,0,0,1,4,6.0,10.5,21.0,14.0,19.0,21.0,21.0,14.0,3.0,2.0,84.0,14.0,12.0,2.0,0,0,0,0,19.0,9.0,3.0,1.0
2018-06-30,Sat,False,False,0,0,0,0,0,0,0,0,0,0,0,0,0,0,0,0,0,0,0,0,0,0,0,0,0,0.0,10.5,20.0,15.0,18.0,20.0,20.0,15.0,3.0,2.0,83.0,15.0,12.0,2.0,90,1,0,0,18.0,10.0,3.0,1.0
2018-07-01,Sun,False,False,0,0,0,0,0,0,0,0,0,0,0,0,0,0,0,0,0,0,0,0,0,0,0,0,0,0.0,10.5,19.0,16.0,17.0,19.0,19.0,16.0,3.0,2.0,82.0,16.0,12.0,2.0,89,2,0,0,17.0,11.0,3.0,1.0
2018-07-02,Mon,True,False,0,0,0,0,0,1,1,0,0,0,1,0,0,0,0,0,0,0,1,1,0,0,1,1,1,2.0,10.5,18.0,17.0,16.0,18.0,18.0,17.0,2.0,3.0,81.0,17.0,11.0,3.0,88,3,12,1,16.0,12.0,2.0,2.0
2018-07-03,Tue,True,False,0,0,0,0,0,0,0,0,0,0,0,0,0,0,0,0,0,0,0,0,0,0,0,0,0,0.0,10.5,17.0,18.0,15.0,17.0,17.0,18.0,2.0,3.0,80.0,18.0,11.0,3.0,87,4,12,1,15.0,13.0,2.0,2.0
2018-07-04,Wed,False,True,0,0,0,0,0,0,0,0,0,0,0,0,0,0,0,0,0,0,0,0,0,0,0,0,0,0.0,10.5,16.0,19.0,14.0,16.0,16.0,19.0,2.0,3.0,79.0,19.0,11.0,3.0,86,5,12,1,14.0,14.0,2.0,2.0
2018-07-05,Thu,True,False,0,0,0,0,0,0,0,0,0,0,0,0,0,0,0,0,0,0,0,0,0,0,0,0,0,0.0,8.0,15.0,20.0,13.0,15.0,15.0,20.0,2.0,3.0,78.0,20.0,11.0,3.0,85,6,12,1,13.0,15.0,2.0,2.0
2018-07-06,Fri,True,False,0,0,1,0,0,1,1,0,0,0,1,0,0,0,0,0,0,0,1,1,0,0,1,1,2,3.0,11.0,14.0,21.0,12.0,14.0,14.0,21.0,2.0,3.0,77.0,21.0,11.0,3.0,84,7,12,1,12.0,16.0,2.0,2.0
2018-07-07,Sat,False,False,0,0,0,0,0,0,0,0,0,0,0,0,0,0,0,0,0,0,0,0,0,0,0,0,0,0.0,11.0,13.0,22.0,11.0,13.0,13.0,22.0,2.0,3.0,76.0,22.0,11.0,3.0,83,8,12,1,11.0,17.0,2.0,2.0
2018-07-08,Sun,False,False,0,0,0,0,0,0,0,0,0,0,0,0,0,0,0,0,0,0,0,0,0,0,0,0,0,0.0,11.0,12.0,23.0,10.0,12.0,12.0,23.0,2.0,3.0,75.0,23.0,11.0,3.0,82,9,12,1,10.0,18.0,2.0,2.0
2018-07-09,Mon,True,False,0,0,0,0,0,1,1,0,0,0,1,0,0,0,0,0,0,0,1,1,0,0,1,1,1,2.0,7.0,11.0,24.0,9.0,11.0,11.0,24.0,1.0,4.0,74.0,24.0,10.0,4.0,81,10,11,2,9.0,19.0,1.0,3.0
2018-07-10,Tue,True,False,0,0,0,0,0,0,0,0,0,0,0,0,0,0,0,0,0,0,0,0,0,0,0,0,0,0.0,5.0,10.0,25.0,8.0,10.0,10.0,25.0,1.0,4.0,73.0,25.0,10.0,4.0,80,11,11,2,8.0,20.0,1.0,3.0
2018-07-11,Wed,True,False,0,0,0,0,0,1,1,0,0,0,1,0,0,0,0,0,1,0,1,1,0,0,1,1,2,2.5,7.5,9.0,26.0,7.0,9.0,9.0,26.0,1.0,4.0,72.0,26.0,10.0,4.0,79,12,11,2,7.0,21.0,1.0,3.0
2018-07-12,Thu,True,False,0,0,0,0,0,0,0,0,0,0,0,0,0,0,0,0,0,0,0,0,0,0,0,0,0,0.0,7.5,8.0,27.0,6.0,8.0,8.0,27.0,1.0,4.0,71.0,27.0,10.0,4.0,78,13,11,2,6.0,22.0,1.0,3.0
2018-07-13,Fri,True,False,0,0,1,0,0,1,1,0,0,0,1,0,0,0,0,0,0,0,1,1,0,0,1,1,2,3.0,7.5,7.0,28.0,5.0,7.0,7.0,28.0,1.0,4.0,70.0,28.0,10.0,4.0,77,14,11,2,5.0,23.0,1.0,3.0
2018-07-14,Sat,False,False,0,0,0,0,0,0,0,0,0,0,0,0,0,0,0,0,0,0,0,0,0,0,0,0,0,0.0,7.5,6.0,29.0,4.0,6.0,6.0,29.0,1.0,4.0,69.0,29.0,10.0,4.0,76,15,11,2,4.0,24.0,1.0,3.0
2018-07-15,Sun,False,False,0,0,0,0,0,0,0,0,0,0,0,0,0,0,0,0,0,0,0,0,0,0,0,0,0,0.0,7.5,5.0,30.0,3.0,5.0,5.0,30.0,1.0,4.0,68.0,30.0,10.0,4.0,75,16,11,2,3.0,25.0,1.0,3.0
2018-07-16,Mon,True,False,0,0,0,0,0,1,1,0,0,0,1,0,0,0,0,0,0,0,1,1,0,0,1,1,1,2.0,7.5,4.0,31.0,2.0,4.0,4.0,31.0,0.0,0.0,67.0,31.0,9.0,5.0,74,17,10,3,2.0,26.0,0.0,0.0
2018-07-17,Tue,True,False,0,0,0,0,0,0,0,0,0,0,0,0,0,0,0,0,0,0,0,0,0,0,0,0,0,0.0,7.5,3.0,32.0,1.0,3.0,3.0,32.0,0.0,0.0,66.0,32.0,9.0,5.0,73,18,10,3,1.0,27.0,0.0,0.0
2018-07-18,Wed,True,False,0,0,0,0,0,1,1,0,0,0,1,0,0,0,0,1,0,0,1,1,0,0,1,1,2,3.5,8.5,2.0,33.0,0.0,2.0,2.0,33.0,0.0,0.0,65.0,33.0,9.0,5.0,72,19,10,3,0.0,0.0,0.0,0.0
2018-07-19,Thu,True,False,0,0,0,0,0,0,0,0,0,0,0,0,0,0,0,0,0,0,0,0,0,0,0,0,0,0.0,8.5,1.0,34.0,34.0,1.0,1.0,34.0,0.0,0.0,64.0,34.0,9.0,5.0,71,20,10,3,34.0,1.0,0.0,0.0
2018-07-20,Fri,True,False,1,1,0,1,1,1,1,0,0,0,1,0,0,0,0,0,0,0,1,1,1,1,1,1,3,7.0,12.5,0.0,0.0,33.0,0.0,0.0,0.0,0.0,0.0,63.0,35.0,9.0,5.0,70,21,10,3,33.0,2.0,0.0,0.0
2018-07-21,Sat,False,False,0,0,0,0,0,0,0,0,0,0,0,0,0,0,0,0,0,0,0,0,0,0,0,0,0,0.0,12.5,27.0,1.0,32.0,27.0,27.0,1.0,0.0,0.0,62.0,36.0,9.0,5.0,69,22,10,3,32.0,3.0,0.0,0.0
2018-07-22,Sun,False,False,0,0,0,0,0,0,0,0,0,0,0,0,0,0,0,0,0,0,0,0,0,0,0,0,0,0.0,12.5,26.0,2.0,31.0,26.0,26.0,2.0,0.0,0.0,61.0,37.0,9.0,5.0,68,23,10,3,31.0,4.0,0.0,0.0
2018-07-23,Mon,True,False,0,0,0,0,0,1,1,0,0,0,1,0,0,0,0,0,0,0,1,1,0,0,1,1,1,2.0,12.5,25.0,3.0,30.0,25.0,25.0,3.0,3.0,1.0,60.0,38.0,8.0,6.0,67,24,9,4,30.0,5.0,4.0,1.0
2018-07-24,Tue,True,False,0,0,0,0,0,0,0,0,0,0,0,0,0,0,0,0,0,0,0,0,0,0,0,0,0,0.0,12.5,24.0,4.0,29.0,24.0,24.0,4.0,3.0,1.0,59.0,39.0,8.0,6.0,66,25,9,4,29.0,6.0,4.0,1.0
2018-07-25,Wed,True,False,0,0,0,0,0,1,1,0,0,0,1,0,0,0,0,0,1,0,1,1,0,0,1,1,2,2.5,11.5,23.0,5.0,28.0,23.0,23.0,5.0,3.0,1.0,58.0,40.0,8.0,6.0,65,26,9,4,28.0,7.0,4.0,1.0
2018-07-26,Thu,True,False,0,0,0,0,0,0,0,0,0,0,0,0,0,0,0,0,0,0,0,0,0,0,0,0,0,0.0,11.5,22.0,6.0,27.0,22.0,22.0,6.0,3.0,1.0,57.0,41.0,8.0,6.0,64,27,9,4,27.0,8.0,4.0,1.0
2018-07-27,Fri,True,False,0,0,1,0,0,1,1,0,0,0,1,0,0,0,0,0,0,0,1,1,0,0,1,1,2,3.0,7.5,21.0,7.0,26.0,21.0,21.0,7.0,3.0,1.0,56.0,42.0,8.0,6.0,63,28,9,4,26.0,9.0,4.0,1.0
2018-07-28,Sat,False,False,0,0,0,0,0,0,0,0,0,0,0,0,0,0,0,0,0,0,0,0,0,0,0,0,0,0.0,7.5,20.0,8.0,25.0,20.0,20.0,8.0,3.0,1.0,55.0,43.0,8.0,6.0,62,29,9,4,25.0,10.0,4.0,1.0
2018-07-29,Sun,False,False,0,0,0,0,0,0,0,0,0,0,0,0,0,0,0,0,0,0,0,0,0,0,0,0,0,0.0,7.5,19.0,9.0,24.0,19.0,19.0,9.0,3.0,1.0,54.0,44.0,8.0,6.0,61,30,9,4,24.0,11.0,4.0,1.0
2018-07-30,Mon,True,False,0,0,0,0,0,1,1,0,0,0,1,0,0,0,0,0,0,0,1,1,0,0,1,1,1,2.0,7.5,18.0,10.0,23.0,18.0,18.0,10.0,2.0,2.0,53.0,45.0,7.0,7.0,60,31,8,5,23.0,12.0,3.0,2.0
2018-07-31,Tue,True,False,0,0,0,0,0,0,0,0,0,0,0,1,1,0,0,0,0,0,0,0,0,0,0,1,1,2.0,9.5,17.0,11.0,22.0,17.0,17.0,11.0,2.0,2.0,52.0,46.0,7.0,7.0,59,32,8,5,22.0,13.0,3.0,2.0
2018-08-01,Wed,True,False,0,0,0,0,0,1,1,0,0,0,1,0,0,0,0,0,1,0,1,1,0,0,1,1,2,2.5,9.5,16.0,12.0,21.0,16.0,16.0,12.0,2.0,2.0,51.0,47.0,7.0,7.0,58,33,8,5,21.0,14.0,3.0,2.0
2018-08-02,Thu,True,False,0,0,0,0,0,0,0,0,0,0,0,0,0,0,0,0,0,0,0,0,0,0,0,0,0,0.0,9.5,15.0,13.0,20.0,15.0,15.0,13.0,2.0,2.0,50.0,48.0,7.0,7.0,57,34,8,5,20.0,15.0,3.0,2.0
2018-08-03,Fri,True,False,0,0,1,0,0,1,1,0,0,0,1,0,0,0,0,0,0,0,1,1,0,0,1,1,2,3.0,9.5,14.0,14.0,19.0,14.0,14.0,14.0,2.0,2.0,49.0,49.0,7.0,7.0,56,35,8,5,19.0,16.0,3.0,2.0
2018-08-04,Sat,False,False,0,0,0,0,0,0,0,0,0,0,0,0,0,0,0,0,0,0,0,0,0,0,0,0,0,0.0,9.5,13.0,15.0,18.0,13.0,13.0,15.0,2.0,2.0,48.0,50.0,7.0,7.0,55,36,8,5,18.0,17.0,3.0,2.0
2018-08-05,Sun,False,False,0,0,0,0,0,0,0,0,0,0,0,0,0,0,0,0,0,0,0,0,0,0,0,0,0,0.0,9.5,12.0,16.0,17.0,12.0,12.0,16.0,2.0,2.0,47.0,51.0,7.0,7.0,54,37,8,5,17.0,18.0,3.0,2.0
2018-08-06,Mon,True,False,0,0,0,0,0,1,1,0,0,0,1,0,0,0,0,0,0,0,1,1,0,0,1,1,1,2.0,9.5,11.0,17.0,16.0,11.0,11.0,17.0,1.0,3.0,46.0,52.0,6.0,8.0,53,38,7,6,16.0,19.0,2.0,3.0
2018-08-07,Tue,True,False,0,0,0,0,0,0,0,0,0,0,0,0,0,0,0,0,0,0,0,0,0,0,0,0,0,0.0,7.5,10.0,18.0,15.0,10.0,10.0,18.0,1.0,3.0,45.0,53.0,6.0,8.0,52,39,7,6,15.0,20.0,2.0,3.0
2018-08-08,Wed,True,False,0,0,0,0,0,1,1,0,0,0,1,0,0,0,0,0,1,0,1,1,0,0,1,1,2,2.5,7.5,9.0,19.0,14.0,9.0,9.0,19.0,1.0,3.0,44.0,54.0,6.0,8.0,51,40,7,6,14.0,21.0,2.0,3.0
2018-08-09,Thu,True,False,0,0,0,0,0,0,0,0,0,0,0,0,0,0,0,0,0,0,0,0,0,0,0,0,0,0.0,7.5,8.0,20.0,13.0,8.0,8.0,20.0,1.0,3.0,43.0,55.0,6.0,8.0,50,41,7,6,13.0,22.0,2.0,3.0
2018-08-10,Fri,True,False,0,0,1,0,0,1,1,0,0,0,1,0,0,0,0,0,0,0,1,1,0,0,1,1,2,3.0,7.5,7.0,21.0,12.0,7.0,7.0,21.0,1.0,3.0,42.0,56.0,6.0,8.0,49,42,7,6,12.0,23.0,2.0,3.0
2018-08-11,Sat,False,False,0,0,0,0,0,0,0,0,0,0,0,0,0,0,0,0,0,0,0,0,0,0,0,0,0,0.0,7.5,6.0,22.0,11.0,6.0,6.0,22.0,1.0,3.0,41.0,57.0,6.0,8.0,48,43,7,6,11.0,24.0,2.0,3.0
2018-08-12,Sun,False,False,0,0,0,0,0,0,0,0,0,0,0,0,0,0,0,0,0,0,0,0,0,0,0,0,0,0.0,7.5,5.0,23.0,10.0,5.0,5.0,23.0,1.0,3.0,40.0,58.0,6.0,8.0,47,44,7,6,10.0,25.0,2.0,3.0
2018-08-13,Mon,True,False,0,0,0,0,0,1,1,0,0,0,1,0,0,0,0,0,0,0,1,1,0,0,1,1,1,2.0,7.5,4.0,24.0,9.0,4.0,4.0,24.0,0.0,0.0,39.0,59.0,5.0,9.0,46,45,6,7,9.0,26.0,1.0,4.0
2018-08-14,Tue,True,False,0,0,0,0,0,0,0,0,0,0,0,0,0,0,0,0,0,0,0,0,0,0,0,0,0,0.0,7.5,3.0,25.0,8.0,3.0,3.0,25.0,0.0,0.0,38.0,60.0,5.0,9.0,45,46,6,7,8.0,27.0,1.0,4.0
2018-08-15,Wed,True,False,0,0,0,0,0,1,1,0,0,0,1,0,0,0,0,0,1,0,1,1,0,0,1,1,2,2.5,7.5,2.0,26.0,7.0,2.0,2.0,26.0,0.0,0.0,37.0,61.0,5.0,9.0,44,47,6,7,7.0,28.0,1.0,4.0
2018-08-16,Thu,True,False,0,0,0,0,0,0,0,0,0,0,0,0,0,0,0,0,0,0,0,0,0,0,0,0,0,0.0,7.5,1.0,27.0,6.0,1.0,1.0,27.0,0.0,0.0,36.0,62.0,5.0,9.0,43,48,6,7,6.0,29.0,1.0,4.0
2018-08-17,Fri,True,False,1,1,0,1,1,1,1,0,0,0,1,0,0,0,0,0,0,0,1,1,1,1,1,1,3,7.0,11.5,0.0,0.0,5.0,0.0,0.0,0.0,0.0,0.0,35.0,63.0,5.0,9.0,42,49,6,7,5.0,30.0,1.0,4.0
2018-08-18,Sat,False,False,0,0,0,0,0,0,0,0,0,0,0,0,0,0,0,0,0,0,0,0,0,0,0,0,0,0.0,11.5,34.0,1.0,4.0,34.0,34.0,1.0,0.0,0.0,34.0,64.0,5.0,9.0,41,50,6,7,4.0,31.0,1.0,4.0
2018-08-19,Sun,False,False,0,0,0,0,0,0,0,0,0,0,0,0,0,0,0,0,0,0,0,0,0,0,0,0,0,0.0,11.5,33.0,2.0,3.0,33.0,33.0,2.0,0.0,0.0,33.0,65.0,5.0,9.0,40,51,6,7,3.0,32.0,1.0,4.0
2018-08-20,Mon,True,False,0,0,0,0,0,1,1,0,0,0,1,0,0,0,0,0,0,0,1,1,0,0,1,1,1,2.0,11.5,32.0,3.0,2.0,32.0,32.0,3.0,4.0,1.0,32.0,66.0,4.0,10.0,39,52,5,8,2.0,33.0,0.0,0.0
2018-08-21,Tue,True,False,0,0,0,0,0,0,0,0,0,0,0,0,0,0,0,0,0,0,0,0,0,0,0,0,0,0.0,11.5,31.0,4.0,1.0,31.0,31.0,4.0,4.0,1.0,31.0,67.0,4.0,10.0,38,53,5,8,1.0,34.0,0.0,0.0
2018-08-22,Wed,True,False,0,0,0,0,0,1,1,0,0,0,1,0,0,0,0,1,0,0,1,1,0,0,1,1,2,3.5,12.5,30.0,5.0,0.0,30.0,30.0,5.0,4.0,1.0,30.0,68.0,4.0,10.0,37,54,5,8,0.0,0.0,0.0,0.0
2018-08-23,Thu,True,False,0,0,0,0,0,0,0,0,0,0,0,0,0,0,0,0,0,0,0,0,0,0,0,0,0,0.0,12.5,29.0,6.0,27.0,29.0,29.0,6.0,4.0,1.0,29.0,69.0,4.0,10.0,36,55,5,8,27.0,1.0,0.0,0.0
2018-08-24,Fri,True,False,0,0,1,0,0,1,1,0,0,0,1,0,0,0,0,0,0,0,1,1,0,0,1,1,2,3.0,8.5,28.0,7.0,26.0,28.0,28.0,7.0,4.0,1.0,28.0,70.0,4.0,10.0,35,56,5,8,26.0,2.0,0.0,0.0
2018-08-25,Sat,False,False,0,0,0,0,0,0,0,0,0,0,0,0,0,0,0,0,0,0,0,0,0,0,0,0,0,0.0,8.5,27.0,8.0,25.0,27.0,27.0,8.0,4.0,1.0,27.0,71.0,4.0,10.0,34,57,5,8,25.0,3.0,0.0,0.0
2018-08-26,Sun,False,False,0,0,0,0,0,0,0,0,0,0,0,0,0,0,0,0,0,0,0,0,0,0,0,0,0,0.0,8.5,26.0,9.0,24.0,26.0,26.0,9.0,4.0,1.0,26.0,72.0,4.0,10.0,33,58,5,8,24.0,4.0,0.0,0.0
2018-08-27,Mon,True,False,0,0,0,0,0,1,1,0,0,0,1,0,0,0,0,0,0,0,1,1,0,0,1,1,1,2.0,8.5,25.0,10.0,23.0,25.0,25.0,10.0,3.0,2.0,25.0,73.0,3.0,11.0,32,59,4,9,23.0,5.0,3.0,1.0
2018-08-28,Tue,True,False,0,0,0,0,0,0,0,0,0,0,0,0,0,0,0,0,0,0,0,0,0,0,0,0,0,0.0,8.5,24.0,11.0,22.0,24.0,24.0,11.0,3.0,2.0,24.0,74.0,3.0,11.0,31,60,4,9,22.0,6.0,3.0,1.0
2018-08-29,Wed,True,False,0,0,0,0,0,1,1,0,0,0,1,0,0,0,0,0,1,0,1,1,0,0,1,1,2,2.5,7.5,23.0,12.0,21.0,23.0,23.0,12.0,3.0,2.0,23.0,75.0,3.0,11.0,30,61,4,9,21.0,7.0,3.0,1.0
2018-08-30,Thu,True,False,0,0,0,0,0,0,0,0,0,0,0,0,0,0,0,0,0,0,0,0,0,0,0,0,0,0.0,7.5,22.0,13.0,20.0,22.0,22.0,13.0,3.0,2.0,22.0,76.0,3.0,11.0,29,62,4,9,20.0,8.0,3.0,1.0
2018-08-31,Fri,True,False,0,0,1,0,0,0,0,0,0,0,0,1,1,0,0,0,0,0,1,1,0,0,0,1,2,3.0,7.5,21.0,14.0,19.0,21.0,21.0,14.0,3.0,2.0,21.0,77.0,3.0,11.0,28,63,4,9,19.0,9.0,3.0,1.0
2018-09-01,Sat,False,False,0,0,0,0,0,0,0,0,0,0,0,0,0,0,0,0,0,0,0,0,0,0,0,0,0,0.0,7.5,20.0,15.0,18.0,20.0,20.0,15.0,3.0,2.0,20.0,78.0,3.0,11.0,27,64,4,9,18.0,10.0,3.0,1.0
2018-09-02,Sun,False,False,0,0,0,0,0,0,0,0,0,0,0,0,0,0,0,0,0,0,0,0,0,0,0,0,0,0.0,7.5,19.0,16.0,17.0,19.0,19.0,16.0,3.0,2.0,19.0,79.0,3.0,11.0,26,65,4,9,17.0,11.0,3.0,1.0
2018-09-03,Mon,False,True,0,0,0,0,0,0,0,0,0,0,0,0,0,0,0,0,0,0,0,0,0,0,0,0,0,0.0,7.5,18.0,17.0,16.0,18.0,18.0,17.0,2.0,3.0,18.0,80.0,2.0,12.0,25,66,3,10,16.0,12.0,2.0,2.0
2018-09-04,Tue,True,False,0,0,0,0,0,0,0,0,0,0,0,0,0,0,0,0,0,0,0,0,0,0,0,0,0,0.0,5.5,17.0,18.0,15.0,17.0,17.0,18.0,2.0,3.0,17.0,81.0,2.0,12.0,24,67,3,10,15.0,13.0,2.0,2.0
2018-09-05,Wed,True,False,0,0,0,0,0,1,1,0,0,0,1,0,0,0,0,0,1,0,1,1,0,0,1,1,2,2.5,8.0,16.0,19.0,14.0,16.0,16.0,19.0,2.0,3.0,16.0,82.0,2.0,12.0,23,68,3,10,14.0,14.0,2.0,2.0
2018-09-06,Thu,True,False,0,0,0,0,0,0,0,0,0,0,0,0,0,0,0,0,0,0,0,0,0,0,0,0,0,0.0,5.5,15.0,20.0,13.0,15.0,15.0,20.0,2.0,3.0,15.0,83.0,2.0,12.0,22,69,3,10,13.0,15.0,2.0,2.0
2018-09-07,Fri,True,False,0,0,1,0,0,1,1,0,0,0,1,0,0,0,0,0,0,0,1,1,0,0,1,1,2,3.0,8.5,14.0,21.0,12.0,14.0,14.0,21.0,2.0,3.0,14.0,84.0,2.0,12.0,21,70,3,10,12.0,16.0,2.0,2.0
2018-09-08,Sat,False,False,0,0,0,0,0,0,0,0,0,0,0,0,0,0,0,0,0,0,0,0,0,0,0,0,0,0.0,8.5,13.0,22.0,11.0,13.0,13.0,22.0,2.0,3.0,13.0,85.0,2.0,12.0,20,71,3,10,11.0,17.0,2.0,2.0
2018-09-09,Sun,False,False,0,0,0,0,0,0,0,0,0,0,0,0,0,0,0,0,0,0,0,0,0,0,0,0,0,0.0,8.5,12.0,23.0,10.0,12.0,12.0,23.0,2.0,3.0,12.0,86.0,2.0,12.0,19,72,3,10,10.0,18.0,2.0,2.0
2018-09-10,Mon,True,False,0,0,0,0,0,1,1,0,0,0,1,0,0,0,0,0,0,0,1,1,0,0,1,1,1,2.0,7.5,11.0,24.0,9.0,11.0,11.0,24.0,1.0,4.0,11.0,87.0,1.0,13.0,18,73,2,11,9.0,19.0,1.0,3.0
2018-09-11,Tue,True,False,0,0,0,0,0,0,0,0,0,0,0,0,0,0,0,0,0,0,0,0,0,0,0,0,0,0.0,7.5,10.0,25.0,8.0,10.0,10.0,25.0,1.0,4.0,10.0,88.0,1.0,13.0,17,74,2,11,8.0,20.0,1.0,3.0
2018-09-12,Wed,True,False,0,0,0,0,0,1,1,0,0,0,1,0,0,0,0,0,1,0,1,1,0,0,1,1,2,2.5,7.5,9.0,26.0,7.0,9.0,9.0,26.0,1.0,4.0,9.0,89.0,1.0,13.0,16,75,2,11,7.0,21.0,1.0,3.0
2018-09-13,Thu,True,False,0,0,0,0,0,0,0,0,0,0,0,0,0,0,0,0,0,0,0,0,0,0,0,0,0,0.0,7.5,8.0,27.0,6.0,8.0,8.0,27.0,1.0,4.0,8.0,90.0,1.0,13.0,15,76,2,11,6.0,22.0,1.0,3.0
2018-09-14,Fri,True,False,0,0,1,0,0,1,1,0,0,0,1,0,0,0,0,0,0,0,1,1,0,0,1,1,2,3.0,7.5,7.0,28.0,5.0,7.0,7.0,28.0,1.0,4.0,7.0,91.0,1.0,13.0,14,77,2,11,5.0,23.0,1.0,3.0
2018-09-15,Sat,False,False,0,0,0,0,0,0,0,0,0,0,0,0,0,0,0,0,0,0,0,0,0,0,0,0,0,0.0,7.5,6.0,29.0,4.0,6.0,6.0,29.0,1.0,4.0,6.0,92.0,1.0,13.0,13,78,2,11,4.0,24.0,1.0,3.0
2018-09-16,Sun,False,False,0,0,0,0,0,0,0,0,0,0,0,0,0,0,0,0,0,0,0,0,0,0,0,0,0,0.0,7.5,5.0,30.0,3.0,5.0,5.0,30.0,1.0,4.0,5.0,93.0,1.0,13.0,12,79,2,11,3.0,25.0,1.0,3.0
2018-09-17,Mon,True,False,0,0,0,0,0,1,1,0,0,0,1,0,0,0,0,0,0,0,1,1,0,0,1,1,1,2.0,7.5,4.0,31.0,2.0,4.0,4.0,31.0,0.0,0.0,4.0,94.0,0.0,0.0,11,80,1,12,2.0,26.0,0.0,0.0
2018-09-18,Tue,True,False,0,0,0,0,0,0,0,0,0,0,0,0,0,0,0,0,0,0,0,0,0,0,0,0,0,0.0,7.5,3.0,32.0,1.0,3.0,3.0,32.0,0.0,0.0,3.0,95.0,0.0,0.0,10,81,1,12,1.0,27.0,0.0,0.0
2018-09-19,Wed,True,False,0,0,0,0,0,1,1,0,0,0,1,0,0,0,0,1,0,0,1,1,0,0,1,1,2,3.5,8.5,2.0,33.0,0.0,2.0,2.0,33.0,0.0,0.0,2.0,96.0,0.0,0.0,9,82,1,12,0.0,0.0,0.0,0.0
2018-09-20,Thu,True,False,0,0,0,0,0,0,0,0,0,0,0,0,0,0,0,0,0,0,0,0,0,0,0,0,0,0.0,8.5,1.0,34.0,27.0,1.0,1.0,34.0,0.0,0.0,1.0,97.0,0.0,0.0,8,83,1,12,27.0,1.0,0.0,0.0
2018-09-21,Fri,True,False,1,1,0,1,1,1,1,0,0,0,1,0,0,0,0,0,0,0,1,1,1,1,1,1,3,7.0,12.5,0.0,0.0,26.0,0.0,0.0,0.0,0.0,0.0,0.0,0.0,0.0,0.0,7,84,1,12,26.0,2.0,0.0,0.0
2018-09-22,Sat,False,False,0,0,0,0,0,0,0,0,0,0,0,0,0,0,0,0,0,0,0,0,0,0,0,0,0,0.0,12.5,27.0,1.0,25.0,27.0,27.0,1.0,0.0,0.0,90.0,1.0,0.0,0.0,6,85,1,12,25.0,3.0,0.0,0.0
2018-09-23,Sun,False,False,0,0,0,0,0,0,0,0,0,0,0,0,0,0,0,0,0,0,0,0,0,0,0,0,0,0.0,12.5,26.0,2.0,24.0,26.0,26.0,2.0,0.0,0.0,89.0,2.0,0.0,0.0,5,86,1,12,24.0,4.0,0.0,0.0
2018-09-24,Mon,True,False,0,0,0,0,0,1,1,0,0,0,1,0,0,0,0,0,0,0,1,1,0,0,1,1,1,2.0,12.5,25.0,3.0,23.0,25.0,25.0,3.0,3.0,1.0,88.0,3.0,12.0,1.0,4,87,0,0,23.0,5.0,3.0,1.0
2018-09-25,Tue,True,False,0,0,0,0,0,0,0,0,0,0,0,0,0,0,0,0,0,0,0,0,0,0,0,0,0,0.0,12.5,24.0,4.0,22.0,24.0,24.0,4.0,3.0,1.0,87.0,4.0,12.0,1.0,3,88,0,0,22.0,6.0,3.0,1.0
2018-09-26,Wed,True,False,0,0,0,0,0,1,1,0,0,0,1,0,0,0,0,0,1,0,1,1,0,0,1,1,2,2.5,11.5,23.0,5.0,21.0,23.0,23.0,5.0,3.0,1.0,86.0,5.0,12.0,1.0,2,89,0,0,21.0,7.0,3.0,1.0
2018-09-27,Thu,True,False,0,0,0,0,0,0,0,0,0,0,0,0,0,0,0,0,0,0,0,0,0,0,0,0,0,0.0,11.5,22.0,6.0,20.0,22.0,22.0,6.0,3.0,1.0,85.0,6.0,12.0,1.0,1,90,0,0,20.0,8.0,3.0,1.0
2018-09-28,Fri,True,False,0,0,1,0,0,0,0,0,0,0,0,1,1,1,1,0,0,1,1,1,0,0,0,1,4,6.0,10.5,21.0,7.0,19.0,21.0,21.0,7.0,3.0,1.0,84.0,7.0,12.0,1.0,0,0,0,0,19.0,9.0,3.0,1.0
2018-09-29,Sat,False,False,0,0,0,0,0,0,0,0,0,0,0,0,0,0,0,0,0,0,0,0,0,0,0,0,0,0.0,10.5,20.0,8.0,18.0,20.0,20.0,8.0,3.0,1.0,83.0,8.0,12.0,1.0,93,1,0,0,18.0,10.0,3.0,1.0
2018-09-30,Sun,False,False,0,0,0,0,0,0,0,0,0,0,0,0,0,0,0,0,0,0,0,0,0,0,0,0,0,0.0,10.5,19.0,9.0,17.0,19.0,19.0,9.0,3.0,1.0,82.0,9.0,12.0,1.0,92,2,0,0,17.0,11.0,3.0,1.0
2018-10-01,Mon,True,False,0,0,0,0,0,1,1,0,0,0,1,0,0,0,0,0,0,0,1,1,0,0,1,1,1,2.0,10.5,18.0,10.0,16.0,18.0,18.0,10.0,2.0,2.0,81.0,10.0,11.0,2.0,91,3,13,1,16.0,12.0,2.0,2.0
2018-10-02,Tue,True,False,0,0,0,0,0,0,0,0,0,0,0,0,0,0,0,0,0,0,0,0,0,0,0,0,0,0.0,10.5,17.0,11.0,15.0,17.0,17.0,11.0,2.0,2.0,80.0,11.0,11.0,2.0,90,4,13,1,15.0,13.0,2.0,2.0
2018-10-03,Wed,True,False,0,0,0,0,0,1,1,0,0,0,1,0,0,0,0,0,1,0,1,1,0,0,1,1,2,2.5,10.5,16.0,12.0,14.0,16.0,16.0,12.0,2.0,2.0,79.0,12.0,11.0,2.0,89,5,13,1,14.0,14.0,2.0,2.0
2018-10-04,Thu,True,False,0,0,0,0,0,0,0,0,0,0,0,0,0,0,0,0,0,0,0,0,0,0,0,0,0,0.0,10.5,15.0,13.0,13.0,15.0,15.0,13.0,2.0,2.0,78.0,13.0,11.0,2.0,88,6,13,1,13.0,15.0,2.0,2.0
2018-10-05,Fri,True,False,0,0,1,0,0,1,1,0,0,0,1,0,0,0,0,0,0,0,1,1,0,0,1,1,2,3.0,7.5,14.0,14.0,12.0,14.0,14.0,14.0,2.0,2.0,77.0,14.0,11.0,2.0,87,7,13,1,12.0,16.0,2.0,2.0
2018-10-06,Sat,False,False,0,0,0,0,0,0,0,0,0,0,0,0,0,0,0,0,0,0,0,0,0,0,0,0,0,0.0,7.5,13.0,15.0,11.0,13.0,13.0,15.0,2.0,2.0,76.0,15.0,11.0,2.0,86,8,13,1,11.0,17.0,2.0,2.0
2018-10-07,Sun,False,False,0,0,0,0,0,0,0,0,0,0,0,0,0,0,0,0,0,0,0,0,0,0,0,0,0,0.0,7.5,12.0,16.0,10.0,12.0,12.0,16.0,2.0,2.0,75.0,16.0,11.0,2.0,85,9,13,1,10.0,18.0,2.0,2.0
2018-10-08,Mon,True,False,0,0,0,0,0,1,1,0,0,0,1,0,0,0,0,0,0,0,1,1,0,0,1,1,1,2.0,7.5,11.0,17.0,9.0,11.0,11.0,17.0,1.0,3.0,74.0,17.0,10.0,3.0,84,10,12,2,9.0,19.0,1.0,3.0
2018-10-09,Tue,True,False,0,0,0,0,0,0,0,0,0,0,0,0,0,0,0,0,0,0,0,0,0,0,0,0,0,0.0,7.5,10.0,18.0,8.0,10.0,10.0,18.0,1.0,3.0,73.0,18.0,10.0,3.0,83,11,12,2,8.0,20.0,1.0,3.0
2018-10-10,Wed,True,False,0,0,0,0,0,1,1,0,0,0,1,0,0,0,0,0,1,0,1,1,0,0,1,1,2,2.5,7.5,9.0,19.0,7.0,9.0,9.0,19.0,1.0,3.0,72.0,19.0,10.0,3.0,82,12,12,2,7.0,21.0,1.0,3.0
2018-10-11,Thu,True,False,0,0,0,0,0,0,0,0,0,0,0,0,0,0,0,0,0,0,0,0,0,0,0,0,0,0.0,7.5,8.0,20.0,6.0,8.0,8.0,20.0,1.0,3.0,71.0,20.0,10.0,3.0,81,13,12,2,6.0,22.0,1.0,3.0
2018-10-12,Fri,True,False,0,0,1,0,0,1,1,0,0,0,1,0,0,0,0,0,0,0,1,1,0,0,1,1,2,3.0,7.5,7.0,21.0,5.0,7.0,7.0,21.0,1.0,3.0,70.0,21.0,10.0,3.0,80,14,12,2,5.0,23.0,1.0,3.0
2018-10-13,Sat,False,False,0,0,0,0,0,0,0,0,0,0,0,0,0,0,0,0,0,0,0,0,0,0,0,0,0,0.0,7.5,6.0,22.0,4.0,6.0,6.0,22.0,1.0,3.0,69.0,22.0,10.0,3.0,79,15,12,2,4.0,24.0,1.0,3.0
2018-10-14,Sun,False,False,0,0,0,0,0,0,0,0,0,0,0,0,0,0,0,0,0,0,0,0,0,0,0,0,0,0.0,7.5,5.0,23.0,3.0,5.0,5.0,23.0,1.0,3.0,68.0,23.0,10.0,3.0,78,16,12,2,3.0,25.0,1.0,3.0
2018-10-15,Mon,True,False,0,0,0,0,0,1,1,0,0,0,1,0,0,0,0,0,0,0,1,1,0,0,1,1,1,2.0,7.5,4.0,24.0,2.0,4.0,4.0,24.0,0.0,0.0,67.0,24.0,9.0,4.0,77,17,11,3,2.0,26.0,0.0,0.0
2018-10-16,Tue,True,False,0,0,0,0,0,0,0,0,0,0,0,0,0,0,0,0,0,0,0,0,0,0,0,0,0,0.0,7.5,3.0,25.0,1.0,3.0,3.0,25.0,0.0,0.0,66.0,25.0,9.0,4.0,76,18,11,3,1.0,27.0,0.0,0.0
2018-10-17,Wed,True,False,0,0,0,0,0,1,1,0,0,0,1,0,0,0,0,1,0,0,1,1,0,0,1,1,2,3.5,8.5,2.0,26.0,0.0,2.0,2.0,26.0,0.0,0.0,65.0,26.0,9.0,4.0,75,19,11,3,0.0,0.0,0.0,0.0
2018-10-18,Thu,True,False,0,0,0,0,0,0,0,0,0,0,0,0,0,0,0,0,0,0,0,0,0,0,0,0,0,0.0,8.5,1.0,27.0,34.0,1.0,1.0,27.0,0.0,0.0,64.0,27.0,9.0,4.0,74,20,11,3,34.0,1.0,0.0,0.0
2018-10-19,Fri,True,False,1,1,0,1,1,1,1,0,0,0,1,0,0,0,0,0,0,0,1,1,1,1,1,1,3,7.0,12.5,0.0,0.0,33.0,0.0,0.0,0.0,0.0,0.0,63.0,28.0,9.0,4.0,73,21,11,3,33.0,2.0,0.0,0.0
2018-10-20,Sat,False,False,0,0,0,0,0,0,0,0,0,0,0,0,0,0,0,0,0,0,0,0,0,0,0,0,0,0.0,12.5,27.0,1.0,32.0,27.0,27.0,1.0,0.0,0.0,62.0,29.0,9.0,4.0,72,22,11,3,32.0,3.0,0.0,0.0
2018-10-21,Sun,False,False,0,0,0,0,0,0,0,0,0,0,0,0,0,0,0,0,0,0,0,0,0,0,0,0,0,0.0,12.5,26.0,2.0,31.0,26.0,26.0,2.0,0.0,0.0,61.0,30.0,9.0,4.0,71,23,11,3,31.0,4.0,0.0,0.0
2018-10-22,Mon,True,False,0,0,0,0,0,1,1,0,0,0,1,0,0,0,0,0,0,0,1,1,0,0,1,1,1,2.0,12.5,25.0,3.0,30.0,25.0,25.0,3.0,3.0,1.0,60.0,31.0,8.0,5.0,70,24,10,4,30.0,5.0,4.0,1.0
2018-10-23,Tue,True,False,0,0,0,0,0,0,0,0,0,0,0,0,0,0,0,0,0,0,0,0,0,0,0,0,0,0.0,12.5,24.0,4.0,29.0,24.0,24.0,4.0,3.0,1.0,59.0,32.0,8.0,5.0,69,25,10,4,29.0,6.0,4.0,1.0
2018-10-24,Wed,True,False,0,0,0,0,0,1,1,0,0,0,1,0,0,0,0,0,1,0,1,1,0,0,1,1,2,2.5,11.5,23.0,5.0,28.0,23.0,23.0,5.0,3.0,1.0,58.0,33.0,8.0,5.0,68,26,10,4,28.0,7.0,4.0,1.0
2018-10-25,Thu,True,False,0,0,0,0,0,0,0,0,0,0,0,0,0,0,0,0,0,0,0,0,0,0,0,0,0,0.0,11.5,22.0,6.0,27.0,22.0,22.0,6.0,3.0,1.0,57.0,34.0,8.0,5.0,67,27,10,4,27.0,8.0,4.0,1.0
2018-10-26,Fri,True,False,0,0,1,0,0,1,1,0,0,0,1,0,0,0,0,0,0,0,1,1,0,0,1,1,2,3.0,7.5,21.0,7.0,26.0,21.0,21.0,7.0,3.0,1.0,56.0,35.0,8.0,5.0,66,28,10,4,26.0,9.0,4.0,1.0
2018-10-27,Sat,False,False,0,0,0,0,0,0,0,0,0,0,0,0,0,0,0,0,0,0,0,0,0,0,0,0,0,0.0,7.5,20.0,8.0,25.0,20.0,20.0,8.0,3.0,1.0,55.0,36.0,8.0,5.0,65,29,10,4,25.0,10.0,4.0,1.0
2018-10-28,Sun,False,False,0,0,0,0,0,0,0,0,0,0,0,0,0,0,0,0,0,0,0,0,0,0,0,0,0,0.0,7.5,19.0,9.0,24.0,19.0,19.0,9.0,3.0,1.0,54.0,37.0,8.0,5.0,64,30,10,4,24.0,11.0,4.0,1.0
2018-10-29,Mon,True,False,0,0,0,0,0,1,1,0,0,0,1,0,0,0,0,0,0,0,1,1,0,0,1,1,1,2.0,7.5,18.0,10.0,23.0,18.0,18.0,10.0,2.0,2.0,53.0,38.0,7.0,6.0,63,31,9,5,23.0,12.0,3.0,2.0
2018-10-30,Tue,True,False,0,0,0,0,0,0,0,0,0,0,0,0,0,0,0,0,0,0,0,0,0,0,0,0,0,0.0,7.5,17.0,11.0,22.0,17.0,17.0,11.0,2.0,2.0,52.0,39.0,7.0,6.0,62,32,9,5,22.0,13.0,3.0,2.0
2018-10-31,Wed,True,False,0,0,0,0,0,0,0,0,0,0,0,1,1,0,0,0,1,0,1,1,0,0,0,1,2,2.5,7.5,16.0,12.0,21.0,16.0,16.0,12.0,2.0,2.0,51.0,40.0,7.0,6.0,61,33,9,5,21.0,14.0,3.0,2.0
2018-11-01,Thu,True,False,0,0,0,0,0,0,0,0,0,0,0,0,0,0,0,0,0,0,0,0,0,0,0,0,0,0.0,7.5,15.0,13.0,20.0,15.0,15.0,13.0,2.0,2.0,50.0,41.0,7.0,6.0,60,34,9,5,20.0,15.0,3.0,2.0
2018-11-02,Fri,True,False,0,0,1,0,0,1,1,0,0,0,1,0,0,0,0,0,0,0,1,1,0,0,1,1,2,3.0,7.5,14.0,14.0,19.0,14.0,14.0,14.0,2.0,2.0,49.0,42.0,7.0,6.0,59,35,9,5,19.0,16.0,3.0,2.0
2018-11-03,Sat,False,False,0,0,0,0,0,0,0,0,0,0,0,0,0,0,0,0,0,0,0,0,0,0,0,0,0,0.0,7.5,13.0,15.0,18.0,13.0,13.0,15.0,2.0,2.0,48.0,43.0,7.0,6.0,58,36,9,5,18.0,17.0,3.0,2.0
2018-11-04,Sun,False,False,0,0,0,0,0,0,0,0,0,0,0,0,0,0,0,0,0,0,0,0,0,0,0,0,0,0.0,7.5,12.0,16.0,17.0,12.0,12.0,16.0,2.0,2.0,47.0,44.0,7.0,6.0,57,37,9,5,17.0,18.0,3.0,2.0
2018-11-05,Mon,True,False,0,0,0,0,0,1,1,0,0,0,1,0,0,0,0,0,0,0,1,1,0,0,1,1,1,2.0,7.5,11.0,17.0,16.0,11.0,11.0,17.0,1.0,3.0,46.0,45.0,6.0,7.0,56,38,8,6,16.0,19.0,2.0,3.0
2018-11-06,Tue,True,False,0,0,0,0,0,0,0,0,0,0,0,0,0,0,0,0,0,0,0,0,0,0,0,0,0,0.0,7.5,10.0,18.0,15.0,10.0,10.0,18.0,1.0,3.0,45.0,46.0,6.0,7.0,55,39,8,6,15.0,20.0,2.0,3.0
2018-11-07,Wed,True,False,0,0,0,0,0,1,1,0,0,0,1,0,0,0,0,0,1,0,1,1,0,0,1,1,2,2.5,7.5,9.0,19.0,14.0,9.0,9.0,19.0,1.0,3.0,44.0,47.0,6.0,7.0,54,40,8,6,14.0,21.0,2.0,3.0
2018-11-08,Thu,True,False,0,0,0,0,0,0,0,0,0,0,0,0,0,0,0,0,0,0,0,0,0,0,0,0,0,0.0,7.5,8.0,20.0,13.0,8.0,8.0,20.0,1.0,3.0,43.0,48.0,6.0,7.0,53,41,8,6,13.0,22.0,2.0,3.0
2018-11-09,Fri,True,False,0,0,1,0,0,1,1,0,0,0,1,0,0,0,0,0,0,0,1,1,0,0,1,1,2,3.0,7.5,7.0,21.0,12.0,7.0,7.0,21.0,1.0,3.0,42.0,49.0,6.0,7.0,52,42,8,6,12.0,23.0,2.0,3.0
2018-11-10,Sat,False,False,0,0,0,0,0,0,0,0,0,0,0,0,0,0,0,0,0,0,0,0,0,0,0,0,0,0.0,7.5,6.0,22.0,11.0,6.0,6.0,22.0,1.0,3.0,41.0,50.0,6.0,7.0,51,43,8,6,11.0,24.0,2.0,3.0
2018-11-11,Sun,False,False,0,0,0,0,0,0,0,0,0,0,0,0,0,0,0,0,0,0,0,0,0,0,0,0,0,0.0,7.5,5.0,23.0,10.0,5.0,5.0,23.0,1.0,3.0,40.0,51.0,6.0,7.0,50,44,8,6,10.0,25.0,2.0,3.0
2018-11-12,Mon,True,False,0,0,0,0,0,1,1,0,0,0,1,0,0,0,0,0,0,0,1,1,0,0,1,1,1,2.0,7.5,4.0,24.0,9.0,4.0,4.0,24.0,0.0,0.0,39.0,52.0,5.0,8.0,49,45,7,7,9.0,26.0,1.0,4.0
2018-11-13,Tue,True,False,0,0,0,0,0,0,0,0,0,0,0,0,0,0,0,0,0,0,0,0,0,0,0,0,0,0.0,7.5,3.0,25.0,8.0,3.0,3.0,25.0,0.0,0.0,38.0,53.0,5.0,8.0,48,46,7,7,8.0,27.0,1.0,4.0
2018-11-14,Wed,True,False,0,0,0,0,0,1,1,0,0,0,1,0,0,0,0,0,1,0,1,1,0,0,1,1,2,2.5,7.5,2.0,26.0,7.0,2.0,2.0,26.0,0.0,0.0,37.0,54.0,5.0,8.0,47,47,7,7,7.0,28.0,1.0,4.0
2018-11-15,Thu,True,False,0,0,0,0,0,0,0,0,0,0,0,0,0,0,0,0,0,0,0,0,0,0,0,0,0,0.0,7.5,1.0,27.0,6.0,1.0,1.0,27.0,0.0,0.0,36.0,55.0,5.0,8.0,46,48,7,7,6.0,29.0,1.0,4.0
2018-11-16,Fri,True,False,1,1,0,1,1,1,1,0,0,0,1,0,0,0,0,0,0,0,1,1,1,1,1,1,3,7.0,11.5,0.0,0.0,5.0,0.0,0.0,0.0,0.0,0.0,35.0,56.0,5.0,8.0,45,49,7,7,5.0,30.0,1.0,4.0
2018-11-17,Sat,False,False,0,0,0,0,0,0,0,0,0,0,0,0,0,0,0,0,0,0,0,0,0,0,0,0,0,0.0,11.5,34.0,1.0,4.0,34.0,34.0,1.0,0.0,0.0,34.0,57.0,5.0,8.0,44,50,7,7,4.0,31.0,1.0,4.0
2018-11-18,Sun,False,False,0,0,0,0,0,0,0,0,0,0,0,0,0,0,0,0,0,0,0,0,0,0,0,0,0,0.0,11.5,33.0,2.0,3.0,33.0,33.0,2.0,0.0,0.0,33.0,58.0,5.0,8.0,43,51,7,7,3.0,32.0,1.0,4.0
2018-11-19,Mon,True,False,0,0,0,0,0,1,1,0,0,0,1,0,0,0,0,0,0,0,1,1,0,0,1,1,1,2.0,11.5,32.0,3.0,2.0,32.0,32.0,3.0,4.0,1.0,32.0,59.0,4.0,9.0,42,52,6,8,2.0,33.0,0.0,0.0
2018-11-20,Tue,True,False,0,0,0,0,0,0,0,0,0,0,0,0,0,0,0,0,0,0,0,0,0,0,0,0,0,0.0,11.5,31.0,4.0,1.0,31.0,31.0,4.0,4.0,1.0,31.0,60.0,4.0,9.0,41,53,6,8,1.0,34.0,0.0,0.0
2018-11-21,Wed,True,False,0,0,0,0,0,1,1,0,0,0,1,0,0,0,0,1,0,0,1,1,0,0,1,1,2,3.5,12.5,30.0,5.0,0.0,30.0,30.0,5.0,4.0,1.0,30.0,61.0,4.0,9.0,40,54,6,8,0.0,0.0,0.0,0.0
2018-11-22,Thu,False,True,0,0,0,0,0,0,0,0,0,0,0,0,0,0,0,0,0,0,0,0,0,0,0,0,0,0.0,12.5,29.0,6.0,27.0,29.0,29.0,6.0,4.0,1.0,29.0,62.0,4.0,9.0,39,55,6,8,27.0,1.0,0.0,0.0
2018-11-23,Fri,True,False,0,0,1,0,0,1,1,0,0,0,1,0,0,0,0,0,0,0,1,1,0,0,1,1,2,3.0,15.5,28.0,7.0,26.0,28.0,28.0,7.0,4.0,1.0,28.0,63.0,4.0,9.0,38,56,6,8,26.0,2.0,0.0,0.0
2018-11-24,Sat,False,False,0,0,0,0,0,0,0,0,0,0,0,0,0,0,0,0,0,0,0,0,0,0,0,0,0,0.0,15.5,27.0,8.0,25.0,27.0,27.0,8.0,4.0,1.0,27.0,64.0,4.0,9.0,37,57,6,8,25.0,3.0,0.0,0.0
2018-11-25,Sun,False,False,0,0,0,0,0,0,0,0,0,0,0,0,0,0,0,0,0,0,0,0,0,0,0,0,0,0.0,15.5,26.0,9.0,24.0,26.0,26.0,9.0,4.0,1.0,26.0,65.0,4.0,9.0,36,58,6,8,24.0,4.0,0.0,0.0
2018-11-26,Mon,True,False,0,0,0,0,0,1,1,0,0,0,1,0,0,0,0,0,0,0,1,1,0,0,1,1,1,2.0,10.5,25.0,10.0,23.0,25.0,25.0,10.0,3.0,2.0,25.0,66.0,3.0,10.0,35,59,5,9,23.0,5.0,3.0,1.0
2018-11-27,Tue,True,False,0,0,0,0,0,0,0,0,0,0,0,0,0,0,0,0,0,0,0,0,0,0,0,0,0,0.0,8.5,24.0,11.0,22.0,24.0,24.0,11.0,3.0,2.0,24.0,67.0,3.0,10.0,34,60,5,9,22.0,6.0,3.0,1.0
2018-11-28,Wed,True,False,0,0,0,0,0,1,1,0,0,0,1,0,0,0,0,0,1,0,1,1,0,0,1,1,2,2.5,11.0,23.0,12.0,21.0,23.0,23.0,12.0,3.0,2.0,23.0,68.0,3.0,10.0,33,61,5,9,21.0,7.0,3.0,1.0
2018-11-29,Thu,True,False,0,0,0,0,0,0,0,0,0,0,0,0,0,0,0,0,0,0,0,0,0,0,0,0,0,0.0,7.5,22.0,13.0,20.0,22.0,22.0,13.0,3.0,2.0,22.0,69.0,3.0,10.0,32,62,5,9,20.0,8.0,3.0,1.0
2018-11-30,Fri,True,False,0,0,1,0,0,0,0,0,0,0,0,1,1,0,0,0,0,0,1,1,0,0,0,1,2,3.0,7.5,21.0,14.0,19.0,21.0,21.0,14.0,3.0,2.0,21.0,70.0,3.0,10.0,31,63,5,9,19.0,9.0,3.0,1.0
2018-12-01,Sat,False,False,0,0,0,0,0,0,0,0,0,0,0,0,0,0,0,0,0,0,0,0,0,0,0,0,0,0.0,7.5,20.0,15.0,18.0,20.0,20.0,15.0,3.0,2.0,20.0,71.0,3.0,10.0,30,64,5,9,18.0,10.0,3.0,1.0
2018-12-02,Sun,False,False,0,0,0,0,0,0,0,0,0,0,0,0,0,0,0,0,0,0,0,0,0,0,0,0,0,0.0,7.5,19.0,16.0,17.0,19.0,19.0,16.0,3.0,2.0,19.0,72.0,3.0,10.0,29,65,5,9,17.0,11.0,3.0,1.0
2018-12-03,Mon,True,False,0,0,0,0,0,1,1,0,0,0,1,0,0,0,0,0,0,0,1,1,0,0,1,1,1,2.0,7.5,18.0,17.0,16.0,18.0,18.0,17.0,2.0,3.0,18.0,73.0,2.0,11.0,28,66,4,10,16.0,12.0,2.0,2.0
2018-12-04,Tue,True,False,0,0,0,0,0,0,0,0,0,0,0,0,0,0,0,0,0,0,0,0,0,0,0,0,0,0.0,7.5,17.0,18.0,15.0,17.0,17.0,18.0,2.0,3.0,17.0,74.0,2.0,11.0,27,67,4,10,15.0,13.0,2.0,2.0
2018-12-05,Wed,False,True,0,0,0,0,0,0,0,0,0,0,0,0,0,0,0,0,0,0,0,0,0,0,0,0,0,0.0,7.5,16.0,19.0,14.0,16.0,16.0,19.0,2.0,3.0,16.0,75.0,2.0,11.0,26,68,4,10,14.0,14.0,2.0,2.0
2018-12-06,Thu,True,False,0,0,0,0,0,0,0,0,0,0,0,0,0,0,0,0,0,0,0,0,0,0,0,0,0,0.0,5.0,15.0,20.0,13.0,15.0,15.0,20.0,2.0,3.0,15.0,76.0,2.0,11.0,25,69,4,10,13.0,15.0,2.0,2.0
2018-12-07,Fri,True,False,0,0,1,0,0,1,1,0,0,0,1,0,0,0,0,0,0,0,1,1,0,0,1,1,2,3.0,8.0,14.0,21.0,12.0,14.0,14.0,21.0,2.0,3.0,14.0,77.0,2.0,11.0,24,70,4,10,12.0,16.0,2.0,2.0
2018-12-08,Sat,False,False,0,0,0,0,0,0,0,0,0,0,0,0,0,0,0,0,0,0,0,0,0,0,0,0,0,0.0,8.0,13.0,22.0,11.0,13.0,13.0,22.0,2.0,3.0,13.0,78.0,2.0,11.0,23,71,4,10,11.0,17.0,2.0,2.0
2018-12-09,Sun,False,False,0,0,0,0,0,0,0,0,0,0,0,0,0,0,0,0,0,0,0,0,0,0,0,0,0,0.0,8.0,12.0,23.0,10.0,12.0,12.0,23.0,2.0,3.0,12.0,79.0,2.0,11.0,22,72,4,10,10.0,18.0,2.0,2.0
2018-12-10,Mon,True,False,0,0,0,0,0,1,1,0,0,0,1,0,0,0,0,0,0,0,1,1,0,0,1,1,1,2.0,7.0,11.0,24.0,9.0,11.0,11.0,24.0,1.0,4.0,11.0,80.0,1.0,12.0,21,73,3,11,9.0,19.0,1.0,3.0
2018-12-11,Tue,True,False,0,0,0,0,0,0,0,0,0,0,0,0,0,0,0,0,0,0,0,0,0,0,0,0,0,0.0,5.0,10.0,25.0,8.0,10.0,10.0,25.0,1.0,4.0,10.0,81.0,1.0,12.0,20,74,3,11,8.0,20.0,1.0,3.0
2018-12-12,Wed,True,False,0,0,0,0,0,1,1,0,0,0,1,0,0,0,0,0,1,0,1,1,0,0,1,1,2,2.5,7.5,9.0,26.0,7.0,9.0,9.0,26.0,1.0,4.0,9.0,82.0,1.0,12.0,19,75,3,11,7.0,21.0,1.0,3.0
2018-12-13,Thu,True,False,0,0,0,0,0,0,0,0,0,0,0,0,0,0,0,0,0,0,0,0,0,0,0,0,0,0.0,7.5,8.0,27.0,6.0,8.0,8.0,27.0,1.0,4.0,8.0,83.0,1.0,12.0,18,76,3,11,6.0,22.0,1.0,3.0
2018-12-14,Fri,True,False,0,0,1,0,0,1,1,0,0,0,1,0,0,0,0,0,0,0,1,1,0,0,1,1,2,3.0,7.5,7.0,28.0,5.0,7.0,7.0,28.0,1.0,4.0,7.0,84.0,1.0,12.0,17,77,3,11,5.0,23.0,1.0,3.0
2018-12-15,Sat,False,False,0,0,0,0,0,0,0,0,0,0,0,0,0,0,0,0,0,0,0,0,0,0,0,0,0,0.0,7.5,6.0,29.0,4.0,6.0,6.0,29.0,1.0,4.0,6.0,85.0,1.0,12.0,16,78,3,11,4.0,24.0,1.0,3.0
2018-12-16,Sun,False,False,0,0,0,0,0,0,0,0,0,0,0,0,0,0,0,0,0,0,0,0,0,0,0,0,0,0.0,7.5,5.0,30.0,3.0,5.0,5.0,30.0,1.0,4.0,5.0,86.0,1.0,12.0,15,79,3,11,3.0,25.0,1.0,3.0
2018-12-17,Mon,True,False,0,0,0,0,0,1,1,0,0,0,1,0,0,0,0,0,0,0,1,1,0,0,1,1,1,2.0,7.5,4.0,31.0,2.0,4.0,4.0,31.0,0.0,0.0,4.0,87.0,0.0,0.0,14,80,2,12,2.0,26.0,0.0,0.0
2018-12-18,Tue,True,False,0,0,0,0,0,0,0,0,0,0,0,0,0,0,0,0,0,0,0,0,0,0,0,0,0,0.0,7.5,3.0,32.0,1.0,3.0,3.0,32.0,0.0,0.0,3.0,88.0,0.0,0.0,13,81,2,12,1.0,27.0,0.0,0.0
2018-12-19,Wed,True,False,0,0,0,0,0,1,1,0,0,0,1,0,0,0,0,1,0,0,1,1,0,0,1,1,2,3.5,8.5,2.0,33.0,0.0,2.0,2.0,33.0,0.0,0.0,2.0,89.0,0.0,0.0,12,82,2,12,0.0,0.0,0.0,0.0
2018-12-20,Thu,True,False,0,0,0,0,0,0,0,0,0,0,0,0,0,0,0,0,0,0,0,0,0,0,0,0,0,0.0,8.5,1.0,34.0,27.0,1.0,1.0,34.0,0.0,0.0,1.0,90.0,0.0,0.0,11,83,2,12,27.0,1.0,0.0,0.0
2018-12-21,Fri,True,False,1,1,0,1,1,1,1,0,0,0,1,0,0,0,0,0,0,0,1,1,1,1,1,1,3,7.0,12.5,0.0,0.0,26.0,0.0,0.0,0.0,0.0,0.0,0.0,0.0,0.0,0.0,10,84,2,12,26.0,2.0,0.0,0.0
2018-12-22,Sat,False,False,0,0,0,0,0,0,0,0,0,0,0,0,0,0,0,0,0,0,0,0,0,0,0,0,0,0.0,12.5,27.0,1.0,25.0,27.0,27.0,1.0,0.0,0.0,83.0,1.0,0.0,0.0,9,85,2,12,25.0,3.0,0.0,0.0
2018-12-23,Sun,False,False,0,0,0,0,0,0,0,0,0,0,0,0,0,0,0,0,0,0,0,0,0,0,0,0,0,0.0,12.5,26.0,2.0,24.0,26.0,26.0,2.0,0.0,0.0,82.0,2.0,0.0,0.0,8,86,2,12,24.0,4.0,0.0,0.0
2018-12-24,Mon,True,False,0,0,0,0,0,1,1,0,0,0,1,0,0,0,0,0,0,0,1,1,0,0,1,1,1,2.0,12.5,25.0,3.0,23.0,25.0,25.0,3.0,3.0,1.0,81.0,3.0,11.0,1.0,7,87,1,13,23.0,5.0,3.0,1.0
2018-12-25,Tue,False,True,0,0,0,0,0,0,0,0,0,0,0,0,0,0,0,0,0,0,0,0,0,0,0,0,0,0.0,12.5,24.0,4.0,22.0,24.0,24.0,4.0,3.0,1.0,80.0,4.0,11.0,1.0,6,88,1,13,22.0,6.0,3.0,1.0
2018-12-26,Wed,True,False,0,0,0,0,0,1,1,0,0,0,1,0,0,0,0,0,1,0,1,1,0,0,1,1,2,2.5,15.0,23.0,5.0,21.0,23.0,23.0,5.0,3.0,1.0,79.0,5.0,11.0,1.0,5,89,1,13,21.0,7.0,3.0,1.0
2018-12-27,Thu,True,False,0,0,0,0,0,0,0,0,0,0,0,0,0,0,0,0,0,0,0,0,0,0,0,0,0,0.0,11.5,22.0,6.0,20.0,22.0,22.0,6.0,3.0,1.0,78.0,6.0,11.0,1.0,4,90,1,13,20.0,8.0,3.0,1.0
2018-12-28,Fri,True,False,0,0,1,0,0,1,1,0,0,0,1,0,0,0,0,0,0,0,1,1,0,0,1,1,2,3.0,14.5,21.0,7.0,19.0,21.0,21.0,7.0,3.0,1.0,77.0,7.0,11.0,1.0,3,91,1,13,19.0,9.0,3.0,1.0
2018-12-29,Sat,False,False,0,0,0,0,0,0,0,0,0,0,0,0,0,0,0,0,0,0,0,0,0,0,0,0,0,0.0,14.5,20.0,8.0,18.0,20.0,20.0,8.0,3.0,1.0,76.0,8.0,11.0,1.0,2,92,1,13,18.0,10.0,3.0,1.0
2018-12-30,Sun,False,False,0,0,0,0,0,0,0,0,0,0,0,0,0,0,0,0,0,0,0,0,0,0,0,0,0,0.0,14.5,19.0,9.0,17.0,19.0,19.0,9.0,3.0,1.0,75.0,9.0,11.0,1.0,1,93,1,13,17.0,11.0,3.0,1.0
2018-12-31,Mon,True,False,0,0,0,0,0,0,0,0,0,0,0,1,1,1,1,0,0,0,1,1,0,0,0,1,2,4.5,12.0,18.0,10.0,16.0,18.0,18.0,10.0,2.0,2.0,74.0,10.0,10.0,2.0,0,0,0,0,16.0,12.0,2.0,2.0
2019-01-01,Tue,False,True,0,0,0,0,0,0,0,0,0,0,0,0,0,0,0,0,0,0,0,0,0,0,0,0,0,0.0,12.0,17.0,11.0,15.0,17.0,17.0,11.0,2.0,2.0,73.0,11.0,10.0,2.0,87,1,0,0,15.0,13.0,2.0,2.0
2019-01-02,Wed,True,False,0,0,0,0,0,1,1,0,0,0,1,0,0,0,0,0,1,0,1,1,0,0,1,1,2,2.5,12.5,16.0,12.0,14.0,16.0,16.0,12.0,2.0,2.0,72.0,12.0,10.0,2.0,86,2,0,0,14.0,14.0,2.0,2.0
2019-01-03,Thu,True,False,0,0,0,0,0,0,0,0,0,0,0,0,0,0,0,0,0,0,0,0,0,0,0,0,0,0.0,10.0,15.0,13.0,13.0,15.0,15.0,13.0,2.0,2.0,71.0,13.0,10.0,2.0,85,3,0,0,13.0,15.0,2.0,2.0
2019-01-04,Fri,True,False,0,0,1,0,0,1,1,0,0,0,1,0,0,0,0,0,0,0,1,1,0,0,1,1,2,3.0,13.0,14.0,14.0,12.0,14.0,14.0,14.0,2.0,2.0,70.0,14.0,10.0,2.0,84,4,0,0,12.0,16.0,2.0,2.0
2019-01-05,Sat,False,False,0,0,0,0,0,0,0,0,0,0,0,0,0,0,0,0,0,0,0,0,0,0,0,0,0,0.0,13.0,13.0,15.0,11.0,13.0,13.0,15.0,2.0,2.0,69.0,15.0,10.0,2.0,83,5,0,0,11.0,17.0,2.0,2.0
2019-01-06,Sun,False,False,0,0,0,0,0,0,0,0,0,0,0,0,0,0,0,0,0,0,0,0,0,0,0,0,0,0.0,13.0,12.0,16.0,10.0,12.0,12.0,16.0,2.0,2.0,68.0,16.0,10.0,2.0,82,6,0,0,10.0,18.0,2.0,2.0
2019-01-07,Mon,True,False,0,0,0,0,0,1,1,0,0,0,1,0,0,0,0,0,0,0,1,1,0,0,1,1,1,2.0,12.0,11.0,17.0,9.0,11.0,11.0,17.0,1.0,3.0,67.0,17.0,9.0,3.0,81,7,11,1,9.0,19.0,1.0,3.0
2019-01-08,Tue,True,False,0,0,0,0,0,0,0,0,0,0,0,0,0,0,0,0,0,0,0,0,0,0,0,0,0,0.0,7.5,10.0,18.0,8.0,10.0,10.0,18.0,1.0,3.0,66.0,18.0,9.0,3.0,80,8,11,1,8.0,20.0,1.0,3.0
2019-01-09,Wed,True,False,0,0,0,0,0,1,1,0,0,0,1,0,0,0,0,0,1,0,1,1,0,0,1,1,2,2.5,7.5,9.0,19.0,7.0,9.0,9.0,19.0,1.0,3.0,65.0,19.0,9.0,3.0,79,9,11,1,7.0,21.0,1.0,3.0
2019-01-10,Thu,True,False,0,0,0,0,0,0,0,0,0,0,0,0,0,0,0,0,0,0,0,0,0,0,0,0,0,0.0,7.5,8.0,20.0,6.0,8.0,8.0,20.0,1.0,3.0,64.0,20.0,9.0,3.0,78,10,11,1,6.0,22.0,1.0,3.0
2019-01-11,Fri,True,False,0,0,1,0,0,1,1,0,0,0,1,0,0,0,0,0,0,0,1,1,0,0,1,1,2,3.0,7.5,7.0,21.0,5.0,7.0,7.0,21.0,1.0,3.0,63.0,21.0,9.0,3.0,77,11,11,1,5.0,23.0,1.0,3.0
2019-01-12,Sat,False,False,0,0,0,0,0,0,0,0,0,0,0,0,0,0,0,0,0,0,0,0,0,0,0,0,0,0.0,7.5,6.0,22.0,4.0,6.0,6.0,22.0,1.0,3.0,62.0,22.0,9.0,3.0,76,12,11,1,4.0,24.0,1.0,3.0
2019-01-13,Sun,False,False,0,0,0,0,0,0,0,0,0,0,0,0,0,0,0,0,0,0,0,0,0,0,0,0,0,0.0,7.5,5.0,23.0,3.0,5.0,5.0,23.0,1.0,3.0,61.0,23.0,9.0,3.0,75,13,11,1,3.0,25.0,1.0,3.0
2019-01-14,Mon,True,False,0,0,0,0,0,1,1,0,0,0,1,0,0,0,0,0,0,0,1,1,0,0,1,1,1,2.0,7.5,4.0,24.0,2.0,4.0,4.0,24.0,0.0,0.0,60.0,24.0,8.0,4.0,74,14,10,2,2.0,26.0,0.0,0.0
2019-01-15,Tue,True,False,0,0,0,0,0,0,0,0,0,0,0,0,0,0,0,0,0,0,0,0,0,0,0,0,0,0.0,7.5,3.0,25.0,1.0,3.0,3.0,25.0,0.0,0.0,59.0,25.0,8.0,4.0,73,15,10,2,1.0,27.0,0.0,0.0
2019-01-16,Wed,True,False,0,0,0,0,0,1,1,0,0,0,1,0,0,0,0,1,0,0,1,1,0,0,1,1,2,3.5,8.5,2.0,26.0,0.0,2.0,2.0,26.0,0.0,0.0,58.0,26.0,8.0,4.0,72,16,10,2,0.0,0.0,0.0,0.0
2019-01-17,Thu,True,False,0,0,0,0,0,0,0,0,0,0,0,0,0,0,0,0,0,0,0,0,0,0,0,0,0,0.0,8.5,1.0,27.0,27.0,1.0,1.0,27.0,0.0,0.0,57.0,27.0,8.0,4.0,71,17,10,2,27.0,1.0,0.0,0.0
2019-01-18,Fri,True,False,1,1,0,1,1,1,1,0,0,0,1,0,0,0,0,0,0,0,1,1,1,1,1,1,3,7.0,12.5,0.0,0.0,26.0,0.0,0.0,0.0,0.0,0.0,56.0,28.0,8.0,4.0,70,18,10,2,26.0,2.0,0.0,0.0
2019-01-19,Sat,False,False,0,0,0,0,0,0,0,0,0,0,0,0,0,0,0,0,0,0,0,0,0,0,0,0,0,0.0,12.5,27.0,1.0,25.0,27.0,27.0,1.0,0.0,0.0,55.0,29.0,8.0,4.0,69,19,10,2,25.0,3.0,0.0,0.0
2019-01-20,Sun,False,False,0,0,0,0,0,0,0,0,0,0,0,0,0,0,0,0,0,0,0,0,0,0,0,0,0,0.0,12.5,26.0,2.0,24.0,26.0,26.0,2.0,0.0,0.0,54.0,30.0,8.0,4.0,68,20,10,2,24.0,4.0,0.0,0.0
2019-01-21,Mon,False,True,0,0,0,0,0,0,0,0,0,0,0,0,0,0,0,0,0,0,0,0,0,0,0,0,0,0.0,12.5,25.0,3.0,23.0,25.0,25.0,3.0,3.0,1.0,53.0,31.0,7.0,5.0,67,21,9,3,23.0,5.0,3.0,1.0
2019-01-22,Tue,True,False,0,0,0,0,0,0,0,0,0,0,0,0,0,0,0,0,0,0,0,0,0,0,0,0,0,0.0,10.5,24.0,4.0,22.0,24.0,24.0,4.0,3.0,1.0,52.0,32.0,7.0,5.0,66,22,9,3,22.0,6.0,3.0,1.0
2019-01-23,Wed,True,False,0,0,0,0,0,1,1,0,0,0,1,0,0,0,0,0,1,0,1,1,0,0,1,1,2,2.5,13.0,23.0,5.0,21.0,23.0,23.0,5.0,3.0,1.0,51.0,33.0,7.0,5.0,65,23,9,3,21.0,7.0,3.0,1.0
2019-01-24,Thu,True,False,0,0,0,0,0,0,0,0,0,0,0,0,0,0,0,0,0,0,0,0,0,0,0,0,0,0.0,9.5,22.0,6.0,20.0,22.0,22.0,6.0,3.0,1.0,50.0,34.0,7.0,5.0,64,24,9,3,20.0,8.0,3.0,1.0
2019-01-25,Fri,True,False,0,0,1,0,0,1,1,0,0,0,1,0,0,0,0,0,0,0,1,1,0,0,1,1,2,3.0,12.5,21.0,7.0,19.0,21.0,21.0,7.0,3.0,1.0,49.0,35.0,7.0,5.0,63,25,9,3,19.0,9.0,3.0,1.0
2019-01-26,Sat,False,False,0,0,0,0,0,0,0,0,0,0,0,0,0,0,0,0,0,0,0,0,0,0,0,0,0,0.0,12.5,20.0,8.0,18.0,20.0,20.0,8.0,3.0,1.0,48.0,36.0,7.0,5.0,62,26,9,3,18.0,10.0,3.0,1.0
2019-01-27,Sun,False,False,0,0,0,0,0,0,0,0,0,0,0,0,0,0,0,0,0,0,0,0,0,0,0,0,0,0.0,12.5,19.0,9.0,17.0,19.0,19.0,9.0,3.0,1.0,47.0,37.0,7.0,5.0,61,27,9,3,17.0,11.0,3.0,1.0
2019-01-28,Mon,True,False,0,0,0,0,0,1,1,0,0,0,1,0,0,0,0,0,0,0,1,1,0,0,1,1,1,2.0,7.5,18.0,10.0,16.0,18.0,18.0,10.0,2.0,2.0,46.0,38.0,6.0,6.0,60,28,8,4,16.0,12.0,2.0,2.0
2019-01-29,Tue,True,False,0,0,0,0,0,0,0,0,0,0,0,0,0,0,0,0,0,0,0,0,0,0,0,0,0,0.0,7.5,17.0,11.0,15.0,17.0,17.0,11.0,2.0,2.0,45.0,39.0,6.0,6.0,59,29,8,4,15.0,13.0,2.0,2.0
2019-01-30,Wed,True,False,0,0,0,0,0,1,1,0,0,0,1,0,0,0,0,0,1,0,1,1,0,0,1,1,2,2.5,7.5,16.0,12.0,14.0,16.0,16.0,12.0,2.0,2.0,44.0,40.0,6.0,6.0,58,30,8,4,14.0,14.0,2.0,2.0
2019-01-31,Thu,True,False,0,0,0,0,0,0,0,0,0,0,0,1,1,0,0,0,0,0,0,0,0,0,0,1,1,2.0,9.5,15.0,13.0,13.0,15.0,15.0,13.0,2.0,2.0,43.0,41.0,6.0,6.0,57,31,8,4,13.0,15.0,2.0,2.0
2019-02-01,Fri,True,False,0,0,1,0,0,1,1,0,0,0,1,0,0,0,0,0,0,0,1,1,0,0,1,1,2,3.0,9.5,14.0,14.0,12.0,14.0,14.0,14.0,2.0,2.0,42.0,42.0,6.0,6.0,56,32,8,4,12.0,16.0,2.0,2.0
2019-02-02,Sat,False,False,0,0,0,0,0,0,0,0,0,0,0,0,0,0,0,0,0,0,0,0,0,0,0,0,0,0.0,9.5,13.0,15.0,11.0,13.0,13.0,15.0,2.0,2.0,41.0,43.0,6.0,6.0,55,33,8,4,11.0,17.0,2.0,2.0
2019-02-03,Sun,False,False,0,0,0,0,0,0,0,0,0,0,0,0,0,0,0,0,0,0,0,0,0,0,0,0,0,0.0,9.5,12.0,16.0,10.0,12.0,12.0,16.0,2.0,2.0,40.0,44.0,6.0,6.0,54,34,8,4,10.0,18.0,2.0,2.0
2019-02-04,Mon,True,False,0,0,0,0,0,1,1,0,0,0,1,0,0,0,0,0,0,0,1,1,0,0,1,1,1,2.0,9.5,11.0,17.0,9.0,11.0,11.0,17.0,1.0,3.0,39.0,45.0,5.0,7.0,53,35,7,5,9.0,19.0,1.0,3.0
2019-02-05,Tue,True,False,0,0,0,0,0,0,0,0,0,0,0,0,0,0,0,0,0,0,0,0,0,0,0,0,0,0.0,9.5,10.0,18.0,8.0,10.0,10.0,18.0,1.0,3.0,38.0,46.0,5.0,7.0,52,36,7,5,8.0,20.0,1.0,3.0
2019-02-06,Wed,True,False,0,0,0,0,0,1,1,0,0,0,1,0,0,0,0,0,1,0,1,1,0,0,1,1,2,2.5,9.5,9.0,19.0,7.0,9.0,9.0,19.0,1.0,3.0,37.0,47.0,5.0,7.0,51,37,7,5,7.0,21.0,1.0,3.0
2019-02-07,Thu,True,False,0,0,0,0,0,0,0,0,0,0,0,0,0,0,0,0,0,0,0,0,0,0,0,0,0,0.0,7.5,8.0,20.0,6.0,8.0,8.0,20.0,1.0,3.0,36.0,48.0,5.0,7.0,50,38,7,5,6.0,22.0,1.0,3.0
2019-02-08,Fri,True,False,0,0,1,0,0,1,1,0,0,0,1,0,0,0,0,0,0,0,1,1,0,0,1,1,2,3.0,7.5,7.0,21.0,5.0,7.0,7.0,21.0,1.0,3.0,35.0,49.0,5.0,7.0,49,39,7,5,5.0,23.0,1.0,3.0
2019-02-09,Sat,False,False,0,0,0,0,0,0,0,0,0,0,0,0,0,0,0,0,0,0,0,0,0,0,0,0,0,0.0,7.5,6.0,22.0,4.0,6.0,6.0,22.0,1.0,3.0,34.0,50.0,5.0,7.0,48,40,7,5,4.0,24.0,1.0,3.0
2019-02-10,Sun,False,False,0,0,0,0,0,0,0,0,0,0,0,0,0,0,0,0,0,0,0,0,0,0,0,0,0,0.0,7.5,5.0,23.0,3.0,5.0,5.0,23.0,1.0,3.0,33.0,51.0,5.0,7.0,47,41,7,5,3.0,25.0,1.0,3.0
2019-02-11,Mon,True,False,0,0,0,0,0,1,1,0,0,0,1,0,0,0,0,0,0,0,1,1,0,0,1,1,1,2.0,7.5,4.0,24.0,2.0,4.0,4.0,24.0,0.0,0.0,32.0,52.0,4.0,8.0,46,42,6,6,2.0,26.0,0.0,0.0
2019-02-12,Tue,True,False,0,0,0,0,0,0,0,0,0,0,0,0,0,0,0,0,0,0,0,0,0,0,0,0,0,0.0,7.5,3.0,25.0,1.0,3.0,3.0,25.0,0.0,0.0,31.0,53.0,4.0,8.0,45,43,6,6,1.0,27.0,0.0,0.0
2019-02-13,Wed,True,False,0,0,0,0,0,1,1,0,0,0,1,0,0,0,0,1,0,0,1,1,0,0,1,1,2,3.5,8.5,2.0,26.0,0.0,2.0,2.0,26.0,0.0,0.0,30.0,54.0,4.0,8.0,44,44,6,6,0.0,0.0,0.0,0.0
2019-02-14,Thu,True,False,0,0,0,0,0,0,0,0,0,0,0,0,0,0,0,0,0,0,0,0,0,0,0,0,0,0.0,8.5,1.0,27.0,33.0,1.0,1.0,27.0,0.0,0.0,29.0,55.0,4.0,8.0,43,45,6,6,33.0,1.0,0.0,0.0
2019-02-15,Fri,True,False,1,1,0,1,1,1,1,0,0,0,1,0,0,0,0,0,0,0,1,1,1,1,1,1,3,7.0,12.5,0.0,0.0,32.0,0.0,0.0,0.0,0.0,0.0,28.0,56.0,4.0,8.0,42,46,6,6,32.0,2.0,0.0,0.0
2019-02-16,Sat,False,False,0,0,0,0,0,0,0,0,0,0,0,0,0,0,0,0,0,0,0,0,0,0,0,0,0,0.0,12.5,27.0,1.0,31.0,27.0,27.0,1.0,0.0,0.0,27.0,57.0,4.0,8.0,41,47,6,6,31.0,3.0,0.0,0.0
2019-02-17,Sun,False,False,0,0,0,0,0,0,0,0,0,0,0,0,0,0,0,0,0,0,0,0,0,0,0,0,0,0.0,12.5,26.0,2.0,30.0,26.0,26.0,2.0,0.0,0.0,26.0,58.0,4.0,8.0,40,48,6,6,30.0,4.0,0.0,0.0
2019-02-18,Mon,False,True,0,0,0,0,0,0,0,0,0,0,0,0,0,0,0,0,0,0,0,0,0,0,0,0,0,0.0,12.5,25.0,3.0,29.0,25.0,25.0,3.0,3.0,1.0,25.0,59.0,3.0,9.0,39,49,5,7,29.0,5.0,4.0,1.0
2019-02-19,Tue,True,False,0,0,0,0,0,0,0,0,0,0,0,0,0,0,0,0,0,0,0,0,0,0,0,0,0,0.0,10.5,24.0,4.0,28.0,24.0,24.0,4.0,3.0,1.0,24.0,60.0,3.0,9.0,38,50,5,7,28.0,6.0,4.0,1.0
2019-02-20,Wed,True,False,0,0,0,0,0,1,1,0,0,0,1,0,0,0,0,0,1,0,1,1,0,0,1,1,2,2.5,13.0,23.0,5.0,27.0,23.0,23.0,5.0,3.0,1.0,23.0,61.0,3.0,9.0,37,51,5,7,27.0,7.0,4.0,1.0
2019-02-21,Thu,True,False,0,0,0,0,0,0,0,0,0,0,0,0,0,0,0,0,0,0,0,0,0,0,0,0,0,0.0,9.5,22.0,6.0,26.0,22.0,22.0,6.0,3.0,1.0,22.0,62.0,3.0,9.0,36,52,5,7,26.0,8.0,4.0,1.0
2019-02-22,Fri,True,False,0,0,1,0,0,1,1,0,0,0,1,0,0,0,0,0,0,0,1,1,0,0,1,1,2,3.0,12.5,21.0,7.0,25.0,21.0,21.0,7.0,3.0,1.0,21.0,63.0,3.0,9.0,35,53,5,7,25.0,9.0,4.0,1.0
2019-02-23,Sat,False,False,0,0,0,0,0,0,0,0,0,0,0,0,0,0,0,0,0,0,0,0,0,0,0,0,0,0.0,12.5,20.0,8.0,24.0,20.0,20.0,8.0,3.0,1.0,20.0,64.0,3.0,9.0,34,54,5,7,24.0,10.0,4.0,1.0
2019-02-24,Sun,False,False,0,0,0,0,0,0,0,0,0,0,0,0,0,0,0,0,0,0,0,0,0,0,0,0,0,0.0,12.5,19.0,9.0,23.0,19.0,19.0,9.0,3.0,1.0,19.0,65.0,3.0,9.0,33,55,5,7,23.0,11.0,4.0,1.0
2019-02-25,Mon,True,False,0,0,0,0,0,1,1,0,0,0,1,0,0,0,0,0,0,0,1,1,0,0,1,1,1,2.0,7.5,18.0,10.0,22.0,18.0,18.0,10.0,2.0,2.0,18.0,66.0,2.0,10.0,32,56,4,8,22.0,12.0,3.0,2.0
2019-02-26,Tue,True,False,0,0,0,0,0,0,0,0,0,0,0,0,0,0,0,0,0,0,0,0,0,0,0,0,0,0.0,7.5,17.0,11.0,21.0,17.0,17.0,11.0,2.0,2.0,17.0,67.0,2.0,10.0,31,57,4,8,21.0,13.0,3.0,2.0
2019-02-27,Wed,True,False,0,0,0,0,0,1,1,0,0,0,1,0,0,0,0,0,1,0,1,1,0,0,1,1,2,2.5,7.5,16.0,12.0,20.0,16.0,16.0,12.0,2.0,2.0,16.0,68.0,2.0,10.0,30,58,4,8,20.0,14.0,3.0,2.0
2019-02-28,Thu,True,False,0,0,0,0,0,0,0,0,0,0,0,1,1,0,0,0,0,0,0,0,0,0,0,1,1,2.0,9.5,15.0,13.0,19.0,15.0,15.0,13.0,2.0,2.0,15.0,69.0,2.0,10.0,29,59,4,8,19.0,15.0,3.0,2.0
2019-03-01,Fri,True,False,0,0,1,0,0,1,1,0,0,0,1,0,0,0,0,0,0,0,1,1,0,0,1,1,2,3.0,9.5,14.0,14.0,18.0,14.0,14.0,14.0,2.0,2.0,14.0,70.0,2.0,10.0,28,60,4,8,18.0,16.0,3.0,2.0
2019-03-02,Sat,False,False,0,0,0,0,0,0,0,0,0,0,0,0,0,0,0,0,0,0,0,0,0,0,0,0,0,0.0,9.5,13.0,15.0,17.0,13.0,13.0,15.0,2.0,2.0,13.0,71.0,2.0,10.0,27,61,4,8,17.0,17.0,3.0,2.0
2019-03-03,Sun,False,False,0,0,0,0,0,0,0,0,0,0,0,0,0,0,0,0,0,0,0,0,0,0,0,0,0,0.0,9.5,12.0,16.0,16.0,12.0,12.0,16.0,2.0,2.0,12.0,72.0,2.0,10.0,26,62,4,8,16.0,18.0,3.0,2.0
2019-03-04,Mon,True,False,0,0,0,0,0,1,1,0,0,0,1,0,0,0,0,0,0,0,1,1,0,0,1,1,1,2.0,9.5,11.0,17.0,15.0,11.0,11.0,17.0,1.0,3.0,11.0,73.0,1.0,11.0,25,63,3,9,15.0,19.0,2.0,3.0
2019-03-05,Tue,True,False,0,0,0,0,0,0,0,0,0,0,0,0,0,0,0,0,0,0,0,0,0,0,0,0,0,0.0,9.5,10.0,18.0,14.0,10.0,10.0,18.0,1.0,3.0,10.0,74.0,1.0,11.0,24,64,3,9,14.0,20.0,2.0,3.0
2019-03-06,Wed,True,False,0,0,0,0,0,1,1,0,0,0,1,0,0,0,0,0,1,0,1,1,0,0,1,1,2,2.5,9.5,9.0,19.0,13.0,9.0,9.0,19.0,1.0,3.0,9.0,75.0,1.0,11.0,23,65,3,9,13.0,21.0,2.0,3.0
2019-03-07,Thu,True,False,0,0,0,0,0,0,0,0,0,0,0,0,0,0,0,0,0,0,0,0,0,0,0,0,0,0.0,7.5,8.0,20.0,12.0,8.0,8.0,20.0,1.0,3.0,8.0,76.0,1.0,11.0,22,66,3,9,12.0,22.0,2.0,3.0
2019-03-08,Fri,True,False,0,0,1,0,0,1,1,0,0,0,1,0,0,0,0,0,0,0,1,1,0,0,1,1,2,3.0,7.5,7.0,21.0,11.0,7.0,7.0,21.0,1.0,3.0,7.0,77.0,1.0,11.0,21,67,3,9,11.0,23.0,2.0,3.0
2019-03-09,Sat,False,False,0,0,0,0,0,0,0,0,0,0,0,0,0,0,0,0,0,0,0,0,0,0,0,0,0,0.0,7.5,6.0,22.0,10.0,6.0,6.0,22.0,1.0,3.0,6.0,78.0,1.0,11.0,20,68,3,9,10.0,24.0,2.0,3.0
2019-03-10,Sun,False,False,0,0,0,0,0,0,0,0,0,0,0,0,0,0,0,0,0,0,0,0,0,0,0,0,0,0.0,7.5,5.0,23.0,9.0,5.0,5.0,23.0,1.0,3.0,5.0,79.0,1.0,11.0,19,69,3,9,9.0,25.0,2.0,3.0
2019-03-11,Mon,True,False,0,0,0,0,0,1,1,0,0,0,1,0,0,0,0,0,0,0,1,1,0,0,1,1,1,2.0,7.5,4.0,24.0,8.0,4.0,4.0,24.0,0.0,0.0,4.0,80.0,0.0,0.0,18,70,2,10,8.0,26.0,1.0,4.0
2019-03-12,Tue,True,False,0,0,0,0,0,0,0,0,0,0,0,0,0,0,0,0,0,0,0,0,0,0,0,0,0,0.0,7.5,3.0,25.0,7.0,3.0,3.0,25.0,0.0,0.0,3.0,81.0,0.0,0.0,17,71,2,10,7.0,27.0,1.0,4.0
2019-03-13,Wed,True,False,0,0,0,0,0,1,1,0,0,0,1,0,0,0,0,0,1,0,1,1,0,0,1,1,2,2.5,7.5,2.0,26.0,6.0,2.0,2.0,26.0,0.0,0.0,2.0,82.0,0.0,0.0,16,72,2,10,6.0,28.0,1.0,4.0
2019-03-14,Thu,True,False,0,0,0,0,0,0,0,0,0,0,0,0,0,0,0,0,0,0,0,0,0,0,0,0,0,0.0,7.5,1.0,27.0,5.0,1.0,1.0,27.0,0.0,0.0,1.0,83.0,0.0,0.0,15,73,2,10,5.0,29.0,1.0,4.0
2019-03-15,Fri,True,False,1,1,0,1,1,1,1,0,0,0,1,0,0,0,0,0,0,0,1,1,1,1,1,1,3,7.0,11.5,0.0,0.0,4.0,0.0,0.0,0.0,0.0,0.0,0.0,0.0,0.0,0.0,14,74,2,10,4.0,30.0,1.0,4.0
2019-03-16,Sat,False,False,0,0,0,0,0,0,0,0,0,0,0,0,0,0,0,0,0,0,0,0,0,0,0,0,0,0.0,11.5,33.0,1.0,3.0,62.0,33.0,1.0,0.0,0.0,97.0,1.0,0.0,0.0,13,75,2,10,3.0,31.0,1.0,4.0
2019-03-17,Sun,False,False,0,0,0,0,0,0,0,0,0,0,0,0,0,0,0,0,0,0,0,0,0,0,0,0,0,0.0,11.5,32.0,2.0,2.0,61.0,32.0,2.0,0.0,0.0,96.0,2.0,0.0,0.0,12,76,2,10,2.0,32.0,1.0,4.0
2019-03-18,Mon,True,False,0,0,0,0,0,1,1,0,0,0,1,0,0,0,0,0,0,0,1,1,0,0,1,1,1,2.0,11.5,31.0,3.0,1.0,60.0,31.0,3.0,4.0,1.0,95.0,3.0,13.0,1.0,11,77,1,11,1.0,33.0,0.0,0.0
2019-03-19,Tue,True,False,0,0,0,0,0,0,0,0,0,0,0,0,0,0,0,1,0,1,0,0,0,0,0,1,2,2.0,13.5,30.0,4.0,0.0,59.0,30.0,4.0,4.0,1.0,94.0,4.0,13.0,1.0,10,78,1,11,0.0,0.0,0.0,0.0
2019-03-20,Wed,True,False,0,0,0,0,0,1,1,0,0,0,1,0,0,0,0,0,1,0,1,1,0,0,1,1,2,2.5,13.5,29.0,5.0,28.0,58.0,29.0,5.0,4.0,1.0,93.0,5.0,13.0,1.0,9,79,1,11,28.0,1.0,0.0,0.0
2019-03-21,Thu,True,False,0,0,0,0,0,0,0,0,0,0,0,0,0,0,0,0,0,0,0,0,0,0,0,0,0,0.0,13.5,28.0,6.0,27.0,57.0,28.0,6.0,4.0,1.0,92.0,6.0,13.0,1.0,8,80,1,11,27.0,2.0,0.0,0.0
2019-03-22,Fri,True,False,0,0,1,0,0,1,1,0,0,0,1,0,0,0,0,0,0,0,1,1,0,0,1,1,2,3.0,9.5,27.0,7.0,26.0,56.0,27.0,7.0,4.0,1.0,91.0,7.0,13.0,1.0,7,81,1,11,26.0,3.0,0.0,0.0
2019-03-23,Sat,False,False,0,0,0,0,0,0,0,0,0,0,0,0,0,0,0,0,0,0,0,0,0,0,0,0,0,0.0,9.5,26.0,8.0,25.0,55.0,26.0,8.0,4.0,1.0,90.0,8.0,13.0,1.0,6,82,1,11,25.0,4.0,0.0,0.0
2019-03-24,Sun,False,False,0,0,0,0,0,0,0,0,0,0,0,0,0,0,0,0,0,0,0,0,0,0,0,0,0,0.0,9.5,25.0,9.0,24.0,54.0,25.0,9.0,4.0,1.0,89.0,9.0,13.0,1.0,5,83,1,11,24.0,5.0,0.0,0.0
2019-03-25,Mon,True,False,0,0,0,0,0,1,1,0,0,0,1,0,0,0,0,0,0,0,1,1,0,0,1,1,1,2.0,9.5,24.0,10.0,23.0,53.0,24.0,10.0,3.0,2.0,88.0,10.0,12.0,2.0,4,84,0,0,23.0,6.0,3.0,1.0
2019-03-26,Tue,True,False,0,0,0,0,0,0,0,0,0,0,0,0,0,0,0,0,0,0,0,0,0,0,0,0,0,0.0,7.5,23.0,11.0,22.0,52.0,23.0,11.0,3.0,2.0,87.0,11.0,12.0,2.0,3,85,0,0,22.0,7.0,3.0,1.0
2019-03-27,Wed,True,False,0,0,0,0,0,1,1,0,0,0,1,0,0,0,0,0,1,0,1,1,0,0,1,1,2,2.5,7.5,22.0,12.0,21.0,51.0,22.0,12.0,3.0,2.0,86.0,12.0,12.0,2.0,2,86,0,0,21.0,8.0,3.0,1.0
2019-03-28,Thu,True,False,0,0,0,0,0,0,0,0,0,0,0,0,0,0,0,0,0,0,0,0,0,0,0,0,0,0.0,7.5,21.0,13.0,20.0,50.0,21.0,13.0,3.0,2.0,85.0,13.0,12.0,2.0,1,87,0,0,20.0,9.0,3.0,1.0
2019-03-29,Fri,True,False,0,0,1,0,0,0,0,0,0,0,0,1,1,1,1,0,0,1,1,1,0,0,0,1,4,6.0,10.5,20.0,14.0,19.0,49.0,20.0,14.0,3.0,2.0,84.0,14.0,12.0,2.0,0,0,0,0,19.0,10.0,3.0,1.0
2019-03-30,Sat,False,False,0,0,0,0,0,0,0,0,0,0,0,0,0,0,0,0,0,0,0,0,0,0,0,0,0,0.0,10.5,19.0,15.0,18.0,48.0,19.0,15.0,3.0,2.0,83.0,15.0,12.0,2.0,90,1,0,0,18.0,11.0,3.0,1.0
2019-03-31,Sun,False,False,0,0,0,0,0,0,0,0,0,0,0,0,0,0,0,0,0,0,0,0,0,0,0,0,0,0.0,10.5,18.0,16.0,17.0,47.0,18.0,16.0,3.0,2.0,82.0,16.0,12.0,2.0,89,2,0,0,17.0,12.0,3.0,1.0
2019-04-01,Mon,True,False,0,0,0,0,0,1,1,0,0,0,1,0,0,0,0,0,0,0,1,1,0,0,1,1,1,2.0,10.5,17.0,17.0,16.0,46.0,17.0,17.0,2.0,3.0,81.0,17.0,11.0,3.0,88,3,12,1,16.0,13.0,2.0,2.0
2019-04-02,Tue,True,False,0,0,0,0,0,0,0,0,0,0,0,0,0,0,0,0,0,0,0,0,0,0,0,0,0,0.0,10.5,16.0,18.0,15.0,45.0,16.0,18.0,2.0,3.0,80.0,18.0,11.0,3.0,87,4,12,1,15.0,14.0,2.0,2.0
2019-04-03,Wed,True,False,0,0,0,0,0,1,1,0,0,0,1,0,0,0,0,0,1,0,1,1,0,0,1,1,2,2.5,10.5,15.0,19.0,14.0,44.0,15.0,19.0,2.0,3.0,79.0,19.0,11.0,3.0,86,5,12,1,14.0,15.0,2.0,2.0
2019-04-04,Thu,True,False,0,0,0,0,0,0,0,0,0,0,0,0,0,0,0,0,0,0,0,0,0,0,0,0,0,0.0,10.5,14.0,20.0,13.0,43.0,14.0,20.0,2.0,3.0,78.0,20.0,11.0,3.0,85,6,12,1,13.0,16.0,2.0,2.0
2019-04-05,Fri,True,False,0,0,1,0,0,1,1,0,0,0,1,0,0,0,0,0,0,0,1,1,0,0,1,1,2,3.0,7.5,13.0,21.0,12.0,42.0,13.0,21.0,2.0,3.0,77.0,21.0,11.0,3.0,84,7,12,1,12.0,17.0,2.0,2.0
2019-04-06,Sat,False,False,0,0,0,0,0,0,0,0,0,0,0,0,0,0,0,0,0,0,0,0,0,0,0,0,0,0.0,7.5,12.0,22.0,11.0,41.0,12.0,22.0,2.0,3.0,76.0,22.0,11.0,3.0,83,8,12,1,11.0,18.0,2.0,2.0
2019-04-07,Sun,False,False,0,0,0,0,0,0,0,0,0,0,0,0,0,0,0,0,0,0,0,0,0,0,0,0,0,0.0,7.5,11.0,23.0,10.0,40.0,11.0,23.0,2.0,3.0,75.0,23.0,11.0,3.0,82,9,12,1,10.0,19.0,2.0,2.0
2019-04-08,Mon,True,False,0,0,0,0,0,1,1,0,0,0,1,0,0,0,0,0,0,0,1,1,0,0,1,1,1,2.0,7.5,10.0,24.0,9.0,39.0,10.0,24.0,1.0,4.0,74.0,24.0,10.0,4.0,81,10,11,2,9.0,20.0,1.0,3.0
2019-04-09,Tue,True,False,0,0,0,0,0,0,0,0,0,0,0,0,0,0,0,0,0,0,0,0,0,0,0,0,0,0.0,7.5,9.0,25.0,8.0,38.0,9.0,25.0,1.0,4.0,73.0,25.0,10.0,4.0,80,11,11,2,8.0,21.0,1.0,3.0
2019-04-10,Wed,True,False,0,0,0,0,0,1,1,0,0,0,1,0,0,0,0,0,1,0,1,1,0,0,1,1,2,2.5,7.5,8.0,26.0,7.0,37.0,8.0,26.0,1.0,4.0,72.0,26.0,10.0,4.0,79,12,11,2,7.0,22.0,1.0,3.0
2019-04-11,Thu,True,False,0,0,0,0,0,0,0,0,0,0,0,0,0,0,0,0,0,0,0,0,0,0,0,0,0,0.0,7.5,7.0,27.0,6.0,36.0,7.0,27.0,1.0,4.0,71.0,27.0,10.0,4.0,78,13,11,2,6.0,23.0,1.0,3.0
2019-04-12,Fri,True,False,0,0,1,0,0,1,1,0,0,0,1,0,0,0,0,0,0,0,1,1,0,0,1,1,2,3.0,7.5,6.0,28.0,5.0,35.0,6.0,28.0,1.0,4.0,70.0,28.0,10.0,4.0,77,14,11,2,5.0,24.0,1.0,3.0
2019-04-13,Sat,False,False,0,0,0,0,0,0,0,0,0,0,0,0,0,0,0,0,0,0,0,0,0,0,0,0,0,0.0,7.5,5.0,29.0,4.0,34.0,5.0,29.0,1.0,4.0,69.0,29.0,10.0,4.0,76,15,11,2,4.0,25.0,1.0,3.0
2019-04-14,Sun,False,False,0,0,0,0,0,0,0,0,0,0,0,0,0,0,0,0,0,0,0,0,0,0,0,0,0,0.0,7.5,4.0,30.0,3.0,33.0,4.0,30.0,1.0,4.0,68.0,30.0,10.0,4.0,75,16,11,2,3.0,26.0,1.0,3.0
2019-04-15,Mon,True,False,0,0,0,0,0,1,1,0,0,0,1,0,0,0,0,0,0,0,1,1,0,0,1,1,1,2.0,7.5,3.0,31.0,2.0,32.0,3.0,31.0,0.0,0.0,67.0,31.0,9.0,5.0,74,17,10,3,2.0,27.0,0.0,0.0
2019-04-16,Tue,True,False,0,0,0,0,0,0,0,0,0,0,0,0,0,0,0,0,0,0,0,0,0,0,0,0,0,0.0,7.5,2.0,32.0,1.0,31.0,2.0,32.0,0.0,0.0,66.0,32.0,9.0,5.0,73,18,10,3,1.0,28.0,0.0,0.0
2019-04-17,Wed,True,False,0,0,0,0,0,1,1,0,0,0,1,0,0,0,0,1,0,0,1,1,0,0,1,1,2,3.5,8.5,1.0,33.0,0.0,30.0,1.0,33.0,0.0,0.0,65.0,33.0,9.0,5.0,72,19,10,3,0.0,0.0,0.0,0.0
2019-04-18,Thu,True,False,1,1,0,1,1,0,0,0,0,0,1,0,0,0,0,0,0,1,1,1,0,0,1,1,3,5.5,14.0,0.0,0.0,34.0,29.0,0.0,0.0,0.0,0.0,64.0,34.0,9.0,5.0,71,20,10,3,34.0,1.0,0.0,0.0
2019-04-19,Fri,False,True,0,0,0,0,0,0,0,0,0,0,0,0,0,0,0,0,0,0,0,0,0,0,0,0,0,0.0,14.0,28.0,1.0,33.0,28.0,28.0,1.0,0.0,0.0,63.0,35.0,9.0,5.0,70,21,10,3,33.0,2.0,0.0,0.0
2019-04-20,Sat,False,False,0,0,0,0,0,0,0,0,0,0,0,0,0,0,0,0,0,0,0,0,0,0,0,0,0,0.0,14.0,27.0,2.0,32.0,27.0,27.0,2.0,0.0,0.0,62.0,36.0,9.0,5.0,69,22,10,3,32.0,3.0,0.0,0.0
2019-04-21,Sun,False,False,0,0,0,0,0,0,0,0,0,0,0,0,0,0,0,0,0,0,0,0,0,0,0,0,0,0.0,14.0,26.0,3.0,31.0,26.0,26.0,3.0,0.0,0.0,61.0,37.0,9.0,5.0,68,23,10,3,31.0,4.0,0.0,0.0
2019-04-22,Mon,True,False,0,0,0,0,0,1,1,0,0,0,1,0,0,0,0,0,0,0,1,1,0,0,1,1,1,2.0,13.0,25.0,4.0,30.0,25.0,25.0,4.0,3.0,1.0,60.0,38.0,8.0,6.0,67,24,9,4,30.0,5.0,4.0,1.0
2019-04-23,Tue,True,False,0,0,0,0,0,0,0,0,0,0,0,0,0,0,0,0,0,0,0,0,0,0,0,0,0,0.0,11.0,24.0,5.0,29.0,24.0,24.0,5.0,3.0,1.0,59.0,39.0,8.0,6.0,66,25,9,4,29.0,6.0,4.0,1.0
2019-04-24,Wed,True,False,0,0,0,0,0,1,1,0,0,0,1,0,0,0,0,0,1,0,1,1,0,0,1,1,2,2.5,13.5,23.0,6.0,28.0,23.0,23.0,6.0,3.0,1.0,58.0,40.0,8.0,6.0,65,26,9,4,28.0,7.0,4.0,1.0
2019-04-25,Thu,True,False,0,0,0,0,0,0,0,0,0,0,0,0,0,0,0,0,0,0,0,0,0,0,0,0,0,0.0,10.0,22.0,7.0,27.0,22.0,22.0,7.0,3.0,1.0,57.0,41.0,8.0,6.0,64,27,9,4,27.0,8.0,4.0,1.0
2019-04-26,Fri,True,False,0,0,1,0,0,1,1,0,0,0,1,0,0,0,0,0,0,0,1,1,0,0,1,1,2,3.0,7.5,21.0,8.0,26.0,21.0,21.0,8.0,3.0,1.0,56.0,42.0,8.0,6.0,63,28,9,4,26.0,9.0,4.0,1.0
2019-04-27,Sat,False,False,0,0,0,0,0,0,0,0,0,0,0,0,0,0,0,0,0,0,0,0,0,0,0,0,0,0.0,7.5,20.0,9.0,25.0,20.0,20.0,9.0,3.0,1.0,55.0,43.0,8.0,6.0,62,29,9,4,25.0,10.0,4.0,1.0
2019-04-28,Sun,False,False,0,0,0,0,0,0,0,0,0,0,0,0,0,0,0,0,0,0,0,0,0,0,0,0,0,0.0,7.5,19.0,10.0,24.0,19.0,19.0,10.0,3.0,1.0,54.0,44.0,8.0,6.0,61,30,9,4,24.0,11.0,4.0,1.0
2019-04-29,Mon,True,False,0,0,0,0,0,1,1,0,0,0,1,0,0,0,0,0,0,0,1,1,0,0,1,1,1,2.0,7.5,18.0,11.0,23.0,18.0,18.0,11.0,2.0,2.0,53.0,45.0,7.0,7.0,60,31,8,5,23.0,12.0,3.0,2.0
2019-04-30,Tue,True,False,0,0,0,0,0,0,0,0,0,0,0,1,1,0,0,0,0,0,0,0,0,0,0,1,1,2.0,9.5,17.0,12.0,22.0,17.0,17.0,12.0,2.0,2.0,52.0,46.0,7.0,7.0,59,32,8,5,22.0,13.0,3.0,2.0
2019-05-01,Wed,True,False,0,0,0,0,0,1,1,0,0,0,1,0,0,0,0,0,1,0,1,1,0,0,1,1,2,2.5,9.5,16.0,13.0,21.0,16.0,16.0,13.0,2.0,2.0,51.0,47.0,7.0,7.0,58,33,8,5,21.0,14.0,3.0,2.0
2019-05-02,Thu,True,False,0,0,0,0,0,0,0,0,0,0,0,0,0,0,0,0,0,0,0,0,0,0,0,0,0,0.0,9.5,15.0,14.0,20.0,15.0,15.0,14.0,2.0,2.0,50.0,48.0,7.0,7.0,57,34,8,5,20.0,15.0,3.0,2.0
2019-05-03,Fri,True,False,0,0,1,0,0,1,1,0,0,0,1,0,0,0,0,0,0,0,1,1,0,0,1,1,2,3.0,9.5,14.0,15.0,19.0,14.0,14.0,15.0,2.0,2.0,49.0,49.0,7.0,7.0,56,35,8,5,19.0,16.0,3.0,2.0
2019-05-04,Sat,False,False,0,0,0,0,0,0,0,0,0,0,0,0,0,0,0,0,0,0,0,0,0,0,0,0,0,0.0,9.5,13.0,16.0,18.0,13.0,13.0,16.0,2.0,2.0,48.0,50.0,7.0,7.0,55,36,8,5,18.0,17.0,3.0,2.0
2019-05-05,Sun,False,False,0,0,0,0,0,0,0,0,0,0,0,0,0,0,0,0,0,0,0,0,0,0,0,0,0,0.0,9.5,12.0,17.0,17.0,12.0,12.0,17.0,2.0,2.0,47.0,51.0,7.0,7.0,54,37,8,5,17.0,18.0,3.0,2.0
2019-05-06,Mon,True,False,0,0,0,0,0,1,1,0,0,0,1,0,0,0,0,0,0,0,1,1,0,0,1,1,1,2.0,9.5,11.0,18.0,16.0,11.0,11.0,18.0,1.0,3.0,46.0,52.0,6.0,8.0,53,38,7,6,16.0,19.0,2.0,3.0
2019-05-07,Tue,True,False,0,0,0,0,0,0,0,0,0,0,0,0,0,0,0,0,0,0,0,0,0,0,0,0,0,0.0,7.5,10.0,19.0,15.0,10.0,10.0,19.0,1.0,3.0,45.0,53.0,6.0,8.0,52,39,7,6,15.0,20.0,2.0,3.0
2019-05-08,Wed,True,False,0,0,0,0,0,1,1,0,0,0,1,0,0,0,0,0,1,0,1,1,0,0,1,1,2,2.5,7.5,9.0,20.0,14.0,9.0,9.0,20.0,1.0,3.0,44.0,54.0,6.0,8.0,51,40,7,6,14.0,21.0,2.0,3.0
2019-05-09,Thu,True,False,0,0,0,0,0,0,0,0,0,0,0,0,0,0,0,0,0,0,0,0,0,0,0,0,0,0.0,7.5,8.0,21.0,13.0,8.0,8.0,21.0,1.0,3.0,43.0,55.0,6.0,8.0,50,41,7,6,13.0,22.0,2.0,3.0
2019-05-10,Fri,True,False,0,0,1,0,0,1,1,0,0,0,1,0,0,0,0,0,0,0,1,1,0,0,1,1,2,3.0,7.5,7.0,22.0,12.0,7.0,7.0,22.0,1.0,3.0,42.0,56.0,6.0,8.0,49,42,7,6,12.0,23.0,2.0,3.0
2019-05-11,Sat,False,False,0,0,0,0,0,0,0,0,0,0,0,0,0,0,0,0,0,0,0,0,0,0,0,0,0,0.0,7.5,6.0,23.0,11.0,6.0,6.0,23.0,1.0,3.0,41.0,57.0,6.0,8.0,48,43,7,6,11.0,24.0,2.0,3.0
2019-05-12,Sun,False,False,0,0,0,0,0,0,0,0,0,0,0,0,0,0,0,0,0,0,0,0,0,0,0,0,0,0.0,7.5,5.0,24.0,10.0,5.0,5.0,24.0,1.0,3.0,40.0,58.0,6.0,8.0,47,44,7,6,10.0,25.0,2.0,3.0
2019-05-13,Mon,True,False,0,0,0,0,0,1,1,0,0,0,1,0,0,0,0,0,0,0,1,1,0,0,1,1,1,2.0,7.5,4.0,25.0,9.0,4.0,4.0,25.0,0.0,0.0,39.0,59.0,5.0,9.0,46,45,6,7,9.0,26.0,1.0,4.0
2019-05-14,Tue,True,False,0,0,0,0,0,0,0,0,0,0,0,0,0,0,0,0,0,0,0,0,0,0,0,0,0,0.0,7.5,3.0,26.0,8.0,3.0,3.0,26.0,0.0,0.0,38.0,60.0,5.0,9.0,45,46,6,7,8.0,27.0,1.0,4.0
2019-05-15,Wed,True,False,0,0,0,0,0,1,1,0,0,0,1,0,0,0,0,0,1,0,1,1,0,0,1,1,2,2.5,7.5,2.0,27.0,7.0,2.0,2.0,27.0,0.0,0.0,37.0,61.0,5.0,9.0,44,47,6,7,7.0,28.0,1.0,4.0
2019-05-16,Thu,True,False,0,0,0,0,0,0,0,0,0,0,0,0,0,0,0,0,0,0,0,0,0,0,0,0,0,0.0,7.5,1.0,28.0,6.0,1.0,1.0,28.0,0.0,0.0,36.0,62.0,5.0,9.0,43,48,6,7,6.0,29.0,1.0,4.0
2019-05-17,Fri,True,False,1,1,0,1,1,1,1,0,0,0,1,0,0,0,0,0,0,0,1,1,1,1,1,1,3,7.0,11.5,0.0,0.0,5.0,0.0,0.0,0.0,0.0,0.0,35.0,63.0,5.0,9.0,42,49,6,7,5.0,30.0,1.0,4.0
2019-05-18,Sat,False,False,0,0,0,0,0,0,0,0,0,0,0,0,0,0,0,0,0,0,0,0,0,0,0,0,0,0.0,11.5,34.0,1.0,4.0,34.0,34.0,1.0,0.0,0.0,34.0,64.0,5.0,9.0,41,50,6,7,4.0,31.0,1.0,4.0
2019-05-19,Sun,False,False,0,0,0,0,0,0,0,0,0,0,0,0,0,0,0,0,0,0,0,0,0,0,0,0,0,0.0,11.5,33.0,2.0,3.0,33.0,33.0,2.0,0.0,0.0,33.0,65.0,5.0,9.0,40,51,6,7,3.0,32.0,1.0,4.0
2019-05-20,Mon,True,False,0,0,0,0,0,1,1,0,0,0,1,0,0,0,0,0,0,0,1,1,0,0,1,1,1,2.0,11.5,32.0,3.0,2.0,32.0,32.0,3.0,4.0,1.0,32.0,66.0,4.0,10.0,39,52,5,8,2.0,33.0,0.0,0.0
2019-05-21,Tue,True,False,0,0,0,0,0,0,0,0,0,0,0,0,0,0,0,0,0,0,0,0,0,0,0,0,0,0.0,11.5,31.0,4.0,1.0,31.0,31.0,4.0,4.0,1.0,31.0,67.0,4.0,10.0,38,53,5,8,1.0,34.0,0.0,0.0
2019-05-22,Wed,True,False,0,0,0,0,0,1,1,0,0,0,1,0,0,0,0,1,0,0,1,1,0,0,1,1,2,3.5,12.5,30.0,5.0,0.0,30.0,30.0,5.0,4.0,1.0,30.0,68.0,4.0,10.0,37,54,5,8,0.0,0.0,0.0,0.0
2019-05-23,Thu,True,False,0,0,0,0,0,0,0,0,0,0,0,0,0,0,0,0,0,0,0,0,0,0,0,0,0,0.0,12.5,29.0,6.0,27.0,29.0,29.0,6.0,4.0,1.0,29.0,69.0,4.0,10.0,36,55,5,8,27.0,1.0,0.0,0.0
2019-05-24,Fri,True,False,0,0,1,0,0,1,1,0,0,0,1,0,0,0,0,0,0,0,1,1,0,0,1,1,2,3.0,8.5,28.0,7.0,26.0,28.0,28.0,7.0,4.0,1.0,28.0,70.0,4.0,10.0,35,56,5,8,26.0,2.0,0.0,0.0
2019-05-25,Sat,False,False,0,0,0,0,0,0,0,0,0,0,0,0,0,0,0,0,0,0,0,0,0,0,0,0,0,0.0,8.5,27.0,8.0,25.0,27.0,27.0,8.0,4.0,1.0,27.0,71.0,4.0,10.0,34,57,5,8,25.0,3.0,0.0,0.0
2019-05-26,Sun,False,False,0,0,0,0,0,0,0,0,0,0,0,0,0,0,0,0,0,0,0,0,0,0,0,0,0,0.0,8.5,26.0,9.0,24.0,26.0,26.0,9.0,4.0,1.0,26.0,72.0,4.0,10.0,33,58,5,8,24.0,4.0,0.0,0.0
2019-05-27,Mon,False,True,0,0,0,0,0,0,0,0,0,0,0,0,0,0,0,0,0,0,0,0,0,0,0,0,0,0.0,8.5,25.0,10.0,23.0,25.0,25.0,10.0,3.0,2.0,25.0,73.0,3.0,11.0,32,59,4,9,23.0,5.0,3.0,1.0
2019-05-28,Tue,True,False,0,0,0,0,0,0,0,0,0,0,0,0,0,0,0,0,0,0,0,0,0,0,0,0,0,0.0,6.5,24.0,11.0,22.0,24.0,24.0,11.0,3.0,2.0,24.0,74.0,3.0,11.0,31,60,4,9,22.0,6.0,3.0,1.0
2019-05-29,Wed,True,False,0,0,0,0,0,1,1,0,0,0,1,0,0,0,0,0,1,0,1,1,0,0,1,1,2,2.5,9.0,23.0,12.0,21.0,23.0,23.0,12.0,3.0,2.0,23.0,75.0,3.0,11.0,30,61,4,9,21.0,7.0,3.0,1.0
2019-05-30,Thu,True,False,0,0,0,0,0,0,0,0,0,0,0,0,0,0,0,0,0,0,0,0,0,0,0,0,0,0.0,5.5,22.0,13.0,20.0,22.0,22.0,13.0,3.0,2.0,22.0,76.0,3.0,11.0,29,62,4,9,20.0,8.0,3.0,1.0
2019-05-31,Fri,True,False,0,0,1,0,0,0,0,0,0,0,0,1,1,0,0,0,0,0,1,1,0,0,0,1,2,3.0,8.5,21.0,14.0,19.0,21.0,21.0,14.0,3.0,2.0,21.0,77.0,3.0,11.0,28,63,4,9,19.0,9.0,3.0,1.0
2019-06-01,Sat,False,False,0,0,0,0,0,0,0,0,0,0,0,0,0,0,0,0,0,0,0,0,0,0,0,0,0,0.0,8.5,20.0,15.0,18.0,20.0,20.0,15.0,3.0,2.0,20.0,78.0,3.0,11.0,27,64,4,9,18.0,10.0,3.0,1.0
2019-06-02,Sun,False,False,0,0,0,0,0,0,0,0,0,0,0,0,0,0,0,0,0,0,0,0,0,0,0,0,0,0.0,8.5,19.0,16.0,17.0,19.0,19.0,16.0,3.0,2.0,19.0,79.0,3.0,11.0,26,65,4,9,17.0,11.0,3.0,1.0
2019-06-03,Mon,True,False,0,0,0,0,0,1,1,0,0,0,1,0,0,0,0,0,0,0,1,1,0,0,1,1,1,2.0,7.5,18.0,17.0,16.0,18.0,18.0,17.0,2.0,3.0,18.0,80.0,2.0,12.0,25,66,3,10,16.0,12.0,2.0,2.0
2019-06-04,Tue,True,False,0,0,0,0,0,0,0,0,0,0,0,0,0,0,0,0,0,0,0,0,0,0,0,0,0,0.0,7.5,17.0,18.0,15.0,17.0,17.0,18.0,2.0,3.0,17.0,81.0,2.0,12.0,24,67,3,10,15.0,13.0,2.0,2.0
2019-06-05,Wed,True,False,0,0,0,0,0,1,1,0,0,0,1,0,0,0,0,0,1,0,1,1,0,0,1,1,2,2.5,7.5,16.0,19.0,14.0,16.0,16.0,19.0,2.0,3.0,16.0,82.0,2.0,12.0,23,68,3,10,14.0,14.0,2.0,2.0
2019-06-06,Thu,True,False,0,0,0,0,0,0,0,0,0,0,0,0,0,0,0,0,0,0,0,0,0,0,0,0,0,0.0,7.5,15.0,20.0,13.0,15.0,15.0,20.0,2.0,3.0,15.0,83.0,2.0,12.0,22,69,3,10,13.0,15.0,2.0,2.0
2019-06-07,Fri,True,False,0,0,1,0,0,1,1,0,0,0,1,0,0,0,0,0,0,0,1,1,0,0,1,1,2,3.0,7.5,14.0,21.0,12.0,14.0,14.0,21.0,2.0,3.0,14.0,84.0,2.0,12.0,21,70,3,10,12.0,16.0,2.0,2.0
2019-06-08,Sat,False,False,0,0,0,0,0,0,0,0,0,0,0,0,0,0,0,0,0,0,0,0,0,0,0,0,0,0.0,7.5,13.0,22.0,11.0,13.0,13.0,22.0,2.0,3.0,13.0,85.0,2.0,12.0,20,71,3,10,11.0,17.0,2.0,2.0
2019-06-09,Sun,False,False,0,0,0,0,0,0,0,0,0,0,0,0,0,0,0,0,0,0,0,0,0,0,0,0,0,0.0,7.5,12.0,23.0,10.0,12.0,12.0,23.0,2.0,3.0,12.0,86.0,2.0,12.0,19,72,3,10,10.0,18.0,2.0,2.0
2019-06-10,Mon,True,False,0,0,0,0,0,1,1,0,0,0,1,0,0,0,0,0,0,0,1,1,0,0,1,1,1,2.0,7.5,11.0,24.0,9.0,11.0,11.0,24.0,1.0,4.0,11.0,87.0,1.0,13.0,18,73,2,11,9.0,19.0,1.0,3.0
2019-06-11,Tue,True,False,0,0,0,0,0,0,0,0,0,0,0,0,0,0,0,0,0,0,0,0,0,0,0,0,0,0.0,7.5,10.0,25.0,8.0,10.0,10.0,25.0,1.0,4.0,10.0,88.0,1.0,13.0,17,74,2,11,8.0,20.0,1.0,3.0
2019-06-12,Wed,True,False,0,0,0,0,0,1,1,0,0,0,1,0,0,0,0,0,1,0,1,1,0,0,1,1,2,2.5,7.5,9.0,26.0,7.0,9.0,9.0,26.0,1.0,4.0,9.0,89.0,1.0,13.0,16,75,2,11,7.0,21.0,1.0,3.0
2019-06-13,Thu,True,False,0,0,0,0,0,0,0,0,0,0,0,0,0,0,0,0,0,0,0,0,0,0,0,0,0,0.0,7.5,8.0,27.0,6.0,8.0,8.0,27.0,1.0,4.0,8.0,90.0,1.0,13.0,15,76,2,11,6.0,22.0,1.0,3.0
2019-06-14,Fri,True,False,0,0,1,0,0,1,1,0,0,0,1,0,0,0,0,0,0,0,1,1,0,0,1,1,2,3.0,7.5,7.0,28.0,5.0,7.0,7.0,28.0,1.0,4.0,7.0,91.0,1.0,13.0,14,77,2,11,5.0,23.0,1.0,3.0
2019-06-15,Sat,False,False,0,0,0,0,0,0,0,0,0,0,0,0,0,0,0,0,0,0,0,0,0,0,0,0,0,0.0,7.5,6.0,29.0,4.0,6.0,6.0,29.0,1.0,4.0,6.0,92.0,1.0,13.0,13,78,2,11,4.0,24.0,1.0,3.0
2019-06-16,Sun,False,False,0,0,0,0,0,0,0,0,0,0,0,0,0,0,0,0,0,0,0,0,0,0,0,0,0,0.0,7.5,5.0,30.0,3.0,5.0,5.0,30.0,1.0,4.0,5.0,93.0,1.0,13.0,12,79,2,11,3.0,25.0,1.0,3.0
2019-06-17,Mon,True,False,0,0,0,0,0,1,1,0,0,0,1,0,0,0,0,0,0,0,1,1,0,0,1,1,1,2.0,7.5,4.0,31.0,2.0,4.0,4.0,31.0,0.0,0.0,4.0,94.0,0.0,0.0,11,80,1,12,2.0,26.0,0.0,0.0
2019-06-18,Tue,True,False,0,0,0,0,0,0,0,0,0,0,0,0,0,0,0,0,0,0,0,0,0,0,0,0,0,0.0,7.5,3.0,32.0,1.0,3.0,3.0,32.0,0.0,0.0,3.0,95.0,0.0,0.0,10,81,1,12,1.0,27.0,0.0,0.0
2019-06-19,Wed,True,False,0,0,0,0,0,1,1,0,0,0,1,0,0,0,0,1,0,0,1,1,0,0,1,1,2,3.5,8.5,2.0,33.0,0.0,2.0,2.0,33.0,0.0,0.0,2.0,96.0,0.0,0.0,9,82,1,12,0.0,0.0,0.0,0.0
2019-06-20,Thu,True,False,0,0,0,0,0,0,0,0,0,0,0,0,0,0,0,0,0,0,0,0,0,0,0,0,0,0.0,8.5,1.0,34.0,27.0,1.0,1.0,34.0,0.0,0.0,1.0,97.0,0.0,0.0,8,83,1,12,27.0,1.0,0.0,0.0
2019-06-21,Fri,True,False,1,1,0,1,1,1,1,0,0,0,1,0,0,0,0,0,0,0,1,1,1,1,1,1,3,7.0,12.5,0.0,0.0,26.0,0.0,0.0,0.0,0.0,0.0,0.0,0.0,0.0,0.0,7,84,1,12,26.0,2.0,0.0,0.0
2019-06-22,Sat,False,False,0,0,0,0,0,0,0,0,0,0,0,0,0,0,0,0,0,0,0,0,0,0,0,0,0,0.0,12.5,27.0,1.0,25.0,27.0,27.0,1.0,0.0,0.0,90.0,1.0,0.0,0.0,6,85,1,12,25.0,3.0,0.0,0.0
2019-06-23,Sun,False,False,0,0,0,0,0,0,0,0,0,0,0,0,0,0,0,0,0,0,0,0,0,0,0,0,0,0.0,12.5,26.0,2.0,24.0,26.0,26.0,2.0,0.0,0.0,89.0,2.0,0.0,0.0,5,86,1,12,24.0,4.0,0.0,0.0
2019-06-24,Mon,True,False,0,0,0,0,0,1,1,0,0,0,1,0,0,0,0,0,0,0,1,1,0,0,1,1,1,2.0,12.5,25.0,3.0,23.0,25.0,25.0,3.0,3.0,1.0,88.0,3.0,12.0,1.0,4,87,0,0,23.0,5.0,3.0,1.0
2019-06-25,Tue,True,False,0,0,0,0,0,0,0,0,0,0,0,0,0,0,0,0,0,0,0,0,0,0,0,0,0,0.0,12.5,24.0,4.0,22.0,24.0,24.0,4.0,3.0,1.0,87.0,4.0,12.0,1.0,3,88,0,0,22.0,6.0,3.0,1.0
2019-06-26,Wed,True,False,0,0,0,0,0,1,1,0,0,0,1,0,0,0,0,0,1,0,1,1,0,0,1,1,2,2.5,11.5,23.0,5.0,21.0,23.0,23.0,5.0,3.0,1.0,86.0,5.0,12.0,1.0,2,89,0,0,21.0,7.0,3.0,1.0
2019-06-27,Thu,True,False,0,0,0,0,0,0,0,0,0,0,0,0,0,0,0,0,0,0,0,0,0,0,0,0,0,0.0,11.5,22.0,6.0,20.0,22.0,22.0,6.0,3.0,1.0,85.0,6.0,12.0,1.0,1,90,0,0,20.0,8.0,3.0,1.0
2019-06-28,Fri,True,False,0,0,1,0,0,0,0,0,0,0,0,1,1,1,1,0,0,1,1,1,0,0,0,1,4,6.0,10.5,21.0,7.0,19.0,21.0,21.0,7.0,3.0,1.0,84.0,7.0,12.0,1.0,0,0,0,0,19.0,9.0,3.0,1.0
2019-06-29,Sat,False,False,0,0,0,0,0,0,0,0,0,0,0,0,0,0,0,0,0,0,0,0,0,0,0,0,0,0.0,10.5,20.0,8.0,18.0,20.0,20.0,8.0,3.0,1.0,83.0,8.0,12.0,1.0,93,1,0,0,18.0,10.0,3.0,1.0
2019-06-30,Sun,False,False,0,0,0,0,0,0,0,0,0,0,0,0,0,0,0,0,0,0,0,0,0,0,0,0,0,0.0,10.5,19.0,9.0,17.0,19.0,19.0,9.0,3.0,1.0,82.0,9.0,12.0,1.0,92,2,0,0,17.0,11.0,3.0,1.0
2019-07-01,Mon,True,False,0,0,0,0,0,1,1,0,0,0,1,0,0,0,0,0,0,0,1,1,0,0,1,1,1,2.0,10.5,18.0,10.0,16.0,18.0,18.0,10.0,2.0,2.0,81.0,10.0,11.0,2.0,91,3,13,1,16.0,12.0,2.0,2.0
2019-07-02,Tue,True,False,0,0,0,0,0,0,0,0,0,0,0,0,0,0,0,0,0,0,0,0,0,0,0,0,0,0.0,10.5,17.0,11.0,15.0,17.0,17.0,11.0,2.0,2.0,80.0,11.0,11.0,2.0,90,4,13,1,15.0,13.0,2.0,2.0
2019-07-03,Wed,True,False,0,0,0,0,0,1,1,0,0,0,1,0,0,0,0,0,1,0,1,1,0,0,1,1,2,2.5,10.5,16.0,12.0,14.0,16.0,16.0,12.0,2.0,2.0,79.0,12.0,11.0,2.0,89,5,13,1,14.0,14.0,2.0,2.0
2019-07-04,Thu,False,True,0,0,0,0,0,0,0,0,0,0,0,0,0,0,0,0,0,0,0,0,0,0,0,0,0,0.0,10.5,15.0,13.0,13.0,15.0,15.0,13.0,2.0,2.0,78.0,13.0,11.0,2.0,88,6,13,1,13.0,15.0,2.0,2.0
2019-07-05,Fri,True,False,0,0,1,0,0,1,1,0,0,0,1,0,0,0,0,0,0,0,1,1,0,0,1,1,2,3.0,13.5,14.0,14.0,12.0,14.0,14.0,14.0,2.0,2.0,77.0,14.0,11.0,2.0,87,7,13,1,12.0,16.0,2.0,2.0
2019-07-06,Sat,False,False,0,0,0,0,0,0,0,0,0,0,0,0,0,0,0,0,0,0,0,0,0,0,0,0,0,0.0,13.5,13.0,15.0,11.0,13.0,13.0,15.0,2.0,2.0,76.0,15.0,11.0,2.0,86,8,13,1,11.0,17.0,2.0,2.0
2019-07-07,Sun,False,False,0,0,0,0,0,0,0,0,0,0,0,0,0,0,0,0,0,0,0,0,0,0,0,0,0,0.0,13.5,12.0,16.0,10.0,12.0,12.0,16.0,2.0,2.0,75.0,16.0,11.0,2.0,85,9,13,1,10.0,18.0,2.0,2.0
2019-07-08,Mon,True,False,0,0,0,0,0,1,1,0,0,0,1,0,0,0,0,0,0,0,1,1,0,0,1,1,1,2.0,9.5,11.0,17.0,9.0,11.0,11.0,17.0,1.0,3.0,74.0,17.0,10.0,3.0,84,10,12,2,9.0,19.0,1.0,3.0
2019-07-09,Tue,True,False,0,0,0,0,0,0,0,0,0,0,0,0,0,0,0,0,0,0,0,0,0,0,0,0,0,0.0,7.5,10.0,18.0,8.0,10.0,10.0,18.0,1.0,3.0,73.0,18.0,10.0,3.0,83,11,12,2,8.0,20.0,1.0,3.0
2019-07-10,Wed,True,False,0,0,0,0,0,1,1,0,0,0,1,0,0,0,0,0,1,0,1,1,0,0,1,1,2,2.5,10.0,9.0,19.0,7.0,9.0,9.0,19.0,1.0,3.0,72.0,19.0,10.0,3.0,82,12,12,2,7.0,21.0,1.0,3.0
2019-07-11,Thu,True,False,0,0,0,0,0,0,0,0,0,0,0,0,0,0,0,0,0,0,0,0,0,0,0,0,0,0.0,7.5,8.0,20.0,6.0,8.0,8.0,20.0,1.0,3.0,71.0,20.0,10.0,3.0,81,13,12,2,6.0,22.0,1.0,3.0
2019-07-12,Fri,True,False,0,0,1,0,0,1,1,0,0,0,1,0,0,0,0,0,0,0,1,1,0,0,1,1,2,3.0,7.5,7.0,21.0,5.0,7.0,7.0,21.0,1.0,3.0,70.0,21.0,10.0,3.0,80,14,12,2,5.0,23.0,1.0,3.0
2019-07-13,Sat,False,False,0,0,0,0,0,0,0,0,0,0,0,0,0,0,0,0,0,0,0,0,0,0,0,0,0,0.0,7.5,6.0,22.0,4.0,6.0,6.0,22.0,1.0,3.0,69.0,22.0,10.0,3.0,79,15,12,2,4.0,24.0,1.0,3.0
2019-07-14,Sun,False,False,0,0,0,0,0,0,0,0,0,0,0,0,0,0,0,0,0,0,0,0,0,0,0,0,0,0.0,7.5,5.0,23.0,3.0,5.0,5.0,23.0,1.0,3.0,68.0,23.0,10.0,3.0,78,16,12,2,3.0,25.0,1.0,3.0
2019-07-15,Mon,True,False,0,0,0,0,0,1,1,0,0,0,1,0,0,0,0,0,0,0,1,1,0,0,1,1,1,2.0,7.5,4.0,24.0,2.0,4.0,4.0,24.0,0.0,0.0,67.0,24.0,9.0,4.0,77,17,11,3,2.0,26.0,0.0,0.0
2019-07-16,Tue,True,False,0,0,0,0,0,0,0,0,0,0,0,0,0,0,0,0,0,0,0,0,0,0,0,0,0,0.0,7.5,3.0,25.0,1.0,3.0,3.0,25.0,0.0,0.0,66.0,25.0,9.0,4.0,76,18,11,3,1.0,27.0,0.0,0.0
2019-07-17,Wed,True,False,0,0,0,0,0,1,1,0,0,0,1,0,0,0,0,1,0,0,1,1,0,0,1,1,2,3.5,8.5,2.0,26.0,0.0,2.0,2.0,26.0,0.0,0.0,65.0,26.0,9.0,4.0,75,19,11,3,0.0,0.0,0.0,0.0
2019-07-18,Thu,True,False,0,0,0,0,0,0,0,0,0,0,0,0,0,0,0,0,0,0,0,0,0,0,0,0,0,0.0,8.5,1.0,27.0,34.0,1.0,1.0,27.0,0.0,0.0,64.0,27.0,9.0,4.0,74,20,11,3,34.0,1.0,0.0,0.0
2019-07-19,Fri,True,False,1,1,0,1,1,1,1,0,0,0,1,0,0,0,0,0,0,0,1,1,1,1,1,1,3,7.0,12.5,0.0,0.0,33.0,0.0,0.0,0.0,0.0,0.0,63.0,28.0,9.0,4.0,73,21,11,3,33.0,2.0,0.0,0.0
2019-07-20,Sat,False,False,0,0,0,0,0,0,0,0,0,0,0,0,0,0,0,0,0,0,0,0,0,0,0,0,0,0.0,12.5,27.0,1.0,32.0,27.0,27.0,1.0,0.0,0.0,62.0,29.0,9.0,4.0,72,22,11,3,32.0,3.0,0.0,0.0
2019-07-21,Sun,False,False,0,0,0,0,0,0,0,0,0,0,0,0,0,0,0,0,0,0,0,0,0,0,0,0,0,0.0,12.5,26.0,2.0,31.0,26.0,26.0,2.0,0.0,0.0,61.0,30.0,9.0,4.0,71,23,11,3,31.0,4.0,0.0,0.0
2019-07-22,Mon,True,False,0,0,0,0,0,1,1,0,0,0,1,0,0,0,0,0,0,0,1,1,0,0,1,1,1,2.0,12.5,25.0,3.0,30.0,25.0,25.0,3.0,3.0,1.0,60.0,31.0,8.0,5.0,70,24,10,4,30.0,5.0,4.0,1.0
2019-07-23,Tue,True,False,0,0,0,0,0,0,0,0,0,0,0,0,0,0,0,0,0,0,0,0,0,0,0,0,0,0.0,12.5,24.0,4.0,29.0,24.0,24.0,4.0,3.0,1.0,59.0,32.0,8.0,5.0,69,25,10,4,29.0,6.0,4.0,1.0
2019-07-24,Wed,True,False,0,0,0,0,0,1,1,0,0,0,1,0,0,0,0,0,1,0,1,1,0,0,1,1,2,2.5,11.5,23.0,5.0,28.0,23.0,23.0,5.0,3.0,1.0,58.0,33.0,8.0,5.0,68,26,10,4,28.0,7.0,4.0,1.0
2019-07-25,Thu,True,False,0,0,0,0,0,0,0,0,0,0,0,0,0,0,0,0,0,0,0,0,0,0,0,0,0,0.0,11.5,22.0,6.0,27.0,22.0,22.0,6.0,3.0,1.0,57.0,34.0,8.0,5.0,67,27,10,4,27.0,8.0,4.0,1.0
2019-07-26,Fri,True,False,0,0,1,0,0,1,1,0,0,0,1,0,0,0,0,0,0,0,1,1,0,0,1,1,2,3.0,7.5,21.0,7.0,26.0,21.0,21.0,7.0,3.0,1.0,56.0,35.0,8.0,5.0,66,28,10,4,26.0,9.0,4.0,1.0
2019-07-27,Sat,False,False,0,0,0,0,0,0,0,0,0,0,0,0,0,0,0,0,0,0,0,0,0,0,0,0,0,0.0,7.5,20.0,8.0,25.0,20.0,20.0,8.0,3.0,1.0,55.0,36.0,8.0,5.0,65,29,10,4,25.0,10.0,4.0,1.0
2019-07-28,Sun,False,False,0,0,0,0,0,0,0,0,0,0,0,0,0,0,0,0,0,0,0,0,0,0,0,0,0,0.0,7.5,19.0,9.0,24.0,19.0,19.0,9.0,3.0,1.0,54.0,37.0,8.0,5.0,64,30,10,4,24.0,11.0,4.0,1.0
2019-07-29,Mon,True,False,0,0,0,0,0,1,1,0,0,0,1,0,0,0,0,0,0,0,1,1,0,0,1,1,1,2.0,7.5,18.0,10.0,23.0,18.0,18.0,10.0,2.0,2.0,53.0,38.0,7.0,6.0,63,31,9,5,23.0,12.0,3.0,2.0
2019-07-30,Tue,True,False,0,0,0,0,0,0,0,0,0,0,0,0,0,0,0,0,0,0,0,0,0,0,0,0,0,0.0,7.5,17.0,11.0,22.0,17.0,17.0,11.0,2.0,2.0,52.0,39.0,7.0,6.0,62,32,9,5,22.0,13.0,3.0,2.0
2019-07-31,Wed,True,False,0,0,0,0,0,0,0,0,0,0,0,1,1,0,0,0,1,0,1,1,0,0,0,1,2,2.5,7.5,16.0,12.0,21.0,16.0,16.0,12.0,2.0,2.0,51.0,40.0,7.0,6.0,61,33,9,5,21.0,14.0,3.0,2.0
2019-08-01,Thu,True,False,0,0,0,0,0,0,0,0,0,0,0,0,0,0,0,0,0,0,0,0,0,0,0,0,0,0.0,7.5,15.0,13.0,20.0,15.0,15.0,13.0,2.0,2.0,50.0,41.0,7.0,6.0,60,34,9,5,20.0,15.0,3.0,2.0
2019-08-02,Fri,True,False,0,0,1,0,0,1,1,0,0,0,1,0,0,0,0,0,0,0,1,1,0,0,1,1,2,3.0,7.5,14.0,14.0,19.0,14.0,14.0,14.0,2.0,2.0,49.0,42.0,7.0,6.0,59,35,9,5,19.0,16.0,3.0,2.0
2019-08-03,Sat,False,False,0,0,0,0,0,0,0,0,0,0,0,0,0,0,0,0,0,0,0,0,0,0,0,0,0,0.0,7.5,13.0,15.0,18.0,13.0,13.0,15.0,2.0,2.0,48.0,43.0,7.0,6.0,58,36,9,5,18.0,17.0,3.0,2.0
2019-08-04,Sun,False,False,0,0,0,0,0,0,0,0,0,0,0,0,0,0,0,0,0,0,0,0,0,0,0,0,0,0.0,7.5,12.0,16.0,17.0,12.0,12.0,16.0,2.0,2.0,47.0,44.0,7.0,6.0,57,37,9,5,17.0,18.0,3.0,2.0
2019-08-05,Mon,True,False,0,0,0,0,0,1,1,0,0,0,1,0,0,0,0,0,0,0,1,1,0,0,1,1,1,2.0,7.5,11.0,17.0,16.0,11.0,11.0,17.0,1.0,3.0,46.0,45.0,6.0,7.0,56,38,8,6,16.0,19.0,2.0,3.0
2019-08-06,Tue,True,False,0,0,0,0,0,0,0,0,0,0,0,0,0,0,0,0,0,0,0,0,0,0,0,0,0,0.0,7.5,10.0,18.0,15.0,10.0,10.0,18.0,1.0,3.0,45.0,46.0,6.0,7.0,55,39,8,6,15.0,20.0,2.0,3.0
2019-08-07,Wed,True,False,0,0,0,0,0,1,1,0,0,0,1,0,0,0,0,0,1,0,1,1,0,0,1,1,2,2.5,7.5,9.0,19.0,14.0,9.0,9.0,19.0,1.0,3.0,44.0,47.0,6.0,7.0,54,40,8,6,14.0,21.0,2.0,3.0
2019-08-08,Thu,True,False,0,0,0,0,0,0,0,0,0,0,0,0,0,0,0,0,0,0,0,0,0,0,0,0,0,0.0,7.5,8.0,20.0,13.0,8.0,8.0,20.0,1.0,3.0,43.0,48.0,6.0,7.0,53,41,8,6,13.0,22.0,2.0,3.0
2019-08-09,Fri,True,False,0,0,1,0,0,1,1,0,0,0,1,0,0,0,0,0,0,0,1,1,0,0,1,1,2,3.0,7.5,7.0,21.0,12.0,7.0,7.0,21.0,1.0,3.0,42.0,49.0,6.0,7.0,52,42,8,6,12.0,23.0,2.0,3.0
2019-08-10,Sat,False,False,0,0,0,0,0,0,0,0,0,0,0,0,0,0,0,0,0,0,0,0,0,0,0,0,0,0.0,7.5,6.0,22.0,11.0,6.0,6.0,22.0,1.0,3.0,41.0,50.0,6.0,7.0,51,43,8,6,11.0,24.0,2.0,3.0
2019-08-11,Sun,False,False,0,0,0,0,0,0,0,0,0,0,0,0,0,0,0,0,0,0,0,0,0,0,0,0,0,0.0,7.5,5.0,23.0,10.0,5.0,5.0,23.0,1.0,3.0,40.0,51.0,6.0,7.0,50,44,8,6,10.0,25.0,2.0,3.0
2019-08-12,Mon,True,False,0,0,0,0,0,1,1,0,0,0,1,0,0,0,0,0,0,0,1,1,0,0,1,1,1,2.0,7.5,4.0,24.0,9.0,4.0,4.0,24.0,0.0,0.0,39.0,52.0,5.0,8.0,49,45,7,7,9.0,26.0,1.0,4.0
2019-08-13,Tue,True,False,0,0,0,0,0,0,0,0,0,0,0,0,0,0,0,0,0,0,0,0,0,0,0,0,0,0.0,7.5,3.0,25.0,8.0,3.0,3.0,25.0,0.0,0.0,38.0,53.0,5.0,8.0,48,46,7,7,8.0,27.0,1.0,4.0
2019-08-14,Wed,True,False,0,0,0,0,0,1,1,0,0,0,1,0,0,0,0,0,1,0,1,1,0,0,1,1,2,2.5,7.5,2.0,26.0,7.0,2.0,2.0,26.0,0.0,0.0,37.0,54.0,5.0,8.0,47,47,7,7,7.0,28.0,1.0,4.0
2019-08-15,Thu,True,False,0,0,0,0,0,0,0,0,0,0,0,0,0,0,0,0,0,0,0,0,0,0,0,0,0,0.0,7.5,1.0,27.0,6.0,1.0,1.0,27.0,0.0,0.0,36.0,55.0,5.0,8.0,46,48,7,7,6.0,29.0,1.0,4.0
2019-08-16,Fri,True,False,1,1,0,1,1,1,1,0,0,0,1,0,0,0,0,0,0,0,1,1,1,1,1,1,3,7.0,11.5,0.0,0.0,5.0,0.0,0.0,0.0,0.0,0.0,35.0,56.0,5.0,8.0,45,49,7,7,5.0,30.0,1.0,4.0
2019-08-17,Sat,False,False,0,0,0,0,0,0,0,0,0,0,0,0,0,0,0,0,0,0,0,0,0,0,0,0,0,0.0,11.5,34.0,1.0,4.0,34.0,34.0,1.0,0.0,0.0,34.0,57.0,5.0,8.0,44,50,7,7,4.0,31.0,1.0,4.0
2019-08-18,Sun,False,False,0,0,0,0,0,0,0,0,0,0,0,0,0,0,0,0,0,0,0,0,0,0,0,0,0,0.0,11.5,33.0,2.0,3.0,33.0,33.0,2.0,0.0,0.0,33.0,58.0,5.0,8.0,43,51,7,7,3.0,32.0,1.0,4.0
2019-08-19,Mon,True,False,0,0,0,0,0,1,1,0,0,0,1,0,0,0,0,0,0,0,1,1,0,0,1,1,1,2.0,11.5,32.0,3.0,2.0,32.0,32.0,3.0,4.0,1.0,32.0,59.0,4.0,9.0,42,52,6,8,2.0,33.0,0.0,0.0
2019-08-20,Tue,True,False,0,0,0,0,0,0,0,0,0,0,0,0,0,0,0,0,0,0,0,0,0,0,0,0,0,0.0,11.5,31.0,4.0,1.0,31.0,31.0,4.0,4.0,1.0,31.0,60.0,4.0,9.0,41,53,6,8,1.0,34.0,0.0,0.0
2019-08-21,Wed,True,False,0,0,0,0,0,1,1,0,0,0,1,0,0,0,0,1,0,0,1,1,0,0,1,1,2,3.5,12.5,30.0,5.0,0.0,30.0,30.0,5.0,4.0,1.0,30.0,61.0,4.0,9.0,40,54,6,8,0.0,0.0,0.0,0.0
2019-08-22,Thu,True,False,0,0,0,0,0,0,0,0,0,0,0,0,0,0,0,0,0,0,0,0,0,0,0,0,0,0.0,12.5,29.0,6.0,27.0,29.0,29.0,6.0,4.0,1.0,29.0,62.0,4.0,9.0,39,55,6,8,27.0,1.0,0.0,0.0
2019-08-23,Fri,True,False,0,0,1,0,0,1,1,0,0,0,1,0,0,0,0,0,0,0,1,1,0,0,1,1,2,3.0,8.5,28.0,7.0,26.0,28.0,28.0,7.0,4.0,1.0,28.0,63.0,4.0,9.0,38,56,6,8,26.0,2.0,0.0,0.0
2019-08-24,Sat,False,False,0,0,0,0,0,0,0,0,0,0,0,0,0,0,0,0,0,0,0,0,0,0,0,0,0,0.0,8.5,27.0,8.0,25.0,27.0,27.0,8.0,4.0,1.0,27.0,64.0,4.0,9.0,37,57,6,8,25.0,3.0,0.0,0.0
2019-08-25,Sun,False,False,0,0,0,0,0,0,0,0,0,0,0,0,0,0,0,0,0,0,0,0,0,0,0,0,0,0.0,8.5,26.0,9.0,24.0,26.0,26.0,9.0,4.0,1.0,26.0,65.0,4.0,9.0,36,58,6,8,24.0,4.0,0.0,0.0
2019-08-26,Mon,True,False,0,0,0,0,0,1,1,0,0,0,1,0,0,0,0,0,0,0,1,1,0,0,1,1,1,2.0,8.5,25.0,10.0,23.0,25.0,25.0,10.0,3.0,2.0,25.0,66.0,3.0,10.0,35,59,5,9,23.0,5.0,3.0,1.0
2019-08-27,Tue,True,False,0,0,0,0,0,0,0,0,0,0,0,0,0,0,0,0,0,0,0,0,0,0,0,0,0,0.0,8.5,24.0,11.0,22.0,24.0,24.0,11.0,3.0,2.0,24.0,67.0,3.0,10.0,34,60,5,9,22.0,6.0,3.0,1.0
2019-08-28,Wed,True,False,0,0,0,0,0,1,1,0,0,0,1,0,0,0,0,0,1,0,1,1,0,0,1,1,2,2.5,7.5,23.0,12.0,21.0,23.0,23.0,12.0,3.0,2.0,23.0,68.0,3.0,10.0,33,61,5,9,21.0,7.0,3.0,1.0
2019-08-29,Thu,True,False,0,0,0,0,0,0,0,0,0,0,0,0,0,0,0,0,0,0,0,0,0,0,0,0,0,0.0,7.5,22.0,13.0,20.0,22.0,22.0,13.0,3.0,2.0,22.0,69.0,3.0,10.0,32,62,5,9,20.0,8.0,3.0,1.0
2019-08-30,Fri,True,False,0,0,1,0,0,0,0,0,0,0,0,1,1,0,0,0,0,1,1,1,0,0,0,1,3,3.5,8.0,21.0,14.0,19.0,21.0,21.0,14.0,3.0,2.0,21.0,70.0,3.0,10.0,31,63,5,9,19.0,9.0,3.0,1.0
2019-08-31,Sat,False,False,0,0,0,0,0,0,0,0,0,0,0,0,0,0,0,0,0,0,0,0,0,0,0,0,0,0.0,8.0,20.0,15.0,18.0,20.0,20.0,15.0,3.0,2.0,20.0,71.0,3.0,10.0,30,64,5,9,18.0,10.0,3.0,1.0
2019-09-01,Sun,False,False,0,0,0,0,0,0,0,0,0,0,0,0,0,0,0,0,0,0,0,0,0,0,0,0,0,0.0,8.0,19.0,16.0,17.0,19.0,19.0,16.0,3.0,2.0,19.0,72.0,3.0,10.0,29,65,5,9,17.0,11.0,3.0,1.0
2019-09-02,Mon,False,True,0,0,0,0,0,0,0,0,0,0,0,0,0,0,0,0,0,0,0,0,0,0,0,0,0,0.0,8.0,18.0,17.0,16.0,18.0,18.0,17.0,2.0,3.0,18.0,73.0,2.0,11.0,28,66,4,10,16.0,12.0,2.0,2.0
2019-09-03,Tue,True,False,0,0,0,0,0,0,0,0,0,0,0,0,0,0,0,0,0,0,0,0,0,0,0,0,0,0.0,6.0,17.0,18.0,15.0,17.0,17.0,18.0,2.0,3.0,17.0,74.0,2.0,11.0,27,67,4,10,15.0,13.0,2.0,2.0
2019-09-04,Wed,True,False,0,0,0,0,0,1,1,0,0,0,1,0,0,0,0,0,1,0,1,1,0,0,1,1,2,2.5,8.5,16.0,19.0,14.0,16.0,16.0,19.0,2.0,3.0,16.0,75.0,2.0,11.0,26,68,4,10,14.0,14.0,2.0,2.0
2019-09-05,Thu,True,False,0,0,0,0,0,0,0,0,0,0,0,0,0,0,0,0,0,0,0,0,0,0,0,0,0,0.0,6.0,15.0,20.0,13.0,15.0,15.0,20.0,2.0,3.0,15.0,76.0,2.0,11.0,25,69,4,10,13.0,15.0,2.0,2.0
2019-09-06,Fri,True,False,0,0,1,0,0,1,1,0,0,0,1,0,0,0,0,0,0,0,1,1,0,0,1,1,2,3.0,9.0,14.0,21.0,12.0,14.0,14.0,21.0,2.0,3.0,14.0,77.0,2.0,11.0,24,70,4,10,12.0,16.0,2.0,2.0
2019-09-07,Sat,False,False,0,0,0,0,0,0,0,0,0,0,0,0,0,0,0,0,0,0,0,0,0,0,0,0,0,0.0,9.0,13.0,22.0,11.0,13.0,13.0,22.0,2.0,3.0,13.0,78.0,2.0,11.0,23,71,4,10,11.0,17.0,2.0,2.0
2019-09-08,Sun,False,False,0,0,0,0,0,0,0,0,0,0,0,0,0,0,0,0,0,0,0,0,0,0,0,0,0,0.0,9.0,12.0,23.0,10.0,12.0,12.0,23.0,2.0,3.0,12.0,79.0,2.0,11.0,22,72,4,10,10.0,18.0,2.0,2.0
2019-09-09,Mon,True,False,0,0,0,0,0,1,1,0,0,0,1,0,0,0,0,0,0,0,1,1,0,0,1,1,1,2.0,7.5,11.0,24.0,9.0,11.0,11.0,24.0,1.0,4.0,11.0,80.0,1.0,12.0,21,73,3,11,9.0,19.0,1.0,3.0
2019-09-10,Tue,True,False,0,0,0,0,0,0,0,0,0,0,0,0,0,0,0,0,0,0,0,0,0,0,0,0,0,0.0,7.5,10.0,25.0,8.0,10.0,10.0,25.0,1.0,4.0,10.0,81.0,1.0,12.0,20,74,3,11,8.0,20.0,1.0,3.0
2019-09-11,Wed,True,False,0,0,0,0,0,1,1,0,0,0,1,0,0,0,0,0,1,0,1,1,0,0,1,1,2,2.5,7.5,9.0,26.0,7.0,9.0,9.0,26.0,1.0,4.0,9.0,82.0,1.0,12.0,19,75,3,11,7.0,21.0,1.0,3.0
2019-09-12,Thu,True,False,0,0,0,0,0,0,0,0,0,0,0,0,0,0,0,0,0,0,0,0,0,0,0,0,0,0.0,7.5,8.0,27.0,6.0,8.0,8.0,27.0,1.0,4.0,8.0,83.0,1.0,12.0,18,76,3,11,6.0,22.0,1.0,3.0
2019-09-13,Fri,True,False,0,0,1,0,0,1,1,0,0,0,1,0,0,0,0,0,0,0,1,1,0,0,1,1,2,3.0,7.5,7.0,28.0,5.0,7.0,7.0,28.0,1.0,4.0,7.0,84.0,1.0,12.0,17,77,3,11,5.0,23.0,1.0,3.0
2019-09-14,Sat,False,False,0,0,0,0,0,0,0,0,0,0,0,0,0,0,0,0,0,0,0,0,0,0,0,0,0,0.0,7.5,6.0,29.0,4.0,6.0,6.0,29.0,1.0,4.0,6.0,85.0,1.0,12.0,16,78,3,11,4.0,24.0,1.0,3.0
2019-09-15,Sun,False,False,0,0,0,0,0,0,0,0,0,0,0,0,0,0,0,0,0,0,0,0,0,0,0,0,0,0.0,7.5,5.0,30.0,3.0,5.0,5.0,30.0,1.0,4.0,5.0,86.0,1.0,12.0,15,79,3,11,3.0,25.0,1.0,3.0
2019-09-16,Mon,True,False,0,0,0,0,0,1,1,0,0,0,1,0,0,0,0,0,0,0,1,1,0,0,1,1,1,2.0,7.5,4.0,31.0,2.0,4.0,4.0,31.0,0.0,0.0,4.0,87.0,0.0,0.0,14,80,2,12,2.0,26.0,0.0,0.0
2019-09-17,Tue,True,False,0,0,0,0,0,0,0,0,0,0,0,0,0,0,0,0,0,0,0,0,0,0,0,0,0,0.0,7.5,3.0,32.0,1.0,3.0,3.0,32.0,0.0,0.0,3.0,88.0,0.0,0.0,13,81,2,12,1.0,27.0,0.0,0.0
2019-09-18,Wed,True,False,0,0,0,0,0,1,1,0,0,0,1,0,0,0,0,1,0,0,1,1,0,0,1,1,2,3.5,8.5,2.0,33.0,0.0,2.0,2.0,33.0,0.0,0.0,2.0,89.0,0.0,0.0,12,82,2,12,0.0,0.0,0.0,0.0
2019-09-19,Thu,True,False,0,0,0,0,0,0,0,0,0,0,0,0,0,0,0,0,0,0,0,0,0,0,0,0,0,0.0,8.5,1.0,34.0,27.0,1.0,1.0,34.0,0.0,0.0,1.0,90.0,0.0,0.0,11,83,2,12,27.0,1.0,0.0,0.0
2019-09-20,Fri,True,False,1,1,0,1,1,1,1,0,0,0,1,0,0,0,0,0,0,0,1,1,1,1,1,1,3,7.0,12.5,0.0,0.0,26.0,0.0,0.0,0.0,0.0,0.0,0.0,0.0,0.0,0.0,10,84,2,12,26.0,2.0,0.0,0.0
2019-09-21,Sat,False,False,0,0,0,0,0,0,0,0,0,0,0,0,0,0,0,0,0,0,0,0,0,0,0,0,0,0.0,12.5,27.0,1.0,25.0,27.0,27.0,1.0,0.0,0.0,90.0,1.0,0.0,0.0,9,85,2,12,25.0,3.0,0.0,0.0
2019-09-22,Sun,False,False,0,0,0,0,0,0,0,0,0,0,0,0,0,0,0,0,0,0,0,0,0,0,0,0,0,0.0,12.5,26.0,2.0,24.0,26.0,26.0,2.0,0.0,0.0,89.0,2.0,0.0,0.0,8,86,2,12,24.0,4.0,0.0,0.0
2019-09-23,Mon,True,False,0,0,0,0,0,1,1,0,0,0,1,0,0,0,0,0,0,0,1,1,0,0,1,1,1,2.0,12.5,25.0,3.0,23.0,25.0,25.0,3.0,3.0,1.0,88.0,3.0,12.0,1.0,7,87,1,13,23.0,5.0,3.0,1.0
2019-09-24,Tue,True,False,0,0,0,0,0,0,0,0,0,0,0,0,0,0,0,0,0,0,0,0,0,0,0,0,0,0.0,12.5,24.0,4.0,22.0,24.0,24.0,4.0,3.0,1.0,87.0,4.0,12.0,1.0,6,88,1,13,22.0,6.0,3.0,1.0
2019-09-25,Wed,True,False,0,0,0,0,0,1,1,0,0,0,1,0,0,0,0,0,1,0,1,1,0,0,1,1,2,2.5,11.5,23.0,5.0,21.0,23.0,23.0,5.0,3.0,1.0,86.0,5.0,12.0,1.0,5,89,1,13,21.0,7.0,3.0,1.0
2019-09-26,Thu,True,False,0,0,0,0,0,0,0,0,0,0,0,0,0,0,0,0,0,0,0,0,0,0,0,0,0,0.0,11.5,22.0,6.0,20.0,22.0,22.0,6.0,3.0,1.0,85.0,6.0,12.0,1.0,4,90,1,13,20.0,8.0,3.0,1.0
2019-09-27,Fri,True,False,0,0,1,0,0,1,1,0,0,0,1,0,0,0,0,0,0,0,1,1,0,0,1,1,2,3.0,7.5,21.0,7.0,19.0,21.0,21.0,7.0,3.0,1.0,84.0,7.0,12.0,1.0,3,91,1,13,19.0,9.0,3.0,1.0
2019-09-28,Sat,False,False,0,0,0,0,0,0,0,0,0,0,0,0,0,0,0,0,0,0,0,0,0,0,0,0,0,0.0,7.5,20.0,8.0,18.0,20.0,20.0,8.0,3.0,1.0,83.0,8.0,12.0,1.0,2,92,1,13,18.0,10.0,3.0,1.0
2019-09-29,Sun,False,False,0,0,0,0,0,0,0,0,0,0,0,0,0,0,0,0,0,0,0,0,0,0,0,0,0,0.0,7.5,19.0,9.0,17.0,19.0,19.0,9.0,3.0,1.0,82.0,9.0,12.0,1.0,1,93,1,13,17.0,11.0,3.0,1.0
2019-09-30,Mon,True,False,0,0,0,0,0,0,0,0,0,0,0,1,1,1,1,0,0,0,1,1,0,0,0,1,2,4.5,10.0,18.0,10.0,16.0,18.0,18.0,10.0,2.0,2.0,81.0,10.0,11.0,2.0,0,0,0,0,16.0,12.0,2.0,2.0
2019-10-01,Tue,True,False,0,0,0,0,0,0,0,0,0,0,0,0,0,0,0,0,0,0,0,0,0,0,0,0,0,0.0,10.0,17.0,11.0,15.0,17.0,17.0,11.0,2.0,2.0,80.0,11.0,11.0,2.0,91,1,0,0,15.0,13.0,2.0,2.0
2019-10-02,Wed,True,False,0,0,0,0,0,1,1,0,0,0,1,0,0,0,0,0,1,0,1,1,0,0,1,1,2,2.5,10.0,16.0,12.0,14.0,16.0,16.0,12.0,2.0,2.0,79.0,12.0,11.0,2.0,90,2,0,0,14.0,14.0,2.0,2.0
2019-10-03,Thu,True,False,0,0,0,0,0,0,0,0,0,0,0,0,0,0,0,0,0,0,0,0,0,0,0,0,0,0.0,10.0,15.0,13.0,13.0,15.0,15.0,13.0,2.0,2.0,78.0,13.0,11.0,2.0,89,3,0,0,13.0,15.0,2.0,2.0
2019-10-04,Fri,True,False,0,0,1,0,0,1,1,0,0,0,1,0,0,0,0,0,0,0,1,1,0,0,1,1,2,3.0,10.0,14.0,14.0,12.0,14.0,14.0,14.0,2.0,2.0,77.0,14.0,11.0,2.0,88,4,0,0,12.0,16.0,2.0,2.0
2019-10-05,Sat,False,False,0,0,0,0,0,0,0,0,0,0,0,0,0,0,0,0,0,0,0,0,0,0,0,0,0,0.0,10.0,13.0,15.0,11.0,13.0,13.0,15.0,2.0,2.0,76.0,15.0,11.0,2.0,87,5,0,0,11.0,17.0,2.0,2.0
2019-10-06,Sun,False,False,0,0,0,0,0,0,0,0,0,0,0,0,0,0,0,0,0,0,0,0,0,0,0,0,0,0.0,10.0,12.0,16.0,10.0,12.0,12.0,16.0,2.0,2.0,75.0,16.0,11.0,2.0,86,6,0,0,10.0,18.0,2.0,2.0
2019-10-07,Mon,True,False,0,0,0,0,0,1,1,0,0,0,1,0,0,0,0,0,0,0,1,1,0,0,1,1,1,2.0,7.5,11.0,17.0,9.0,11.0,11.0,17.0,1.0,3.0,74.0,17.0,10.0,3.0,85,7,12,1,9.0,19.0,1.0,3.0
2019-10-08,Tue,True,False,0,0,0,0,0,0,0,0,0,0,0,0,0,0,0,0,0,0,0,0,0,0,0,0,0,0.0,7.5,10.0,18.0,8.0,10.0,10.0,18.0,1.0,3.0,73.0,18.0,10.0,3.0,84,8,12,1,8.0,20.0,1.0,3.0
2019-10-09,Wed,True,False,0,0,0,0,0,1,1,0,0,0,1,0,0,0,0,0,1,0,1,1,0,0,1,1,2,2.5,7.5,9.0,19.0,7.0,9.0,9.0,19.0,1.0,3.0,72.0,19.0,10.0,3.0,83,9,12,1,7.0,21.0,1.0,3.0
2019-10-10,Thu,True,False,0,0,0,0,0,0,0,0,0,0,0,0,0,0,0,0,0,0,0,0,0,0,0,0,0,0.0,7.5,8.0,20.0,6.0,8.0,8.0,20.0,1.0,3.0,71.0,20.0,10.0,3.0,82,10,12,1,6.0,22.0,1.0,3.0
2019-10-11,Fri,True,False,0,0,1,0,0,1,1,0,0,0,1,0,0,0,0,0,0,0,1,1,0,0,1,1,2,3.0,7.5,7.0,21.0,5.0,7.0,7.0,21.0,1.0,3.0,70.0,21.0,10.0,3.0,81,11,12,1,5.0,23.0,1.0,3.0
2019-10-12,Sat,False,False,0,0,0,0,0,0,0,0,0,0,0,0,0,0,0,0,0,0,0,0,0,0,0,0,0,0.0,7.5,6.0,22.0,4.0,6.0,6.0,22.0,1.0,3.0,69.0,22.0,10.0,3.0,80,12,12,1,4.0,24.0,1.0,3.0
2019-10-13,Sun,False,False,0,0,0,0,0,0,0,0,0,0,0,0,0,0,0,0,0,0,0,0,0,0,0,0,0,0.0,7.5,5.0,23.0,3.0,5.0,5.0,23.0,1.0,3.0,68.0,23.0,10.0,3.0,79,13,12,1,3.0,25.0,1.0,3.0
2019-10-14,Mon,True,False,0,0,0,0,0,1,1,0,0,0,1,0,0,0,0,0,0,0,1,1,0,0,1,1,1,2.0,7.5,4.0,24.0,2.0,4.0,4.0,24.0,0.0,0.0,67.0,24.0,9.0,4.0,78,14,11,2,2.0,26.0,0.0,0.0
2019-10-15,Tue,True,False,0,0,0,0,0,0,0,0,0,0,0,0,0,0,0,0,0,0,0,0,0,0,0,0,0,0.0,7.5,3.0,25.0,1.0,3.0,3.0,25.0,0.0,0.0,66.0,25.0,9.0,4.0,77,15,11,2,1.0,27.0,0.0,0.0
2019-10-16,Wed,True,False,0,0,0,0,0,1,1,0,0,0,1,0,0,0,0,1,0,0,1,1,0,0,1,1,2,3.5,8.5,2.0,26.0,0.0,2.0,2.0,26.0,0.0,0.0,65.0,26.0,9.0,4.0,76,16,11,2,0.0,0.0,0.0,0.0
2019-10-17,Thu,True,False,0,0,0,0,0,0,0,0,0,0,0,0,0,0,0,0,0,0,0,0,0,0,0,0,0,0.0,8.5,1.0,27.0,34.0,1.0,1.0,27.0,0.0,0.0,64.0,27.0,9.0,4.0,75,17,11,2,34.0,1.0,0.0,0.0
2019-10-18,Fri,True,False,1,1,0,1,1,1,1,0,0,0,1,0,0,0,0,0,0,0,1,1,1,1,1,1,3,7.0,12.5,0.0,0.0,33.0,0.0,0.0,0.0,0.0,0.0,63.0,28.0,9.0,4.0,74,18,11,2,33.0,2.0,0.0,0.0
2019-10-19,Sat,False,False,0,0,0,0,0,0,0,0,0,0,0,0,0,0,0,0,0,0,0,0,0,0,0,0,0,0.0,12.5,27.0,1.0,32.0,27.0,27.0,1.0,0.0,0.0,62.0,29.0,9.0,4.0,73,19,11,2,32.0,3.0,0.0,0.0
2019-10-20,Sun,False,False,0,0,0,0,0,0,0,0,0,0,0,0,0,0,0,0,0,0,0,0,0,0,0,0,0,0.0,12.5,26.0,2.0,31.0,26.0,26.0,2.0,0.0,0.0,61.0,30.0,9.0,4.0,72,20,11,2,31.0,4.0,0.0,0.0
2019-10-21,Mon,True,False,0,0,0,0,0,1,1,0,0,0,1,0,0,0,0,0,0,0,1,1,0,0,1,1,1,2.0,12.5,25.0,3.0,30.0,25.0,25.0,3.0,3.0,1.0,60.0,31.0,8.0,5.0,71,21,10,3,30.0,5.0,4.0,1.0
2019-10-22,Tue,True,False,0,0,0,0,0,0,0,0,0,0,0,0,0,0,0,0,0,0,0,0,0,0,0,0,0,0.0,12.5,24.0,4.0,29.0,24.0,24.0,4.0,3.0,1.0,59.0,32.0,8.0,5.0,70,22,10,3,29.0,6.0,4.0,1.0
2019-10-23,Wed,True,False,0,0,0,0,0,1,1,0,0,0,1,0,0,0,0,0,1,0,1,1,0,0,1,1,2,2.5,11.5,23.0,5.0,28.0,23.0,23.0,5.0,3.0,1.0,58.0,33.0,8.0,5.0,69,23,10,3,28.0,7.0,4.0,1.0
2019-10-24,Thu,True,False,0,0,0,0,0,0,0,0,0,0,0,0,0,0,0,0,0,0,0,0,0,0,0,0,0,0.0,11.5,22.0,6.0,27.0,22.0,22.0,6.0,3.0,1.0,57.0,34.0,8.0,5.0,68,24,10,3,27.0,8.0,4.0,1.0
2019-10-25,Fri,True,False,0,0,1,0,0,1,1,0,0,0,1,0,0,0,0,0,0,0,1,1,0,0,1,1,2,3.0,7.5,21.0,7.0,26.0,21.0,21.0,7.0,3.0,1.0,56.0,35.0,8.0,5.0,67,25,10,3,26.0,9.0,4.0,1.0
2019-10-26,Sat,False,False,0,0,0,0,0,0,0,0,0,0,0,0,0,0,0,0,0,0,0,0,0,0,0,0,0,0.0,7.5,20.0,8.0,25.0,20.0,20.0,8.0,3.0,1.0,55.0,36.0,8.0,5.0,66,26,10,3,25.0,10.0,4.0,1.0
2019-10-27,Sun,False,False,0,0,0,0,0,0,0,0,0,0,0,0,0,0,0,0,0,0,0,0,0,0,0,0,0,0.0,7.5,19.0,9.0,24.0,19.0,19.0,9.0,3.0,1.0,54.0,37.0,8.0,5.0,65,27,10,3,24.0,11.0,4.0,1.0
2019-10-28,Mon,True,False,0,0,0,0,0,1,1,0,0,0,1,0,0,0,0,0,0,0,1,1,0,0,1,1,1,2.0,7.5,18.0,10.0,23.0,18.0,18.0,10.0,2.0,2.0,53.0,38.0,7.0,6.0,64,28,9,4,23.0,12.0,3.0,2.0
2019-10-29,Tue,True,False,0,0,0,0,0,0,0,0,0,0,0,0,0,0,0,0,0,0,0,0,0,0,0,0,0,0.0,7.5,17.0,11.0,22.0,17.0,17.0,11.0,2.0,2.0,52.0,39.0,7.0,6.0,63,29,9,4,22.0,13.0,3.0,2.0
2019-10-30,Wed,True,False,0,0,0,0,0,1,1,0,0,0,1,0,0,0,0,0,1,0,1,1,0,0,1,1,2,2.5,7.5,16.0,12.0,21.0,16.0,16.0,12.0,2.0,2.0,51.0,40.0,7.0,6.0,62,30,9,4,21.0,14.0,3.0,2.0
2019-10-31,Thu,True,False,0,0,0,0,0,0,0,0,0,0,0,1,1,0,0,0,0,0,0,0,0,0,0,1,1,2.0,9.5,15.0,13.0,20.0,15.0,15.0,13.0,2.0,2.0,50.0,41.0,7.0,6.0,61,31,9,4,20.0,15.0,3.0,2.0
2019-11-01,Fri,True,False,0,0,1,0,0,1,1,0,0,0,1,0,0,0,0,0,0,0,1,1,0,0,1,1,2,3.0,9.5,14.0,14.0,19.0,14.0,14.0,14.0,2.0,2.0,49.0,42.0,7.0,6.0,60,32,9,4,19.0,16.0,3.0,2.0
2019-11-02,Sat,False,False,0,0,0,0,0,0,0,0,0,0,0,0,0,0,0,0,0,0,0,0,0,0,0,0,0,0.0,9.5,13.0,15.0,18.0,13.0,13.0,15.0,2.0,2.0,48.0,43.0,7.0,6.0,59,33,9,4,18.0,17.0,3.0,2.0
2019-11-03,Sun,False,False,0,0,0,0,0,0,0,0,0,0,0,0,0,0,0,0,0,0,0,0,0,0,0,0,0,0.0,9.5,12.0,16.0,17.0,12.0,12.0,16.0,2.0,2.0,47.0,44.0,7.0,6.0,58,34,9,4,17.0,18.0,3.0,2.0
2019-11-04,Mon,True,False,0,0,0,0,0,1,1,0,0,0,1,0,0,0,0,0,0,0,1,1,0,0,1,1,1,2.0,9.5,11.0,17.0,16.0,11.0,11.0,17.0,1.0,3.0,46.0,45.0,6.0,7.0,57,35,8,5,16.0,19.0,2.0,3.0
2019-11-05,Tue,True,False,0,0,0,0,0,0,0,0,0,0,0,0,0,0,0,0,0,0,0,0,0,0,0,0,0,0.0,9.5,10.0,18.0,15.0,10.0,10.0,18.0,1.0,3.0,45.0,46.0,6.0,7.0,56,36,8,5,15.0,20.0,2.0,3.0
2019-11-06,Wed,True,False,0,0,0,0,0,1,1,0,0,0,1,0,0,0,0,0,1,0,1,1,0,0,1,1,2,2.5,9.5,9.0,19.0,14.0,9.0,9.0,19.0,1.0,3.0,44.0,47.0,6.0,7.0,55,37,8,5,14.0,21.0,2.0,3.0
2019-11-07,Thu,True,False,0,0,0,0,0,0,0,0,0,0,0,0,0,0,0,0,0,0,0,0,0,0,0,0,0,0.0,7.5,8.0,20.0,13.0,8.0,8.0,20.0,1.0,3.0,43.0,48.0,6.0,7.0,54,38,8,5,13.0,22.0,2.0,3.0
2019-11-08,Fri,True,False,0,0,1,0,0,1,1,0,0,0,1,0,0,0,0,0,0,0,1,1,0,0,1,1,2,3.0,7.5,7.0,21.0,12.0,7.0,7.0,21.0,1.0,3.0,42.0,49.0,6.0,7.0,53,39,8,5,12.0,23.0,2.0,3.0
2019-11-09,Sat,False,False,0,0,0,0,0,0,0,0,0,0,0,0,0,0,0,0,0,0,0,0,0,0,0,0,0,0.0,7.5,6.0,22.0,11.0,6.0,6.0,22.0,1.0,3.0,41.0,50.0,6.0,7.0,52,40,8,5,11.0,24.0,2.0,3.0
2019-11-10,Sun,False,False,0,0,0,0,0,0,0,0,0,0,0,0,0,0,0,0,0,0,0,0,0,0,0,0,0,0.0,7.5,5.0,23.0,10.0,5.0,5.0,23.0,1.0,3.0,40.0,51.0,6.0,7.0,51,41,8,5,10.0,25.0,2.0,3.0
2019-11-11,Mon,True,False,0,0,0,0,0,1,1,0,0,0,1,0,0,0,0,0,0,0,1,1,0,0,1,1,1,2.0,7.5,4.0,24.0,9.0,4.0,4.0,24.0,0.0,0.0,39.0,52.0,5.0,8.0,50,42,7,6,9.0,26.0,1.0,4.0
2019-11-12,Tue,True,False,0,0,0,0,0,0,0,0,0,0,0,0,0,0,0,0,0,0,0,0,0,0,0,0,0,0.0,7.5,3.0,25.0,8.0,3.0,3.0,25.0,0.0,0.0,38.0,53.0,5.0,8.0,49,43,7,6,8.0,27.0,1.0,4.0
2019-11-13,Wed,True,False,0,0,0,0,0,1,1,0,0,0,1,0,0,0,0,0,1,0,1,1,0,0,1,1,2,2.5,7.5,2.0,26.0,7.0,2.0,2.0,26.0,0.0,0.0,37.0,54.0,5.0,8.0,48,44,7,6,7.0,28.0,1.0,4.0
2019-11-14,Thu,True,False,0,0,0,0,0,0,0,0,0,0,0,0,0,0,0,0,0,0,0,0,0,0,0,0,0,0.0,7.5,1.0,27.0,6.0,1.0,1.0,27.0,0.0,0.0,36.0,55.0,5.0,8.0,47,45,7,6,6.0,29.0,1.0,4.0
2019-11-15,Fri,True,False,1,1,0,1,1,1,1,0,0,0,1,0,0,0,0,0,0,0,1,1,1,1,1,1,3,7.0,11.5,0.0,0.0,5.0,0.0,0.0,0.0,0.0,0.0,35.0,56.0,5.0,8.0,46,46,7,6,5.0,30.0,1.0,4.0
2019-11-16,Sat,False,False,0,0,0,0,0,0,0,0,0,0,0,0,0,0,0,0,0,0,0,0,0,0,0,0,0,0.0,11.5,34.0,1.0,4.0,34.0,34.0,1.0,0.0,0.0,34.0,57.0,5.0,8.0,45,47,7,6,4.0,31.0,1.0,4.0
2019-11-17,Sun,False,False,0,0,0,0,0,0,0,0,0,0,0,0,0,0,0,0,0,0,0,0,0,0,0,0,0,0.0,11.5,33.0,2.0,3.0,33.0,33.0,2.0,0.0,0.0,33.0,58.0,5.0,8.0,44,48,7,6,3.0,32.0,1.0,4.0
2019-11-18,Mon,True,False,0,0,0,0,0,1,1,0,0,0,1,0,0,0,0,0,0,0,1,1,0,0,1,1,1,2.0,11.5,32.0,3.0,2.0,32.0,32.0,3.0,4.0,1.0,32.0,59.0,4.0,9.0,43,49,6,7,2.0,33.0,0.0,0.0
2019-11-19,Tue,True,False,0,0,0,0,0,0,0,0,0,0,0,0,0,0,0,0,0,0,0,0,0,0,0,0,0,0.0,11.5,31.0,4.0,1.0,31.0,31.0,4.0,4.0,1.0,31.0,60.0,4.0,9.0,42,50,6,7,1.0,34.0,0.0,0.0
2019-11-20,Wed,True,False,0,0,0,0,0,1,1,0,0,0,1,0,0,0,0,1,0,0,1,1,0,0,1,1,2,3.5,12.5,30.0,5.0,0.0,30.0,30.0,5.0,4.0,1.0,30.0,61.0,4.0,9.0,41,51,6,7,0.0,0.0,0.0,0.0
2019-11-21,Thu,True,False,0,0,0,0,0,0,0,0,0,0,0,0,0,0,0,0,0,0,0,0,0,0,0,0,0,0.0,12.5,29.0,6.0,27.0,29.0,29.0,6.0,4.0,1.0,29.0,62.0,4.0,9.0,40,52,6,7,27.0,1.0,0.0,0.0
2019-11-22,Fri,True,False,0,0,1,0,0,1,1,0,0,0,1,0,0,0,0,0,0,0,1,1,0,0,1,1,2,3.0,8.5,28.0,7.0,26.0,28.0,28.0,7.0,4.0,1.0,28.0,63.0,4.0,9.0,39,53,6,7,26.0,2.0,0.0,0.0
2019-11-23,Sat,False,False,0,0,0,0,0,0,0,0,0,0,0,0,0,0,0,0,0,0,0,0,0,0,0,0,0,0.0,8.5,27.0,8.0,25.0,27.0,27.0,8.0,4.0,1.0,27.0,64.0,4.0,9.0,38,54,6,7,25.0,3.0,0.0,0.0
2019-11-24,Sun,False,False,0,0,0,0,0,0,0,0,0,0,0,0,0,0,0,0,0,0,0,0,0,0,0,0,0,0.0,8.5,26.0,9.0,24.0,26.0,26.0,9.0,4.0,1.0,26.0,65.0,4.0,9.0,37,55,6,7,24.0,4.0,0.0,0.0
2019-11-25,Mon,True,False,0,0,0,0,0,1,1,0,0,0,1,0,0,0,0,0,0,0,1,1,0,0,1,1,1,2.0,8.5,25.0,10.0,23.0,25.0,25.0,10.0,3.0,2.0,25.0,66.0,3.0,10.0,36,56,5,8,23.0,5.0,3.0,1.0
2019-11-26,Tue,True,False,0,0,0,0,0,0,0,0,0,0,0,0,0,0,0,0,0,0,0,0,0,0,0,0,0,0.0,8.5,24.0,11.0,22.0,24.0,24.0,11.0,3.0,2.0,24.0,67.0,3.0,10.0,35,57,5,8,22.0,6.0,3.0,1.0
2019-11-27,Wed,True,False,0,0,0,0,0,1,1,0,0,0,1,0,0,0,0,0,1,0,1,1,0,0,1,1,2,2.5,7.5,23.0,12.0,21.0,23.0,23.0,12.0,3.0,2.0,23.0,68.0,3.0,10.0,34,58,5,8,21.0,7.0,3.0,1.0
2019-11-28,Thu,False,True,0,0,0,0,0,0,0,0,0,0,0,0,0,0,0,0,0,0,0,0,0,0,0,0,0,0.0,7.5,22.0,13.0,20.0,22.0,22.0,13.0,3.0,2.0,22.0,69.0,3.0,10.0,33,59,5,8,20.0,8.0,3.0,1.0
2019-11-29,Fri,True,False,0,0,1,0,0,0,0,0,0,0,0,1,1,0,0,0,0,1,1,1,0,0,0,1,3,3.5,11.0,21.0,14.0,19.0,21.0,21.0,14.0,3.0,2.0,21.0,70.0,3.0,10.0,32,60,5,8,19.0,9.0,3.0,1.0
2019-11-30,Sat,False,False,0,0,0,0,0,0,0,0,0,0,0,0,0,0,0,0,0,0,0,0,0,0,0,0,0,0.0,11.0,20.0,15.0,18.0,20.0,20.0,15.0,3.0,2.0,20.0,71.0,3.0,10.0,31,61,5,8,18.0,10.0,3.0,1.0
2019-12-01,Sun,False,False,0,0,0,0,0,0,0,0,0,0,0,0,0,0,0,0,0,0,0,0,0,0,0,0,0,0.0,11.0,19.0,16.0,17.0,19.0,19.0,16.0,3.0,2.0,19.0,72.0,3.0,10.0,30,62,5,8,17.0,11.0,3.0,1.0
2019-12-02,Mon,True,False,0,0,0,0,0,1,1,0,0,0,1,0,0,0,0,0,0,0,1,1,0,0,1,1,1,2.0,10.0,18.0,17.0,16.0,18.0,18.0,17.0,2.0,3.0,18.0,73.0,2.0,11.0,29,63,4,9,16.0,12.0,2.0,2.0
2019-12-03,Tue,True,False,0,0,0,0,0,0,0,0,0,0,0,0,0,0,0,0,0,0,0,0,0,0,0,0,0,0.0,8.0,17.0,18.0,15.0,17.0,17.0,18.0,2.0,3.0,17.0,74.0,2.0,11.0,28,64,4,9,15.0,13.0,2.0,2.0
2019-12-04,Wed,True,False,0,0,0,0,0,1,1,0,0,0,1,0,0,0,0,0,1,0,1,1,0,0,1,1,2,2.5,10.5,16.0,19.0,14.0,16.0,16.0,19.0,2.0,3.0,16.0,75.0,2.0,11.0,27,65,4,9,14.0,14.0,2.0,2.0
2019-12-05,Thu,True,False,0,0,0,0,0,0,0,0,0,0,0,0,0,0,0,0,0,0,0,0,0,0,0,0,0,0.0,8.0,15.0,20.0,13.0,15.0,15.0,20.0,2.0,3.0,15.0,76.0,2.0,11.0,26,66,4,9,13.0,15.0,2.0,2.0
2019-12-06,Fri,True,False,0,0,1,0,0,1,1,0,0,0,1,0,0,0,0,0,0,0,1,1,0,0,1,1,2,3.0,7.5,14.0,21.0,12.0,14.0,14.0,21.0,2.0,3.0,14.0,77.0,2.0,11.0,25,67,4,9,12.0,16.0,2.0,2.0
2019-12-07,Sat,False,False,0,0,0,0,0,0,0,0,0,0,0,0,0,0,0,0,0,0,0,0,0,0,0,0,0,0.0,7.5,13.0,22.0,11.0,13.0,13.0,22.0,2.0,3.0,13.0,78.0,2.0,11.0,24,68,4,9,11.0,17.0,2.0,2.0
2019-12-08,Sun,False,False,0,0,0,0,0,0,0,0,0,0,0,0,0,0,0,0,0,0,0,0,0,0,0,0,0,0.0,7.5,12.0,23.0,10.0,12.0,12.0,23.0,2.0,3.0,12.0,79.0,2.0,11.0,23,69,4,9,10.0,18.0,2.0,2.0
2019-12-09,Mon,True,False,0,0,0,0,0,1,1,0,0,0,1,0,0,0,0,0,0,0,1,1,0,0,1,1,1,2.0,7.5,11.0,24.0,9.0,11.0,11.0,24.0,1.0,4.0,11.0,80.0,1.0,12.0,22,70,3,10,9.0,19.0,1.0,3.0
2019-12-10,Tue,True,False,0,0,0,0,0,0,0,0,0,0,0,0,0,0,0,0,0,0,0,0,0,0,0,0,0,0.0,7.5,10.0,25.0,8.0,10.0,10.0,25.0,1.0,4.0,10.0,81.0,1.0,12.0,21,71,3,10,8.0,20.0,1.0,3.0
2019-12-11,Wed,True,False,0,0,0,0,0,1,1,0,0,0,1,0,0,0,0,0,1,0,1,1,0,0,1,1,2,2.5,7.5,9.0,26.0,7.0,9.0,9.0,26.0,1.0,4.0,9.0,82.0,1.0,12.0,20,72,3,10,7.0,21.0,1.0,3.0
2019-12-12,Thu,True,False,0,0,0,0,0,0,0,0,0,0,0,0,0,0,0,0,0,0,0,0,0,0,0,0,0,0.0,7.5,8.0,27.0,6.0,8.0,8.0,27.0,1.0,4.0,8.0,83.0,1.0,12.0,19,73,3,10,6.0,22.0,1.0,3.0
2019-12-13,Fri,True,False,0,0,1,0,0,1,1,0,0,0,1,0,0,0,0,0,0,0,1,1,0,0,1,1,2,3.0,7.5,7.0,28.0,5.0,7.0,7.0,28.0,1.0,4.0,7.0,84.0,1.0,12.0,18,74,3,10,5.0,23.0,1.0,3.0
2019-12-14,Sat,False,False,0,0,0,0,0,0,0,0,0,0,0,0,0,0,0,0,0,0,0,0,0,0,0,0,0,0.0,7.5,6.0,29.0,4.0,6.0,6.0,29.0,1.0,4.0,6.0,85.0,1.0,12.0,17,75,3,10,4.0,24.0,1.0,3.0
2019-12-15,Sun,False,False,0,0,0,0,0,0,0,0,0,0,0,0,0,0,0,0,0,0,0,0,0,0,0,0,0,0.0,7.5,5.0,30.0,3.0,5.0,5.0,30.0,1.0,4.0,5.0,86.0,1.0,12.0,16,76,3,10,3.0,25.0,1.0,3.0
2019-12-16,Mon,True,False,0,0,0,0,0,1,1,0,0,0,1,0,0,0,0,0,0,0,1,1,0,0,1,1,1,2.0,7.5,4.0,31.0,2.0,4.0,4.0,31.0,0.0,0.0,4.0,87.0,0.0,0.0,15,77,2,11,2.0,26.0,0.0,0.0
2019-12-17,Tue,True,False,0,0,0,0,0,0,0,0,0,0,0,0,0,0,0,0,0,0,0,0,0,0,0,0,0,0.0,7.5,3.0,32.0,1.0,3.0,3.0,32.0,0.0,0.0,3.0,88.0,0.0,0.0,14,78,2,11,1.0,27.0,0.0,0.0
2019-12-18,Wed,True,False,0,0,0,0,0,1,1,0,0,0,1,0,0,0,0,1,0,0,1,1,0,0,1,1,2,3.5,8.5,2.0,33.0,0.0,2.0,2.0,33.0,0.0,0.0,2.0,89.0,0.0,0.0,13,79,2,11,0.0,0.0,0.0,0.0
2019-12-19,Thu,True,False,0,0,0,0,0,0,0,0,0,0,0,0,0,0,0,0,0,0,0,0,0,0,0,0,0,0.0,8.5,1.0,34.0,34.0,1.0,1.0,34.0,0.0,0.0,1.0,90.0,0.0,0.0,12,80,2,11,34.0,1.0,0.0,0.0
2019-12-20,Fri,True,False,1,1,0,1,1,1,1,0,0,0,1,0,0,0,0,0,0,0,1,1,1,1,1,1,3,7.0,12.5,0.0,0.0,33.0,0.0,0.0,0.0,0.0,0.0,0.0,0.0,0.0,0.0,11,81,2,11,33.0,2.0,0.0,0.0
2019-12-21,Sat,False,False,0,0,0,0,0,0,0,0,0,0,0,0,0,0,0,0,0,0,0,0,0,0,0,0,0,0.0,12.5,27.0,1.0,32.0,27.0,27.0,1.0,0.0,0.0,90.0,1.0,0.0,0.0,10,82,2,11,32.0,3.0,0.0,0.0
2019-12-22,Sun,False,False,0,0,0,0,0,0,0,0,0,0,0,0,0,0,0,0,0,0,0,0,0,0,0,0,0,0.0,12.5,26.0,2.0,31.0,26.0,26.0,2.0,0.0,0.0,89.0,2.0,0.0,0.0,9,83,2,11,31.0,4.0,0.0,0.0
2019-12-23,Mon,True,False,0,0,0,0,0,1,1,0,0,0,1,0,0,0,0,0,0,0,1,1,0,0,1,1,1,2.0,12.5,25.0,3.0,30.0,25.0,25.0,3.0,3.0,1.0,88.0,3.0,12.0,1.0,8,84,1,12,30.0,5.0,4.0,1.0
2019-12-24,Tue,True,False,0,0,0,0,0,0,0,0,0,0,0,0,0,0,0,0,0,0,0,0,0,0,0,0,0,0.0,12.5,24.0,4.0,29.0,24.0,24.0,4.0,3.0,1.0,87.0,4.0,12.0,1.0,7,85,1,12,29.0,6.0,4.0,1.0
2019-12-25,Wed,False,True,0,0,0,0,0,0,0,0,0,0,0,0,0,0,0,0,0,0,0,0,0,0,0,0,0,0.0,12.5,23.0,5.0,28.0,23.0,23.0,5.0,3.0,1.0,86.0,5.0,12.0,1.0,6,86,1,12,28.0,7.0,4.0,1.0
2019-12-26,Thu,True,False,0,0,0,0,0,0,0,0,0,0,0,0,0,0,0,0,0,0,0,0,0,0,0,0,0,0.0,9.0,22.0,6.0,27.0,22.0,22.0,6.0,3.0,1.0,85.0,6.0,12.0,1.0,5,87,1,12,27.0,8.0,4.0,1.0
2019-12-27,Fri,True,False,0,0,1,0,0,1,1,0,0,0,1,0,0,0,0,0,0,0,1,1,0,0,1,1,2,3.0,12.0,21.0,7.0,26.0,21.0,21.0,7.0,3.0,1.0,84.0,7.0,12.0,1.0,4,88,1,12,26.0,9.0,4.0,1.0
2019-12-28,Sat,False,False,0,0,0,0,0,0,0,0,0,0,0,0,0,0,0,0,0,0,0,0,0,0,0,0,0,0.0,12.0,20.0,8.0,25.0,20.0,20.0,8.0,3.0,1.0,83.0,8.0,12.0,1.0,3,89,1,12,25.0,10.0,4.0,1.0
2019-12-29,Sun,False,False,0,0,0,0,0,0,0,0,0,0,0,0,0,0,0,0,0,0,0,0,0,0,0,0,0,0.0,12.0,19.0,9.0,24.0,19.0,19.0,9.0,3.0,1.0,82.0,9.0,12.0,1.0,2,90,1,12,24.0,11.0,4.0,1.0
2019-12-30,Mon,True,False,0,0,0,0,0,1,1,0,0,0,1,0,0,0,0,0,0,0,1,1,0,0,1,1,1,2.0,7.0,18.0,10.0,23.0,18.0,18.0,10.0,2.0,2.0,81.0,10.0,11.0,2.0,1,91,0,0,23.0,12.0,3.0,2.0
2019-12-31,Tue,True,False,0,0,0,0,0,0,0,0,0,0,0,1,1,1,1,0,0,0,0,0,0,0,0,1,2,4.5,9.5,17.0,11.0,22.0,17.0,17.0,11.0,2.0,2.0,80.0,11.0,11.0,2.0,0,0,0,0,22.0,13.0,3.0,2.0
2020-01-01,Wed,False,True,0,0,0,0,0,0,0,0,0,0,0,0,0,0,0,0,0,0,0,0,0,0,0,0,0,0.0,9.5,16.0,12.0,21.0,16.0,16.0,12.0,2.0,2.0,79.0,12.0,11.0,2.0,90,1,0,0,21.0,14.0,3.0,2.0
2020-01-02,Thu,True,False,0,0,0,0,0,0,0,0,0,0,0,0,0,0,0,0,0,0,0,0,0,0,0,0,0,0.0,9.5,15.0,13.0,20.0,15.0,15.0,13.0,2.0,2.0,78.0,13.0,11.0,2.0,89,2,0,0,20.0,15.0,3.0,2.0
2020-01-03,Fri,True,False,0,0,1,0,0,1,1,0,0,0,1,0,0,0,0,0,0,0,1,1,0,0,1,1,2,3.0,12.5,14.0,14.0,19.0,14.0,14.0,14.0,2.0,2.0,77.0,14.0,11.0,2.0,88,3,0,0,19.0,16.0,3.0,2.0
2020-01-04,Sat,False,False,0,0,0,0,0,0,0,0,0,0,0,0,0,0,0,0,0,0,0,0,0,0,0,0,0,0.0,12.5,13.0,15.0,18.0,13.0,13.0,15.0,2.0,2.0,76.0,15.0,11.0,2.0,87,4,0,0,18.0,17.0,3.0,2.0
2020-01-05,Sun,False,False,0,0,0,0,0,0,0,0,0,0,0,0,0,0,0,0,0,0,0,0,0,0,0,0,0,0.0,12.5,12.0,16.0,17.0,12.0,12.0,16.0,2.0,2.0,75.0,16.0,11.0,2.0,86,5,0,0,17.0,18.0,3.0,2.0
2020-01-06,Mon,True,False,0,0,0,0,0,1,1,0,0,0,1,0,0,0,0,0,0,0,1,1,0,0,1,1,1,2.0,11.5,11.0,17.0,16.0,11.0,11.0,17.0,1.0,3.0,74.0,17.0,10.0,3.0,85,6,12,1,16.0,19.0,2.0,3.0
2020-01-07,Tue,True,False,0,0,0,0,0,0,0,0,0,0,0,0,0,0,0,0,0,0,0,0,0,0,0,0,0,0.0,9.5,10.0,18.0,15.0,10.0,10.0,18.0,1.0,3.0,73.0,18.0,10.0,3.0,84,7,12,1,15.0,20.0,2.0,3.0
2020-01-08,Wed,True,False,0,0,0,0,0,1,1,0,0,0,1,0,0,0,0,0,1,0,1,1,0,0,1,1,2,2.5,7.5,9.0,19.0,14.0,9.0,9.0,19.0,1.0,3.0,72.0,19.0,10.0,3.0,83,8,12,1,14.0,21.0,2.0,3.0
2020-01-09,Thu,True,False,0,0,0,0,0,0,0,0,0,0,0,0,0,0,0,0,0,0,0,0,0,0,0,0,0,0.0,7.5,8.0,20.0,13.0,8.0,8.0,20.0,1.0,3.0,71.0,20.0,10.0,3.0,82,9,12,1,13.0,22.0,2.0,3.0
2020-01-10,Fri,True,False,0,0,1,0,0,1,1,0,0,0,1,0,0,0,0,0,0,0,1,1,0,0,1,1,2,3.0,7.5,7.0,21.0,12.0,7.0,7.0,21.0,1.0,3.0,70.0,21.0,10.0,3.0,81,10,12,1,12.0,23.0,2.0,3.0
2020-01-11,Sat,False,False,0,0,0,0,0,0,0,0,0,0,0,0,0,0,0,0,0,0,0,0,0,0,0,0,0,0.0,7.5,6.0,22.0,11.0,6.0,6.0,22.0,1.0,3.0,69.0,22.0,10.0,3.0,80,11,12,1,11.0,24.0,2.0,3.0
2020-01-12,Sun,False,False,0,0,0,0,0,0,0,0,0,0,0,0,0,0,0,0,0,0,0,0,0,0,0,0,0,0.0,7.5,5.0,23.0,10.0,5.0,5.0,23.0,1.0,3.0,68.0,23.0,10.0,3.0,79,12,12,1,10.0,25.0,2.0,3.0
2020-01-13,Mon,True,False,0,0,0,0,0,1,1,0,0,0,1,0,0,0,0,0,0,0,1,1,0,0,1,1,1,2.0,7.5,4.0,24.0,9.0,4.0,4.0,24.0,0.0,0.0,67.0,24.0,9.0,4.0,78,13,11,2,9.0,26.0,1.0,4.0
2020-01-14,Tue,True,False,0,0,0,0,0,0,0,0,0,0,0,0,0,0,0,0,0,0,0,0,0,0,0,0,0,0.0,7.5,3.0,25.0,8.0,3.0,3.0,25.0,0.0,0.0,66.0,25.0,9.0,4.0,77,14,11,2,8.0,27.0,1.0,4.0
2020-01-15,Wed,True,False,0,0,0,0,0,1,1,0,0,0,1,0,0,0,0,0,1,0,1,1,0,0,1,1,2,2.5,7.5,2.0,26.0,7.0,2.0,2.0,26.0,0.0,0.0,65.0,26.0,9.0,4.0,76,15,11,2,7.0,28.0,1.0,4.0
2020-01-16,Thu,True,False,0,0,0,0,0,0,0,0,0,0,0,0,0,0,0,0,0,0,0,0,0,0,0,0,0,0.0,7.5,1.0,27.0,6.0,1.0,1.0,27.0,0.0,0.0,64.0,27.0,9.0,4.0,75,16,11,2,6.0,29.0,1.0,4.0
2020-01-17,Fri,True,False,1,1,0,1,1,1,1,0,0,0,1,0,0,0,0,0,0,0,1,1,1,1,1,1,3,7.0,11.5,0.0,0.0,5.0,0.0,0.0,0.0,0.0,0.0,63.0,28.0,9.0,4.0,74,17,11,2,5.0,30.0,1.0,4.0
2020-01-18,Sat,False,False,0,0,0,0,0,0,0,0,0,0,0,0,0,0,0,0,0,0,0,0,0,0,0,0,0,0.0,11.5,34.0,1.0,4.0,34.0,34.0,1.0,0.0,0.0,62.0,29.0,9.0,4.0,73,18,11,2,4.0,31.0,1.0,4.0
2020-01-19,Sun,False,False,0,0,0,0,0,0,0,0,0,0,0,0,0,0,0,0,0,0,0,0,0,0,0,0,0,0.0,11.5,33.0,2.0,3.0,33.0,33.0,2.0,0.0,0.0,61.0,30.0,9.0,4.0,72,19,11,2,3.0,32.0,1.0,4.0
2020-01-20,Mon,False,True,0,0,0,0,0,0,0,0,0,0,0,0,0,0,0,0,0,0,0,0,0,0,0,0,0,0.0,11.5,32.0,3.0,2.0,32.0,32.0,3.0,4.0,1.0,60.0,31.0,8.0,5.0,71,20,10,3,2.0,33.0,0.0,0.0
2020-01-21,Tue,True,False,0,0,0,0,0,0,0,0,0,0,0,0,0,0,0,0,0,0,0,0,0,0,0,0,0,0.0,9.5,31.0,4.0,1.0,31.0,31.0,4.0,4.0,1.0,59.0,32.0,8.0,5.0,70,21,10,3,1.0,34.0,0.0,0.0
2020-01-22,Wed,True,False,0,0,0,0,0,1,1,0,0,0,1,0,0,0,0,1,0,0,1,1,0,0,1,1,2,3.5,13.0,30.0,5.0,0.0,30.0,30.0,5.0,4.0,1.0,58.0,33.0,8.0,5.0,69,22,10,3,0.0,0.0,0.0,0.0
2020-01-23,Thu,True,False,0,0,0,0,0,0,0,0,0,0,0,0,0,0,0,0,0,0,0,0,0,0,0,0,0,0.0,10.5,29.0,6.0,27.0,29.0,29.0,6.0,4.0,1.0,57.0,34.0,8.0,5.0,68,23,10,3,27.0,1.0,0.0,0.0
2020-01-24,Fri,True,False,0,0,1,0,0,1,1,0,0,0,1,0,0,0,0,0,0,0,1,1,0,0,1,1,2,3.0,13.5,28.0,7.0,26.0,28.0,28.0,7.0,4.0,1.0,56.0,35.0,8.0,5.0,67,24,10,3,26.0,2.0,0.0,0.0
2020-01-25,Sat,False,False,0,0,0,0,0,0,0,0,0,0,0,0,0,0,0,0,0,0,0,0,0,0,0,0,0,0.0,13.5,27.0,8.0,25.0,27.0,27.0,8.0,4.0,1.0,55.0,36.0,8.0,5.0,66,25,10,3,25.0,3.0,0.0,0.0
2020-01-26,Sun,False,False,0,0,0,0,0,0,0,0,0,0,0,0,0,0,0,0,0,0,0,0,0,0,0,0,0,0.0,13.5,26.0,9.0,24.0,26.0,26.0,9.0,4.0,1.0,54.0,37.0,8.0,5.0,65,26,10,3,24.0,4.0,0.0,0.0
2020-01-27,Mon,True,False,0,0,0,0,0,1,1,0,0,0,1,0,0,0,0,0,0,0,1,1,0,0,1,1,1,2.0,8.5,25.0,10.0,23.0,25.0,25.0,10.0,3.0,2.0,53.0,38.0,7.0,6.0,64,27,9,4,23.0,5.0,3.0,1.0
2020-01-28,Tue,True,False,0,0,0,0,0,0,0,0,0,0,0,0,0,0,0,0,0,0,0,0,0,0,0,0,0,0.0,8.5,24.0,11.0,22.0,24.0,24.0,11.0,3.0,2.0,52.0,39.0,7.0,6.0,63,28,9,4,22.0,6.0,3.0,1.0
2020-01-29,Wed,True,False,0,0,0,0,0,1,1,0,0,0,1,0,0,0,0,0,1,0,1,1,0,0,1,1,2,2.5,7.5,23.0,12.0,21.0,23.0,23.0,12.0,3.0,2.0,51.0,40.0,7.0,6.0,62,29,9,4,21.0,7.0,3.0,1.0
2020-01-30,Thu,True,False,0,0,0,0,0,0,0,0,0,0,0,0,0,0,0,0,0,0,0,0,0,0,0,0,0,0.0,7.5,22.0,13.0,20.0,22.0,22.0,13.0,3.0,2.0,50.0,41.0,7.0,6.0,61,30,9,4,20.0,8.0,3.0,1.0
2020-01-31,Fri,True,False,0,0,1,0,0,0,0,0,0,0,0,1,1,0,0,0,0,0,1,1,0,0,0,1,2,3.0,7.5,21.0,14.0,19.0,21.0,21.0,14.0,3.0,2.0,49.0,42.0,7.0,6.0,60,31,9,4,19.0,9.0,3.0,1.0
2020-02-01,Sat,False,False,0,0,0,0,0,0,0,0,0,0,0,0,0,0,0,0,0,0,0,0,0,0,0,0,0,0.0,7.5,20.0,15.0,18.0,20.0,20.0,15.0,3.0,2.0,48.0,43.0,7.0,6.0,59,32,9,4,18.0,10.0,3.0,1.0
2020-02-02,Sun,False,False,0,0,0,0,0,0,0,0,0,0,0,0,0,0,0,0,0,0,0,0,0,0,0,0,0,0.0,7.5,19.0,16.0,17.0,19.0,19.0,16.0,3.0,2.0,47.0,44.0,7.0,6.0,58,33,9,4,17.0,11.0,3.0,1.0
2020-02-03,Mon,True,False,0,0,0,0,0,1,1,0,0,0,1,0,0,0,0,0,0,0,1,1,0,0,1,1,1,2.0,7.5,18.0,17.0,16.0,18.0,18.0,17.0,2.0,3.0,46.0,45.0,6.0,7.0,57,34,8,5,16.0,12.0,2.0,2.0
2020-02-04,Tue,True,False,0,0,0,0,0,0,0,0,0,0,0,0,0,0,0,0,0,0,0,0,0,0,0,0,0,0.0,7.5,17.0,18.0,15.0,17.0,17.0,18.0,2.0,3.0,45.0,46.0,6.0,7.0,56,35,8,5,15.0,13.0,2.0,2.0
2020-02-05,Wed,True,False,0,0,0,0,0,1,1,0,0,0,1,0,0,0,0,0,1,0,1,1,0,0,1,1,2,2.5,7.5,16.0,19.0,14.0,16.0,16.0,19.0,2.0,3.0,44.0,47.0,6.0,7.0,55,36,8,5,14.0,14.0,2.0,2.0
2020-02-06,Thu,True,False,0,0,0,0,0,0,0,0,0,0,0,0,0,0,0,0,0,0,0,0,0,0,0,0,0,0.0,7.5,15.0,20.0,13.0,15.0,15.0,20.0,2.0,3.0,43.0,48.0,6.0,7.0,54,37,8,5,13.0,15.0,2.0,2.0
2020-02-07,Fri,True,False,0,0,1,0,0,1,1,0,0,0,1,0,0,0,0,0,0,0,1,1,0,0,1,1,2,3.0,7.5,14.0,21.0,12.0,14.0,14.0,21.0,2.0,3.0,42.0,49.0,6.0,7.0,53,38,8,5,12.0,16.0,2.0,2.0
2020-02-08,Sat,False,False,0,0,0,0,0,0,0,0,0,0,0,0,0,0,0,0,0,0,0,0,0,0,0,0,0,0.0,7.5,13.0,22.0,11.0,13.0,13.0,22.0,2.0,3.0,41.0,50.0,6.0,7.0,52,39,8,5,11.0,17.0,2.0,2.0
2020-02-09,Sun,False,False,0,0,0,0,0,0,0,0,0,0,0,0,0,0,0,0,0,0,0,0,0,0,0,0,0,0.0,7.5,12.0,23.0,10.0,12.0,12.0,23.0,2.0,3.0,40.0,51.0,6.0,7.0,51,40,8,5,10.0,18.0,2.0,2.0
2020-02-10,Mon,True,False,0,0,0,0,0,1,1,0,0,0,1,0,0,0,0,0,0,0,1,1,0,0,1,1,1,2.0,7.5,11.0,24.0,9.0,11.0,11.0,24.0,1.0,4.0,39.0,52.0,5.0,8.0,50,41,7,6,9.0,19.0,1.0,3.0
2020-02-11,Tue,True,False,0,0,0,0,0,0,0,0,0,0,0,0,0,0,0,0,0,0,0,0,0,0,0,0,0,0.0,7.5,10.0,25.0,8.0,10.0,10.0,25.0,1.0,4.0,38.0,53.0,5.0,8.0,49,42,7,6,8.0,20.0,1.0,3.0
2020-02-12,Wed,True,False,0,0,0,0,0,1,1,0,0,0,1,0,0,0,0,0,1,0,1,1,0,0,1,1,2,2.5,7.5,9.0,26.0,7.0,9.0,9.0,26.0,1.0,4.0,37.0,54.0,5.0,8.0,48,43,7,6,7.0,21.0,1.0,3.0
2020-02-13,Thu,True,False,0,0,0,0,0,0,0,0,0,0,0,0,0,0,0,0,0,0,0,0,0,0,0,0,0,0.0,7.5,8.0,27.0,6.0,8.0,8.0,27.0,1.0,4.0,36.0,55.0,5.0,8.0,47,44,7,6,6.0,22.0,1.0,3.0
2020-02-14,Fri,True,False,0,0,1,0,0,1,1,0,0,0,1,0,0,0,0,0,0,0,1,1,0,0,1,1,2,3.0,7.5,7.0,28.0,5.0,7.0,7.0,28.0,1.0,4.0,35.0,56.0,5.0,8.0,46,45,7,6,5.0,23.0,1.0,3.0
2020-02-15,Sat,False,False,0,0,0,0,0,0,0,0,0,0,0,0,0,0,0,0,0,0,0,0,0,0,0,0,0,0.0,7.5,6.0,29.0,4.0,6.0,6.0,29.0,1.0,4.0,34.0,57.0,5.0,8.0,45,46,7,6,4.0,24.0,1.0,3.0
2020-02-16,Sun,False,False,0,0,0,0,0,0,0,0,0,0,0,0,0,0,0,0,0,0,0,0,0,0,0,0,0,0.0,7.5,5.0,30.0,3.0,5.0,5.0,30.0,1.0,4.0,33.0,58.0,5.0,8.0,44,47,7,6,3.0,25.0,1.0,3.0
2020-02-17,Mon,False,True,0,0,0,0,0,0,0,0,0,0,0,0,0,0,0,0,0,0,0,0,0,0,0,0,0,0.0,7.5,4.0,31.0,2.0,4.0,4.0,31.0,0.0,0.0,32.0,59.0,4.0,9.0,43,48,6,7,2.0,26.0,0.0,0.0
2020-02-18,Tue,True,False,0,0,0,0,0,0,0,0,0,0,0,0,0,0,0,0,0,0,0,0,0,0,0,0,0,0.0,5.5,3.0,32.0,1.0,3.0,3.0,32.0,0.0,0.0,31.0,60.0,4.0,9.0,42,49,6,7,1.0,27.0,0.0,0.0
2020-02-19,Wed,True,False,0,0,0,0,0,1,1,0,0,0,1,0,0,0,0,1,0,0,1,1,0,0,1,1,2,3.5,9.0,2.0,33.0,0.0,2.0,2.0,33.0,0.0,0.0,30.0,61.0,4.0,9.0,41,50,6,7,0.0,0.0,0.0,0.0
2020-02-20,Thu,True,False,0,0,0,0,0,0,0,0,0,0,0,0,0,0,0,0,0,0,0,0,0,0,0,0,0,0.0,6.5,1.0,34.0,27.0,1.0,1.0,34.0,0.0,0.0,29.0,62.0,4.0,9.0,40,51,6,7,27.0,1.0,0.0,0.0
2020-02-21,Fri,True,False,1,1,0,1,1,1,1,0,0,0,1,0,0,0,0,0,0,0,1,1,1,1,1,1,3,7.0,13.5,0.0,0.0,26.0,0.0,0.0,0.0,0.0,0.0,28.0,63.0,4.0,9.0,39,52,6,7,26.0,2.0,0.0,0.0
2020-02-22,Sat,False,False,0,0,0,0,0,0,0,0,0,0,0,0,0,0,0,0,0,0,0,0,0,0,0,0,0,0.0,13.5,27.0,1.0,25.0,27.0,27.0,1.0,0.0,0.0,27.0,64.0,4.0,9.0,38,53,6,7,25.0,3.0,0.0,0.0
2020-02-23,Sun,False,False,0,0,0,0,0,0,0,0,0,0,0,0,0,0,0,0,0,0,0,0,0,0,0,0,0,0.0,13.5,26.0,2.0,24.0,26.0,26.0,2.0,0.0,0.0,26.0,65.0,4.0,9.0,37,54,6,7,24.0,4.0,0.0,0.0
2020-02-24,Mon,True,False,0,0,0,0,0,1,1,0,0,0,1,0,0,0,0,0,0,0,1,1,0,0,1,1,1,2.0,12.5,25.0,3.0,23.0,25.0,25.0,3.0,3.0,1.0,25.0,66.0,3.0,10.0,36,55,5,8,23.0,5.0,3.0,1.0
2020-02-25,Tue,True,False,0,0,0,0,0,0,0,0,0,0,0,0,0,0,0,0,0,0,0,0,0,0,0,0,0,0.0,12.5,24.0,4.0,22.0,24.0,24.0,4.0,3.0,1.0,24.0,67.0,3.0,10.0,35,56,5,8,22.0,6.0,3.0,1.0
2020-02-26,Wed,True,False,0,0,0,0,0,1,1,0,0,0,1,0,0,0,0,0,1,0,1,1,0,0,1,1,2,2.5,11.5,23.0,5.0,21.0,23.0,23.0,5.0,3.0,1.0,23.0,68.0,3.0,10.0,34,57,5,8,21.0,7.0,3.0,1.0
2020-02-27,Thu,True,False,0,0,0,0,0,0,0,0,0,0,0,0,0,0,0,0,0,0,0,0,0,0,0,0,0,0.0,11.5,22.0,6.0,20.0,22.0,22.0,6.0,3.0,1.0,22.0,69.0,3.0,10.0,33,58,5,8,20.0,8.0,3.0,1.0
2020-02-28,Fri,True,False,0,0,1,0,0,0,0,0,0,0,0,1,1,0,0,0,0,1,1,1,0,0,0,1,3,3.5,8.0,21.0,7.0,19.0,21.0,21.0,7.0,3.0,1.0,21.0,70.0,3.0,10.0,32,59,5,8,19.0,9.0,3.0,1.0
2020-02-29,Sat,False,False,0,0,0,0,0,0,0,0,0,0,0,0,0,0,0,0,0,0,0,0,0,0,0,0,0,0.0,8.0,20.0,8.0,18.0,20.0,20.0,8.0,3.0,1.0,20.0,71.0,3.0,10.0,31,60,5,8,18.0,10.0,3.0,1.0
2020-03-01,Sun,False,False,0,0,0,0,0,0,0,0,0,0,0,0,0,0,0,0,0,0,0,0,0,0,0,0,0,0.0,8.0,19.0,9.0,17.0,19.0,19.0,9.0,3.0,1.0,19.0,72.0,3.0,10.0,30,61,5,8,17.0,11.0,3.0,1.0
2020-03-02,Mon,True,False,0,0,0,0,0,1,1,0,0,0,1,0,0,0,0,0,0,0,1,1,0,0,1,1,1,2.0,8.0,18.0,10.0,16.0,18.0,18.0,10.0,2.0,2.0,18.0,73.0,2.0,11.0,29,62,4,9,16.0,12.0,2.0,2.0
2020-03-03,Tue,True,False,0,0,0,0,0,0,0,0,0,0,0,0,0,0,0,0,0,0,0,0,0,0,0,0,0,0.0,8.0,17.0,11.0,15.0,17.0,17.0,11.0,2.0,2.0,17.0,74.0,2.0,11.0,28,63,4,9,15.0,13.0,2.0,2.0
2020-03-04,Wed,True,False,0,0,0,0,0,1,1,0,0,0,1,0,0,0,0,0,1,0,1,1,0,0,1,1,2,2.5,8.0,16.0,12.0,14.0,16.0,16.0,12.0,2.0,2.0,16.0,75.0,2.0,11.0,27,64,4,9,14.0,14.0,2.0,2.0
2020-03-05,Thu,True,False,0,0,0,0,0,0,0,0,0,0,0,0,0,0,0,0,0,0,0,0,0,0,0,0,0,0.0,8.0,15.0,13.0,13.0,15.0,15.0,13.0,2.0,2.0,15.0,76.0,2.0,11.0,26,65,4,9,13.0,15.0,2.0,2.0
2020-03-06,Fri,True,False,0,0,1,0,0,1,1,0,0,0,1,0,0,0,0,0,0,0,1,1,0,0,1,1,2,3.0,7.5,14.0,14.0,12.0,14.0,14.0,14.0,2.0,2.0,14.0,77.0,2.0,11.0,25,66,4,9,12.0,16.0,2.0,2.0
2020-03-07,Sat,False,False,0,0,0,0,0,0,0,0,0,0,0,0,0,0,0,0,0,0,0,0,0,0,0,0,0,0.0,7.5,13.0,15.0,11.0,13.0,13.0,15.0,2.0,2.0,13.0,78.0,2.0,11.0,24,67,4,9,11.0,17.0,2.0,2.0
2020-03-08,Sun,False,False,0,0,0,0,0,0,0,0,0,0,0,0,0,0,0,0,0,0,0,0,0,0,0,0,0,0.0,7.5,12.0,16.0,10.0,12.0,12.0,16.0,2.0,2.0,12.0,79.0,2.0,11.0,23,68,4,9,10.0,18.0,2.0,2.0
2020-03-09,Mon,True,False,0,0,0,0,0,1,1,0,0,0,1,0,0,0,0,0,0,0,1,1,0,0,1,1,1,2.0,7.5,11.0,17.0,9.0,11.0,11.0,17.0,1.0,3.0,11.0,80.0,1.0,12.0,22,69,3,10,9.0,19.0,1.0,3.0
2020-03-10,Tue,True,False,0,0,0,0,0,0,0,0,0,0,0,0,0,0,0,0,0,0,0,0,0,0,0,0,0,0.0,7.5,10.0,18.0,8.0,10.0,10.0,18.0,1.0,3.0,10.0,81.0,1.0,12.0,21,70,3,10,8.0,20.0,1.0,3.0
2020-03-11,Wed,True,False,0,0,0,0,0,1,1,0,0,0,1,0,0,0,0,0,1,0,1,1,0,0,1,1,2,2.5,7.5,9.0,19.0,7.0,9.0,9.0,19.0,1.0,3.0,9.0,82.0,1.0,12.0,20,71,3,10,7.0,21.0,1.0,3.0
2020-03-12,Thu,True,False,0,0,0,0,0,0,0,0,0,0,0,0,0,0,0,0,0,0,0,0,0,0,0,0,0,0.0,7.5,8.0,20.0,6.0,8.0,8.0,20.0,1.0,3.0,8.0,83.0,1.0,12.0,19,72,3,10,6.0,22.0,1.0,3.0
2020-03-13,Fri,True,False,0,0,1,0,0,1,1,0,0,0,1,0,0,0,0,0,0,0,1,1,0,0,1,1,2,3.0,7.5,7.0,21.0,5.0,7.0,7.0,21.0,1.0,3.0,7.0,84.0,1.0,12.0,18,73,3,10,5.0,23.0,1.0,3.0
2020-03-14,Sat,False,False,0,0,0,0,0,0,0,0,0,0,0,0,0,0,0,0,0,0,0,0,0,0,0,0,0,0.0,7.5,6.0,22.0,4.0,6.0,6.0,22.0,1.0,3.0,6.0,85.0,1.0,12.0,17,74,3,10,4.0,24.0,1.0,3.0
2020-03-15,Sun,False,False,0,0,0,0,0,0,0,0,0,0,0,0,0,0,0,0,0,0,0,0,0,0,0,0,0,0.0,7.5,5.0,23.0,3.0,5.0,5.0,23.0,1.0,3.0,5.0,86.0,1.0,12.0,16,75,3,10,3.0,25.0,1.0,3.0
2020-03-16,Mon,True,False,0,0,0,0,0,1,1,0,0,0,1,0,0,0,0,0,0,0,1,1,0,0,1,1,1,2.0,7.5,4.0,24.0,2.0,4.0,4.0,24.0,0.0,0.0,4.0,87.0,0.0,0.0,15,76,2,11,2.0,26.0,0.0,0.0
2020-03-17,Tue,True,False,0,0,0,0,0,0,0,0,0,0,0,0,0,0,0,0,0,0,0,0,0,0,0,0,0,0.0,7.5,3.0,25.0,1.0,3.0,3.0,25.0,0.0,0.0,3.0,88.0,0.0,0.0,14,77,2,11,1.0,27.0,0.0,0.0
2020-03-18,Wed,True,False,0,0,0,0,0,1,1,0,0,0,1,0,0,0,0,1,0,0,1,1,0,0,1,1,2,3.5,8.5,2.0,26.0,0.0,2.0,2.0,26.0,0.0,0.0,2.0,89.0,0.0,0.0,13,78,2,11,0.0,0.0,0.0,0.0
2020-03-19,Thu,True,False,0,0,0,0,0,0,0,0,0,0,0,0,0,0,0,0,0,0,0,0,0,0,0,0,0,0.0,8.5,1.0,27.0,27.0,1.0,1.0,27.0,0.0,0.0,1.0,90.0,0.0,0.0,12,79,2,11,27.0,1.0,0.0,0.0
2020-03-20,Fri,True,False,1,1,0,1,1,1,1,0,0,0,1,0,0,0,0,0,0,0,1,1,1,1,1,1,3,7.0,12.5,0.0,0.0,26.0,0.0,0.0,0.0,0.0,0.0,0.0,0.0,0.0,0.0,11,80,2,11,26.0,2.0,0.0,0.0
2020-03-21,Sat,False,False,0,0,0,0,0,0,0,0,0,0,0,0,0,0,0,0,0,0,0,0,0,0,0,0,0,0.0,12.5,27.0,1.0,25.0,27.0,27.0,1.0,0.0,0.0,90.0,1.0,0.0,0.0,10,81,2,11,25.0,3.0,0.0,0.0
2020-03-22,Sun,False,False,0,0,0,0,0,0,0,0,0,0,0,0,0,0,0,0,0,0,0,0,0,0,0,0,0,0.0,12.5,26.0,2.0,24.0,26.0,26.0,2.0,0.0,0.0,89.0,2.0,0.0,0.0,9,82,2,11,24.0,4.0,0.0,0.0
2020-03-23,Mon,True,False,0,0,0,0,0,1,1,0,0,0,1,0,0,0,0,0,0,0,1,1,0,0,1,1,1,2.0,12.5,25.0,3.0,23.0,25.0,25.0,3.0,3.0,1.0,88.0,3.0,12.0,1.0,8,83,1,12,23.0,5.0,3.0,1.0
2020-03-24,Tue,True,False,0,0,0,0,0,0,0,0,0,0,0,0,0,0,0,0,0,0,0,0,0,0,0,0,0,0.0,12.5,24.0,4.0,22.0,24.0,24.0,4.0,3.0,1.0,87.0,4.0,12.0,1.0,7,84,1,12,22.0,6.0,3.0,1.0
2020-03-25,Wed,True,False,0,0,0,0,0,1,1,0,0,0,1,0,0,0,0,0,1,0,1,1,0,0,1,1,2,2.5,11.5,23.0,5.0,21.0,23.0,23.0,5.0,3.0,1.0,86.0,5.0,12.0,1.0,6,85,1,12,21.0,7.0,3.0,1.0
2020-03-26,Thu,True,False,0,0,0,0,0,0,0,0,0,0,0,0,0,0,0,0,0,0,0,0,0,0,0,0,0,0.0,11.5,22.0,6.0,20.0,22.0,22.0,6.0,3.0,1.0,85.0,6.0,12.0,1.0,5,86,1,12,20.0,8.0,3.0,1.0
2020-03-27,Fri,True,False,0,0,1,0,0,1,1,0,0,0,1,0,0,0,0,0,0,0,1,1,0,0,1,1,2,3.0,7.5,21.0,7.0,19.0,21.0,21.0,7.0,3.0,1.0,84.0,7.0,12.0,1.0,4,87,1,12,19.0,9.0,3.0,1.0
2020-03-28,Sat,False,False,0,0,0,0,0,0,0,0,0,0,0,0,0,0,0,0,0,0,0,0,0,0,0,0,0,0.0,7.5,20.0,8.0,18.0,20.0,20.0,8.0,3.0,1.0,83.0,8.0,12.0,1.0,3,88,1,12,18.0,10.0,3.0,1.0
2020-03-29,Sun,False,False,0,0,0,0,0,0,0,0,0,0,0,0,0,0,0,0,0,0,0,0,0,0,0,0,0,0.0,7.5,19.0,9.0,17.0,19.0,19.0,9.0,3.0,1.0,82.0,9.0,12.0,1.0,2,89,1,12,17.0,11.0,3.0,1.0
2020-03-30,Mon,True,False,0,0,0,0,0,1,1,0,0,0,1,0,0,0,0,0,0,0,1,1,0,0,1,1,1,2.0,7.5,18.0,10.0,16.0,18.0,18.0,10.0,2.0,2.0,81.0,10.0,11.0,2.0,1,90,0,0,16.0,12.0,2.0,2.0
2020-03-31,Tue,True,False,0,0,0,0,0,0,0,0,0,0,0,1,1,1,1,0,0,0,0,0,0,0,0,1,2,4.5,12.0,17.0,11.0,15.0,17.0,17.0,11.0,2.0,2.0,80.0,11.0,11.0,2.0,0,0,0,0,15.0,13.0,2.0,2.0
2020-04-01,Wed,True,False,0,0,0,0,0,1,1,0,0,0,1,0,0,0,0,0,1,0,1,1,0,0,1,1,2,2.5,12.0,16.0,12.0,14.0,16.0,16.0,12.0,2.0,2.0,79.0,12.0,11.0,2.0,90,1,0,0,14.0,14.0,2.0,2.0
2020-04-02,Thu,True,False,0,0,0,0,0,0,0,0,0,0,0,0,0,0,0,0,0,0,0,0,0,0,0,0,0,0.0,12.0,15.0,13.0,13.0,15.0,15.0,13.0,2.0,2.0,78.0,13.0,11.0,2.0,89,2,0,0,13.0,15.0,2.0,2.0
2020-04-03,Fri,True,False,0,0,1,0,0,1,1,0,0,0,1,0,0,0,0,0,0,0,1,1,0,0,1,1,2,3.0,12.0,14.0,14.0,12.0,14.0,14.0,14.0,2.0,2.0,77.0,14.0,11.0,2.0,88,3,0,0,12.0,16.0,2.0,2.0
2020-04-04,Sat,False,False,0,0,0,0,0,0,0,0,0,0,0,0,0,0,0,0,0,0,0,0,0,0,0,0,0,0.0,12.0,13.0,15.0,11.0,13.0,13.0,15.0,2.0,2.0,76.0,15.0,11.0,2.0,87,4,0,0,11.0,17.0,2.0,2.0
2020-04-05,Sun,False,False,0,0,0,0,0,0,0,0,0,0,0,0,0,0,0,0,0,0,0,0,0,0,0,0,0,0.0,12.0,12.0,16.0,10.0,12.0,12.0,16.0,2.0,2.0,75.0,16.0,11.0,2.0,86,5,0,0,10.0,18.0,2.0,2.0
2020-04-06,Mon,True,False,0,0,0,0,0,1,1,0,0,0,1,0,0,0,0,0,0,0,1,1,0,0,1,1,1,2.0,12.0,11.0,17.0,9.0,11.0,11.0,17.0,1.0,3.0,74.0,17.0,10.0,3.0,85,6,12,1,9.0,19.0,1.0,3.0
2020-04-07,Tue,True,False,0,0,0,0,0,0,0,0,0,0,0,0,0,0,0,0,0,0,0,0,0,0,0,0,0,0.0,7.5,10.0,18.0,8.0,10.0,10.0,18.0,1.0,3.0,73.0,18.0,10.0,3.0,84,7,12,1,8.0,20.0,1.0,3.0
2020-04-08,Wed,True,False,0,0,0,0,0,1,1,0,0,0,1,0,0,0,0,0,1,0,1,1,0,0,1,1,2,2.5,7.5,9.0,19.0,7.0,9.0,9.0,19.0,1.0,3.0,72.0,19.0,10.0,3.0,83,8,12,1,7.0,21.0,1.0,3.0
2020-04-09,Thu,True,False,0,0,0,0,0,0,0,0,0,0,0,0,0,0,0,0,0,0,0,0,0,0,0,0,0,0.0,7.5,8.0,20.0,6.0,8.0,8.0,20.0,1.0,3.0,71.0,20.0,10.0,3.0,82,9,12,1,6.0,22.0,1.0,3.0
2020-04-10,Fri,False,True,0,0,0,0,0,0,0,0,0,0,0,0,0,0,0,0,0,0,0,0,0,0,0,0,0,0.0,7.5,7.0,21.0,5.0,7.0,7.0,21.0,1.0,3.0,70.0,21.0,10.0,3.0,81,10,12,1,5.0,23.0,1.0,3.0
2020-04-11,Sat,False,False,0,0,0,0,0,0,0,0,0,0,0,0,0,0,0,0,0,0,0,0,0,0,0,0,0,0.0,7.5,6.0,22.0,4.0,6.0,6.0,22.0,1.0,3.0,69.0,22.0,10.0,3.0,80,11,12,1,4.0,24.0,1.0,3.0
2020-04-12,Sun,False,False,0,0,0,0,0,0,0,0,0,0,0,0,0,0,0,0,0,0,0,0,0,0,0,0,0,0.0,7.5,5.0,23.0,3.0,5.0,5.0,23.0,1.0,3.0,68.0,23.0,10.0,3.0,79,12,12,1,3.0,25.0,1.0,3.0
2020-04-13,Mon,True,False,0,0,0,0,0,1,1,0,0,0,1,0,0,0,0,0,0,0,1,1,0,0,1,1,1,2.0,6.5,4.0,24.0,2.0,4.0,4.0,24.0,0.0,0.0,67.0,24.0,9.0,4.0,78,13,11,2,2.0,26.0,0.0,0.0
2020-04-14,Tue,True,False,0,0,0,0,0,0,0,0,0,0,0,0,0,0,0,0,0,0,0,0,0,0,0,0,0,0.0,4.5,3.0,25.0,1.0,3.0,3.0,25.0,0.0,0.0,66.0,25.0,9.0,4.0,77,14,11,2,1.0,27.0,0.0,0.0
2020-04-15,Wed,True,False,0,0,0,0,0,1,1,0,0,0,1,0,0,0,0,1,0,0,1,1,0,0,1,1,2,3.5,8.0,2.0,26.0,0.0,2.0,2.0,26.0,0.0,0.0,65.0,26.0,9.0,4.0,76,15,11,2,0.0,0.0,0.0,0.0
2020-04-16,Thu,True,False,0,0,0,0,0,0,0,0,0,0,0,0,0,0,0,0,0,0,0,0,0,0,0,0,0,0.0,5.5,1.0,27.0,34.0,1.0,1.0,27.0,0.0,0.0,64.0,27.0,9.0,4.0,75,16,11,2,34.0,1.0,0.0,0.0
2020-04-17,Fri,True,False,1,1,0,1,1,1,1,0,0,0,1,0,0,0,0,0,0,0,1,1,1,1,1,1,3,7.0,12.5,0.0,0.0,33.0,0.0,0.0,0.0,0.0,0.0,63.0,28.0,9.0,4.0,74,17,11,2,33.0,2.0,0.0,0.0
2020-04-18,Sat,False,False,0,0,0,0,0,0,0,0,0,0,0,0,0,0,0,0,0,0,0,0,0,0,0,0,0,0.0,12.5,27.0,1.0,32.0,27.0,27.0,1.0,0.0,0.0,62.0,29.0,9.0,4.0,73,18,11,2,32.0,3.0,0.0,0.0
2020-04-19,Sun,False,False,0,0,0,0,0,0,0,0,0,0,0,0,0,0,0,0,0,0,0,0,0,0,0,0,0,0.0,12.5,26.0,2.0,31.0,26.0,26.0,2.0,0.0,0.0,61.0,30.0,9.0,4.0,72,19,11,2,31.0,4.0,0.0,0.0
2020-04-20,Mon,True,False,0,0,0,0,0,1,1,0,0,0,1,0,0,0,0,0,0,0,1,1,0,0,1,1,1,2.0,12.5,25.0,3.0,30.0,25.0,25.0,3.0,3.0,1.0,60.0,31.0,8.0,5.0,71,20,10,3,30.0,5.0,4.0,1.0
2020-04-21,Tue,True,False,0,0,0,0,0,0,0,0,0,0,0,0,0,0,0,0,0,0,0,0,0,0,0,0,0,0.0,12.5,24.0,4.0,29.0,24.0,24.0,4.0,3.0,1.0,59.0,32.0,8.0,5.0,70,21,10,3,29.0,6.0,4.0,1.0
2020-04-22,Wed,True,False,0,0,0,0,0,1,1,0,0,0,1,0,0,0,0,0,1,0,1,1,0,0,1,1,2,2.5,11.5,23.0,5.0,28.0,23.0,23.0,5.0,3.0,1.0,58.0,33.0,8.0,5.0,69,22,10,3,28.0,7.0,4.0,1.0
2020-04-23,Thu,True,False,0,0,0,0,0,0,0,0,0,0,0,0,0,0,0,0,0,0,0,0,0,0,0,0,0,0.0,11.5,22.0,6.0,27.0,22.0,22.0,6.0,3.0,1.0,57.0,34.0,8.0,5.0,68,23,10,3,27.0,8.0,4.0,1.0
2020-04-24,Fri,True,False,0,0,1,0,0,1,1,0,0,0,1,0,0,0,0,0,0,0,1,1,0,0,1,1,2,3.0,7.5,21.0,7.0,26.0,21.0,21.0,7.0,3.0,1.0,56.0,35.0,8.0,5.0,67,24,10,3,26.0,9.0,4.0,1.0
2020-04-25,Sat,False,False,0,0,0,0,0,0,0,0,0,0,0,0,0,0,0,0,0,0,0,0,0,0,0,0,0,0.0,7.5,20.0,8.0,25.0,20.0,20.0,8.0,3.0,1.0,55.0,36.0,8.0,5.0,66,25,10,3,25.0,10.0,4.0,1.0
2020-04-26,Sun,False,False,0,0,0,0,0,0,0,0,0,0,0,0,0,0,0,0,0,0,0,0,0,0,0,0,0,0.0,7.5,19.0,9.0,24.0,19.0,19.0,9.0,3.0,1.0,54.0,37.0,8.0,5.0,65,26,10,3,24.0,11.0,4.0,1.0
2020-04-27,Mon,True,False,0,0,0,0,0,1,1,0,0,0,1,0,0,0,0,0,0,0,1,1,0,0,1,1,1,2.0,7.5,18.0,10.0,23.0,18.0,18.0,10.0,2.0,2.0,53.0,38.0,7.0,6.0,64,27,9,4,23.0,12.0,3.0,2.0
2020-04-28,Tue,True,False,0,0,0,0,0,0,0,0,0,0,0,0,0,0,0,0,0,0,0,0,0,0,0,0,0,0.0,7.5,17.0,11.0,22.0,17.0,17.0,11.0,2.0,2.0,52.0,39.0,7.0,6.0,63,28,9,4,22.0,13.0,3.0,2.0
2020-04-29,Wed,True,False,0,0,0,0,0,1,1,0,0,0,1,0,0,0,0,0,1,0,1,1,0,0,1,1,2,2.5,7.5,16.0,12.0,21.0,16.0,16.0,12.0,2.0,2.0,51.0,40.0,7.0,6.0,62,29,9,4,21.0,14.0,3.0,2.0
2020-04-30,Thu,True,False,0,0,0,0,0,0,0,0,0,0,0,1,1,0,0,0,0,0,0,0,0,0,0,1,1,2.0,9.5,15.0,13.0,20.0,15.0,15.0,13.0,2.0,2.0,50.0,41.0,7.0,6.0,61,30,9,4,20.0,15.0,3.0,2.0
2020-05-01,Fri,True,False,0,0,1,0,0,1,1,0,0,0,1,0,0,0,0,0,0,0,1,1,0,0,1,1,2,3.0,9.5,14.0,14.0,19.0,14.0,14.0,14.0,2.0,2.0,49.0,42.0,7.0,6.0,60,31,9,4,19.0,16.0,3.0,2.0
2020-05-02,Sat,False,False,0,0,0,0,0,0,0,0,0,0,0,0,0,0,0,0,0,0,0,0,0,0,0,0,0,0.0,9.5,13.0,15.0,18.0,13.0,13.0,15.0,2.0,2.0,48.0,43.0,7.0,6.0,59,32,9,4,18.0,17.0,3.0,2.0
2020-05-03,Sun,False,False,0,0,0,0,0,0,0,0,0,0,0,0,0,0,0,0,0,0,0,0,0,0,0,0,0,0.0,9.5,12.0,16.0,17.0,12.0,12.0,16.0,2.0,2.0,47.0,44.0,7.0,6.0,58,33,9,4,17.0,18.0,3.0,2.0
2020-05-04,Mon,True,False,0,0,0,0,0,1,1,0,0,0,1,0,0,0,0,0,0,0,1,1,0,0,1,1,1,2.0,9.5,11.0,17.0,16.0,11.0,11.0,17.0,1.0,3.0,46.0,45.0,6.0,7.0,57,34,8,5,16.0,19.0,2.0,3.0
2020-05-05,Tue,True,False,0,0,0,0,0,0,0,0,0,0,0,0,0,0,0,0,0,0,0,0,0,0,0,0,0,0.0,9.5,10.0,18.0,15.0,10.0,10.0,18.0,1.0,3.0,45.0,46.0,6.0,7.0,56,35,8,5,15.0,20.0,2.0,3.0
2020-05-06,Wed,True,False,0,0,0,0,0,1,1,0,0,0,1,0,0,0,0,0,1,0,1,1,0,0,1,1,2,2.5,9.5,9.0,19.0,14.0,9.0,9.0,19.0,1.0,3.0,44.0,47.0,6.0,7.0,55,36,8,5,14.0,21.0,2.0,3.0
2020-05-07,Thu,True,False,0,0,0,0,0,0,0,0,0,0,0,0,0,0,0,0,0,0,0,0,0,0,0,0,0,0.0,7.5,8.0,20.0,13.0,8.0,8.0,20.0,1.0,3.0,43.0,48.0,6.0,7.0,54,37,8,5,13.0,22.0,2.0,3.0
2020-05-08,Fri,True,False,0,0,1,0,0,1,1,0,0,0,1,0,0,0,0,0,0,0,1,1,0,0,1,1,2,3.0,7.5,7.0,21.0,12.0,7.0,7.0,21.0,1.0,3.0,42.0,49.0,6.0,7.0,53,38,8,5,12.0,23.0,2.0,3.0
2020-05-09,Sat,False,False,0,0,0,0,0,0,0,0,0,0,0,0,0,0,0,0,0,0,0,0,0,0,0,0,0,0.0,7.5,6.0,22.0,11.0,6.0,6.0,22.0,1.0,3.0,41.0,50.0,6.0,7.0,52,39,8,5,11.0,24.0,2.0,3.0
2020-05-10,Sun,False,False,0,0,0,0,0,0,0,0,0,0,0,0,0,0,0,0,0,0,0,0,0,0,0,0,0,0.0,7.5,5.0,23.0,10.0,5.0,5.0,23.0,1.0,3.0,40.0,51.0,6.0,7.0,51,40,8,5,10.0,25.0,2.0,3.0
2020-05-11,Mon,True,False,0,0,0,0,0,1,1,0,0,0,1,0,0,0,0,0,0,0,1,1,0,0,1,1,1,2.0,7.5,4.0,24.0,9.0,4.0,4.0,24.0,0.0,0.0,39.0,52.0,5.0,8.0,50,41,7,6,9.0,26.0,1.0,4.0
2020-05-12,Tue,True,False,0,0,0,0,0,0,0,0,0,0,0,0,0,0,0,0,0,0,0,0,0,0,0,0,0,0.0,7.5,3.0,25.0,8.0,3.0,3.0,25.0,0.0,0.0,38.0,53.0,5.0,8.0,49,42,7,6,8.0,27.0,1.0,4.0
2020-05-13,Wed,True,False,0,0,0,0,0,1,1,0,0,0,1,0,0,0,0,0,1,0,1,1,0,0,1,1,2,2.5,7.5,2.0,26.0,7.0,2.0,2.0,26.0,0.0,0.0,37.0,54.0,5.0,8.0,48,43,7,6,7.0,28.0,1.0,4.0
2020-05-14,Thu,True,False,0,0,0,0,0,0,0,0,0,0,0,0,0,0,0,0,0,0,0,0,0,0,0,0,0,0.0,7.5,1.0,27.0,6.0,1.0,1.0,27.0,0.0,0.0,36.0,55.0,5.0,8.0,47,44,7,6,6.0,29.0,1.0,4.0
2020-05-15,Fri,True,False,1,1,0,1,1,1,1,0,0,0,1,0,0,0,0,0,0,0,1,1,1,1,1,1,3,7.0,11.5,0.0,0.0,5.0,0.0,0.0,0.0,0.0,0.0,35.0,56.0,5.0,8.0,46,45,7,6,5.0,30.0,1.0,4.0
2020-05-16,Sat,False,False,0,0,0,0,0,0,0,0,0,0,0,0,0,0,0,0,0,0,0,0,0,0,0,0,0,0.0,11.5,34.0,1.0,4.0,34.0,34.0,1.0,0.0,0.0,34.0,57.0,5.0,8.0,45,46,7,6,4.0,31.0,1.0,4.0
2020-05-17,Sun,False,False,0,0,0,0,0,0,0,0,0,0,0,0,0,0,0,0,0,0,0,0,0,0,0,0,0,0.0,11.5,33.0,2.0,3.0,33.0,33.0,2.0,0.0,0.0,33.0,58.0,5.0,8.0,44,47,7,6,3.0,32.0,1.0,4.0
2020-05-18,Mon,True,False,0,0,0,0,0,1,1,0,0,0,1,0,0,0,0,0,0,0,1,1,0,0,1,1,1,2.0,11.5,32.0,3.0,2.0,32.0,32.0,3.0,4.0,1.0,32.0,59.0,4.0,9.0,43,48,6,7,2.0,33.0,0.0,0.0
2020-05-19,Tue,True,False,0,0,0,0,0,0,0,0,0,0,0,0,0,0,0,0,0,0,0,0,0,0,0,0,0,0.0,11.5,31.0,4.0,1.0,31.0,31.0,4.0,4.0,1.0,31.0,60.0,4.0,9.0,42,49,6,7,1.0,34.0,0.0,0.0
2020-05-20,Wed,True,False,0,0,0,0,0,1,1,0,0,0,1,0,0,0,0,1,0,0,1,1,0,0,1,1,2,3.5,12.5,30.0,5.0,0.0,30.0,30.0,5.0,4.0,1.0,30.0,61.0,4.0,9.0,41,50,6,7,0.0,0.0,0.0,0.0
2020-05-21,Thu,True,False,0,0,0,0,0,0,0,0,0,0,0,0,0,0,0,0,0,0,0,0,0,0,0,0,0,0.0,12.5,29.0,6.0,27.0,29.0,29.0,6.0,4.0,1.0,29.0,62.0,4.0,9.0,40,51,6,7,27.0,1.0,0.0,0.0
2020-05-22,Fri,True,False,0,0,1,0,0,1,1,0,0,0,1,0,0,0,0,0,0,0,1,1,0,0,1,1,2,3.0,8.5,28.0,7.0,26.0,28.0,28.0,7.0,4.0,1.0,28.0,63.0,4.0,9.0,39,52,6,7,26.0,2.0,0.0,0.0
2020-05-23,Sat,False,False,0,0,0,0,0,0,0,0,0,0,0,0,0,0,0,0,0,0,0,0,0,0,0,0,0,0.0,8.5,27.0,8.0,25.0,27.0,27.0,8.0,4.0,1.0,27.0,64.0,4.0,9.0,38,53,6,7,25.0,3.0,0.0,0.0
2020-05-24,Sun,False,False,0,0,0,0,0,0,0,0,0,0,0,0,0,0,0,0,0,0,0,0,0,0,0,0,0,0.0,8.5,26.0,9.0,24.0,26.0,26.0,9.0,4.0,1.0,26.0,65.0,4.0,9.0,37,54,6,7,24.0,4.0,0.0,0.0
2020-05-25,Mon,False,True,0,0,0,0,0,0,0,0,0,0,0,0,0,0,0,0,0,0,0,0,0,0,0,0,0,0.0,8.5,25.0,10.0,23.0,25.0,25.0,10.0,3.0,2.0,25.0,66.0,3.0,10.0,36,55,5,8,23.0,5.0,3.0,1.0
2020-05-26,Tue,True,False,0,0,0,0,0,0,0,0,0,0,0,0,0,0,0,0,0,0,0,0,0,0,0,0,0,0.0,6.5,24.0,11.0,22.0,24.0,24.0,11.0,3.0,2.0,24.0,67.0,3.0,10.0,35,56,5,8,22.0,6.0,3.0,1.0
2020-05-27,Wed,True,False,0,0,0,0,0,1,1,0,0,0,1,0,0,0,0,0,1,0,1,1,0,0,1,1,2,2.5,9.0,23.0,12.0,21.0,23.0,23.0,12.0,3.0,2.0,23.0,68.0,3.0,10.0,34,57,5,8,21.0,7.0,3.0,1.0
2020-05-28,Thu,True,False,0,0,0,0,0,0,0,0,0,0,0,0,0,0,0,0,0,0,0,0,0,0,0,0,0,0.0,5.5,22.0,13.0,20.0,22.0,22.0,13.0,3.0,2.0,22.0,69.0,3.0,10.0,33,58,5,8,20.0,8.0,3.0,1.0
2020-05-29,Fri,True,False,0,0,1,0,0,0,0,0,0,0,0,1,1,0,0,0,0,1,1,1,0,0,0,1,3,3.5,9.0,21.0,14.0,19.0,21.0,21.0,14.0,3.0,2.0,21.0,70.0,3.0,10.0,32,59,5,8,19.0,9.0,3.0,1.0
2020-05-30,Sat,False,False,0,0,0,0,0,0,0,0,0,0,0,0,0,0,0,0,0,0,0,0,0,0,0,0,0,0.0,9.0,20.0,15.0,18.0,20.0,20.0,15.0,3.0,2.0,20.0,71.0,3.0,10.0,31,60,5,8,18.0,10.0,3.0,1.0
2020-05-31,Sun,False,False,0,0,0,0,0,0,0,0,0,0,0,0,0,0,0,0,0,0,0,0,0,0,0,0,0,0.0,9.0,19.0,16.0,17.0,19.0,19.0,16.0,3.0,2.0,19.0,72.0,3.0,10.0,30,61,5,8,17.0,11.0,3.0,1.0
2020-06-01,Mon,True,False,0,0,0,0,0,1,1,0,0,0,1,0,0,0,0,0,0,0,1,1,0,0,1,1,1,2.0,8.0,18.0,17.0,16.0,18.0,18.0,17.0,2.0,3.0,18.0,73.0,2.0,11.0,29,62,4,9,16.0,12.0,2.0,2.0
2020-06-02,Tue,True,False,0,0,0,0,0,0,0,0,0,0,0,0,0,0,0,0,0,0,0,0,0,0,0,0,0,0.0,8.0,17.0,18.0,15.0,17.0,17.0,18.0,2.0,3.0,17.0,74.0,2.0,11.0,28,63,4,9,15.0,13.0,2.0,2.0
2020-06-03,Wed,True,False,0,0,0,0,0,1,1,0,0,0,1,0,0,0,0,0,1,0,1,1,0,0,1,1,2,2.5,8.0,16.0,19.0,14.0,16.0,16.0,19.0,2.0,3.0,16.0,75.0,2.0,11.0,27,64,4,9,14.0,14.0,2.0,2.0
2020-06-04,Thu,True,False,0,0,0,0,0,0,0,0,0,0,0,0,0,0,0,0,0,0,0,0,0,0,0,0,0,0.0,8.0,15.0,20.0,13.0,15.0,15.0,20.0,2.0,3.0,15.0,76.0,2.0,11.0,26,65,4,9,13.0,15.0,2.0,2.0
2020-06-05,Fri,True,False,0,0,1,0,0,1,1,0,0,0,1,0,0,0,0,0,0,0,1,1,0,0,1,1,2,3.0,7.5,14.0,21.0,12.0,14.0,14.0,21.0,2.0,3.0,14.0,77.0,2.0,11.0,25,66,4,9,12.0,16.0,2.0,2.0
2020-06-06,Sat,False,False,0,0,0,0,0,0,0,0,0,0,0,0,0,0,0,0,0,0,0,0,0,0,0,0,0,0.0,7.5,13.0,22.0,11.0,13.0,13.0,22.0,2.0,3.0,13.0,78.0,2.0,11.0,24,67,4,9,11.0,17.0,2.0,2.0
2020-06-07,Sun,False,False,0,0,0,0,0,0,0,0,0,0,0,0,0,0,0,0,0,0,0,0,0,0,0,0,0,0.0,7.5,12.0,23.0,10.0,12.0,12.0,23.0,2.0,3.0,12.0,79.0,2.0,11.0,23,68,4,9,10.0,18.0,2.0,2.0
2020-06-08,Mon,True,False,0,0,0,0,0,1,1,0,0,0,1,0,0,0,0,0,0,0,1,1,0,0,1,1,1,2.0,7.5,11.0,24.0,9.0,11.0,11.0,24.0,1.0,4.0,11.0,80.0,1.0,12.0,22,69,3,10,9.0,19.0,1.0,3.0
2020-06-09,Tue,True,False,0,0,0,0,0,0,0,0,0,0,0,0,0,0,0,0,0,0,0,0,0,0,0,0,0,0.0,7.5,10.0,25.0,8.0,10.0,10.0,25.0,1.0,4.0,10.0,81.0,1.0,12.0,21,70,3,10,8.0,20.0,1.0,3.0
2020-06-10,Wed,True,False,0,0,0,0,0,1,1,0,0,0,1,0,0,0,0,0,1,0,1,1,0,0,1,1,2,2.5,7.5,9.0,26.0,7.0,9.0,9.0,26.0,1.0,4.0,9.0,82.0,1.0,12.0,20,71,3,10,7.0,21.0,1.0,3.0
2020-06-11,Thu,True,False,0,0,0,0,0,0,0,0,0,0,0,0,0,0,0,0,0,0,0,0,0,0,0,0,0,0.0,7.5,8.0,27.0,6.0,8.0,8.0,27.0,1.0,4.0,8.0,83.0,1.0,12.0,19,72,3,10,6.0,22.0,1.0,3.0
2020-06-12,Fri,True,False,0,0,1,0,0,1,1,0,0,0,1,0,0,0,0,0,0,0,1,1,0,0,1,1,2,3.0,7.5,7.0,28.0,5.0,7.0,7.0,28.0,1.0,4.0,7.0,84.0,1.0,12.0,18,73,3,10,5.0,23.0,1.0,3.0
2020-06-13,Sat,False,False,0,0,0,0,0,0,0,0,0,0,0,0,0,0,0,0,0,0,0,0,0,0,0,0,0,0.0,7.5,6.0,29.0,4.0,6.0,6.0,29.0,1.0,4.0,6.0,85.0,1.0,12.0,17,74,3,10,4.0,24.0,1.0,3.0
2020-06-14,Sun,False,False,0,0,0,0,0,0,0,0,0,0,0,0,0,0,0,0,0,0,0,0,0,0,0,0,0,0.0,7.5,5.0,30.0,3.0,5.0,5.0,30.0,1.0,4.0,5.0,86.0,1.0,12.0,16,75,3,10,3.0,25.0,1.0,3.0
2020-06-15,Mon,True,False,0,0,0,0,0,1,1,0,0,0,1,0,0,0,0,0,0,0,1,1,0,0,1,1,1,2.0,7.5,4.0,31.0,2.0,4.0,4.0,31.0,0.0,0.0,4.0,87.0,0.0,0.0,15,76,2,11,2.0,26.0,0.0,0.0
2020-06-16,Tue,True,False,0,0,0,0,0,0,0,0,0,0,0,0,0,0,0,0,0,0,0,0,0,0,0,0,0,0.0,7.5,3.0,32.0,1.0,3.0,3.0,32.0,0.0,0.0,3.0,88.0,0.0,0.0,14,77,2,11,1.0,27.0,0.0,0.0
2020-06-17,Wed,True,False,0,0,0,0,0,1,1,0,0,0,1,0,0,0,0,1,0,0,1,1,0,0,1,1,2,3.5,8.5,2.0,33.0,0.0,2.0,2.0,33.0,0.0,0.0,2.0,89.0,0.0,0.0,13,78,2,11,0.0,0.0,0.0,0.0
2020-06-18,Thu,True,False,0,0,0,0,0,0,0,0,0,0,0,0,0,0,0,0,0,0,0,0,0,0,0,0,0,0.0,8.5,1.0,34.0,34.0,1.0,1.0,34.0,0.0,0.0,1.0,90.0,0.0,0.0,12,79,2,11,34.0,1.0,0.0,0.0
2020-06-19,Fri,True,False,1,1,0,1,1,1,1,0,0,0,1,0,0,0,0,0,0,0,1,1,1,1,1,1,3,7.0,12.5,0.0,0.0,33.0,0.0,0.0,0.0,0.0,0.0,0.0,0.0,0.0,0.0,11,80,2,11,33.0,2.0,0.0,0.0
2020-06-20,Sat,False,False,0,0,0,0,0,0,0,0,0,0,0,0,0,0,0,0,0,0,0,0,0,0,0,0,0,0.0,12.5,27.0,1.0,32.0,27.0,27.0,1.0,0.0,0.0,90.0,1.0,0.0,0.0,10,81,2,11,32.0,3.0,0.0,0.0
2020-06-21,Sun,False,False,0,0,0,0,0,0,0,0,0,0,0,0,0,0,0,0,0,0,0,0,0,0,0,0,0,0.0,12.5,26.0,2.0,31.0,26.0,26.0,2.0,0.0,0.0,89.0,2.0,0.0,0.0,9,82,2,11,31.0,4.0,0.0,0.0
2020-06-22,Mon,True,False,0,0,0,0,0,1,1,0,0,0,1,0,0,0,0,0,0,0,1,1,0,0,1,1,1,2.0,12.5,25.0,3.0,30.0,25.0,25.0,3.0,3.0,1.0,88.0,3.0,12.0,1.0,8,83,1,12,30.0,5.0,4.0,1.0
2020-06-23,Tue,True,False,0,0,0,0,0,0,0,0,0,0,0,0,0,0,0,0,0,0,0,0,0,0,0,0,0,0.0,12.5,24.0,4.0,29.0,24.0,24.0,4.0,3.0,1.0,87.0,4.0,12.0,1.0,7,84,1,12,29.0,6.0,4.0,1.0
2020-06-24,Wed,True,False,0,0,0,0,0,1,1,0,0,0,1,0,0,0,0,0,1,0,1,1,0,0,1,1,2,2.5,11.5,23.0,5.0,28.0,23.0,23.0,5.0,3.0,1.0,86.0,5.0,12.0,1.0,6,85,1,12,28.0,7.0,4.0,1.0
2020-06-25,Thu,True,False,0,0,0,0,0,0,0,0,0,0,0,0,0,0,0,0,0,0,0,0,0,0,0,0,0,0.0,11.5,22.0,6.0,27.0,22.0,22.0,6.0,3.0,1.0,85.0,6.0,12.0,1.0,5,86,1,12,27.0,8.0,4.0,1.0
2020-06-26,Fri,True,False,0,0,1,0,0,1,1,0,0,0,1,0,0,0,0,0,0,0,1,1,0,0,1,1,2,3.0,7.5,21.0,7.0,26.0,21.0,21.0,7.0,3.0,1.0,84.0,7.0,12.0,1.0,4,87,1,12,26.0,9.0,4.0,1.0
2020-06-27,Sat,False,False,0,0,0,0,0,0,0,0,0,0,0,0,0,0,0,0,0,0,0,0,0,0,0,0,0,0.0,7.5,20.0,8.0,25.0,20.0,20.0,8.0,3.0,1.0,83.0,8.0,12.0,1.0,3,88,1,12,25.0,10.0,4.0,1.0
2020-06-28,Sun,False,False,0,0,0,0,0,0,0,0,0,0,0,0,0,0,0,0,0,0,0,0,0,0,0,0,0,0.0,7.5,19.0,9.0,24.0,19.0,19.0,9.0,3.0,1.0,82.0,9.0,12.0,1.0,2,89,1,12,24.0,11.0,4.0,1.0
2020-06-29,Mon,True,False,0,0,0,0,0,1,1,0,0,0,1,0,0,0,0,0,0,0,1,1,0,0,1,1,1,2.0,7.5,18.0,10.0,23.0,18.0,18.0,10.0,2.0,2.0,81.0,10.0,11.0,2.0,1,90,0,0,23.0,12.0,3.0,2.0
2020-06-30,Tue,True,False,0,0,0,0,0,0,0,0,0,0,0,1,1,1,1,0,0,0,0,0,0,0,0,1,2,4.5,12.0,17.0,11.0,22.0,17.0,17.0,11.0,2.0,2.0,80.0,11.0,11.0,2.0,0,0,0,0,22.0,13.0,3.0,2.0
2020-07-01,Wed,True,False,0,0,0,0,0,1,1,0,0,0,1,0,0,0,0,0,1,0,1,1,0,0,1,1,2,2.5,12.0,16.0,12.0,21.0,16.0,16.0,12.0,2.0,2.0,79.0,12.0,11.0,2.0,91,1,0,0,21.0,14.0,3.0,2.0
2020-07-02,Thu,True,False,0,0,0,0,0,0,0,0,0,0,0,0,0,0,0,0,0,0,0,0,0,0,0,0,0,0.0,12.0,15.0,13.0,20.0,15.0,15.0,13.0,2.0,2.0,78.0,13.0,11.0,2.0,90,2,0,0,20.0,15.0,3.0,2.0
2020-07-03,Fri,False,True,0,0,0,0,0,0,0,0,0,0,0,0,0,0,0,0,0,0,0,0,0,0,0,0,0,0.0,12.0,14.0,14.0,19.0,14.0,14.0,14.0,2.0,2.0,77.0,14.0,11.0,2.0,89,3,0,0,19.0,16.0,3.0,2.0
2020-07-04,Sat,False,False,0,0,0,0,0,0,0,0,0,0,0,0,0,0,0,0,0,0,0,0,0,0,0,0,0,0.0,12.0,13.0,15.0,18.0,13.0,13.0,15.0,2.0,2.0,76.0,15.0,11.0,2.0,88,4,0,0,18.0,17.0,3.0,2.0
2020-07-05,Sun,False,False,0,0,0,0,0,0,0,0,0,0,0,0,0,0,0,0,0,0,0,0,0,0,0,0,0,0.0,12.0,12.0,16.0,17.0,12.0,12.0,16.0,2.0,2.0,75.0,16.0,11.0,2.0,87,5,0,0,17.0,18.0,3.0,2.0
2020-07-06,Mon,True,False,0,0,0,0,0,1,1,0,0,0,1,0,0,0,0,0,0,0,1,1,0,0,1,1,1,2.0,11.0,11.0,17.0,16.0,11.0,11.0,17.0,1.0,3.0,74.0,17.0,10.0,3.0,86,6,12,1,16.0,19.0,2.0,3.0
2020-07-07,Tue,True,False,0,0,0,0,0,0,0,0,0,0,0,0,0,0,0,0,0,0,0,0,0,0,0,0,0,0.0,9.0,10.0,18.0,15.0,10.0,10.0,18.0,1.0,3.0,73.0,18.0,10.0,3.0,85,7,12,1,15.0,20.0,2.0,3.0
2020-07-08,Wed,True,False,0,0,0,0,0,1,1,0,0,0,1,0,0,0,0,0,1,0,1,1,0,0,1,1,2,2.5,7.0,9.0,19.0,14.0,9.0,9.0,19.0,1.0,3.0,72.0,19.0,10.0,3.0,84,8,12,1,14.0,21.0,2.0,3.0
2020-07-09,Thu,True,False,0,0,0,0,0,0,0,0,0,0,0,0,0,0,0,0,0,0,0,0,0,0,0,0,0,0.0,4.5,8.0,20.0,13.0,8.0,8.0,20.0,1.0,3.0,71.0,20.0,10.0,3.0,83,9,12,1,13.0,22.0,2.0,3.0
2020-07-10,Fri,True,False,0,0,1,0,0,1,1,0,0,0,1,0,0,0,0,0,0,0,1,1,0,0,1,1,2,3.0,7.5,7.0,21.0,12.0,7.0,7.0,21.0,1.0,3.0,70.0,21.0,10.0,3.0,82,10,12,1,12.0,23.0,2.0,3.0
2020-07-11,Sat,False,False,0,0,0,0,0,0,0,0,0,0,0,0,0,0,0,0,0,0,0,0,0,0,0,0,0,0.0,7.5,6.0,22.0,11.0,6.0,6.0,22.0,1.0,3.0,69.0,22.0,10.0,3.0,81,11,12,1,11.0,24.0,2.0,3.0
2020-07-12,Sun,False,False,0,0,0,0,0,0,0,0,0,0,0,0,0,0,0,0,0,0,0,0,0,0,0,0,0,0.0,7.5,5.0,23.0,10.0,5.0,5.0,23.0,1.0,3.0,68.0,23.0,10.0,3.0,80,12,12,1,10.0,25.0,2.0,3.0
2020-07-13,Mon,True,False,0,0,0,0,0,1,1,0,0,0,1,0,0,0,0,0,0,0,1,1,0,0,1,1,1,2.0,7.5,4.0,24.0,9.0,4.0,4.0,24.0,0.0,0.0,67.0,24.0,9.0,4.0,79,13,11,2,9.0,26.0,1.0,4.0
2020-07-14,Tue,True,False,0,0,0,0,0,0,0,0,0,0,0,0,0,0,0,0,0,0,0,0,0,0,0,0,0,0.0,7.5,3.0,25.0,8.0,3.0,3.0,25.0,0.0,0.0,66.0,25.0,9.0,4.0,78,14,11,2,8.0,27.0,1.0,4.0
2020-07-15,Wed,True,False,0,0,0,0,0,1,1,0,0,0,1,0,0,0,0,0,1,0,1,1,0,0,1,1,2,2.5,7.5,2.0,26.0,7.0,2.0,2.0,26.0,0.0,0.0,65.0,26.0,9.0,4.0,77,15,11,2,7.0,28.0,1.0,4.0
2020-07-16,Thu,True,False,0,0,0,0,0,0,0,0,0,0,0,0,0,0,0,0,0,0,0,0,0,0,0,0,0,0.0,7.5,1.0,27.0,6.0,1.0,1.0,27.0,0.0,0.0,64.0,27.0,9.0,4.0,76,16,11,2,6.0,29.0,1.0,4.0
2020-07-17,Fri,True,False,1,1,0,1,1,1,1,0,0,0,1,0,0,0,0,0,0,0,1,1,1,1,1,1,3,7.0,11.5,0.0,0.0,5.0,0.0,0.0,0.0,0.0,0.0,63.0,28.0,9.0,4.0,75,17,11,2,5.0,30.0,1.0,4.0
2020-07-18,Sat,False,False,0,0,0,0,0,0,0,0,0,0,0,0,0,0,0,0,0,0,0,0,0,0,0,0,0,0.0,11.5,34.0,1.0,4.0,34.0,34.0,1.0,0.0,0.0,62.0,29.0,9.0,4.0,74,18,11,2,4.0,31.0,1.0,4.0
2020-07-19,Sun,False,False,0,0,0,0,0,0,0,0,0,0,0,0,0,0,0,0,0,0,0,0,0,0,0,0,0,0.0,11.5,33.0,2.0,3.0,33.0,33.0,2.0,0.0,0.0,61.0,30.0,9.0,4.0,73,19,11,2,3.0,32.0,1.0,4.0
2020-07-20,Mon,True,False,0,0,0,0,0,1,1,0,0,0,1,0,0,0,0,0,0,0,1,1,0,0,1,1,1,2.0,11.5,32.0,3.0,2.0,32.0,32.0,3.0,4.0,1.0,60.0,31.0,8.0,5.0,72,20,10,3,2.0,33.0,0.0,0.0
2020-07-21,Tue,True,False,0,0,0,0,0,0,0,0,0,0,0,0,0,0,0,0,0,0,0,0,0,0,0,0,0,0.0,11.5,31.0,4.0,1.0,31.0,31.0,4.0,4.0,1.0,59.0,32.0,8.0,5.0,71,21,10,3,1.0,34.0,0.0,0.0
2020-07-22,Wed,True,False,0,0,0,0,0,1,1,0,0,0,1,0,0,0,0,1,0,0,1,1,0,0,1,1,2,3.5,12.5,30.0,5.0,0.0,30.0,30.0,5.0,4.0,1.0,58.0,33.0,8.0,5.0,70,22,10,3,0.0,0.0,0.0,0.0
2020-07-23,Thu,True,False,0,0,0,0,0,0,0,0,0,0,0,0,0,0,0,0,0,0,0,0,0,0,0,0,0,0.0,12.5,29.0,6.0,27.0,29.0,29.0,6.0,4.0,1.0,57.0,34.0,8.0,5.0,69,23,10,3,27.0,1.0,0.0,0.0
2020-07-24,Fri,True,False,0,0,1,0,0,1,1,0,0,0,1,0,0,0,0,0,0,0,1,1,0,0,1,1,2,3.0,8.5,28.0,7.0,26.0,28.0,28.0,7.0,4.0,1.0,56.0,35.0,8.0,5.0,68,24,10,3,26.0,2.0,0.0,0.0
2020-07-25,Sat,False,False,0,0,0,0,0,0,0,0,0,0,0,0,0,0,0,0,0,0,0,0,0,0,0,0,0,0.0,8.5,27.0,8.0,25.0,27.0,27.0,8.0,4.0,1.0,55.0,36.0,8.0,5.0,67,25,10,3,25.0,3.0,0.0,0.0
2020-07-26,Sun,False,False,0,0,0,0,0,0,0,0,0,0,0,0,0,0,0,0,0,0,0,0,0,0,0,0,0,0.0,8.5,26.0,9.0,24.0,26.0,26.0,9.0,4.0,1.0,54.0,37.0,8.0,5.0,66,26,10,3,24.0,4.0,0.0,0.0
2020-07-27,Mon,True,False,0,0,0,0,0,1,1,0,0,0,1,0,0,0,0,0,0,0,1,1,0,0,1,1,1,2.0,8.5,25.0,10.0,23.0,25.0,25.0,10.0,3.0,2.0,53.0,38.0,7.0,6.0,65,27,9,4,23.0,5.0,3.0,1.0
2020-07-28,Tue,True,False,0,0,0,0,0,0,0,0,0,0,0,0,0,0,0,0,0,0,0,0,0,0,0,0,0,0.0,8.5,24.0,11.0,22.0,24.0,24.0,11.0,3.0,2.0,52.0,39.0,7.0,6.0,64,28,9,4,22.0,6.0,3.0,1.0
2020-07-29,Wed,True,False,0,0,0,0,0,1,1,0,0,0,1,0,0,0,0,0,1,0,1,1,0,0,1,1,2,2.5,7.5,23.0,12.0,21.0,23.0,23.0,12.0,3.0,2.0,51.0,40.0,7.0,6.0,63,29,9,4,21.0,7.0,3.0,1.0
2020-07-30,Thu,True,False,0,0,0,0,0,0,0,0,0,0,0,0,0,0,0,0,0,0,0,0,0,0,0,0,0,0.0,7.5,22.0,13.0,20.0,22.0,22.0,13.0,3.0,2.0,50.0,41.0,7.0,6.0,62,30,9,4,20.0,8.0,3.0,1.0
2020-07-31,Fri,True,False,0,0,1,0,0,0,0,0,0,0,0,1,1,0,0,0,0,0,1,1,0,0,0,1,2,3.0,7.5,21.0,14.0,19.0,21.0,21.0,14.0,3.0,2.0,49.0,42.0,7.0,6.0,61,31,9,4,19.0,9.0,3.0,1.0
2020-08-01,Sat,False,False,0,0,0,0,0,0,0,0,0,0,0,0,0,0,0,0,0,0,0,0,0,0,0,0,0,0.0,7.5,20.0,15.0,18.0,20.0,20.0,15.0,3.0,2.0,48.0,43.0,7.0,6.0,60,32,9,4,18.0,10.0,3.0,1.0
2020-08-02,Sun,False,False,0,0,0,0,0,0,0,0,0,0,0,0,0,0,0,0,0,0,0,0,0,0,0,0,0,0.0,7.5,19.0,16.0,17.0,19.0,19.0,16.0,3.0,2.0,47.0,44.0,7.0,6.0,59,33,9,4,17.0,11.0,3.0,1.0
2020-08-03,Mon,True,False,0,0,0,0,0,1,1,0,0,0,1,0,0,0,0,0,0,0,1,1,0,0,1,1,1,2.0,7.5,18.0,17.0,16.0,18.0,18.0,17.0,2.0,3.0,46.0,45.0,6.0,7.0,58,34,8,5,16.0,12.0,2.0,2.0
2020-08-04,Tue,True,False,0,0,0,0,0,0,0,0,0,0,0,0,0,0,0,0,0,0,0,0,0,0,0,0,0,0.0,7.5,17.0,18.0,15.0,17.0,17.0,18.0,2.0,3.0,45.0,46.0,6.0,7.0,57,35,8,5,15.0,13.0,2.0,2.0
2020-08-05,Wed,True,False,0,0,0,0,0,1,1,0,0,0,1,0,0,0,0,0,1,0,1,1,0,0,1,1,2,2.5,7.5,16.0,19.0,14.0,16.0,16.0,19.0,2.0,3.0,44.0,47.0,6.0,7.0,56,36,8,5,14.0,14.0,2.0,2.0
2020-08-06,Thu,True,False,0,0,0,0,0,0,0,0,0,0,0,0,0,0,0,0,0,0,0,0,0,0,0,0,0,0.0,7.5,15.0,20.0,13.0,15.0,15.0,20.0,2.0,3.0,43.0,48.0,6.0,7.0,55,37,8,5,13.0,15.0,2.0,2.0
2020-08-07,Fri,True,False,0,0,1,0,0,1,1,0,0,0,1,0,0,0,0,0,0,0,1,1,0,0,1,1,2,3.0,7.5,14.0,21.0,12.0,14.0,14.0,21.0,2.0,3.0,42.0,49.0,6.0,7.0,54,38,8,5,12.0,16.0,2.0,2.0
2020-08-08,Sat,False,False,0,0,0,0,0,0,0,0,0,0,0,0,0,0,0,0,0,0,0,0,0,0,0,0,0,0.0,7.5,13.0,22.0,11.0,13.0,13.0,22.0,2.0,3.0,41.0,50.0,6.0,7.0,53,39,8,5,11.0,17.0,2.0,2.0
2020-08-09,Sun,False,False,0,0,0,0,0,0,0,0,0,0,0,0,0,0,0,0,0,0,0,0,0,0,0,0,0,0.0,7.5,12.0,23.0,10.0,12.0,12.0,23.0,2.0,3.0,40.0,51.0,6.0,7.0,52,40,8,5,10.0,18.0,2.0,2.0
2020-08-10,Mon,True,False,0,0,0,0,0,1,1,0,0,0,1,0,0,0,0,0,0,0,1,1,0,0,1,1,1,2.0,7.5,11.0,24.0,9.0,11.0,11.0,24.0,1.0,4.0,39.0,52.0,5.0,8.0,51,41,7,6,9.0,19.0,1.0,3.0
2020-08-11,Tue,True,False,0,0,0,0,0,0,0,0,0,0,0,0,0,0,0,0,0,0,0,0,0,0,0,0,0,0.0,7.5,10.0,25.0,8.0,10.0,10.0,25.0,1.0,4.0,38.0,53.0,5.0,8.0,50,42,7,6,8.0,20.0,1.0,3.0
2020-08-12,Wed,True,False,0,0,0,0,0,1,1,0,0,0,1,0,0,0,0,0,1,0,1,1,0,0,1,1,2,2.5,7.5,9.0,26.0,7.0,9.0,9.0,26.0,1.0,4.0,37.0,54.0,5.0,8.0,49,43,7,6,7.0,21.0,1.0,3.0
2020-08-13,Thu,True,False,0,0,0,0,0,0,0,0,0,0,0,0,0,0,0,0,0,0,0,0,0,0,0,0,0,0.0,7.5,8.0,27.0,6.0,8.0,8.0,27.0,1.0,4.0,36.0,55.0,5.0,8.0,48,44,7,6,6.0,22.0,1.0,3.0
2020-08-14,Fri,True,False,0,0,1,0,0,1,1,0,0,0,1,0,0,0,0,0,0,0,1,1,0,0,1,1,2,3.0,7.5,7.0,28.0,5.0,7.0,7.0,28.0,1.0,4.0,35.0,56.0,5.0,8.0,47,45,7,6,5.0,23.0,1.0,3.0
2020-08-15,Sat,False,False,0,0,0,0,0,0,0,0,0,0,0,0,0,0,0,0,0,0,0,0,0,0,0,0,0,0.0,7.5,6.0,29.0,4.0,6.0,6.0,29.0,1.0,4.0,34.0,57.0,5.0,8.0,46,46,7,6,4.0,24.0,1.0,3.0
2020-08-16,Sun,False,False,0,0,0,0,0,0,0,0,0,0,0,0,0,0,0,0,0,0,0,0,0,0,0,0,0,0.0,7.5,5.0,30.0,3.0,5.0,5.0,30.0,1.0,4.0,33.0,58.0,5.0,8.0,45,47,7,6,3.0,25.0,1.0,3.0
2020-08-17,Mon,True,False,0,0,0,0,0,1,1,0,0,0,1,0,0,0,0,0,0,0,1,1,0,0,1,1,1,2.0,7.5,4.0,31.0,2.0,4.0,4.0,31.0,0.0,0.0,32.0,59.0,4.0,9.0,44,48,6,7,2.0,26.0,0.0,0.0
2020-08-18,Tue,True,False,0,0,0,0,0,0,0,0,0,0,0,0,0,0,0,0,0,0,0,0,0,0,0,0,0,0.0,7.5,3.0,32.0,1.0,3.0,3.0,32.0,0.0,0.0,31.0,60.0,4.0,9.0,43,49,6,7,1.0,27.0,0.0,0.0
2020-08-19,Wed,True,False,0,0,0,0,0,1,1,0,0,0,1,0,0,0,0,1,0,0,1,1,0,0,1,1,2,3.5,8.5,2.0,33.0,0.0,2.0,2.0,33.0,0.0,0.0,30.0,61.0,4.0,9.0,42,50,6,7,0.0,0.0,0.0,0.0
2020-08-20,Thu,True,False,0,0,0,0,0,0,0,0,0,0,0,0,0,0,0,0,0,0,0,0,0,0,0,0,0,0.0,8.5,1.0,34.0,27.0,1.0,1.0,34.0,0.0,0.0,29.0,62.0,4.0,9.0,41,51,6,7,27.0,1.0,0.0,0.0
2020-08-21,Fri,True,False,1,1,0,1,1,1,1,0,0,0,1,0,0,0,0,0,0,0,1,1,1,1,1,1,3,7.0,12.5,0.0,0.0,26.0,0.0,0.0,0.0,0.0,0.0,28.0,63.0,4.0,9.0,40,52,6,7,26.0,2.0,0.0,0.0
2020-08-22,Sat,False,False,0,0,0,0,0,0,0,0,0,0,0,0,0,0,0,0,0,0,0,0,0,0,0,0,0,0.0,12.5,27.0,1.0,25.0,27.0,27.0,1.0,0.0,0.0,27.0,64.0,4.0,9.0,39,53,6,7,25.0,3.0,0.0,0.0
2020-08-23,Sun,False,False,0,0,0,0,0,0,0,0,0,0,0,0,0,0,0,0,0,0,0,0,0,0,0,0,0,0.0,12.5,26.0,2.0,24.0,26.0,26.0,2.0,0.0,0.0,26.0,65.0,4.0,9.0,38,54,6,7,24.0,4.0,0.0,0.0
2020-08-24,Mon,True,False,0,0,0,0,0,1,1,0,0,0,1,0,0,0,0,0,0,0,1,1,0,0,1,1,1,2.0,12.5,25.0,3.0,23.0,25.0,25.0,3.0,3.0,1.0,25.0,66.0,3.0,10.0,37,55,5,8,23.0,5.0,3.0,1.0
2020-08-25,Tue,True,False,0,0,0,0,0,0,0,0,0,0,0,0,0,0,0,0,0,0,0,0,0,0,0,0,0,0.0,12.5,24.0,4.0,22.0,24.0,24.0,4.0,3.0,1.0,24.0,67.0,3.0,10.0,36,56,5,8,22.0,6.0,3.0,1.0
2020-08-26,Wed,True,False,0,0,0,0,0,1,1,0,0,0,1,0,0,0,0,0,1,0,1,1,0,0,1,1,2,2.5,11.5,23.0,5.0,21.0,23.0,23.0,5.0,3.0,1.0,23.0,68.0,3.0,10.0,35,57,5,8,21.0,7.0,3.0,1.0
2020-08-27,Thu,True,False,0,0,0,0,0,0,0,0,0,0,0,0,0,0,0,0,0,0,0,0,0,0,0,0,0,0.0,11.5,22.0,6.0,20.0,22.0,22.0,6.0,3.0,1.0,22.0,69.0,3.0,10.0,34,58,5,8,20.0,8.0,3.0,1.0
2020-08-28,Fri,True,False,0,0,1,0,0,1,1,0,0,0,1,0,0,0,0,0,0,0,1,1,0,0,1,1,2,3.0,7.5,21.0,7.0,19.0,21.0,21.0,7.0,3.0,1.0,21.0,70.0,3.0,10.0,33,59,5,8,19.0,9.0,3.0,1.0
2020-08-29,Sat,False,False,0,0,0,0,0,0,0,0,0,0,0,0,0,0,0,0,0,0,0,0,0,0,0,0,0,0.0,7.5,20.0,8.0,18.0,20.0,20.0,8.0,3.0,1.0,20.0,71.0,3.0,10.0,32,60,5,8,18.0,10.0,3.0,1.0
2020-08-30,Sun,False,False,0,0,0,0,0,0,0,0,0,0,0,0,0,0,0,0,0,0,0,0,0,0,0,0,0,0.0,7.5,19.0,9.0,17.0,19.0,19.0,9.0,3.0,1.0,19.0,72.0,3.0,10.0,31,61,5,8,17.0,11.0,3.0,1.0
2020-08-31,Mon,True,False,0,0,0,0,0,0,0,0,0,0,0,1,1,0,0,0,0,0,1,1,0,0,0,1,1,2.0,7.5,18.0,10.0,16.0,18.0,18.0,10.0,2.0,2.0,18.0,73.0,2.0,11.0,30,62,4,9,16.0,12.0,2.0,2.0
2020-09-01,Tue,True,False,0,0,0,0,0,0,0,0,0,0,0,0,0,0,0,0,0,0,0,0,0,0,0,0,0,0.0,7.5,17.0,11.0,15.0,17.0,17.0,11.0,2.0,2.0,17.0,74.0,2.0,11.0,29,63,4,9,15.0,13.0,2.0,2.0
2020-09-02,Wed,True,False,0,0,0,0,0,1,1,0,0,0,1,0,0,0,0,0,1,0,1,1,0,0,1,1,2,2.5,7.5,16.0,12.0,14.0,16.0,16.0,12.0,2.0,2.0,16.0,75.0,2.0,11.0,28,64,4,9,14.0,14.0,2.0,2.0
2020-09-03,Thu,True,False,0,0,0,0,0,0,0,0,0,0,0,0,0,0,0,0,0,0,0,0,0,0,0,0,0,0.0,7.5,15.0,13.0,13.0,15.0,15.0,13.0,2.0,2.0,15.0,76.0,2.0,11.0,27,65,4,9,13.0,15.0,2.0,2.0
2020-09-04,Fri,True,False,0,0,1,0,0,1,1,0,0,0,1,0,0,0,0,0,0,0,1,1,0,0,1,1,2,3.0,7.5,14.0,14.0,12.0,14.0,14.0,14.0,2.0,2.0,14.0,77.0,2.0,11.0,26,66,4,9,12.0,16.0,2.0,2.0
2020-09-05,Sat,False,False,0,0,0,0,0,0,0,0,0,0,0,0,0,0,0,0,0,0,0,0,0,0,0,0,0,0.0,7.5,13.0,15.0,11.0,13.0,13.0,15.0,2.0,2.0,13.0,78.0,2.0,11.0,25,67,4,9,11.0,17.0,2.0,2.0
2020-09-06,Sun,False,False,0,0,0,0,0,0,0,0,0,0,0,0,0,0,0,0,0,0,0,0,0,0,0,0,0,0.0,7.5,12.0,16.0,10.0,12.0,12.0,16.0,2.0,2.0,12.0,79.0,2.0,11.0,24,68,4,9,10.0,18.0,2.0,2.0
2020-09-07,Mon,False,True,0,0,0,0,0,0,0,0,0,0,0,0,0,0,0,0,0,0,0,0,0,0,0,0,0,0.0,7.5,11.0,17.0,9.0,11.0,11.0,17.0,1.0,3.0,11.0,80.0,1.0,12.0,23,69,3,10,9.0,19.0,1.0,3.0
2020-09-08,Tue,True,False,0,0,0,0,0,0,0,0,0,0,0,0,0,0,0,0,0,0,0,0,0,0,0,0,0,0.0,5.5,10.0,18.0,8.0,10.0,10.0,18.0,1.0,3.0,10.0,81.0,1.0,12.0,22,70,3,10,8.0,20.0,1.0,3.0
2020-09-09,Wed,True,False,0,0,0,0,0,1,1,0,0,0,1,0,0,0,0,0,1,0,1,1,0,0,1,1,2,2.5,8.0,9.0,19.0,7.0,9.0,9.0,19.0,1.0,3.0,9.0,82.0,1.0,12.0,21,71,3,10,7.0,21.0,1.0,3.0
2020-09-10,Thu,True,False,0,0,0,0,0,0,0,0,0,0,0,0,0,0,0,0,0,0,0,0,0,0,0,0,0,0.0,5.5,8.0,20.0,6.0,8.0,8.0,20.0,1.0,3.0,8.0,83.0,1.0,12.0,20,72,3,10,6.0,22.0,1.0,3.0
2020-09-11,Fri,True,False,0,0,1,0,0,1,1,0,0,0,1,0,0,0,0,0,0,0,1,1,0,0,1,1,2,3.0,8.5,7.0,21.0,5.0,7.0,7.0,21.0,1.0,3.0,7.0,84.0,1.0,12.0,19,73,3,10,5.0,23.0,1.0,3.0
2020-09-12,Sat,False,False,0,0,0,0,0,0,0,0,0,0,0,0,0,0,0,0,0,0,0,0,0,0,0,0,0,0.0,8.5,6.0,22.0,4.0,6.0,6.0,22.0,1.0,3.0,6.0,85.0,1.0,12.0,18,74,3,10,4.0,24.0,1.0,3.0
2020-09-13,Sun,False,False,0,0,0,0,0,0,0,0,0,0,0,0,0,0,0,0,0,0,0,0,0,0,0,0,0,0.0,8.5,5.0,23.0,3.0,5.0,5.0,23.0,1.0,3.0,5.0,86.0,1.0,12.0,17,75,3,10,3.0,25.0,1.0,3.0
2020-09-14,Mon,True,False,0,0,0,0,0,1,1,0,0,0,1,0,0,0,0,0,0,0,1,1,0,0,1,1,1,2.0,7.5,4.0,24.0,2.0,4.0,4.0,24.0,0.0,0.0,4.0,87.0,0.0,0.0,16,76,2,11,2.0,26.0,0.0,0.0
2020-09-15,Tue,True,False,0,0,0,0,0,0,0,0,0,0,0,0,0,0,0,0,0,0,0,0,0,0,0,0,0,0.0,7.5,3.0,25.0,1.0,3.0,3.0,25.0,0.0,0.0,3.0,88.0,0.0,0.0,15,77,2,11,1.0,27.0,0.0,0.0
2020-09-16,Wed,True,False,0,0,0,0,0,1,1,0,0,0,1,0,0,0,0,1,0,0,1,1,0,0,1,1,2,3.5,8.5,2.0,26.0,0.0,2.0,2.0,26.0,0.0,0.0,2.0,89.0,0.0,0.0,14,78,2,11,0.0,0.0,0.0,0.0
2020-09-17,Thu,True,False,0,0,0,0,0,0,0,0,0,0,0,0,0,0,0,0,0,0,0,0,0,0,0,0,0,0.0,8.5,1.0,27.0,34.0,1.0,1.0,27.0,0.0,0.0,1.0,90.0,0.0,0.0,13,79,2,11,34.0,1.0,0.0,0.0
2020-09-18,Fri,True,False,1,1,0,1,1,1,1,0,0,0,1,0,0,0,0,0,0,0,1,1,1,1,1,1,3,7.0,12.5,0.0,0.0,33.0,0.0,0.0,0.0,0.0,0.0,0.0,0.0,0.0,0.0,12,80,2,11,33.0,2.0,0.0,0.0
2020-09-19,Sat,False,False,0,0,0,0,0,0,0,0,0,0,0,0,0,0,0,0,0,0,0,0,0,0,0,0,0,0.0,12.5,27.0,1.0,32.0,27.0,27.0,1.0,0.0,0.0,90.0,1.0,0.0,0.0,11,81,2,11,32.0,3.0,0.0,0.0
2020-09-20,Sun,False,False,0,0,0,0,0,0,0,0,0,0,0,0,0,0,0,0,0,0,0,0,0,0,0,0,0,0.0,12.5,26.0,2.0,31.0,26.0,26.0,2.0,0.0,0.0,89.0,2.0,0.0,0.0,10,82,2,11,31.0,4.0,0.0,0.0
2020-09-21,Mon,True,False,0,0,0,0,0,1,1,0,0,0,1,0,0,0,0,0,0,0,1,1,0,0,1,1,1,2.0,12.5,25.0,3.0,30.0,25.0,25.0,3.0,3.0,1.0,88.0,3.0,12.0,1.0,9,83,1,12,30.0,5.0,4.0,1.0
2020-09-22,Tue,True,False,0,0,0,0,0,0,0,0,0,0,0,0,0,0,0,0,0,0,0,0,0,0,0,0,0,0.0,12.5,24.0,4.0,29.0,24.0,24.0,4.0,3.0,1.0,87.0,4.0,12.0,1.0,8,84,1,12,29.0,6.0,4.0,1.0
2020-09-23,Wed,True,False,0,0,0,0,0,1,1,0,0,0,1,0,0,0,0,0,1,0,1,1,0,0,1,1,2,2.5,11.5,23.0,5.0,28.0,23.0,23.0,5.0,3.0,1.0,86.0,5.0,12.0,1.0,7,85,1,12,28.0,7.0,4.0,1.0
2020-09-24,Thu,True,False,0,0,0,0,0,0,0,0,0,0,0,0,0,0,0,0,0,0,0,0,0,0,0,0,0,0.0,11.5,22.0,6.0,27.0,22.0,22.0,6.0,3.0,1.0,85.0,6.0,12.0,1.0,6,86,1,12,27.0,8.0,4.0,1.0
2020-09-25,Fri,True,False,0,0,1,0,0,1,1,0,0,0,1,0,0,0,0,0,0,0,1,1,0,0,1,1,2,3.0,7.5,21.0,7.0,26.0,21.0,21.0,7.0,3.0,1.0,84.0,7.0,12.0,1.0,5,87,1,12,26.0,9.0,4.0,1.0
2020-09-26,Sat,False,False,0,0,0,0,0,0,0,0,0,0,0,0,0,0,0,0,0,0,0,0,0,0,0,0,0,0.0,7.5,20.0,8.0,25.0,20.0,20.0,8.0,3.0,1.0,83.0,8.0,12.0,1.0,4,88,1,12,25.0,10.0,4.0,1.0
2020-09-27,Sun,False,False,0,0,0,0,0,0,0,0,0,0,0,0,0,0,0,0,0,0,0,0,0,0,0,0,0,0.0,7.5,19.0,9.0,24.0,19.0,19.0,9.0,3.0,1.0,82.0,9.0,12.0,1.0,3,89,1,12,24.0,11.0,4.0,1.0
2020-09-28,Mon,True,False,0,0,0,0,0,1,1,0,0,0,1,0,0,0,0,0,0,0,1,1,0,0,1,1,1,2.0,7.5,18.0,10.0,23.0,18.0,18.0,10.0,2.0,2.0,81.0,10.0,11.0,2.0,2,90,0,0,23.0,12.0,3.0,2.0
2020-09-29,Tue,True,False,0,0,0,0,0,0,0,0,0,0,0,0,0,0,0,0,0,0,0,0,0,0,0,0,0,0.0,7.5,17.0,11.0,22.0,17.0,17.0,11.0,2.0,2.0,80.0,11.0,11.0,2.0,1,91,0,0,22.0,13.0,3.0,2.0
2020-09-30,Wed,True,False,0,0,0,0,0,0,0,0,0,0,0,1,1,1,1,0,1,0,1,1,0,0,0,1,3,5.0,10.0,16.0,12.0,21.0,16.0,16.0,12.0,2.0,2.0,79.0,12.0,11.0,2.0,0,0,0,0,21.0,14.0,3.0,2.0
2020-10-01,Thu,True,False,0,0,0,0,0,0,0,0,0,0,0,0,0,0,0,0,0,0,0,0,0,0,0,0,0,0.0,10.0,15.0,13.0,20.0,15.0,15.0,13.0,2.0,2.0,78.0,13.0,11.0,2.0,91,1,0,0,20.0,15.0,3.0,2.0
2020-10-02,Fri,True,False,0,0,1,0,0,1,1,0,0,0,1,0,0,0,0,0,0,0,1,1,0,0,1,1,2,3.0,10.0,14.0,14.0,19.0,14.0,14.0,14.0,2.0,2.0,77.0,14.0,11.0,2.0,90,2,0,0,19.0,16.0,3.0,2.0
2020-10-03,Sat,False,False,0,0,0,0,0,0,0,0,0,0,0,0,0,0,0,0,0,0,0,0,0,0,0,0,0,0.0,10.0,13.0,15.0,18.0,13.0,13.0,15.0,2.0,2.0,76.0,15.0,11.0,2.0,89,3,0,0,18.0,17.0,3.0,2.0
2020-10-04,Sun,False,False,0,0,0,0,0,0,0,0,0,0,0,0,0,0,0,0,0,0,0,0,0,0,0,0,0,0.0,10.0,12.0,16.0,17.0,12.0,12.0,16.0,2.0,2.0,75.0,16.0,11.0,2.0,88,4,0,0,17.0,18.0,3.0,2.0
2020-10-05,Mon,True,False,0,0,0,0,0,1,1,0,0,0,1,0,0,0,0,0,0,0,1,1,0,0,1,1,1,2.0,10.0,11.0,17.0,16.0,11.0,11.0,17.0,1.0,3.0,74.0,17.0,10.0,3.0,87,5,12,1,16.0,19.0,2.0,3.0
2020-10-06,Tue,True,False,0,0,0,0,0,0,0,0,0,0,0,0,0,0,0,0,0,0,0,0,0,0,0,0,0,0.0,10.0,10.0,18.0,15.0,10.0,10.0,18.0,1.0,3.0,73.0,18.0,10.0,3.0,86,6,12,1,15.0,20.0,2.0,3.0
2020-10-07,Wed,True,False,0,0,0,0,0,1,1,0,0,0,1,0,0,0,0,0,1,0,1,1,0,0,1,1,2,2.5,7.5,9.0,19.0,14.0,9.0,9.0,19.0,1.0,3.0,72.0,19.0,10.0,3.0,85,7,12,1,14.0,21.0,2.0,3.0
2020-10-08,Thu,True,False,0,0,0,0,0,0,0,0,0,0,0,0,0,0,0,0,0,0,0,0,0,0,0,0,0,0.0,7.5,8.0,20.0,13.0,8.0,8.0,20.0,1.0,3.0,71.0,20.0,10.0,3.0,84,8,12,1,13.0,22.0,2.0,3.0
2020-10-09,Fri,True,False,0,0,1,0,0,1,1,0,0,0,1,0,0,0,0,0,0,0,1,1,0,0,1,1,2,3.0,7.5,7.0,21.0,12.0,7.0,7.0,21.0,1.0,3.0,70.0,21.0,10.0,3.0,83,9,12,1,12.0,23.0,2.0,3.0
2020-10-10,Sat,False,False,0,0,0,0,0,0,0,0,0,0,0,0,0,0,0,0,0,0,0,0,0,0,0,0,0,0.0,7.5,6.0,22.0,11.0,6.0,6.0,22.0,1.0,3.0,69.0,22.0,10.0,3.0,82,10,12,1,11.0,24.0,2.0,3.0
2020-10-11,Sun,False,False,0,0,0,0,0,0,0,0,0,0,0,0,0,0,0,0,0,0,0,0,0,0,0,0,0,0.0,7.5,5.0,23.0,10.0,5.0,5.0,23.0,1.0,3.0,68.0,23.0,10.0,3.0,81,11,12,1,10.0,25.0,2.0,3.0
2020-10-12,Mon,True,False,0,0,0,0,0,1,1,0,0,0,1,0,0,0,0,0,0,0,1,1,0,0,1,1,1,2.0,7.5,4.0,24.0,9.0,4.0,4.0,24.0,0.0,0.0,67.0,24.0,9.0,4.0,80,12,11,2,9.0,26.0,1.0,4.0
2020-10-13,Tue,True,False,0,0,0,0,0,0,0,0,0,0,0,0,0,0,0,0,0,0,0,0,0,0,0,0,0,0.0,7.5,3.0,25.0,8.0,3.0,3.0,25.0,0.0,0.0,66.0,25.0,9.0,4.0,79,13,11,2,8.0,27.0,1.0,4.0
2020-10-14,Wed,True,False,0,0,0,0,0,1,1,0,0,0,1,0,0,0,0,0,1,0,1,1,0,0,1,1,2,2.5,7.5,2.0,26.0,7.0,2.0,2.0,26.0,0.0,0.0,65.0,26.0,9.0,4.0,78,14,11,2,7.0,28.0,1.0,4.0
2020-10-15,Thu,True,False,0,0,0,0,0,0,0,0,0,0,0,0,0,0,0,0,0,0,0,0,0,0,0,0,0,0.0,7.5,1.0,27.0,6.0,1.0,1.0,27.0,0.0,0.0,64.0,27.0,9.0,4.0,77,15,11,2,6.0,29.0,1.0,4.0
2020-10-16,Fri,True,False,1,1,0,1,1,1,1,0,0,0,1,0,0,0,0,0,0,0,1,1,1,1,1,1,3,7.0,11.5,0.0,0.0,5.0,0.0,0.0,0.0,0.0,0.0,63.0,28.0,9.0,4.0,76,16,11,2,5.0,30.0,1.0,4.0
2020-10-17,Sat,False,False,0,0,0,0,0,0,0,0,0,0,0,0,0,0,0,0,0,0,0,0,0,0,0,0,0,0.0,11.5,34.0,1.0,4.0,34.0,34.0,1.0,0.0,0.0,62.0,29.0,9.0,4.0,75,17,11,2,4.0,31.0,1.0,4.0
2020-10-18,Sun,False,False,0,0,0,0,0,0,0,0,0,0,0,0,0,0,0,0,0,0,0,0,0,0,0,0,0,0.0,11.5,33.0,2.0,3.0,33.0,33.0,2.0,0.0,0.0,61.0,30.0,9.0,4.0,74,18,11,2,3.0,32.0,1.0,4.0
2020-10-19,Mon,True,False,0,0,0,0,0,1,1,0,0,0,1,0,0,0,0,0,0,0,1,1,0,0,1,1,1,2.0,11.5,32.0,3.0,2.0,32.0,32.0,3.0,4.0,1.0,60.0,31.0,8.0,5.0,73,19,10,3,2.0,33.0,0.0,0.0
2020-10-20,Tue,True,False,0,0,0,0,0,0,0,0,0,0,0,0,0,0,0,0,0,0,0,0,0,0,0,0,0,0.0,11.5,31.0,4.0,1.0,31.0,31.0,4.0,4.0,1.0,59.0,32.0,8.0,5.0,72,20,10,3,1.0,34.0,0.0,0.0
2020-10-21,Wed,True,False,0,0,0,0,0,1,1,0,0,0,1,0,0,0,0,1,0,0,1,1,0,0,1,1,2,3.5,12.5,30.0,5.0,0.0,30.0,30.0,5.0,4.0,1.0,58.0,33.0,8.0,5.0,71,21,10,3,0.0,0.0,0.0,0.0
2020-10-22,Thu,True,False,0,0,0,0,0,0,0,0,0,0,0,0,0,0,0,0,0,0,0,0,0,0,0,0,0,0.0,12.5,29.0,6.0,27.0,29.0,29.0,6.0,4.0,1.0,57.0,34.0,8.0,5.0,70,22,10,3,27.0,1.0,0.0,0.0
2020-10-23,Fri,True,False,0,0,1,0,0,1,1,0,0,0,1,0,0,0,0,0,0,0,1,1,0,0,1,1,2,3.0,8.5,28.0,7.0,26.0,28.0,28.0,7.0,4.0,1.0,56.0,35.0,8.0,5.0,69,23,10,3,26.0,2.0,0.0,0.0
2020-10-24,Sat,False,False,0,0,0,0,0,0,0,0,0,0,0,0,0,0,0,0,0,0,0,0,0,0,0,0,0,0.0,8.5,27.0,8.0,25.0,27.0,27.0,8.0,4.0,1.0,55.0,36.0,8.0,5.0,68,24,10,3,25.0,3.0,0.0,0.0
2020-10-25,Sun,False,False,0,0,0,0,0,0,0,0,0,0,0,0,0,0,0,0,0,0,0,0,0,0,0,0,0,0.0,8.5,26.0,9.0,24.0,26.0,26.0,9.0,4.0,1.0,54.0,37.0,8.0,5.0,67,25,10,3,24.0,4.0,0.0,0.0
2020-10-26,Mon,True,False,0,0,0,0,0,1,1,0,0,0,1,0,0,0,0,0,0,0,1,1,0,0,1,1,1,2.0,8.5,25.0,10.0,23.0,25.0,25.0,10.0,3.0,2.0,53.0,38.0,7.0,6.0,66,26,9,4,23.0,5.0,3.0,1.0
2020-10-27,Tue,True,False,0,0,0,0,0,0,0,0,0,0,0,0,0,0,0,0,0,0,0,0,0,0,0,0,0,0.0,8.5,24.0,11.0,22.0,24.0,24.0,11.0,3.0,2.0,52.0,39.0,7.0,6.0,65,27,9,4,22.0,6.0,3.0,1.0
2020-10-28,Wed,True,False,0,0,0,0,0,1,1,0,0,0,1,0,0,0,0,0,1,0,1,1,0,0,1,1,2,2.5,7.5,23.0,12.0,21.0,23.0,23.0,12.0,3.0,2.0,51.0,40.0,7.0,6.0,64,28,9,4,21.0,7.0,3.0,1.0
2020-10-29,Thu,True,False,0,0,0,0,0,0,0,0,0,0,0,0,0,0,0,0,0,0,0,0,0,0,0,0,0,0.0,7.5,22.0,13.0,20.0,22.0,22.0,13.0,3.0,2.0,50.0,41.0,7.0,6.0,63,29,9,4,20.0,8.0,3.0,1.0
2020-10-30,Fri,True,False,0,0,1,0,0,0,0,0,0,0,0,1,1,0,0,0,0,1,1,1,0,0,0,1,3,3.5,8.0,21.0,14.0,19.0,21.0,21.0,14.0,3.0,2.0,49.0,42.0,7.0,6.0,62,30,9,4,19.0,9.0,3.0,1.0
2020-10-31,Sat,False,False,0,0,0,0,0,0,0,0,0,0,0,0,0,0,0,0,0,0,0,0,0,0,0,0,0,0.0,8.0,20.0,15.0,18.0,20.0,20.0,15.0,3.0,2.0,48.0,43.0,7.0,6.0,61,31,9,4,18.0,10.0,3.0,1.0
2020-11-01,Sun,False,False,0,0,0,0,0,0,0,0,0,0,0,0,0,0,0,0,0,0,0,0,0,0,0,0,0,0.0,8.0,19.0,16.0,17.0,19.0,19.0,16.0,3.0,2.0,47.0,44.0,7.0,6.0,60,32,9,4,17.0,11.0,3.0,1.0
2020-11-02,Mon,True,False,0,0,0,0,0,1,1,0,0,0,1,0,0,0,0,0,0,0,1,1,0,0,1,1,1,2.0,8.0,18.0,17.0,16.0,18.0,18.0,17.0,2.0,3.0,46.0,45.0,6.0,7.0,59,33,8,5,16.0,12.0,2.0,2.0
2020-11-03,Tue,True,False,0,0,0,0,0,0,0,0,0,0,0,0,0,0,0,0,0,0,0,0,0,0,0,0,0,0.0,8.0,17.0,18.0,15.0,17.0,17.0,18.0,2.0,3.0,45.0,46.0,6.0,7.0,58,34,8,5,15.0,13.0,2.0,2.0
2020-11-04,Wed,True,False,0,0,0,0,0,1,1,0,0,0,1,0,0,0,0,0,1,0,1,1,0,0,1,1,2,2.5,8.0,16.0,19.0,14.0,16.0,16.0,19.0,2.0,3.0,44.0,47.0,6.0,7.0,57,35,8,5,14.0,14.0,2.0,2.0
2020-11-05,Thu,True,False,0,0,0,0,0,0,0,0,0,0,0,0,0,0,0,0,0,0,0,0,0,0,0,0,0,0.0,8.0,15.0,20.0,13.0,15.0,15.0,20.0,2.0,3.0,43.0,48.0,6.0,7.0,56,36,8,5,13.0,15.0,2.0,2.0
2020-11-06,Fri,True,False,0,0,1,0,0,1,1,0,0,0,1,0,0,0,0,0,0,0,1,1,0,0,1,1,2,3.0,7.5,14.0,21.0,12.0,14.0,14.0,21.0,2.0,3.0,42.0,49.0,6.0,7.0,55,37,8,5,12.0,16.0,2.0,2.0
2020-11-07,Sat,False,False,0,0,0,0,0,0,0,0,0,0,0,0,0,0,0,0,0,0,0,0,0,0,0,0,0,0.0,7.5,13.0,22.0,11.0,13.0,13.0,22.0,2.0,3.0,41.0,50.0,6.0,7.0,54,38,8,5,11.0,17.0,2.0,2.0
2020-11-08,Sun,False,False,0,0,0,0,0,0,0,0,0,0,0,0,0,0,0,0,0,0,0,0,0,0,0,0,0,0.0,7.5,12.0,23.0,10.0,12.0,12.0,23.0,2.0,3.0,40.0,51.0,6.0,7.0,53,39,8,5,10.0,18.0,2.0,2.0
2020-11-09,Mon,True,False,0,0,0,0,0,1,1,0,0,0,1,0,0,0,0,0,0,0,1,1,0,0,1,1,1,2.0,7.5,11.0,24.0,9.0,11.0,11.0,24.0,1.0,4.0,39.0,52.0,5.0,8.0,52,40,7,6,9.0,19.0,1.0,3.0
2020-11-10,Tue,True,False,0,0,0,0,0,0,0,0,0,0,0,0,0,0,0,0,0,0,0,0,0,0,0,0,0,0.0,7.5,10.0,25.0,8.0,10.0,10.0,25.0,1.0,4.0,38.0,53.0,5.0,8.0,51,41,7,6,8.0,20.0,1.0,3.0
2020-11-11,Wed,True,False,0,0,0,0,0,1,1,0,0,0,1,0,0,0,0,0,1,0,1,1,0,0,1,1,2,2.5,7.5,9.0,26.0,7.0,9.0,9.0,26.0,1.0,4.0,37.0,54.0,5.0,8.0,50,42,7,6,7.0,21.0,1.0,3.0
2020-11-12,Thu,True,False,0,0,0,0,0,0,0,0,0,0,0,0,0,0,0,0,0,0,0,0,0,0,0,0,0,0.0,7.5,8.0,27.0,6.0,8.0,8.0,27.0,1.0,4.0,36.0,55.0,5.0,8.0,49,43,7,6,6.0,22.0,1.0,3.0
2020-11-13,Fri,True,False,0,0,1,0,0,1,1,0,0,0,1,0,0,0,0,0,0,0,1,1,0,0,1,1,2,3.0,7.5,7.0,28.0,5.0,7.0,7.0,28.0,1.0,4.0,35.0,56.0,5.0,8.0,48,44,7,6,5.0,23.0,1.0,3.0
2020-11-14,Sat,False,False,0,0,0,0,0,0,0,0,0,0,0,0,0,0,0,0,0,0,0,0,0,0,0,0,0,0.0,7.5,6.0,29.0,4.0,6.0,6.0,29.0,1.0,4.0,34.0,57.0,5.0,8.0,47,45,7,6,4.0,24.0,1.0,3.0
2020-11-15,Sun,False,False,0,0,0,0,0,0,0,0,0,0,0,0,0,0,0,0,0,0,0,0,0,0,0,0,0,0.0,7.5,5.0,30.0,3.0,5.0,5.0,30.0,1.0,4.0,33.0,58.0,5.0,8.0,46,46,7,6,3.0,25.0,1.0,3.0
2020-11-16,Mon,True,False,0,0,0,0,0,1,1,0,0,0,1,0,0,0,0,0,0,0,1,1,0,0,1,1,1,2.0,7.5,4.0,31.0,2.0,4.0,4.0,31.0,0.0,0.0,32.0,59.0,4.0,9.0,45,47,6,7,2.0,26.0,0.0,0.0
2020-11-17,Tue,True,False,0,0,0,0,0,0,0,0,0,0,0,0,0,0,0,0,0,0,0,0,0,0,0,0,0,0.0,7.5,3.0,32.0,1.0,3.0,3.0,32.0,0.0,0.0,31.0,60.0,4.0,9.0,44,48,6,7,1.0,27.0,0.0,0.0
2020-11-18,Wed,True,False,0,0,0,0,0,1,1,0,0,0,1,0,0,0,0,1,0,0,1,1,0,0,1,1,2,3.5,8.5,2.0,33.0,0.0,2.0,2.0,33.0,0.0,0.0,30.0,61.0,4.0,9.0,43,49,6,7,0.0,0.0,0.0,0.0
2020-11-19,Thu,True,False,0,0,0,0,0,0,0,0,0,0,0,0,0,0,0,0,0,0,0,0,0,0,0,0,0,0.0,8.5,1.0,34.0,27.0,1.0,1.0,34.0,0.0,0.0,29.0,62.0,4.0,9.0,42,50,6,7,27.0,1.0,0.0,0.0
2020-11-20,Fri,True,False,1,1,0,1,1,1,1,0,0,0,1,0,0,0,0,0,0,0,1,1,1,1,1,1,3,7.0,12.5,0.0,0.0,26.0,0.0,0.0,0.0,0.0,0.0,28.0,63.0,4.0,9.0,41,51,6,7,26.0,2.0,0.0,0.0
2020-11-21,Sat,False,False,0,0,0,0,0,0,0,0,0,0,0,0,0,0,0,0,0,0,0,0,0,0,0,0,0,0.0,12.5,27.0,1.0,25.0,27.0,27.0,1.0,0.0,0.0,27.0,64.0,4.0,9.0,40,52,6,7,25.0,3.0,0.0,0.0
2020-11-22,Sun,False,False,0,0,0,0,0,0,0,0,0,0,0,0,0,0,0,0,0,0,0,0,0,0,0,0,0,0.0,12.5,26.0,2.0,24.0,26.0,26.0,2.0,0.0,0.0,26.0,65.0,4.0,9.0,39,53,6,7,24.0,4.0,0.0,0.0
2020-11-23,Mon,True,False,0,0,0,0,0,1,1,0,0,0,1,0,0,0,0,0,0,0,1,1,0,0,1,1,1,2.0,12.5,25.0,3.0,23.0,25.0,25.0,3.0,3.0,1.0,25.0,66.0,3.0,10.0,38,54,5,8,23.0,5.0,3.0,1.0
2020-11-24,Tue,True,False,0,0,0,0,0,0,0,0,0,0,0,0,0,0,0,0,0,0,0,0,0,0,0,0,0,0.0,12.5,24.0,4.0,22.0,24.0,24.0,4.0,3.0,1.0,24.0,67.0,3.0,10.0,37,55,5,8,22.0,6.0,3.0,1.0
2020-11-25,Wed,True,False,0,0,0,0,0,1,1,0,0,0,1,0,0,0,0,0,1,0,1,1,0,0,1,1,2,2.5,11.5,23.0,5.0,21.0,23.0,23.0,5.0,3.0,1.0,23.0,68.0,3.0,10.0,36,56,5,8,21.0,7.0,3.0,1.0
2020-11-26,Thu,False,True,0,0,0,0,0,0,0,0,0,0,0,0,0,0,0,0,0,0,0,0,0,0,0,0,0,0.0,11.5,22.0,6.0,20.0,22.0,22.0,6.0,3.0,1.0,22.0,69.0,3.0,10.0,35,57,5,8,20.0,8.0,3.0,1.0
2020-11-27,Fri,True,False,0,0,1,0,0,1,1,0,0,0,1,0,0,0,0,0,0,0,1,1,0,0,1,1,2,3.0,14.5,21.0,7.0,19.0,21.0,21.0,7.0,3.0,1.0,21.0,70.0,3.0,10.0,34,58,5,8,19.0,9.0,3.0,1.0
2020-11-28,Sat,False,False,0,0,0,0,0,0,0,0,0,0,0,0,0,0,0,0,0,0,0,0,0,0,0,0,0,0.0,14.5,20.0,8.0,18.0,20.0,20.0,8.0,3.0,1.0,20.0,71.0,3.0,10.0,33,59,5,8,18.0,10.0,3.0,1.0
2020-11-29,Sun,False,False,0,0,0,0,0,0,0,0,0,0,0,0,0,0,0,0,0,0,0,0,0,0,0,0,0,0.0,14.5,19.0,9.0,17.0,19.0,19.0,9.0,3.0,1.0,19.0,72.0,3.0,10.0,32,60,5,8,17.0,11.0,3.0,1.0
2020-11-30,Mon,True,False,0,0,0,0,0,0,0,0,0,0,0,1,1,0,0,0,0,0,1,1,0,0,0,1,1,2.0,9.5,18.0,10.0,16.0,18.0,18.0,10.0,2.0,2.0,18.0,73.0,2.0,11.0,31,61,4,9,16.0,12.0,2.0,2.0
2020-12-01,Tue,True,False,0,0,0,0,0,0,0,0,0,0,0,0,0,0,0,0,0,0,0,0,0,0,0,0,0,0.0,7.5,17.0,11.0,15.0,17.0,17.0,11.0,2.0,2.0,17.0,74.0,2.0,11.0,30,62,4,9,15.0,13.0,2.0,2.0
2020-12-02,Wed,True,False,0,0,0,0,0,1,1,0,0,0,1,0,0,0,0,0,1,0,1,1,0,0,1,1,2,2.5,10.0,16.0,12.0,14.0,16.0,16.0,12.0,2.0,2.0,16.0,75.0,2.0,11.0,29,63,4,9,14.0,14.0,2.0,2.0
2020-12-03,Thu,True,False,0,0,0,0,0,0,0,0,0,0,0,0,0,0,0,0,0,0,0,0,0,0,0,0,0,0.0,7.5,15.0,13.0,13.0,15.0,15.0,13.0,2.0,2.0,15.0,76.0,2.0,11.0,28,64,4,9,13.0,15.0,2.0,2.0
2020-12-04,Fri,True,False,0,0,1,0,0,1,1,0,0,0,1,0,0,0,0,0,0,0,1,1,0,0,1,1,2,3.0,7.5,14.0,14.0,12.0,14.0,14.0,14.0,2.0,2.0,14.0,77.0,2.0,11.0,27,65,4,9,12.0,16.0,2.0,2.0
2020-12-05,Sat,False,False,0,0,0,0,0,0,0,0,0,0,0,0,0,0,0,0,0,0,0,0,0,0,0,0,0,0.0,7.5,13.0,15.0,11.0,13.0,13.0,15.0,2.0,2.0,13.0,78.0,2.0,11.0,26,66,4,9,11.0,17.0,2.0,2.0
2020-12-06,Sun,False,False,0,0,0,0,0,0,0,0,0,0,0,0,0,0,0,0,0,0,0,0,0,0,0,0,0,0.0,7.5,12.0,16.0,10.0,12.0,12.0,16.0,2.0,2.0,12.0,79.0,2.0,11.0,25,67,4,9,10.0,18.0,2.0,2.0
2020-12-07,Mon,True,False,0,0,0,0,0,1,1,0,0,0,1,0,0,0,0,0,0,0,1,1,0,0,1,1,1,2.0,7.5,11.0,17.0,9.0,11.0,11.0,17.0,1.0,3.0,11.0,80.0,1.0,12.0,24,68,3,10,9.0,19.0,1.0,3.0
2020-12-08,Tue,True,False,0,0,0,0,0,0,0,0,0,0,0,0,0,0,0,0,0,0,0,0,0,0,0,0,0,0.0,7.5,10.0,18.0,8.0,10.0,10.0,18.0,1.0,3.0,10.0,81.0,1.0,12.0,23,69,3,10,8.0,20.0,1.0,3.0
2020-12-09,Wed,True,False,0,0,0,0,0,1,1,0,0,0,1,0,0,0,0,0,1,0,1,1,0,0,1,1,2,2.5,7.5,9.0,19.0,7.0,9.0,9.0,19.0,1.0,3.0,9.0,82.0,1.0,12.0,22,70,3,10,7.0,21.0,1.0,3.0
2020-12-10,Thu,True,False,0,0,0,0,0,0,0,0,0,0,0,0,0,0,0,0,0,0,0,0,0,0,0,0,0,0.0,7.5,8.0,20.0,6.0,8.0,8.0,20.0,1.0,3.0,8.0,83.0,1.0,12.0,21,71,3,10,6.0,22.0,1.0,3.0
2020-12-11,Fri,True,False,0,0,1,0,0,1,1,0,0,0,1,0,0,0,0,0,0,0,1,1,0,0,1,1,2,3.0,7.5,7.0,21.0,5.0,7.0,7.0,21.0,1.0,3.0,7.0,84.0,1.0,12.0,20,72,3,10,5.0,23.0,1.0,3.0
2020-12-12,Sat,False,False,0,0,0,0,0,0,0,0,0,0,0,0,0,0,0,0,0,0,0,0,0,0,0,0,0,0.0,7.5,6.0,22.0,4.0,6.0,6.0,22.0,1.0,3.0,6.0,85.0,1.0,12.0,19,73,3,10,4.0,24.0,1.0,3.0
2020-12-13,Sun,False,False,0,0,0,0,0,0,0,0,0,0,0,0,0,0,0,0,0,0,0,0,0,0,0,0,0,0.0,7.5,5.0,23.0,3.0,5.0,5.0,23.0,1.0,3.0,5.0,86.0,1.0,12.0,18,74,3,10,3.0,25.0,1.0,3.0
2020-12-14,Mon,True,False,0,0,0,0,0,1,1,0,0,0,1,0,0,0,0,0,0,0,1,1,0,0,1,1,1,2.0,7.5,4.0,24.0,2.0,4.0,4.0,24.0,0.0,0.0,4.0,87.0,0.0,0.0,17,75,2,11,2.0,26.0,0.0,0.0
2020-12-15,Tue,True,False,0,0,0,0,0,0,0,0,0,0,0,0,0,0,0,0,0,0,0,0,0,0,0,0,0,0.0,7.5,3.0,25.0,1.0,3.0,3.0,25.0,0.0,0.0,3.0,88.0,0.0,0.0,16,76,2,11,1.0,27.0,0.0,0.0
2020-12-16,Wed,True,False,0,0,0,0,0,1,1,0,0,0,1,0,0,0,0,1,0,0,1,1,0,0,1,1,2,3.5,8.5,2.0,26.0,0.0,2.0,2.0,26.0,0.0,0.0,2.0,89.0,0.0,0.0,15,77,2,11,0.0,0.0,0.0,0.0
2020-12-17,Thu,True,False,0,0,0,0,0,0,0,0,0,0,0,0,0,0,0,0,0,0,0,0,0,0,0,0,0,0.0,8.5,1.0,27.0,34.0,1.0,1.0,27.0,0.0,0.0,1.0,90.0,0.0,0.0,14,78,2,11,34.0,1.0,0.0,0.0
2020-12-18,Fri,True,False,1,1,0,1,1,1,1,0,0,0,1,0,0,0,0,0,0,0,1,1,1,1,1,1,3,7.0,12.5,0.0,0.0,33.0,0.0,0.0,0.0,0.0,0.0,0.0,0.0,0.0,0.0,13,79,2,11,33.0,2.0,0.0,0.0
2020-12-19,Sat,False,False,0,0,0,0,0,0,0,0,0,0,0,0,0,0,0,0,0,0,0,0,0,0,0,0,0,0.0,12.5,27.0,1.0,32.0,27.0,27.0,1.0,0.0,0.0,90.0,1.0,0.0,0.0,12,80,2,11,32.0,3.0,0.0,0.0
2020-12-20,Sun,False,False,0,0,0,0,0,0,0,0,0,0,0,0,0,0,0,0,0,0,0,0,0,0,0,0,0,0.0,12.5,26.0,2.0,31.0,26.0,26.0,2.0,0.0,0.0,89.0,2.0,0.0,0.0,11,81,2,11,31.0,4.0,0.0,0.0
2020-12-21,Mon,True,False,0,0,0,0,0,1,1,0,0,0,1,0,0,0,0,0,0,0,1,1,0,0,1,1,1,2.0,12.5,25.0,3.0,30.0,25.0,25.0,3.0,3.0,1.0,88.0,3.0,12.0,1.0,10,82,1,12,30.0,5.0,4.0,1.0
2020-12-22,Tue,True,False,0,0,0,0,0,0,0,0,0,0,0,0,0,0,0,0,0,0,0,0,0,0,0,0,0,0.0,12.5,24.0,4.0,29.0,24.0,24.0,4.0,3.0,1.0,87.0,4.0,12.0,1.0,9,83,1,12,29.0,6.0,4.0,1.0
2020-12-23,Wed,True,False,0,0,0,0,0,1,1,0,0,0,1,0,0,0,0,0,1,0,1,1,0,0,1,1,2,2.5,11.5,23.0,5.0,28.0,23.0,23.0,5.0,3.0,1.0,86.0,5.0,12.0,1.0,8,84,1,12,28.0,7.0,4.0,1.0
2020-12-24,Thu,True,False,0,0,0,0,0,0,0,0,0,0,0,0,0,0,0,0,0,0,0,0,0,0,0,0,0,0.0,11.5,22.0,6.0,27.0,22.0,22.0,6.0,3.0,1.0,85.0,6.0,12.0,1.0,7,85,1,12,27.0,8.0,4.0,1.0
2020-12-25,Fri,False,True,0,0,0,0,0,0,0,0,0,0,0,0,0,0,0,0,0,0,0,0,0,0,0,0,0,0.0,11.5,21.0,7.0,26.0,21.0,21.0,7.0,3.0,1.0,84.0,7.0,12.0,1.0,6,86,1,12,26.0,9.0,4.0,1.0
2020-12-26,Sat,False,False,0,0,0,0,0,0,0,0,0,0,0,0,0,0,0,0,0,0,0,0,0,0,0,0,0,0.0,11.5,20.0,8.0,25.0,20.0,20.0,8.0,3.0,1.0,83.0,8.0,12.0,1.0,5,87,1,12,25.0,10.0,4.0,1.0
2020-12-27,Sun,False,False,0,0,0,0,0,0,0,0,0,0,0,0,0,0,0,0,0,0,0,0,0,0,0,0,0,0.0,11.5,19.0,9.0,24.0,19.0,19.0,9.0,3.0,1.0,82.0,9.0,12.0,1.0,4,88,1,12,24.0,11.0,4.0,1.0
2020-12-28,Mon,True,False,0,0,0,0,0,1,1,0,0,0,1,0,0,0,0,0,0,0,1,1,0,0,1,1,1,2.0,6.5,18.0,10.0,23.0,18.0,18.0,10.0,2.0,2.0,81.0,10.0,11.0,2.0,3,89,0,0,23.0,12.0,3.0,2.0
2020-12-29,Tue,True,False,0,0,0,0,0,0,0,0,0,0,0,0,0,0,0,0,0,0,0,0,0,0,0,0,0,0.0,4.5,17.0,11.0,22.0,17.0,17.0,11.0,2.0,2.0,80.0,11.0,11.0,2.0,2,90,0,0,22.0,13.0,3.0,2.0
2020-12-30,Wed,True,False,0,0,0,0,0,1,1,0,0,0,1,0,0,0,0,0,1,0,1,1,0,0,1,1,2,2.5,7.0,16.0,12.0,21.0,16.0,16.0,12.0,2.0,2.0,79.0,12.0,11.0,2.0,1,91,0,0,21.0,14.0,3.0,2.0
2020-12-31,Thu,True,False,0,0,0,0,0,0,0,0,0,0,0,1,1,1,1,0,0,0,0,0,0,0,0,1,2,4.5,9.0,15.0,13.0,20.0,15.0,15.0,13.0,2.0,2.0,78.0,13.0,11.0,2.0,0,0,0,0,20.0,15.0,3.0,2.0
2021-01-01,Fri,False,True,0,0,0,0,0,0,0,0,0,0,0,0,0,0,0,0,0,0,0,0,0,0,0,0,0,0.0,9.0,14.0,14.0,19.0,14.0,14.0,14.0,2.0,2.0,77.0,14.0,11.0,2.0,89,1,0,0,19.0,16.0,3.0,2.0
2021-01-02,Sat,False,False,0,0,0,0,0,0,0,0,0,0,0,0,0,0,0,0,0,0,0,0,0,0,0,0,0,0.0,9.0,13.0,15.0,18.0,13.0,13.0,15.0,2.0,2.0,76.0,15.0,11.0,2.0,88,2,0,0,18.0,17.0,3.0,2.0
2021-01-03,Sun,False,False,0,0,0,0,0,0,0,0,0,0,0,0,0,0,0,0,0,0,0,0,0,0,0,0,0,0.0,9.0,12.0,16.0,17.0,12.0,12.0,16.0,2.0,2.0,75.0,16.0,11.0,2.0,87,3,0,0,17.0,18.0,3.0,2.0
2021-01-04,Mon,True,False,0,0,0,0,0,1,1,0,0,0,1,0,0,0,0,0,0,0,1,1,0,0,1,1,1,2.0,11.0,11.0,17.0,16.0,11.0,11.0,17.0,1.0,3.0,74.0,17.0,10.0,3.0,86,4,12,1,16.0,19.0,2.0,3.0
2021-01-05,Tue,True,False,0,0,0,0,0,0,0,0,0,0,0,0,0,0,0,0,0,0,0,0,0,0,0,0,0,0.0,9.0,10.0,18.0,15.0,10.0,10.0,18.0,1.0,3.0,73.0,18.0,10.0,3.0,85,5,12,1,15.0,20.0,2.0,3.0
2021-01-06,Wed,True,False,0,0,0,0,0,1,1,0,0,0,1,0,0,0,0,0,1,0,1,1,0,0,1,1,2,2.5,11.5,9.0,19.0,14.0,9.0,9.0,19.0,1.0,3.0,72.0,19.0,10.0,3.0,84,6,12,1,14.0,21.0,2.0,3.0
2021-01-07,Thu,True,False,0,0,0,0,0,0,0,0,0,0,0,0,0,0,0,0,0,0,0,0,0,0,0,0,0,0.0,9.0,8.0,20.0,13.0,8.0,8.0,20.0,1.0,3.0,71.0,20.0,10.0,3.0,83,7,12,1,13.0,22.0,2.0,3.0
2021-01-08,Fri,True,False,0,0,1,0,0,1,1,0,0,0,1,0,0,0,0,0,0,0,1,1,0,0,1,1,2,3.0,7.5,7.0,21.0,12.0,7.0,7.0,21.0,1.0,3.0,70.0,21.0,10.0,3.0,82,8,12,1,12.0,23.0,2.0,3.0
2021-01-09,Sat,False,False,0,0,0,0,0,0,0,0,0,0,0,0,0,0,0,0,0,0,0,0,0,0,0,0,0,0.0,7.5,6.0,22.0,11.0,6.0,6.0,22.0,1.0,3.0,69.0,22.0,10.0,3.0,81,9,12,1,11.0,24.0,2.0,3.0
2021-01-10,Sun,False,False,0,0,0,0,0,0,0,0,0,0,0,0,0,0,0,0,0,0,0,0,0,0,0,0,0,0.0,7.5,5.0,23.0,10.0,5.0,5.0,23.0,1.0,3.0,68.0,23.0,10.0,3.0,80,10,12,1,10.0,25.0,2.0,3.0
2021-01-11,Mon,True,False,0,0,0,0,0,1,1,0,0,0,1,0,0,0,0,0,0,0,1,1,0,0,1,1,1,2.0,7.5,4.0,24.0,9.0,4.0,4.0,24.0,0.0,0.0,67.0,24.0,9.0,4.0,79,11,11,2,9.0,26.0,1.0,4.0
2021-01-12,Tue,True,False,0,0,0,0,0,0,0,0,0,0,0,0,0,0,0,0,0,0,0,0,0,0,0,0,0,0.0,7.5,3.0,25.0,8.0,3.0,3.0,25.0,0.0,0.0,66.0,25.0,9.0,4.0,78,12,11,2,8.0,27.0,1.0,4.0
2021-01-13,Wed,True,False,0,0,0,0,0,1,1,0,0,0,1,0,0,0,0,0,1,0,1,1,0,0,1,1,2,2.5,7.5,2.0,26.0,7.0,2.0,2.0,26.0,0.0,0.0,65.0,26.0,9.0,4.0,77,13,11,2,7.0,28.0,1.0,4.0
2021-01-14,Thu,True,False,0,0,0,0,0,0,0,0,0,0,0,0,0,0,0,0,0,0,0,0,0,0,0,0,0,0.0,7.5,1.0,27.0,6.0,1.0,1.0,27.0,0.0,0.0,64.0,27.0,9.0,4.0,76,14,11,2,6.0,29.0,1.0,4.0
2021-01-15,Fri,True,False,1,1,0,1,1,1,1,0,0,0,1,0,0,0,0,0,0,0,1,1,1,1,1,1,3,7.0,11.5,0.0,0.0,5.0,0.0,0.0,0.0,0.0,0.0,63.0,28.0,9.0,4.0,75,15,11,2,5.0,30.0,1.0,4.0
2021-01-16,Sat,False,False,0,0,0,0,0,0,0,0,0,0,0,0,0,0,0,0,0,0,0,0,0,0,0,0,0,0.0,11.5,34.0,1.0,4.0,34.0,34.0,1.0,0.0,0.0,62.0,29.0,9.0,4.0,74,16,11,2,4.0,31.0,1.0,4.0
2021-01-17,Sun,False,False,0,0,0,0,0,0,0,0,0,0,0,0,0,0,0,0,0,0,0,0,0,0,0,0,0,0.0,11.5,33.0,2.0,3.0,33.0,33.0,2.0,0.0,0.0,61.0,30.0,9.0,4.0,73,17,11,2,3.0,32.0,1.0,4.0
2021-01-18,Mon,False,True,0,0,0,0,0,0,0,0,0,0,0,0,0,0,0,0,0,0,0,0,0,0,0,0,0,0.0,11.5,32.0,3.0,2.0,32.0,32.0,3.0,4.0,1.0,60.0,31.0,8.0,5.0,72,18,10,3,2.0,33.0,0.0,0.0
2021-01-19,Tue,True,False,0,0,0,0,0,0,0,0,0,0,0,0,0,0,0,0,0,0,0,0,0,0,0,0,0,0.0,9.5,31.0,4.0,1.0,31.0,31.0,4.0,4.0,1.0,59.0,32.0,8.0,5.0,71,19,10,3,1.0,34.0,0.0,0.0
2021-01-20,Wed,True,False,0,0,0,0,0,1,1,0,0,0,1,0,0,0,0,1,0,0,1,1,0,0,1,1,2,3.5,13.0,30.0,5.0,0.0,30.0,30.0,5.0,4.0,1.0,58.0,33.0,8.0,5.0,70,20,10,3,0.0,0.0,0.0,0.0
2021-01-21,Thu,True,False,0,0,0,0,0,0,0,0,0,0,0,0,0,0,0,0,0,0,0,0,0,0,0,0,0,0.0,10.5,29.0,6.0,27.0,29.0,29.0,6.0,4.0,1.0,57.0,34.0,8.0,5.0,69,21,10,3,27.0,1.0,0.0,0.0
2021-01-22,Fri,True,False,0,0,1,0,0,1,1,0,0,0,1,0,0,0,0,0,0,0,1,1,0,0,1,1,2,3.0,13.5,28.0,7.0,26.0,28.0,28.0,7.0,4.0,1.0,56.0,35.0,8.0,5.0,68,22,10,3,26.0,2.0,0.0,0.0
2021-01-23,Sat,False,False,0,0,0,0,0,0,0,0,0,0,0,0,0,0,0,0,0,0,0,0,0,0,0,0,0,0.0,13.5,27.0,8.0,25.0,27.0,27.0,8.0,4.0,1.0,55.0,36.0,8.0,5.0,67,23,10,3,25.0,3.0,0.0,0.0
2021-01-24,Sun,False,False,0,0,0,0,0,0,0,0,0,0,0,0,0,0,0,0,0,0,0,0,0,0,0,0,0,0.0,13.5,26.0,9.0,24.0,26.0,26.0,9.0,4.0,1.0,54.0,37.0,8.0,5.0,66,24,10,3,24.0,4.0,0.0,0.0
2021-01-25,Mon,True,False,0,0,0,0,0,1,1,0,0,0,1,0,0,0,0,0,0,0,1,1,0,0,1,1,1,2.0,8.5,25.0,10.0,23.0,25.0,25.0,10.0,3.0,2.0,53.0,38.0,7.0,6.0,65,25,9,4,23.0,5.0,3.0,1.0
2021-01-26,Tue,True,False,0,0,0,0,0,0,0,0,0,0,0,0,0,0,0,0,0,0,0,0,0,0,0,0,0,0.0,8.5,24.0,11.0,22.0,24.0,24.0,11.0,3.0,2.0,52.0,39.0,7.0,6.0,64,26,9,4,22.0,6.0,3.0,1.0
2021-01-27,Wed,True,False,0,0,0,0,0,1,1,0,0,0,1,0,0,0,0,0,1,0,1,1,0,0,1,1,2,2.5,7.5,23.0,12.0,21.0,23.0,23.0,12.0,3.0,2.0,51.0,40.0,7.0,6.0,63,27,9,4,21.0,7.0,3.0,1.0
2021-01-28,Thu,True,False,0,0,0,0,0,0,0,0,0,0,0,0,0,0,0,0,0,0,0,0,0,0,0,0,0,0.0,7.5,22.0,13.0,20.0,22.0,22.0,13.0,3.0,2.0,50.0,41.0,7.0,6.0,62,28,9,4,20.0,8.0,3.0,1.0
2021-01-29,Fri,True,False,0,0,1,0,0,0,0,0,0,0,0,1,1,0,0,0,0,1,1,1,0,0,0,1,3,3.5,8.0,21.0,14.0,19.0,21.0,21.0,14.0,3.0,2.0,49.0,42.0,7.0,6.0,61,29,9,4,19.0,9.0,3.0,1.0
2021-01-30,Sat,False,False,0,0,0,0,0,0,0,0,0,0,0,0,0,0,0,0,0,0,0,0,0,0,0,0,0,0.0,8.0,20.0,15.0,18.0,20.0,20.0,15.0,3.0,2.0,48.0,43.0,7.0,6.0,60,30,9,4,18.0,10.0,3.0,1.0
2021-01-31,Sun,False,False,0,0,0,0,0,0,0,0,0,0,0,0,0,0,0,0,0,0,0,0,0,0,0,0,0,0.0,8.0,19.0,16.0,17.0,19.0,19.0,16.0,3.0,2.0,47.0,44.0,7.0,6.0,59,31,9,4,17.0,11.0,3.0,1.0
2021-02-01,Mon,True,False,0,0,0,0,0,1,1,0,0,0,1,0,0,0,0,0,0,0,1,1,0,0,1,1,1,2.0,8.0,18.0,17.0,16.0,18.0,18.0,17.0,2.0,3.0,46.0,45.0,6.0,7.0,58,32,8,5,16.0,12.0,2.0,2.0
2021-02-02,Tue,True,False,0,0,0,0,0,0,0,0,0,0,0,0,0,0,0,0,0,0,0,0,0,0,0,0,0,0.0,8.0,17.0,18.0,15.0,17.0,17.0,18.0,2.0,3.0,45.0,46.0,6.0,7.0,57,33,8,5,15.0,13.0,2.0,2.0
2021-02-03,Wed,True,False,0,0,0,0,0,1,1,0,0,0,1,0,0,0,0,0,1,0,1,1,0,0,1,1,2,2.5,8.0,16.0,19.0,14.0,16.0,16.0,19.0,2.0,3.0,44.0,47.0,6.0,7.0,56,34,8,5,14.0,14.0,2.0,2.0
2021-02-04,Thu,True,False,0,0,0,0,0,0,0,0,0,0,0,0,0,0,0,0,0,0,0,0,0,0,0,0,0,0.0,8.0,15.0,20.0,13.0,15.0,15.0,20.0,2.0,3.0,43.0,48.0,6.0,7.0,55,35,8,5,13.0,15.0,2.0,2.0
2021-02-05,Fri,True,False,0,0,1,0,0,1,1,0,0,0,1,0,0,0,0,0,0,0,1,1,0,0,1,1,2,3.0,7.5,14.0,21.0,12.0,14.0,14.0,21.0,2.0,3.0,42.0,49.0,6.0,7.0,54,36,8,5,12.0,16.0,2.0,2.0
2021-02-06,Sat,False,False,0,0,0,0,0,0,0,0,0,0,0,0,0,0,0,0,0,0,0,0,0,0,0,0,0,0.0,7.5,13.0,22.0,11.0,13.0,13.0,22.0,2.0,3.0,41.0,50.0,6.0,7.0,53,37,8,5,11.0,17.0,2.0,2.0
2021-02-07,Sun,False,False,0,0,0,0,0,0,0,0,0,0,0,0,0,0,0,0,0,0,0,0,0,0,0,0,0,0.0,7.5,12.0,23.0,10.0,12.0,12.0,23.0,2.0,3.0,40.0,51.0,6.0,7.0,52,38,8,5,10.0,18.0,2.0,2.0
2021-02-08,Mon,True,False,0,0,0,0,0,1,1,0,0,0,1,0,0,0,0,0,0,0,1,1,0,0,1,1,1,2.0,7.5,11.0,24.0,9.0,11.0,11.0,24.0,1.0,4.0,39.0,52.0,5.0,8.0,51,39,7,6,9.0,19.0,1.0,3.0
2021-02-09,Tue,True,False,0,0,0,0,0,0,0,0,0,0,0,0,0,0,0,0,0,0,0,0,0,0,0,0,0,0.0,7.5,10.0,25.0,8.0,10.0,10.0,25.0,1.0,4.0,38.0,53.0,5.0,8.0,50,40,7,6,8.0,20.0,1.0,3.0
2021-02-10,Wed,True,False,0,0,0,0,0,1,1,0,0,0,1,0,0,0,0,0,1,0,1,1,0,0,1,1,2,2.5,7.5,9.0,26.0,7.0,9.0,9.0,26.0,1.0,4.0,37.0,54.0,5.0,8.0,49,41,7,6,7.0,21.0,1.0,3.0
2021-02-11,Thu,True,False,0,0,0,0,0,0,0,0,0,0,0,0,0,0,0,0,0,0,0,0,0,0,0,0,0,0.0,7.5,8.0,27.0,6.0,8.0,8.0,27.0,1.0,4.0,36.0,55.0,5.0,8.0,48,42,7,6,6.0,22.0,1.0,3.0
2021-02-12,Fri,True,False,0,0,1,0,0,1,1,0,0,0,1,0,0,0,0,0,0,0,1,1,0,0,1,1,2,3.0,7.5,7.0,28.0,5.0,7.0,7.0,28.0,1.0,4.0,35.0,56.0,5.0,8.0,47,43,7,6,5.0,23.0,1.0,3.0
2021-02-13,Sat,False,False,0,0,0,0,0,0,0,0,0,0,0,0,0,0,0,0,0,0,0,0,0,0,0,0,0,0.0,7.5,6.0,29.0,4.0,6.0,6.0,29.0,1.0,4.0,34.0,57.0,5.0,8.0,46,44,7,6,4.0,24.0,1.0,3.0
2021-02-14,Sun,False,False,0,0,0,0,0,0,0,0,0,0,0,0,0,0,0,0,0,0,0,0,0,0,0,0,0,0.0,7.5,5.0,30.0,3.0,5.0,5.0,30.0,1.0,4.0,33.0,58.0,5.0,8.0,45,45,7,6,3.0,25.0,1.0,3.0
2021-02-15,Mon,False,True,0,0,0,0,0,0,0,0,0,0,0,0,0,0,0,0,0,0,0,0,0,0,0,0,0,0.0,7.5,4.0,31.0,2.0,4.0,4.0,31.0,0.0,0.0,32.0,59.0,4.0,9.0,44,46,6,7,2.0,26.0,0.0,0.0
2021-02-16,Tue,True,False,0,0,0,0,0,0,0,0,0,0,0,0,0,0,0,0,0,0,0,0,0,0,0,0,0,0.0,5.5,3.0,32.0,1.0,3.0,3.0,32.0,0.0,0.0,31.0,60.0,4.0,9.0,43,47,6,7,1.0,27.0,0.0,0.0
2021-02-17,Wed,True,False,0,0,0,0,0,1,1,0,0,0,1,0,0,0,0,1,0,0,1,1,0,0,1,1,2,3.5,9.0,2.0,33.0,0.0,2.0,2.0,33.0,0.0,0.0,30.0,61.0,4.0,9.0,42,48,6,7,0.0,0.0,0.0,0.0
2021-02-18,Thu,True,False,0,0,0,0,0,0,0,0,0,0,0,0,0,0,0,0,0,0,0,0,0,0,0,0,0,0.0,6.5,1.0,34.0,27.0,1.0,1.0,34.0,0.0,0.0,29.0,62.0,4.0,9.0,41,49,6,7,27.0,1.0,0.0,0.0
2021-02-19,Fri,True,False,1,1,0,1,1,1,1,0,0,0,1,0,0,0,0,0,0,0,1,1,1,1,1,1,3,7.0,13.5,0.0,0.0,26.0,0.0,0.0,0.0,0.0,0.0,28.0,63.0,4.0,9.0,40,50,6,7,26.0,2.0,0.0,0.0
2021-02-20,Sat,False,False,0,0,0,0,0,0,0,0,0,0,0,0,0,0,0,0,0,0,0,0,0,0,0,0,0,0.0,13.5,27.0,1.0,25.0,27.0,27.0,1.0,0.0,0.0,27.0,64.0,4.0,9.0,39,51,6,7,25.0,3.0,0.0,0.0
2021-02-21,Sun,False,False,0,0,0,0,0,0,0,0,0,0,0,0,0,0,0,0,0,0,0,0,0,0,0,0,0,0.0,13.5,26.0,2.0,24.0,26.0,26.0,2.0,0.0,0.0,26.0,65.0,4.0,9.0,38,52,6,7,24.0,4.0,0.0,0.0
2021-02-22,Mon,True,False,0,0,0,0,0,1,1,0,0,0,1,0,0,0,0,0,0,0,1,1,0,0,1,1,1,2.0,12.5,25.0,3.0,23.0,25.0,25.0,3.0,3.0,1.0,25.0,66.0,3.0,10.0,37,53,5,8,23.0,5.0,3.0,1.0
2021-02-23,Tue,True,False,0,0,0,0,0,0,0,0,0,0,0,0,0,0,0,0,0,0,0,0,0,0,0,0,0,0.0,12.5,24.0,4.0,22.0,24.0,24.0,4.0,3.0,1.0,24.0,67.0,3.0,10.0,36,54,5,8,22.0,6.0,3.0,1.0
2021-02-24,Wed,True,False,0,0,0,0,0,1,1,0,0,0,1,0,0,0,0,0,1,0,1,1,0,0,1,1,2,2.5,11.5,23.0,5.0,21.0,23.0,23.0,5.0,3.0,1.0,23.0,68.0,3.0,10.0,35,55,5,8,21.0,7.0,3.0,1.0
2021-02-25,Thu,True,False,0,0,0,0,0,0,0,0,0,0,0,0,0,0,0,0,0,0,0,0,0,0,0,0,0,0.0,11.5,22.0,6.0,20.0,22.0,22.0,6.0,3.0,1.0,22.0,69.0,3.0,10.0,34,56,5,8,20.0,8.0,3.0,1.0
2021-02-26,Fri,True,False,0,0,1,0,0,0,0,0,0,0,0,1,1,0,0,0,0,1,1,1,0,0,0,1,3,3.5,8.0,21.0,7.0,19.0,21.0,21.0,7.0,3.0,1.0,21.0,70.0,3.0,10.0,33,57,5,8,19.0,9.0,3.0,1.0
2021-02-27,Sat,False,False,0,0,0,0,0,0,0,0,0,0,0,0,0,0,0,0,0,0,0,0,0,0,0,0,0,0.0,8.0,20.0,8.0,18.0,20.0,20.0,8.0,3.0,1.0,20.0,71.0,3.0,10.0,32,58,5,8,18.0,10.0,3.0,1.0
2021-02-28,Sun,False,False,0,0,0,0,0,0,0,0,0,0,0,0,0,0,0,0,0,0,0,0,0,0,0,0,0,0.0,8.0,19.0,9.0,17.0,19.0,19.0,9.0,3.0,1.0,19.0,72.0,3.0,10.0,31,59,5,8,17.0,11.0,3.0,1.0
2021-03-01,Mon,True,False,0,0,0,0,0,1,1,0,0,0,1,0,0,0,0,0,0,0,1,1,0,0,1,1,1,2.0,8.0,18.0,10.0,16.0,18.0,18.0,10.0,2.0,2.0,18.0,73.0,2.0,11.0,30,60,4,9,16.0,12.0,2.0,2.0
2021-03-02,Tue,True,False,0,0,0,0,0,0,0,0,0,0,0,0,0,0,0,0,0,0,0,0,0,0,0,0,0,0.0,8.0,17.0,11.0,15.0,17.0,17.0,11.0,2.0,2.0,17.0,74.0,2.0,11.0,29,61,4,9,15.0,13.0,2.0,2.0
2021-03-03,Wed,True,False,0,0,0,0,0,1,1,0,0,0,1,0,0,0,0,0,1,0,1,1,0,0,1,1,2,2.5,8.0,16.0,12.0,14.0,16.0,16.0,12.0,2.0,2.0,16.0,75.0,2.0,11.0,28,62,4,9,14.0,14.0,2.0,2.0
2021-03-04,Thu,True,False,0,0,0,0,0,0,0,0,0,0,0,0,0,0,0,0,0,0,0,0,0,0,0,0,0,0.0,8.0,15.0,13.0,13.0,15.0,15.0,13.0,2.0,2.0,15.0,76.0,2.0,11.0,27,63,4,9,13.0,15.0,2.0,2.0
2021-03-05,Fri,True,False,0,0,1,0,0,1,1,0,0,0,1,0,0,0,0,0,0,0,1,1,0,0,1,1,2,3.0,7.5,14.0,14.0,12.0,14.0,14.0,14.0,2.0,2.0,14.0,77.0,2.0,11.0,26,64,4,9,12.0,16.0,2.0,2.0
2021-03-06,Sat,False,False,0,0,0,0,0,0,0,0,0,0,0,0,0,0,0,0,0,0,0,0,0,0,0,0,0,0.0,7.5,13.0,15.0,11.0,13.0,13.0,15.0,2.0,2.0,13.0,78.0,2.0,11.0,25,65,4,9,11.0,17.0,2.0,2.0
2021-03-07,Sun,False,False,0,0,0,0,0,0,0,0,0,0,0,0,0,0,0,0,0,0,0,0,0,0,0,0,0,0.0,7.5,12.0,16.0,10.0,12.0,12.0,16.0,2.0,2.0,12.0,79.0,2.0,11.0,24,66,4,9,10.0,18.0,2.0,2.0
2021-03-08,Mon,True,False,0,0,0,0,0,1,1,0,0,0,1,0,0,0,0,0,0,0,1,1,0,0,1,1,1,2.0,7.5,11.0,17.0,9.0,11.0,11.0,17.0,1.0,3.0,11.0,80.0,1.0,12.0,23,67,3,10,9.0,19.0,1.0,3.0
2021-03-09,Tue,True,False,0,0,0,0,0,0,0,0,0,0,0,0,0,0,0,0,0,0,0,0,0,0,0,0,0,0.0,7.5,10.0,18.0,8.0,10.0,10.0,18.0,1.0,3.0,10.0,81.0,1.0,12.0,22,68,3,10,8.0,20.0,1.0,3.0
2021-03-10,Wed,True,False,0,0,0,0,0,1,1,0,0,0,1,0,0,0,0,0,1,0,1,1,0,0,1,1,2,2.5,7.5,9.0,19.0,7.0,9.0,9.0,19.0,1.0,3.0,9.0,82.0,1.0,12.0,21,69,3,10,7.0,21.0,1.0,3.0
2021-03-11,Thu,True,False,0,0,0,0,0,0,0,0,0,0,0,0,0,0,0,0,0,0,0,0,0,0,0,0,0,0.0,7.5,8.0,20.0,6.0,8.0,8.0,20.0,1.0,3.0,8.0,83.0,1.0,12.0,20,70,3,10,6.0,22.0,1.0,3.0
2021-03-12,Fri,True,False,0,0,1,0,0,1,1,0,0,0,1,0,0,0,0,0,0,0,1,1,0,0,1,1,2,3.0,7.5,7.0,21.0,5.0,7.0,7.0,21.0,1.0,3.0,7.0,84.0,1.0,12.0,19,71,3,10,5.0,23.0,1.0,3.0
2021-03-13,Sat,False,False,0,0,0,0,0,0,0,0,0,0,0,0,0,0,0,0,0,0,0,0,0,0,0,0,0,0.0,7.5,6.0,22.0,4.0,6.0,6.0,22.0,1.0,3.0,6.0,85.0,1.0,12.0,18,72,3,10,4.0,24.0,1.0,3.0
2021-03-14,Sun,False,False,0,0,0,0,0,0,0,0,0,0,0,0,0,0,0,0,0,0,0,0,0,0,0,0,0,0.0,7.5,5.0,23.0,3.0,5.0,5.0,23.0,1.0,3.0,5.0,86.0,1.0,12.0,17,73,3,10,3.0,25.0,1.0,3.0
2021-03-15,Mon,True,False,0,0,0,0,0,1,1,0,0,0,1,0,0,0,0,0,0,0,1,1,0,0,1,1,1,2.0,7.5,4.0,24.0,2.0,4.0,4.0,24.0,0.0,0.0,4.0,87.0,0.0,0.0,16,74,2,11,2.0,26.0,0.0,0.0
2021-03-16,Tue,True,False,0,0,0,0,0,0,0,0,0,0,0,0,0,0,0,0,0,0,0,0,0,0,0,0,0,0.0,7.5,3.0,25.0,1.0,3.0,3.0,25.0,0.0,0.0,3.0,88.0,0.0,0.0,15,75,2,11,1.0,27.0,0.0,0.0
2021-03-17,Wed,True,False,0,0,0,0,0,1,1,0,0,0,1,0,0,0,0,1,0,0,1,1,0,0,1,1,2,3.5,8.5,2.0,26.0,0.0,2.0,2.0,26.0,0.0,0.0,2.0,89.0,0.0,0.0,14,76,2,11,0.0,0.0,0.0,0.0
2021-03-18,Thu,True,False,0,0,0,0,0,0,0,0,0,0,0,0,0,0,0,0,0,0,0,0,0,0,0,0,0,0.0,8.5,1.0,27.0,34.0,1.0,1.0,27.0,0.0,0.0,1.0,90.0,0.0,0.0,13,77,2,11,34.0,1.0,0.0,0.0
2021-03-19,Fri,True,False,1,1,0,1,1,1,1,0,0,0,1,0,0,0,0,0,0,0,1,1,1,1,1,1,3,7.0,12.5,0.0,0.0,33.0,0.0,0.0,0.0,0.0,0.0,0.0,0.0,0.0,0.0,12,78,2,11,33.0,2.0,0.0,0.0
2021-03-20,Sat,False,False,0,0,0,0,0,0,0,0,0,0,0,0,0,0,0,0,0,0,0,0,0,0,0,0,0,0.0,12.5,27.0,1.0,32.0,27.0,27.0,1.0,0.0,0.0,90.0,1.0,0.0,0.0,11,79,2,11,32.0,3.0,0.0,0.0
2021-03-21,Sun,False,False,0,0,0,0,0,0,0,0,0,0,0,0,0,0,0,0,0,0,0,0,0,0,0,0,0,0.0,12.5,26.0,2.0,31.0,26.0,26.0,2.0,0.0,0.0,89.0,2.0,0.0,0.0,10,80,2,11,31.0,4.0,0.0,0.0
2021-03-22,Mon,True,False,0,0,0,0,0,1,1,0,0,0,1,0,0,0,0,0,0,0,1,1,0,0,1,1,1,2.0,12.5,25.0,3.0,30.0,25.0,25.0,3.0,3.0,1.0,88.0,3.0,12.0,1.0,9,81,1,12,30.0,5.0,4.0,1.0
2021-03-23,Tue,True,False,0,0,0,0,0,0,0,0,0,0,0,0,0,0,0,0,0,0,0,0,0,0,0,0,0,0.0,12.5,24.0,4.0,29.0,24.0,24.0,4.0,3.0,1.0,87.0,4.0,12.0,1.0,8,82,1,12,29.0,6.0,4.0,1.0
2021-03-24,Wed,True,False,0,0,0,0,0,1,1,0,0,0,1,0,0,0,0,0,1,0,1,1,0,0,1,1,2,2.5,11.5,23.0,5.0,28.0,23.0,23.0,5.0,3.0,1.0,86.0,5.0,12.0,1.0,7,83,1,12,28.0,7.0,4.0,1.0
2021-03-25,Thu,True,False,0,0,0,0,0,0,0,0,0,0,0,0,0,0,0,0,0,0,0,0,0,0,0,0,0,0.0,11.5,22.0,6.0,27.0,22.0,22.0,6.0,3.0,1.0,85.0,6.0,12.0,1.0,6,84,1,12,27.0,8.0,4.0,1.0
2021-03-26,Fri,True,False,0,0,1,0,0,1,1,0,0,0,1,0,0,0,0,0,0,0,1,1,0,0,1,1,2,3.0,7.5,21.0,7.0,26.0,21.0,21.0,7.0,3.0,1.0,84.0,7.0,12.0,1.0,5,85,1,12,26.0,9.0,4.0,1.0
2021-03-27,Sat,False,False,0,0,0,0,0,0,0,0,0,0,0,0,0,0,0,0,0,0,0,0,0,0,0,0,0,0.0,7.5,20.0,8.0,25.0,20.0,20.0,8.0,3.0,1.0,83.0,8.0,12.0,1.0,4,86,1,12,25.0,10.0,4.0,1.0
2021-03-28,Sun,False,False,0,0,0,0,0,0,0,0,0,0,0,0,0,0,0,0,0,0,0,0,0,0,0,0,0,0.0,7.5,19.0,9.0,24.0,19.0,19.0,9.0,3.0,1.0,82.0,9.0,12.0,1.0,3,87,1,12,24.0,11.0,4.0,1.0
2021-03-29,Mon,True,False,0,0,0,0,0,1,1,0,0,0,1,0,0,0,0,0,0,0,1,1,0,0,1,1,1,2.0,7.5,18.0,10.0,23.0,18.0,18.0,10.0,2.0,2.0,81.0,10.0,11.0,2.0,2,88,0,0,23.0,12.0,3.0,2.0
2021-03-30,Tue,True,False,0,0,0,0,0,0,0,0,0,0,0,0,0,0,0,0,0,0,0,0,0,0,0,0,0,0.0,7.5,17.0,11.0,22.0,17.0,17.0,11.0,2.0,2.0,80.0,11.0,11.0,2.0,1,89,0,0,22.0,13.0,3.0,2.0
2021-03-31,Wed,True,False,0,0,0,0,0,0,0,0,0,0,0,1,1,1,1,0,1,0,1,1,0,0,0,1,3,5.0,10.0,16.0,12.0,21.0,16.0,16.0,12.0,2.0,2.0,79.0,12.0,11.0,2.0,0,0,0,0,21.0,14.0,3.0,2.0
2021-04-01,Thu,True,False,0,0,0,0,0,0,0,0,0,0,0,0,0,0,0,0,0,0,0,0,0,0,0,0,0,0.0,10.0,15.0,13.0,20.0,15.0,15.0,13.0,2.0,2.0,78.0,13.0,11.0,2.0,90,1,0,0,20.0,15.0,3.0,2.0
2021-04-02,Fri,False,True,0,0,0,0,0,0,0,0,0,0,0,0,0,0,0,0,0,0,0,0,0,0,0,0,0,0.0,10.0,14.0,14.0,19.0,14.0,14.0,14.0,2.0,2.0,77.0,14.0,11.0,2.0,89,2,0,0,19.0,16.0,3.0,2.0
2021-04-03,Sat,False,False,0,0,0,0,0,0,0,0,0,0,0,0,0,0,0,0,0,0,0,0,0,0,0,0,0,0.0,10.0,13.0,15.0,18.0,13.0,13.0,15.0,2.0,2.0,76.0,15.0,11.0,2.0,88,3,0,0,18.0,17.0,3.0,2.0
2021-04-04,Sun,False,False,0,0,0,0,0,0,0,0,0,0,0,0,0,0,0,0,0,0,0,0,0,0,0,0,0,0.0,10.0,12.0,16.0,17.0,12.0,12.0,16.0,2.0,2.0,75.0,16.0,11.0,2.0,87,4,0,0,17.0,18.0,3.0,2.0
2021-04-05,Mon,True,False,0,0,0,0,0,1,1,0,0,0,1,0,0,0,0,0,0,0,1,1,0,0,1,1,1,2.0,9.0,11.0,17.0,16.0,11.0,11.0,17.0,1.0,3.0,74.0,17.0,10.0,3.0,86,5,12,1,16.0,19.0,2.0,3.0
2021-04-06,Tue,True,False,0,0,0,0,0,0,0,0,0,0,0,0,0,0,0,0,0,0,0,0,0,0,0,0,0,0.0,7.0,10.0,18.0,15.0,10.0,10.0,18.0,1.0,3.0,73.0,18.0,10.0,3.0,85,6,12,1,15.0,20.0,2.0,3.0
2021-04-07,Wed,True,False,0,0,0,0,0,1,1,0,0,0,1,0,0,0,0,0,1,0,1,1,0,0,1,1,2,2.5,9.5,9.0,19.0,14.0,9.0,9.0,19.0,1.0,3.0,72.0,19.0,10.0,3.0,84,7,12,1,14.0,21.0,2.0,3.0
2021-04-08,Thu,True,False,0,0,0,0,0,0,0,0,0,0,0,0,0,0,0,0,0,0,0,0,0,0,0,0,0,0.0,4.5,8.0,20.0,13.0,8.0,8.0,20.0,1.0,3.0,71.0,20.0,10.0,3.0,83,8,12,1,13.0,22.0,2.0,3.0
2021-04-09,Fri,True,False,0,0,1,0,0,1,1,0,0,0,1,0,0,0,0,0,0,0,1,1,0,0,1,1,2,3.0,7.5,7.0,21.0,12.0,7.0,7.0,21.0,1.0,3.0,70.0,21.0,10.0,3.0,82,9,12,1,12.0,23.0,2.0,3.0
2021-04-10,Sat,False,False,0,0,0,0,0,0,0,0,0,0,0,0,0,0,0,0,0,0,0,0,0,0,0,0,0,0.0,7.5,6.0,22.0,11.0,6.0,6.0,22.0,1.0,3.0,69.0,22.0,10.0,3.0,81,10,12,1,11.0,24.0,2.0,3.0
2021-04-11,Sun,False,False,0,0,0,0,0,0,0,0,0,0,0,0,0,0,0,0,0,0,0,0,0,0,0,0,0,0.0,7.5,5.0,23.0,10.0,5.0,5.0,23.0,1.0,3.0,68.0,23.0,10.0,3.0,80,11,12,1,10.0,25.0,2.0,3.0
2021-04-12,Mon,True,False,0,0,0,0,0,1,1,0,0,0,1,0,0,0,0,0,0,0,1,1,0,0,1,1,1,2.0,7.5,4.0,24.0,9.0,4.0,4.0,24.0,0.0,0.0,67.0,24.0,9.0,4.0,79,12,11,2,9.0,26.0,1.0,4.0
2021-04-13,Tue,True,False,0,0,0,0,0,0,0,0,0,0,0,0,0,0,0,0,0,0,0,0,0,0,0,0,0,0.0,7.5,3.0,25.0,8.0,3.0,3.0,25.0,0.0,0.0,66.0,25.0,9.0,4.0,78,13,11,2,8.0,27.0,1.0,4.0
2021-04-14,Wed,True,False,0,0,0,0,0,1,1,0,0,0,1,0,0,0,0,0,1,0,1,1,0,0,1,1,2,2.5,7.5,2.0,26.0,7.0,2.0,2.0,26.0,0.0,0.0,65.0,26.0,9.0,4.0,77,14,11,2,7.0,28.0,1.0,4.0
2021-04-15,Thu,True,False,0,0,0,0,0,0,0,0,0,0,0,0,0,0,0,0,0,0,0,0,0,0,0,0,0,0.0,7.5,1.0,27.0,6.0,1.0,1.0,27.0,0.0,0.0,64.0,27.0,9.0,4.0,76,15,11,2,6.0,29.0,1.0,4.0
2021-04-16,Fri,True,False,1,1,0,1,1,1,1,0,0,0,1,0,0,0,0,0,0,0,1,1,1,1,1,1,3,7.0,11.5,0.0,0.0,5.0,0.0,0.0,0.0,0.0,0.0,63.0,28.0,9.0,4.0,75,16,11,2,5.0,30.0,1.0,4.0
2021-04-17,Sat,False,False,0,0,0,0,0,0,0,0,0,0,0,0,0,0,0,0,0,0,0,0,0,0,0,0,0,0.0,11.5,34.0,1.0,4.0,34.0,34.0,1.0,0.0,0.0,62.0,29.0,9.0,4.0,74,17,11,2,4.0,31.0,1.0,4.0
2021-04-18,Sun,False,False,0,0,0,0,0,0,0,0,0,0,0,0,0,0,0,0,0,0,0,0,0,0,0,0,0,0.0,11.5,33.0,2.0,3.0,33.0,33.0,2.0,0.0,0.0,61.0,30.0,9.0,4.0,73,18,11,2,3.0,32.0,1.0,4.0
2021-04-19,Mon,True,False,0,0,0,0,0,1,1,0,0,0,1,0,0,0,0,0,0,0,1,1,0,0,1,1,1,2.0,11.5,32.0,3.0,2.0,32.0,32.0,3.0,4.0,1.0,60.0,31.0,8.0,5.0,72,19,10,3,2.0,33.0,0.0,0.0
2021-04-20,Tue,True,False,0,0,0,0,0,0,0,0,0,0,0,0,0,0,0,0,0,0,0,0,0,0,0,0,0,0.0,11.5,31.0,4.0,1.0,31.0,31.0,4.0,4.0,1.0,59.0,32.0,8.0,5.0,71,20,10,3,1.0,34.0,0.0,0.0
2021-04-21,Wed,True,False,0,0,0,0,0,1,1,0,0,0,1,0,0,0,0,1,0,0,1,1,0,0,1,1,2,3.5,12.5,30.0,5.0,0.0,30.0,30.0,5.0,4.0,1.0,58.0,33.0,8.0,5.0,70,21,10,3,0.0,0.0,0.0,0.0
2021-04-22,Thu,True,False,0,0,0,0,0,0,0,0,0,0,0,0,0,0,0,0,0,0,0,0,0,0,0,0,0,0.0,12.5,29.0,6.0,27.0,29.0,29.0,6.0,4.0,1.0,57.0,34.0,8.0,5.0,69,22,10,3,27.0,1.0,0.0,0.0
2021-04-23,Fri,True,False,0,0,1,0,0,1,1,0,0,0,1,0,0,0,0,0,0,0,1,1,0,0,1,1,2,3.0,8.5,28.0,7.0,26.0,28.0,28.0,7.0,4.0,1.0,56.0,35.0,8.0,5.0,68,23,10,3,26.0,2.0,0.0,0.0
2021-04-24,Sat,False,False,0,0,0,0,0,0,0,0,0,0,0,0,0,0,0,0,0,0,0,0,0,0,0,0,0,0.0,8.5,27.0,8.0,25.0,27.0,27.0,8.0,4.0,1.0,55.0,36.0,8.0,5.0,67,24,10,3,25.0,3.0,0.0,0.0
2021-04-25,Sun,False,False,0,0,0,0,0,0,0,0,0,0,0,0,0,0,0,0,0,0,0,0,0,0,0,0,0,0.0,8.5,26.0,9.0,24.0,26.0,26.0,9.0,4.0,1.0,54.0,37.0,8.0,5.0,66,25,10,3,24.0,4.0,0.0,0.0
2021-04-26,Mon,True,False,0,0,0,0,0,1,1,0,0,0,1,0,0,0,0,0,0,0,1,1,0,0,1,1,1,2.0,8.5,25.0,10.0,23.0,25.0,25.0,10.0,3.0,2.0,53.0,38.0,7.0,6.0,65,26,9,4,23.0,5.0,3.0,1.0
2021-04-27,Tue,True,False,0,0,0,0,0,0,0,0,0,0,0,0,0,0,0,0,0,0,0,0,0,0,0,0,0,0.0,8.5,24.0,11.0,22.0,24.0,24.0,11.0,3.0,2.0,52.0,39.0,7.0,6.0,64,27,9,4,22.0,6.0,3.0,1.0
2021-04-28,Wed,True,False,0,0,0,0,0,1,1,0,0,0,1,0,0,0,0,0,1,0,1,1,0,0,1,1,2,2.5,7.5,23.0,12.0,21.0,23.0,23.0,12.0,3.0,2.0,51.0,40.0,7.0,6.0,63,28,9,4,21.0,7.0,3.0,1.0
2021-04-29,Thu,True,False,0,0,0,0,0,0,0,0,0,0,0,0,0,0,0,0,0,0,0,0,0,0,0,0,0,0.0,7.5,22.0,13.0,20.0,22.0,22.0,13.0,3.0,2.0,50.0,41.0,7.0,6.0,62,29,9,4,20.0,8.0,3.0,1.0
2021-04-30,Fri,True,False,0,0,1,0,0,0,0,0,0,0,0,1,1,0,0,0,0,0,1,1,0,0,0,1,2,3.0,7.5,21.0,14.0,19.0,21.0,21.0,14.0,3.0,2.0,49.0,42.0,7.0,6.0,61,30,9,4,19.0,9.0,3.0,1.0
2021-05-01,Sat,False,False,0,0,0,0,0,0,0,0,0,0,0,0,0,0,0,0,0,0,0,0,0,0,0,0,0,0.0,7.5,20.0,15.0,18.0,20.0,20.0,15.0,3.0,2.0,48.0,43.0,7.0,6.0,60,31,9,4,18.0,10.0,3.0,1.0
2021-05-02,Sun,False,False,0,0,0,0,0,0,0,0,0,0,0,0,0,0,0,0,0,0,0,0,0,0,0,0,0,0.0,7.5,19.0,16.0,17.0,19.0,19.0,16.0,3.0,2.0,47.0,44.0,7.0,6.0,59,32,9,4,17.0,11.0,3.0,1.0
2021-05-03,Mon,True,False,0,0,0,0,0,1,1,0,0,0,1,0,0,0,0,0,0,0,1,1,0,0,1,1,1,2.0,7.5,18.0,17.0,16.0,18.0,18.0,17.0,2.0,3.0,46.0,45.0,6.0,7.0,58,33,8,5,16.0,12.0,2.0,2.0
2021-05-04,Tue,True,False,0,0,0,0,0,0,0,0,0,0,0,0,0,0,0,0,0,0,0,0,0,0,0,0,0,0.0,7.5,17.0,18.0,15.0,17.0,17.0,18.0,2.0,3.0,45.0,46.0,6.0,7.0,57,34,8,5,15.0,13.0,2.0,2.0
2021-05-05,Wed,True,False,0,0,0,0,0,1,1,0,0,0,1,0,0,0,0,0,1,0,1,1,0,0,1,1,2,2.5,7.5,16.0,19.0,14.0,16.0,16.0,19.0,2.0,3.0,44.0,47.0,6.0,7.0,56,35,8,5,14.0,14.0,2.0,2.0
2021-05-06,Thu,True,False,0,0,0,0,0,0,0,0,0,0,0,0,0,0,0,0,0,0,0,0,0,0,0,0,0,0.0,7.5,15.0,20.0,13.0,15.0,15.0,20.0,2.0,3.0,43.0,48.0,6.0,7.0,55,36,8,5,13.0,15.0,2.0,2.0
2021-05-07,Fri,True,False,0,0,1,0,0,1,1,0,0,0,1,0,0,0,0,0,0,0,1,1,0,0,1,1,2,3.0,7.5,14.0,21.0,12.0,14.0,14.0,21.0,2.0,3.0,42.0,49.0,6.0,7.0,54,37,8,5,12.0,16.0,2.0,2.0
2021-05-08,Sat,False,False,0,0,0,0,0,0,0,0,0,0,0,0,0,0,0,0,0,0,0,0,0,0,0,0,0,0.0,7.5,13.0,22.0,11.0,13.0,13.0,22.0,2.0,3.0,41.0,50.0,6.0,7.0,53,38,8,5,11.0,17.0,2.0,2.0
2021-05-09,Sun,False,False,0,0,0,0,0,0,0,0,0,0,0,0,0,0,0,0,0,0,0,0,0,0,0,0,0,0.0,7.5,12.0,23.0,10.0,12.0,12.0,23.0,2.0,3.0,40.0,51.0,6.0,7.0,52,39,8,5,10.0,18.0,2.0,2.0
2021-05-10,Mon,True,False,0,0,0,0,0,1,1,0,0,0,1,0,0,0,0,0,0,0,1,1,0,0,1,1,1,2.0,7.5,11.0,24.0,9.0,11.0,11.0,24.0,1.0,4.0,39.0,52.0,5.0,8.0,51,40,7,6,9.0,19.0,1.0,3.0
2021-05-11,Tue,True,False,0,0,0,0,0,0,0,0,0,0,0,0,0,0,0,0,0,0,0,0,0,0,0,0,0,0.0,7.5,10.0,25.0,8.0,10.0,10.0,25.0,1.0,4.0,38.0,53.0,5.0,8.0,50,41,7,6,8.0,20.0,1.0,3.0
2021-05-12,Wed,True,False,0,0,0,0,0,1,1,0,0,0,1,0,0,0,0,0,1,0,1,1,0,0,1,1,2,2.5,7.5,9.0,26.0,7.0,9.0,9.0,26.0,1.0,4.0,37.0,54.0,5.0,8.0,49,42,7,6,7.0,21.0,1.0,3.0
2021-05-13,Thu,True,False,0,0,0,0,0,0,0,0,0,0,0,0,0,0,0,0,0,0,0,0,0,0,0,0,0,0.0,7.5,8.0,27.0,6.0,8.0,8.0,27.0,1.0,4.0,36.0,55.0,5.0,8.0,48,43,7,6,6.0,22.0,1.0,3.0
2021-05-14,Fri,True,False,0,0,1,0,0,1,1,0,0,0,1,0,0,0,0,0,0,0,1,1,0,0,1,1,2,3.0,7.5,7.0,28.0,5.0,7.0,7.0,28.0,1.0,4.0,35.0,56.0,5.0,8.0,47,44,7,6,5.0,23.0,1.0,3.0
2021-05-15,Sat,False,False,0,0,0,0,0,0,0,0,0,0,0,0,0,0,0,0,0,0,0,0,0,0,0,0,0,0.0,7.5,6.0,29.0,4.0,6.0,6.0,29.0,1.0,4.0,34.0,57.0,5.0,8.0,46,45,7,6,4.0,24.0,1.0,3.0
2021-05-16,Sun,False,False,0,0,0,0,0,0,0,0,0,0,0,0,0,0,0,0,0,0,0,0,0,0,0,0,0,0.0,7.5,5.0,30.0,3.0,5.0,5.0,30.0,1.0,4.0,33.0,58.0,5.0,8.0,45,46,7,6,3.0,25.0,1.0,3.0
2021-05-17,Mon,True,False,0,0,0,0,0,1,1,0,0,0,1,0,0,0,0,0,0,0,1,1,0,0,1,1,1,2.0,7.5,4.0,31.0,2.0,4.0,4.0,31.0,0.0,0.0,32.0,59.0,4.0,9.0,44,47,6,7,2.0,26.0,0.0,0.0
2021-05-18,Tue,True,False,0,0,0,0,0,0,0,0,0,0,0,0,0,0,0,0,0,0,0,0,0,0,0,0,0,0.0,7.5,3.0,32.0,1.0,3.0,3.0,32.0,0.0,0.0,31.0,60.0,4.0,9.0,43,48,6,7,1.0,27.0,0.0,0.0
2021-05-19,Wed,True,False,0,0,0,0,0,1,1,0,0,0,1,0,0,0,0,1,0,0,1,1,0,0,1,1,2,3.5,8.5,2.0,33.0,0.0,2.0,2.0,33.0,0.0,0.0,30.0,61.0,4.0,9.0,42,49,6,7,0.0,0.0,0.0,0.0
2021-05-20,Thu,True,False,0,0,0,0,0,0,0,0,0,0,0,0,0,0,0,0,0,0,0,0,0,0,0,0,0,0.0,8.5,1.0,34.0,27.0,1.0,1.0,34.0,0.0,0.0,29.0,62.0,4.0,9.0,41,50,6,7,27.0,1.0,0.0,0.0
2021-05-21,Fri,True,False,1,1,0,1,1,1,1,0,0,0,1,0,0,0,0,0,0,0,1,1,1,1,1,1,3,7.0,12.5,0.0,0.0,26.0,0.0,0.0,0.0,0.0,0.0,28.0,63.0,4.0,9.0,40,51,6,7,26.0,2.0,0.0,0.0
2021-05-22,Sat,False,False,0,0,0,0,0,0,0,0,0,0,0,0,0,0,0,0,0,0,0,0,0,0,0,0,0,0.0,12.5,27.0,1.0,25.0,27.0,27.0,1.0,0.0,0.0,27.0,64.0,4.0,9.0,39,52,6,7,25.0,3.0,0.0,0.0
2021-05-23,Sun,False,False,0,0,0,0,0,0,0,0,0,0,0,0,0,0,0,0,0,0,0,0,0,0,0,0,0,0.0,12.5,26.0,2.0,24.0,26.0,26.0,2.0,0.0,0.0,26.0,65.0,4.0,9.0,38,53,6,7,24.0,4.0,0.0,0.0
2021-05-24,Mon,True,False,0,0,0,0,0,1,1,0,0,0,1,0,0,0,0,0,0,0,1,1,0,0,1,1,1,2.0,12.5,25.0,3.0,23.0,25.0,25.0,3.0,3.0,1.0,25.0,66.0,3.0,10.0,37,54,5,8,23.0,5.0,3.0,1.0
2021-05-25,Tue,True,False,0,0,0,0,0,0,0,0,0,0,0,0,0,0,0,0,0,0,0,0,0,0,0,0,0,0.0,12.5,24.0,4.0,22.0,24.0,24.0,4.0,3.0,1.0,24.0,67.0,3.0,10.0,36,55,5,8,22.0,6.0,3.0,1.0
2021-05-26,Wed,True,False,0,0,0,0,0,1,1,0,0,0,1,0,0,0,0,0,1,0,1,1,0,0,1,1,2,2.5,11.5,23.0,5.0,21.0,23.0,23.0,5.0,3.0,1.0,23.0,68.0,3.0,10.0,35,56,5,8,21.0,7.0,3.0,1.0
2021-05-27,Thu,True,False,0,0,0,0,0,0,0,0,0,0,0,0,0,0,0,0,0,0,0,0,0,0,0,0,0,0.0,11.5,22.0,6.0,20.0,22.0,22.0,6.0,3.0,1.0,22.0,69.0,3.0,10.0,34,57,5,8,20.0,8.0,3.0,1.0
2021-05-28,Fri,True,False,0,0,1,0,0,0,0,0,0,0,0,1,1,0,0,0,0,1,1,1,0,0,0,1,3,3.5,8.0,21.0,7.0,19.0,21.0,21.0,7.0,3.0,1.0,21.0,70.0,3.0,10.0,33,58,5,8,19.0,9.0,3.0,1.0
2021-05-29,Sat,False,False,0,0,0,0,0,0,0,0,0,0,0,0,0,0,0,0,0,0,0,0,0,0,0,0,0,0.0,8.0,20.0,8.0,18.0,20.0,20.0,8.0,3.0,1.0,20.0,71.0,3.0,10.0,32,59,5,8,18.0,10.0,3.0,1.0
2021-05-30,Sun,False,False,0,0,0,0,0,0,0,0,0,0,0,0,0,0,0,0,0,0,0,0,0,0,0,0,0,0.0,8.0,19.0,9.0,17.0,19.0,19.0,9.0,3.0,1.0,19.0,72.0,3.0,10.0,31,60,5,8,17.0,11.0,3.0,1.0
2021-05-31,Mon,False,True,0,0,0,0,0,0,0,0,0,0,0,0,0,0,0,0,0,0,0,0,0,0,0,0,0,0.0,8.0,18.0,10.0,16.0,18.0,18.0,10.0,2.0,2.0,18.0,73.0,2.0,11.0,30,61,4,9,16.0,12.0,2.0,2.0
2021-06-01,Tue,True,False,0,0,0,0,0,0,0,0,0,0,0,0,0,0,0,0,0,0,0,0,0,0,0,0,0,0.0,6.0,17.0,11.0,15.0,17.0,17.0,11.0,2.0,2.0,17.0,74.0,2.0,11.0,29,62,4,9,15.0,13.0,2.0,2.0
2021-06-02,Wed,True,False,0,0,0,0,0,1,1,0,0,0,1,0,0,0,0,0,1,0,1,1,0,0,1,1,2,2.5,8.5,16.0,12.0,14.0,16.0,16.0,12.0,2.0,2.0,16.0,75.0,2.0,11.0,28,63,4,9,14.0,14.0,2.0,2.0
2021-06-03,Thu,True,False,0,0,0,0,0,0,0,0,0,0,0,0,0,0,0,0,0,0,0,0,0,0,0,0,0,0.0,6.0,15.0,13.0,13.0,15.0,15.0,13.0,2.0,2.0,15.0,76.0,2.0,11.0,27,64,4,9,13.0,15.0,2.0,2.0
2021-06-04,Fri,True,False,0,0,1,0,0,1,1,0,0,0,1,0,0,0,0,0,0,0,1,1,0,0,1,1,2,3.0,9.0,14.0,14.0,12.0,14.0,14.0,14.0,2.0,2.0,14.0,77.0,2.0,11.0,26,65,4,9,12.0,16.0,2.0,2.0
2021-06-05,Sat,False,False,0,0,0,0,0,0,0,0,0,0,0,0,0,0,0,0,0,0,0,0,0,0,0,0,0,0.0,9.0,13.0,15.0,11.0,13.0,13.0,15.0,2.0,2.0,13.0,78.0,2.0,11.0,25,66,4,9,11.0,17.0,2.0,2.0
2021-06-06,Sun,False,False,0,0,0,0,0,0,0,0,0,0,0,0,0,0,0,0,0,0,0,0,0,0,0,0,0,0.0,9.0,12.0,16.0,10.0,12.0,12.0,16.0,2.0,2.0,12.0,79.0,2.0,11.0,24,67,4,9,10.0,18.0,2.0,2.0
2021-06-07,Mon,True,False,0,0,0,0,0,1,1,0,0,0,1,0,0,0,0,0,0,0,1,1,0,0,1,1,1,2.0,7.5,11.0,17.0,9.0,11.0,11.0,17.0,1.0,3.0,11.0,80.0,1.0,12.0,23,68,3,10,9.0,19.0,1.0,3.0
2021-06-08,Tue,True,False,0,0,0,0,0,0,0,0,0,0,0,0,0,0,0,0,0,0,0,0,0,0,0,0,0,0.0,7.5,10.0,18.0,8.0,10.0,10.0,18.0,1.0,3.0,10.0,81.0,1.0,12.0,22,69,3,10,8.0,20.0,1.0,3.0
2021-06-09,Wed,True,False,0,0,0,0,0,1,1,0,0,0,1,0,0,0,0,0,1,0,1,1,0,0,1,1,2,2.5,7.5,9.0,19.0,7.0,9.0,9.0,19.0,1.0,3.0,9.0,82.0,1.0,12.0,21,70,3,10,7.0,21.0,1.0,3.0
2021-06-10,Thu,True,False,0,0,0,0,0,0,0,0,0,0,0,0,0,0,0,0,0,0,0,0,0,0,0,0,0,0.0,7.5,8.0,20.0,6.0,8.0,8.0,20.0,1.0,3.0,8.0,83.0,1.0,12.0,20,71,3,10,6.0,22.0,1.0,3.0
2021-06-11,Fri,True,False,0,0,1,0,0,1,1,0,0,0,1,0,0,0,0,0,0,0,1,1,0,0,1,1,2,3.0,7.5,7.0,21.0,5.0,7.0,7.0,21.0,1.0,3.0,7.0,84.0,1.0,12.0,19,72,3,10,5.0,23.0,1.0,3.0
2021-06-12,Sat,False,False,0,0,0,0,0,0,0,0,0,0,0,0,0,0,0,0,0,0,0,0,0,0,0,0,0,0.0,7.5,6.0,22.0,4.0,6.0,6.0,22.0,1.0,3.0,6.0,85.0,1.0,12.0,18,73,3,10,4.0,24.0,1.0,3.0
2021-06-13,Sun,False,False,0,0,0,0,0,0,0,0,0,0,0,0,0,0,0,0,0,0,0,0,0,0,0,0,0,0.0,7.5,5.0,23.0,3.0,5.0,5.0,23.0,1.0,3.0,5.0,86.0,1.0,12.0,17,74,3,10,3.0,25.0,1.0,3.0
2021-06-14,Mon,True,False,0,0,0,0,0,1,1,0,0,0,1,0,0,0,0,0,0,0,1,1,0,0,1,1,1,2.0,7.5,4.0,24.0,2.0,4.0,4.0,24.0,0.0,0.0,4.0,87.0,0.0,0.0,16,75,2,11,2.0,26.0,0.0,0.0
2021-06-15,Tue,True,False,0,0,0,0,0,0,0,0,0,0,0,0,0,0,0,0,0,0,0,0,0,0,0,0,0,0.0,7.5,3.0,25.0,1.0,3.0,3.0,25.0,0.0,0.0,3.0,88.0,0.0,0.0,15,76,2,11,1.0,27.0,0.0,0.0
2021-06-16,Wed,True,False,0,0,0,0,0,1,1,0,0,0,1,0,0,0,0,1,0,0,1,1,0,0,1,1,2,3.5,8.5,2.0,26.0,0.0,2.0,2.0,26.0,0.0,0.0,2.0,89.0,0.0,0.0,14,77,2,11,0.0,0.0,0.0,0.0
2021-06-17,Thu,True,False,0,0,0,0,0,0,0,0,0,0,0,0,0,0,0,0,0,0,0,0,0,0,0,0,0,0.0,8.5,1.0,27.0,34.0,1.0,1.0,27.0,0.0,0.0,1.0,90.0,0.0,0.0,13,78,2,11,34.0,1.0,0.0,0.0
2021-06-18,Fri,True,False,1,1,0,1,1,1,1,0,0,0,1,0,0,0,0,0,0,0,1,1,1,1,1,1,3,7.0,12.5,0.0,0.0,33.0,0.0,0.0,0.0,0.0,0.0,0.0,0.0,0.0,0.0,12,79,2,11,33.0,2.0,0.0,0.0
2021-06-19,Sat,False,False,0,0,0,0,0,0,0,0,0,0,0,0,0,0,0,0,0,0,0,0,0,0,0,0,0,0.0,12.5,27.0,1.0,32.0,27.0,27.0,1.0,0.0,0.0,90.0,1.0,0.0,0.0,11,80,2,11,32.0,3.0,0.0,0.0
2021-06-20,Sun,False,False,0,0,0,0,0,0,0,0,0,0,0,0,0,0,0,0,0,0,0,0,0,0,0,0,0,0.0,12.5,26.0,2.0,31.0,26.0,26.0,2.0,0.0,0.0,89.0,2.0,0.0,0.0,10,81,2,11,31.0,4.0,0.0,0.0
2021-06-21,Mon,True,False,0,0,0,0,0,1,1,0,0,0,1,0,0,0,0,0,0,0,1,1,0,0,1,1,1,2.0,12.5,25.0,3.0,30.0,25.0,25.0,3.0,3.0,1.0,88.0,3.0,12.0,1.0,9,82,1,12,30.0,5.0,4.0,1.0
2021-06-22,Tue,True,False,0,0,0,0,0,0,0,0,0,0,0,0,0,0,0,0,0,0,0,0,0,0,0,0,0,0.0,12.5,24.0,4.0,29.0,24.0,24.0,4.0,3.0,1.0,87.0,4.0,12.0,1.0,8,83,1,12,29.0,6.0,4.0,1.0
2021-06-23,Wed,True,False,0,0,0,0,0,1,1,0,0,0,1,0,0,0,0,0,1,0,1,1,0,0,1,1,2,2.5,11.5,23.0,5.0,28.0,23.0,23.0,5.0,3.0,1.0,86.0,5.0,12.0,1.0,7,84,1,12,28.0,7.0,4.0,1.0
2021-06-24,Thu,True,False,0,0,0,0,0,0,0,0,0,0,0,0,0,0,0,0,0,0,0,0,0,0,0,0,0,0.0,11.5,22.0,6.0,27.0,22.0,22.0,6.0,3.0,1.0,85.0,6.0,12.0,1.0,6,85,1,12,27.0,8.0,4.0,1.0
2021-06-25,Fri,True,False,0,0,1,0,0,1,1,0,0,0,1,0,0,0,0,0,0,0,1,1,0,0,1,1,2,3.0,7.5,21.0,7.0,26.0,21.0,21.0,7.0,3.0,1.0,84.0,7.0,12.0,1.0,5,86,1,12,26.0,9.0,4.0,1.0
2021-06-26,Sat,False,False,0,0,0,0,0,0,0,0,0,0,0,0,0,0,0,0,0,0,0,0,0,0,0,0,0,0.0,7.5,20.0,8.0,25.0,20.0,20.0,8.0,3.0,1.0,83.0,8.0,12.0,1.0,4,87,1,12,25.0,10.0,4.0,1.0
2021-06-27,Sun,False,False,0,0,0,0,0,0,0,0,0,0,0,0,0,0,0,0,0,0,0,0,0,0,0,0,0,0.0,7.5,19.0,9.0,24.0,19.0,19.0,9.0,3.0,1.0,82.0,9.0,12.0,1.0,3,88,1,12,24.0,11.0,4.0,1.0
2021-06-28,Mon,True,False,0,0,0,0,0,1,1,0,0,0,1,0,0,0,0,0,0,0,1,1,0,0,1,1,1,2.0,7.5,18.0,10.0,23.0,18.0,18.0,10.0,2.0,2.0,81.0,10.0,11.0,2.0,2,89,0,0,23.0,12.0,3.0,2.0
2021-06-29,Tue,True,False,0,0,0,0,0,0,0,0,0,0,0,0,0,0,0,0,0,0,0,0,0,0,0,0,0,0.0,7.5,17.0,11.0,22.0,17.0,17.0,11.0,2.0,2.0,80.0,11.0,11.0,2.0,1,90,0,0,22.0,13.0,3.0,2.0
2021-06-30,Wed,True,False,0,0,0,0,0,0,0,0,0,0,0,1,1,1,1,0,1,0,1,1,0,0,0,1,3,5.0,10.0,16.0,12.0,21.0,16.0,16.0,12.0,2.0,2.0,79.0,12.0,11.0,2.0,0,0,0,0,21.0,14.0,3.0,2.0
2021-07-01,Thu,True,False,0,0,0,0,0,0,0,0,0,0,0,0,0,0,0,0,0,0,0,0,0,0,0,0,0,0.0,10.0,15.0,13.0,20.0,15.0,15.0,13.0,2.0,2.0,78.0,13.0,11.0,2.0,91,1,0,0,20.0,15.0,3.0,2.0
2021-07-02,Fri,True,False,0,0,1,0,0,1,1,0,0,0,1,0,0,0,0,0,0,0,1,1,0,0,1,1,2,3.0,10.0,14.0,14.0,19.0,14.0,14.0,14.0,2.0,2.0,77.0,14.0,11.0,2.0,90,2,0,0,19.0,16.0,3.0,2.0
2021-07-03,Sat,False,False,0,0,0,0,0,0,0,0,0,0,0,0,0,0,0,0,0,0,0,0,0,0,0,0,0,0.0,10.0,13.0,15.0,18.0,13.0,13.0,15.0,2.0,2.0,76.0,15.0,11.0,2.0,89,3,0,0,18.0,17.0,3.0,2.0
2021-07-04,Sun,False,False,0,0,0,0,0,0,0,0,0,0,0,0,0,0,0,0,0,0,0,0,0,0,0,0,0,0.0,10.0,12.0,16.0,17.0,12.0,12.0,16.0,2.0,2.0,75.0,16.0,11.0,2.0,88,4,0,0,17.0,18.0,3.0,2.0
2021-07-05,Mon,False,True,0,0,0,0,0,0,0,0,0,0,0,0,0,0,0,0,0,0,0,0,0,0,0,0,0,0.0,10.0,11.0,17.0,16.0,11.0,11.0,17.0,1.0,3.0,74.0,17.0,10.0,3.0,87,5,12,1,16.0,19.0,2.0,3.0
2021-07-06,Tue,True,False,0,0,0,0,0,0,0,0,0,0,0,0,0,0,0,0,0,0,0,0,0,0,0,0,0,0.0,8.0,10.0,18.0,15.0,10.0,10.0,18.0,1.0,3.0,73.0,18.0,10.0,3.0,86,6,12,1,15.0,20.0,2.0,3.0
2021-07-07,Wed,True,False,0,0,0,0,0,1,1,0,0,0,1,0,0,0,0,0,1,0,1,1,0,0,1,1,2,2.5,10.5,9.0,19.0,14.0,9.0,9.0,19.0,1.0,3.0,72.0,19.0,10.0,3.0,85,7,12,1,14.0,21.0,2.0,3.0
2021-07-08,Thu,True,False,0,0,0,0,0,0,0,0,0,0,0,0,0,0,0,0,0,0,0,0,0,0,0,0,0,0.0,5.5,8.0,20.0,13.0,8.0,8.0,20.0,1.0,3.0,71.0,20.0,10.0,3.0,84,8,12,1,13.0,22.0,2.0,3.0
2021-07-09,Fri,True,False,0,0,1,0,0,1,1,0,0,0,1,0,0,0,0,0,0,0,1,1,0,0,1,1,2,3.0,8.5,7.0,21.0,12.0,7.0,7.0,21.0,1.0,3.0,70.0,21.0,10.0,3.0,83,9,12,1,12.0,23.0,2.0,3.0
2021-07-10,Sat,False,False,0,0,0,0,0,0,0,0,0,0,0,0,0,0,0,0,0,0,0,0,0,0,0,0,0,0.0,8.5,6.0,22.0,11.0,6.0,6.0,22.0,1.0,3.0,69.0,22.0,10.0,3.0,82,10,12,1,11.0,24.0,2.0,3.0
2021-07-11,Sun,False,False,0,0,0,0,0,0,0,0,0,0,0,0,0,0,0,0,0,0,0,0,0,0,0,0,0,0.0,8.5,5.0,23.0,10.0,5.0,5.0,23.0,1.0,3.0,68.0,23.0,10.0,3.0,81,11,12,1,10.0,25.0,2.0,3.0
2021-07-12,Mon,True,False,0,0,0,0,0,1,1,0,0,0,1,0,0,0,0,0,0,0,1,1,0,0,1,1,1,2.0,7.5,4.0,24.0,9.0,4.0,4.0,24.0,0.0,0.0,67.0,24.0,9.0,4.0,80,12,11,2,9.0,26.0,1.0,4.0
2021-07-13,Tue,True,False,0,0,0,0,0,0,0,0,0,0,0,0,0,0,0,0,0,0,0,0,0,0,0,0,0,0.0,7.5,3.0,25.0,8.0,3.0,3.0,25.0,0.0,0.0,66.0,25.0,9.0,4.0,79,13,11,2,8.0,27.0,1.0,4.0
2021-07-14,Wed,True,False,0,0,0,0,0,1,1,0,0,0,1,0,0,0,0,0,1,0,1,1,0,0,1,1,2,2.5,7.5,2.0,26.0,7.0,2.0,2.0,26.0,0.0,0.0,65.0,26.0,9.0,4.0,78,14,11,2,7.0,28.0,1.0,4.0
2021-07-15,Thu,True,False,0,0,0,0,0,0,0,0,0,0,0,0,0,0,0,0,0,0,0,0,0,0,0,0,0,0.0,7.5,1.0,27.0,6.0,1.0,1.0,27.0,0.0,0.0,64.0,27.0,9.0,4.0,77,15,11,2,6.0,29.0,1.0,4.0
2021-07-16,Fri,True,False,1,1,0,1,1,1,1,0,0,0,1,0,0,0,0,0,0,0,1,1,1,1,1,1,3,7.0,11.5,0.0,0.0,5.0,0.0,0.0,0.0,0.0,0.0,63.0,28.0,9.0,4.0,76,16,11,2,5.0,30.0,1.0,4.0
2021-07-17,Sat,False,False,0,0,0,0,0,0,0,0,0,0,0,0,0,0,0,0,0,0,0,0,0,0,0,0,0,0.0,11.5,34.0,1.0,4.0,34.0,34.0,1.0,0.0,0.0,62.0,29.0,9.0,4.0,75,17,11,2,4.0,31.0,1.0,4.0
2021-07-18,Sun,False,False,0,0,0,0,0,0,0,0,0,0,0,0,0,0,0,0,0,0,0,0,0,0,0,0,0,0.0,11.5,33.0,2.0,3.0,33.0,33.0,2.0,0.0,0.0,61.0,30.0,9.0,4.0,74,18,11,2,3.0,32.0,1.0,4.0
2021-07-19,Mon,True,False,0,0,0,0,0,1,1,0,0,0,1,0,0,0,0,0,0,0,1,1,0,0,1,1,1,2.0,11.5,32.0,3.0,2.0,32.0,32.0,3.0,4.0,1.0,60.0,31.0,8.0,5.0,73,19,10,3,2.0,33.0,0.0,0.0
2021-07-20,Tue,True,False,0,0,0,0,0,0,0,0,0,0,0,0,0,0,0,0,0,0,0,0,0,0,0,0,0,0.0,11.5,31.0,4.0,1.0,31.0,31.0,4.0,4.0,1.0,59.0,32.0,8.0,5.0,72,20,10,3,1.0,34.0,0.0,0.0
2021-07-21,Wed,True,False,0,0,0,0,0,1,1,0,0,0,1,0,0,0,0,1,0,0,1,1,0,0,1,1,2,3.5,12.5,30.0,5.0,0.0,30.0,30.0,5.0,4.0,1.0,58.0,33.0,8.0,5.0,71,21,10,3,0.0,0.0,0.0,0.0
2021-07-22,Thu,True,False,0,0,0,0,0,0,0,0,0,0,0,0,0,0,0,0,0,0,0,0,0,0,0,0,0,0.0,12.5,29.0,6.0,27.0,29.0,29.0,6.0,4.0,1.0,57.0,34.0,8.0,5.0,70,22,10,3,27.0,1.0,0.0,0.0
2021-07-23,Fri,True,False,0,0,1,0,0,1,1,0,0,0,1,0,0,0,0,0,0,0,1,1,0,0,1,1,2,3.0,8.5,28.0,7.0,26.0,28.0,28.0,7.0,4.0,1.0,56.0,35.0,8.0,5.0,69,23,10,3,26.0,2.0,0.0,0.0
2021-07-24,Sat,False,False,0,0,0,0,0,0,0,0,0,0,0,0,0,0,0,0,0,0,0,0,0,0,0,0,0,0.0,8.5,27.0,8.0,25.0,27.0,27.0,8.0,4.0,1.0,55.0,36.0,8.0,5.0,68,24,10,3,25.0,3.0,0.0,0.0
2021-07-25,Sun,False,False,0,0,0,0,0,0,0,0,0,0,0,0,0,0,0,0,0,0,0,0,0,0,0,0,0,0.0,8.5,26.0,9.0,24.0,26.0,26.0,9.0,4.0,1.0,54.0,37.0,8.0,5.0,67,25,10,3,24.0,4.0,0.0,0.0
2021-07-26,Mon,True,False,0,0,0,0,0,1,1,0,0,0,1,0,0,0,0,0,0,0,1,1,0,0,1,1,1,2.0,8.5,25.0,10.0,23.0,25.0,25.0,10.0,3.0,2.0,53.0,38.0,7.0,6.0,66,26,9,4,23.0,5.0,3.0,1.0
2021-07-27,Tue,True,False,0,0,0,0,0,0,0,0,0,0,0,0,0,0,0,0,0,0,0,0,0,0,0,0,0,0.0,8.5,24.0,11.0,22.0,24.0,24.0,11.0,3.0,2.0,52.0,39.0,7.0,6.0,65,27,9,4,22.0,6.0,3.0,1.0
2021-07-28,Wed,True,False,0,0,0,0,0,1,1,0,0,0,1,0,0,0,0,0,1,0,1,1,0,0,1,1,2,2.5,7.5,23.0,12.0,21.0,23.0,23.0,12.0,3.0,2.0,51.0,40.0,7.0,6.0,64,28,9,4,21.0,7.0,3.0,1.0
2021-07-29,Thu,True,False,0,0,0,0,0,0,0,0,0,0,0,0,0,0,0,0,0,0,0,0,0,0,0,0,0,0.0,7.5,22.0,13.0,20.0,22.0,22.0,13.0,3.0,2.0,50.0,41.0,7.0,6.0,63,29,9,4,20.0,8.0,3.0,1.0
2021-07-30,Fri,True,False,0,0,1,0,0,0,0,0,0,0,0,1,1,0,0,0,0,1,1,1,0,0,0,1,3,3.5,8.0,21.0,14.0,19.0,21.0,21.0,14.0,3.0,2.0,49.0,42.0,7.0,6.0,62,30,9,4,19.0,9.0,3.0,1.0
2021-07-31,Sat,False,False,0,0,0,0,0,0,0,0,0,0,0,0,0,0,0,0,0,0,0,0,0,0,0,0,0,0.0,8.0,20.0,15.0,18.0,20.0,20.0,15.0,3.0,2.0,48.0,43.0,7.0,6.0,61,31,9,4,18.0,10.0,3.0,1.0
2021-08-01,Sun,False,False,0,0,0,0,0,0,0,0,0,0,0,0,0,0,0,0,0,0,0,0,0,0,0,0,0,0.0,8.0,19.0,16.0,17.0,19.0,19.0,16.0,3.0,2.0,47.0,44.0,7.0,6.0,60,32,9,4,17.0,11.0,3.0,1.0
2021-08-02,Mon,True,False,0,0,0,0,0,1,1,0,0,0,1,0,0,0,0,0,0,0,1,1,0,0,1,1,1,2.0,8.0,18.0,17.0,16.0,18.0,18.0,17.0,2.0,3.0,46.0,45.0,6.0,7.0,59,33,8,5,16.0,12.0,2.0,2.0
2021-08-03,Tue,True,False,0,0,0,0,0,0,0,0,0,0,0,0,0,0,0,0,0,0,0,0,0,0,0,0,0,0.0,8.0,17.0,18.0,15.0,17.0,17.0,18.0,2.0,3.0,45.0,46.0,6.0,7.0,58,34,8,5,15.0,13.0,2.0,2.0
2021-08-04,Wed,True,False,0,0,0,0,0,1,1,0,0,0,1,0,0,0,0,0,1,0,1,1,0,0,1,1,2,2.5,8.0,16.0,19.0,14.0,16.0,16.0,19.0,2.0,3.0,44.0,47.0,6.0,7.0,57,35,8,5,14.0,14.0,2.0,2.0
2021-08-05,Thu,True,False,0,0,0,0,0,0,0,0,0,0,0,0,0,0,0,0,0,0,0,0,0,0,0,0,0,0.0,8.0,15.0,20.0,13.0,15.0,15.0,20.0,2.0,3.0,43.0,48.0,6.0,7.0,56,36,8,5,13.0,15.0,2.0,2.0
2021-08-06,Fri,True,False,0,0,1,0,0,1,1,0,0,0,1,0,0,0,0,0,0,0,1,1,0,0,1,1,2,3.0,7.5,14.0,21.0,12.0,14.0,14.0,21.0,2.0,3.0,42.0,49.0,6.0,7.0,55,37,8,5,12.0,16.0,2.0,2.0
2021-08-07,Sat,False,False,0,0,0,0,0,0,0,0,0,0,0,0,0,0,0,0,0,0,0,0,0,0,0,0,0,0.0,7.5,13.0,22.0,11.0,13.0,13.0,22.0,2.0,3.0,41.0,50.0,6.0,7.0,54,38,8,5,11.0,17.0,2.0,2.0
2021-08-08,Sun,False,False,0,0,0,0,0,0,0,0,0,0,0,0,0,0,0,0,0,0,0,0,0,0,0,0,0,0.0,7.5,12.0,23.0,10.0,12.0,12.0,23.0,2.0,3.0,40.0,51.0,6.0,7.0,53,39,8,5,10.0,18.0,2.0,2.0
2021-08-09,Mon,True,False,0,0,0,0,0,1,1,0,0,0,1,0,0,0,0,0,0,0,1,1,0,0,1,1,1,2.0,7.5,11.0,24.0,9.0,11.0,11.0,24.0,1.0,4.0,39.0,52.0,5.0,8.0,52,40,7,6,9.0,19.0,1.0,3.0
2021-08-10,Tue,True,False,0,0,0,0,0,0,0,0,0,0,0,0,0,0,0,0,0,0,0,0,0,0,0,0,0,0.0,7.5,10.0,25.0,8.0,10.0,10.0,25.0,1.0,4.0,38.0,53.0,5.0,8.0,51,41,7,6,8.0,20.0,1.0,3.0
2021-08-11,Wed,True,False,0,0,0,0,0,1,1,0,0,0,1,0,0,0,0,0,1,0,1,1,0,0,1,1,2,2.5,7.5,9.0,26.0,7.0,9.0,9.0,26.0,1.0,4.0,37.0,54.0,5.0,8.0,50,42,7,6,7.0,21.0,1.0,3.0
2021-08-12,Thu,True,False,0,0,0,0,0,0,0,0,0,0,0,0,0,0,0,0,0,0,0,0,0,0,0,0,0,0.0,7.5,8.0,27.0,6.0,8.0,8.0,27.0,1.0,4.0,36.0,55.0,5.0,8.0,49,43,7,6,6.0,22.0,1.0,3.0
2021-08-13,Fri,True,False,0,0,1,0,0,1,1,0,0,0,1,0,0,0,0,0,0,0,1,1,0,0,1,1,2,3.0,7.5,7.0,28.0,5.0,7.0,7.0,28.0,1.0,4.0,35.0,56.0,5.0,8.0,48,44,7,6,5.0,23.0,1.0,3.0
2021-08-14,Sat,False,False,0,0,0,0,0,0,0,0,0,0,0,0,0,0,0,0,0,0,0,0,0,0,0,0,0,0.0,7.5,6.0,29.0,4.0,6.0,6.0,29.0,1.0,4.0,34.0,57.0,5.0,8.0,47,45,7,6,4.0,24.0,1.0,3.0
2021-08-15,Sun,False,False,0,0,0,0,0,0,0,0,0,0,0,0,0,0,0,0,0,0,0,0,0,0,0,0,0,0.0,7.5,5.0,30.0,3.0,5.0,5.0,30.0,1.0,4.0,33.0,58.0,5.0,8.0,46,46,7,6,3.0,25.0,1.0,3.0
2021-08-16,Mon,True,False,0,0,0,0,0,1,1,0,0,0,1,0,0,0,0,0,0,0,1,1,0,0,1,1,1,2.0,7.5,4.0,31.0,2.0,4.0,4.0,31.0,0.0,0.0,32.0,59.0,4.0,9.0,45,47,6,7,2.0,26.0,0.0,0.0
2021-08-17,Tue,True,False,0,0,0,0,0,0,0,0,0,0,0,0,0,0,0,0,0,0,0,0,0,0,0,0,0,0.0,7.5,3.0,32.0,1.0,3.0,3.0,32.0,0.0,0.0,31.0,60.0,4.0,9.0,44,48,6,7,1.0,27.0,0.0,0.0
2021-08-18,Wed,True,False,0,0,0,0,0,1,1,0,0,0,1,0,0,0,0,1,0,0,1,1,0,0,1,1,2,3.5,8.5,2.0,33.0,0.0,2.0,2.0,33.0,0.0,0.0,30.0,61.0,4.0,9.0,43,49,6,7,0.0,0.0,0.0,0.0
2021-08-19,Thu,True,False,0,0,0,0,0,0,0,0,0,0,0,0,0,0,0,0,0,0,0,0,0,0,0,0,0,0.0,8.5,1.0,34.0,27.0,1.0,1.0,34.0,0.0,0.0,29.0,62.0,4.0,9.0,42,50,6,7,27.0,1.0,0.0,0.0
2021-08-20,Fri,True,False,1,1,0,1,1,1,1,0,0,0,1,0,0,0,0,0,0,0,1,1,1,1,1,1,3,7.0,12.5,0.0,0.0,26.0,0.0,0.0,0.0,0.0,0.0,28.0,63.0,4.0,9.0,41,51,6,7,26.0,2.0,0.0,0.0
2021-08-21,Sat,False,False,0,0,0,0,0,0,0,0,0,0,0,0,0,0,0,0,0,0,0,0,0,0,0,0,0,0.0,12.5,27.0,1.0,25.0,27.0,27.0,1.0,0.0,0.0,27.0,64.0,4.0,9.0,40,52,6,7,25.0,3.0,0.0,0.0
2021-08-22,Sun,False,False,0,0,0,0,0,0,0,0,0,0,0,0,0,0,0,0,0,0,0,0,0,0,0,0,0,0.0,12.5,26.0,2.0,24.0,26.0,26.0,2.0,0.0,0.0,26.0,65.0,4.0,9.0,39,53,6,7,24.0,4.0,0.0,0.0
2021-08-23,Mon,True,False,0,0,0,0,0,1,1,0,0,0,1,0,0,0,0,0,0,0,1,1,0,0,1,1,1,2.0,12.5,25.0,3.0,23.0,25.0,25.0,3.0,3.0,1.0,25.0,66.0,3.0,10.0,38,54,5,8,23.0,5.0,3.0,1.0
2021-08-24,Tue,True,False,0,0,0,0,0,0,0,0,0,0,0,0,0,0,0,0,0,0,0,0,0,0,0,0,0,0.0,12.5,24.0,4.0,22.0,24.0,24.0,4.0,3.0,1.0,24.0,67.0,3.0,10.0,37,55,5,8,22.0,6.0,3.0,1.0
2021-08-25,Wed,True,False,0,0,0,0,0,1,1,0,0,0,1,0,0,0,0,0,1,0,1,1,0,0,1,1,2,2.5,11.5,23.0,5.0,21.0,23.0,23.0,5.0,3.0,1.0,23.0,68.0,3.0,10.0,36,56,5,8,21.0,7.0,3.0,1.0
2021-08-26,Thu,True,False,0,0,0,0,0,0,0,0,0,0,0,0,0,0,0,0,0,0,0,0,0,0,0,0,0,0.0,11.5,22.0,6.0,20.0,22.0,22.0,6.0,3.0,1.0,22.0,69.0,3.0,10.0,35,57,5,8,20.0,8.0,3.0,1.0
2021-08-27,Fri,True,False,0,0,1,0,0,1,1,0,0,0,1,0,0,0,0,0,0,0,1,1,0,0,1,1,2,3.0,7.5,21.0,7.0,19.0,21.0,21.0,7.0,3.0,1.0,21.0,70.0,3.0,10.0,34,58,5,8,19.0,9.0,3.0,1.0
2021-08-28,Sat,False,False,0,0,0,0,0,0,0,0,0,0,0,0,0,0,0,0,0,0,0,0,0,0,0,0,0,0.0,7.5,20.0,8.0,18.0,20.0,20.0,8.0,3.0,1.0,20.0,71.0,3.0,10.0,33,59,5,8,18.0,10.0,3.0,1.0
2021-08-29,Sun,False,False,0,0,0,0,0,0,0,0,0,0,0,0,0,0,0,0,0,0,0,0,0,0,0,0,0,0.0,7.5,19.0,9.0,17.0,19.0,19.0,9.0,3.0,1.0,19.0,72.0,3.0,10.0,32,60,5,8,17.0,11.0,3.0,1.0
2021-08-30,Mon,True,False,0,0,0,0,0,1,1,0,0,0,1,0,0,0,0,0,0,0,1,1,0,0,1,1,1,2.0,7.5,18.0,10.0,16.0,18.0,18.0,10.0,2.0,2.0,18.0,73.0,2.0,11.0,31,61,4,9,16.0,12.0,2.0,2.0
2021-08-31,Tue,True,False,0,0,0,0,0,0,0,0,0,0,0,1,1,0,0,0,0,0,0,0,0,0,0,1,1,2.0,9.5,17.0,11.0,15.0,17.0,17.0,11.0,2.0,2.0,17.0,74.0,2.0,11.0,30,62,4,9,15.0,13.0,2.0,2.0
2021-09-01,Wed,True,False,0,0,0,0,0,1,1,0,0,0,1,0,0,0,0,0,1,0,1,1,0,0,1,1,2,2.5,9.5,16.0,12.0,14.0,16.0,16.0,12.0,2.0,2.0,16.0,75.0,2.0,11.0,29,63,4,9,14.0,14.0,2.0,2.0
2021-09-02,Thu,True,False,0,0,0,0,0,0,0,0,0,0,0,0,0,0,0,0,0,0,0,0,0,0,0,0,0,0.0,9.5,15.0,13.0,13.0,15.0,15.0,13.0,2.0,2.0,15.0,76.0,2.0,11.0,28,64,4,9,13.0,15.0,2.0,2.0
2021-09-03,Fri,True,False,0,0,1,0,0,1,1,0,0,0,1,0,0,0,0,0,0,0,1,1,0,0,1,1,2,3.0,9.5,14.0,14.0,12.0,14.0,14.0,14.0,2.0,2.0,14.0,77.0,2.0,11.0,27,65,4,9,12.0,16.0,2.0,2.0
2021-09-04,Sat,False,False,0,0,0,0,0,0,0,0,0,0,0,0,0,0,0,0,0,0,0,0,0,0,0,0,0,0.0,9.5,13.0,15.0,11.0,13.0,13.0,15.0,2.0,2.0,13.0,78.0,2.0,11.0,26,66,4,9,11.0,17.0,2.0,2.0
2021-09-05,Sun,False,False,0,0,0,0,0,0,0,0,0,0,0,0,0,0,0,0,0,0,0,0,0,0,0,0,0,0.0,9.5,12.0,16.0,10.0,12.0,12.0,16.0,2.0,2.0,12.0,79.0,2.0,11.0,25,67,4,9,10.0,18.0,2.0,2.0
2021-09-06,Mon,False,True,0,0,0,0,0,0,0,0,0,0,0,0,0,0,0,0,0,0,0,0,0,0,0,0,0,0.0,9.5,11.0,17.0,9.0,11.0,11.0,17.0,1.0,3.0,11.0,80.0,1.0,12.0,24,68,3,10,9.0,19.0,1.0,3.0
2021-09-07,Tue,True,False,0,0,0,0,0,0,0,0,0,0,0,0,0,0,0,0,0,0,0,0,0,0,0,0,0,0.0,7.5,10.0,18.0,8.0,10.0,10.0,18.0,1.0,3.0,10.0,81.0,1.0,12.0,23,69,3,10,8.0,20.0,1.0,3.0
2021-09-08,Wed,True,False,0,0,0,0,0,1,1,0,0,0,1,0,0,0,0,0,1,0,1,1,0,0,1,1,2,2.5,8.0,9.0,19.0,7.0,9.0,9.0,19.0,1.0,3.0,9.0,82.0,1.0,12.0,22,70,3,10,7.0,21.0,1.0,3.0
2021-09-09,Thu,True,False,0,0,0,0,0,0,0,0,0,0,0,0,0,0,0,0,0,0,0,0,0,0,0,0,0,0.0,5.5,8.0,20.0,6.0,8.0,8.0,20.0,1.0,3.0,8.0,83.0,1.0,12.0,21,71,3,10,6.0,22.0,1.0,3.0
2021-09-10,Fri,True,False,0,0,1,0,0,1,1,0,0,0,1,0,0,0,0,0,0,0,1,1,0,0,1,1,2,3.0,8.5,7.0,21.0,5.0,7.0,7.0,21.0,1.0,3.0,7.0,84.0,1.0,12.0,20,72,3,10,5.0,23.0,1.0,3.0
2021-09-11,Sat,False,False,0,0,0,0,0,0,0,0,0,0,0,0,0,0,0,0,0,0,0,0,0,0,0,0,0,0.0,8.5,6.0,22.0,4.0,6.0,6.0,22.0,1.0,3.0,6.0,85.0,1.0,12.0,19,73,3,10,4.0,24.0,1.0,3.0
2021-09-12,Sun,False,False,0,0,0,0,0,0,0,0,0,0,0,0,0,0,0,0,0,0,0,0,0,0,0,0,0,0.0,8.5,5.0,23.0,3.0,5.0,5.0,23.0,1.0,3.0,5.0,86.0,1.0,12.0,18,74,3,10,3.0,25.0,1.0,3.0
2021-09-13,Mon,True,False,0,0,0,0,0,1,1,0,0,0,1,0,0,0,0,0,0,0,1,1,0,0,1,1,1,2.0,7.5,4.0,24.0,2.0,4.0,4.0,24.0,0.0,0.0,4.0,87.0,0.0,0.0,17,75,2,11,2.0,26.0,0.0,0.0
2021-09-14,Tue,True,False,0,0,0,0,0,0,0,0,0,0,0,0,0,0,0,0,0,0,0,0,0,0,0,0,0,0.0,7.5,3.0,25.0,1.0,3.0,3.0,25.0,0.0,0.0,3.0,88.0,0.0,0.0,16,76,2,11,1.0,27.0,0.0,0.0
2021-09-15,Wed,True,False,0,0,0,0,0,1,1,0,0,0,1,0,0,0,0,1,0,0,1,1,0,0,1,1,2,3.5,8.5,2.0,26.0,0.0,2.0,2.0,26.0,0.0,0.0,2.0,89.0,0.0,0.0,15,77,2,11,0.0,0.0,0.0,0.0
2021-09-16,Thu,True,False,0,0,0,0,0,0,0,0,0,0,0,0,0,0,0,0,0,0,0,0,0,0,0,0,0,0.0,8.5,1.0,27.0,34.0,1.0,1.0,27.0,0.0,0.0,1.0,90.0,0.0,0.0,14,78,2,11,34.0,1.0,0.0,0.0
2021-09-17,Fri,True,False,1,1,0,1,1,1,1,0,0,0,1,0,0,0,0,0,0,0,1,1,1,1,1,1,3,7.0,12.5,0.0,0.0,33.0,0.0,0.0,0.0,0.0,0.0,0.0,0.0,0.0,0.0,13,79,2,11,33.0,2.0,0.0,0.0
2021-09-18,Sat,False,False,0,0,0,0,0,0,0,0,0,0,0,0,0,0,0,0,0,0,0,0,0,0,0,0,0,0.0,12.5,27.0,1.0,32.0,27.0,27.0,1.0,0.0,0.0,90.0,1.0,0.0,0.0,12,80,2,11,32.0,3.0,0.0,0.0
2021-09-19,Sun,False,False,0,0,0,0,0,0,0,0,0,0,0,0,0,0,0,0,0,0,0,0,0,0,0,0,0,0.0,12.5,26.0,2.0,31.0,26.0,26.0,2.0,0.0,0.0,89.0,2.0,0.0,0.0,11,81,2,11,31.0,4.0,0.0,0.0
2021-09-20,Mon,True,False,0,0,0,0,0,1,1,0,0,0,1,0,0,0,0,0,0,0,1,1,0,0,1,1,1,2.0,12.5,25.0,3.0,30.0,25.0,25.0,3.0,3.0,1.0,88.0,3.0,12.0,1.0,10,82,1,12,30.0,5.0,4.0,1.0
2021-09-21,Tue,True,False,0,0,0,0,0,0,0,0,0,0,0,0,0,0,0,0,0,0,0,0,0,0,0,0,0,0.0,12.5,24.0,4.0,29.0,24.0,24.0,4.0,3.0,1.0,87.0,4.0,12.0,1.0,9,83,1,12,29.0,6.0,4.0,1.0
2021-09-22,Wed,True,False,0,0,0,0,0,1,1,0,0,0,1,0,0,0,0,0,1,0,1,1,0,0,1,1,2,2.5,11.5,23.0,5.0,28.0,23.0,23.0,5.0,3.0,1.0,86.0,5.0,12.0,1.0,8,84,1,12,28.0,7.0,4.0,1.0
2021-09-23,Thu,True,False,0,0,0,0,0,0,0,0,0,0,0,0,0,0,0,0,0,0,0,0,0,0,0,0,0,0.0,11.5,22.0,6.0,27.0,22.0,22.0,6.0,3.0,1.0,85.0,6.0,12.0,1.0,7,85,1,12,27.0,8.0,4.0,1.0
2021-09-24,Fri,True,False,0,0,1,0,0,1,1,0,0,0,1,0,0,0,0,0,0,0,1,1,0,0,1,1,2,3.0,7.5,21.0,7.0,26.0,21.0,21.0,7.0,3.0,1.0,84.0,7.0,12.0,1.0,6,86,1,12,26.0,9.0,4.0,1.0
2021-09-25,Sat,False,False,0,0,0,0,0,0,0,0,0,0,0,0,0,0,0,0,0,0,0,0,0,0,0,0,0,0.0,7.5,20.0,8.0,25.0,20.0,20.0,8.0,3.0,1.0,83.0,8.0,12.0,1.0,5,87,1,12,25.0,10.0,4.0,1.0
2021-09-26,Sun,False,False,0,0,0,0,0,0,0,0,0,0,0,0,0,0,0,0,0,0,0,0,0,0,0,0,0,0.0,7.5,19.0,9.0,24.0,19.0,19.0,9.0,3.0,1.0,82.0,9.0,12.0,1.0,4,88,1,12,24.0,11.0,4.0,1.0
2021-09-27,Mon,True,False,0,0,0,0,0,1,1,0,0,0,1,0,0,0,0,0,0,0,1,1,0,0,1,1,1,2.0,7.5,18.0,10.0,23.0,18.0,18.0,10.0,2.0,2.0,81.0,10.0,11.0,2.0,3,89,0,0,23.0,12.0,3.0,2.0
2021-09-28,Tue,True,False,0,0,0,0,0,0,0,0,0,0,0,0,0,0,0,0,0,0,0,0,0,0,0,0,0,0.0,7.5,17.0,11.0,22.0,17.0,17.0,11.0,2.0,2.0,80.0,11.0,11.0,2.0,2,90,0,0,22.0,13.0,3.0,2.0
2021-09-29,Wed,True,False,0,0,0,0,0,1,1,0,0,0,1,0,0,0,0,0,1,0,1,1,0,0,1,1,2,2.5,7.5,16.0,12.0,21.0,16.0,16.0,12.0,2.0,2.0,79.0,12.0,11.0,2.0,1,91,0,0,21.0,14.0,3.0,2.0
2021-09-30,Thu,True,False,0,0,0,0,0,0,0,0,0,0,0,1,1,1,1,0,0,0,0,0,0,0,0,1,2,4.5,12.0,15.0,13.0,20.0,15.0,15.0,13.0,2.0,2.0,78.0,13.0,11.0,2.0,0,0,0,0,20.0,15.0,3.0,2.0
2021-10-01,Fri,True,False,0,0,1,0,0,1,1,0,0,0,1,0,0,0,0,0,0,0,1,1,0,0,1,1,2,3.0,12.0,14.0,14.0,19.0,14.0,14.0,14.0,2.0,2.0,77.0,14.0,11.0,2.0,90,1,0,0,19.0,16.0,3.0,2.0
2021-10-02,Sat,False,False,0,0,0,0,0,0,0,0,0,0,0,0,0,0,0,0,0,0,0,0,0,0,0,0,0,0.0,12.0,13.0,15.0,18.0,13.0,13.0,15.0,2.0,2.0,76.0,15.0,11.0,2.0,89,2,0,0,18.0,17.0,3.0,2.0
2021-10-03,Sun,False,False,0,0,0,0,0,0,0,0,0,0,0,0,0,0,0,0,0,0,0,0,0,0,0,0,0,0.0,12.0,12.0,16.0,17.0,12.0,12.0,16.0,2.0,2.0,75.0,16.0,11.0,2.0,88,3,0,0,17.0,18.0,3.0,2.0
2021-10-04,Mon,True,False,0,0,0,0,0,1,1,0,0,0,1,0,0,0,0,0,0,0,1,1,0,0,1,1,1,2.0,12.0,11.0,17.0,16.0,11.0,11.0,17.0,1.0,3.0,74.0,17.0,10.0,3.0,87,4,12,1,16.0,19.0,2.0,3.0
2021-10-05,Tue,True,False,0,0,0,0,0,0,0,0,0,0,0,0,0,0,0,0,0,0,0,0,0,0,0,0,0,0.0,12.0,10.0,18.0,15.0,10.0,10.0,18.0,1.0,3.0,73.0,18.0,10.0,3.0,86,5,12,1,15.0,20.0,2.0,3.0
2021-10-06,Wed,True,False,0,0,0,0,0,1,1,0,0,0,1,0,0,0,0,0,1,0,1,1,0,0,1,1,2,2.5,12.0,9.0,19.0,14.0,9.0,9.0,19.0,1.0,3.0,72.0,19.0,10.0,3.0,85,6,12,1,14.0,21.0,2.0,3.0
2021-10-07,Thu,True,False,0,0,0,0,0,0,0,0,0,0,0,0,0,0,0,0,0,0,0,0,0,0,0,0,0,0.0,7.5,8.0,20.0,13.0,8.0,8.0,20.0,1.0,3.0,71.0,20.0,10.0,3.0,84,7,12,1,13.0,22.0,2.0,3.0
2021-10-08,Fri,True,False,0,0,1,0,0,1,1,0,0,0,1,0,0,0,0,0,0,0,1,1,0,0,1,1,2,3.0,7.5,7.0,21.0,12.0,7.0,7.0,21.0,1.0,3.0,70.0,21.0,10.0,3.0,83,8,12,1,12.0,23.0,2.0,3.0
2021-10-09,Sat,False,False,0,0,0,0,0,0,0,0,0,0,0,0,0,0,0,0,0,0,0,0,0,0,0,0,0,0.0,7.5,6.0,22.0,11.0,6.0,6.0,22.0,1.0,3.0,69.0,22.0,10.0,3.0,82,9,12,1,11.0,24.0,2.0,3.0
2021-10-10,Sun,False,False,0,0,0,0,0,0,0,0,0,0,0,0,0,0,0,0,0,0,0,0,0,0,0,0,0,0.0,7.5,5.0,23.0,10.0,5.0,5.0,23.0,1.0,3.0,68.0,23.0,10.0,3.0,81,10,12,1,10.0,25.0,2.0,3.0
2021-10-11,Mon,True,False,0,0,0,0,0,1,1,0,0,0,1,0,0,0,0,0,0,0,1,1,0,0,1,1,1,2.0,7.5,4.0,24.0,9.0,4.0,4.0,24.0,0.0,0.0,67.0,24.0,9.0,4.0,80,11,11,2,9.0,26.0,1.0,4.0
2021-10-12,Tue,True,False,0,0,0,0,0,0,0,0,0,0,0,0,0,0,0,0,0,0,0,0,0,0,0,0,0,0.0,7.5,3.0,25.0,8.0,3.0,3.0,25.0,0.0,0.0,66.0,25.0,9.0,4.0,79,12,11,2,8.0,27.0,1.0,4.0
2021-10-13,Wed,True,False,0,0,0,0,0,1,1,0,0,0,1,0,0,0,0,0,1,0,1,1,0,0,1,1,2,2.5,7.5,2.0,26.0,7.0,2.0,2.0,26.0,0.0,0.0,65.0,26.0,9.0,4.0,78,13,11,2,7.0,28.0,1.0,4.0
2021-10-14,Thu,True,False,0,0,0,0,0,0,0,0,0,0,0,0,0,0,0,0,0,0,0,0,0,0,0,0,0,0.0,7.5,1.0,27.0,6.0,1.0,1.0,27.0,0.0,0.0,64.0,27.0,9.0,4.0,77,14,11,2,6.0,29.0,1.0,4.0
2021-10-15,Fri,True,False,1,1,0,1,1,1,1,0,0,0,1,0,0,0,0,0,0,0,1,1,1,1,1,1,3,7.0,11.5,0.0,0.0,5.0,0.0,0.0,0.0,0.0,0.0,63.0,28.0,9.0,4.0,76,15,11,2,5.0,30.0,1.0,4.0
2021-10-16,Sat,False,False,0,0,0,0,0,0,0,0,0,0,0,0,0,0,0,0,0,0,0,0,0,0,0,0,0,0.0,11.5,34.0,1.0,4.0,34.0,34.0,1.0,0.0,0.0,62.0,29.0,9.0,4.0,75,16,11,2,4.0,31.0,1.0,4.0
2021-10-17,Sun,False,False,0,0,0,0,0,0,0,0,0,0,0,0,0,0,0,0,0,0,0,0,0,0,0,0,0,0.0,11.5,33.0,2.0,3.0,33.0,33.0,2.0,0.0,0.0,61.0,30.0,9.0,4.0,74,17,11,2,3.0,32.0,1.0,4.0
2021-10-18,Mon,True,False,0,0,0,0,0,1,1,0,0,0,1,0,0,0,0,0,0,0,1,1,0,0,1,1,1,2.0,11.5,32.0,3.0,2.0,32.0,32.0,3.0,4.0,1.0,60.0,31.0,8.0,5.0,73,18,10,3,2.0,33.0,0.0,0.0
2021-10-19,Tue,True,False,0,0,0,0,0,0,0,0,0,0,0,0,0,0,0,0,0,0,0,0,0,0,0,0,0,0.0,11.5,31.0,4.0,1.0,31.0,31.0,4.0,4.0,1.0,59.0,32.0,8.0,5.0,72,19,10,3,1.0,34.0,0.0,0.0
2021-10-20,Wed,True,False,0,0,0,0,0,1,1,0,0,0,1,0,0,0,0,1,0,0,1,1,0,0,1,1,2,3.5,12.5,30.0,5.0,0.0,30.0,30.0,5.0,4.0,1.0,58.0,33.0,8.0,5.0,71,20,10,3,0.0,0.0,0.0,0.0
2021-10-21,Thu,True,False,0,0,0,0,0,0,0,0,0,0,0,0,0,0,0,0,0,0,0,0,0,0,0,0,0,0.0,12.5,29.0,6.0,27.0,29.0,29.0,6.0,4.0,1.0,57.0,34.0,8.0,5.0,70,21,10,3,27.0,1.0,0.0,0.0
2021-10-22,Fri,True,False,0,0,1,0,0,1,1,0,0,0,1,0,0,0,0,0,0,0,1,1,0,0,1,1,2,3.0,8.5,28.0,7.0,26.0,28.0,28.0,7.0,4.0,1.0,56.0,35.0,8.0,5.0,69,22,10,3,26.0,2.0,0.0,0.0
2021-10-23,Sat,False,False,0,0,0,0,0,0,0,0,0,0,0,0,0,0,0,0,0,0,0,0,0,0,0,0,0,0.0,8.5,27.0,8.0,25.0,27.0,27.0,8.0,4.0,1.0,55.0,36.0,8.0,5.0,68,23,10,3,25.0,3.0,0.0,0.0
2021-10-24,Sun,False,False,0,0,0,0,0,0,0,0,0,0,0,0,0,0,0,0,0,0,0,0,0,0,0,0,0,0.0,8.5,26.0,9.0,24.0,26.0,26.0,9.0,4.0,1.0,54.0,37.0,8.0,5.0,67,24,10,3,24.0,4.0,0.0,0.0
2021-10-25,Mon,True,False,0,0,0,0,0,1,1,0,0,0,1,0,0,0,0,0,0,0,1,1,0,0,1,1,1,2.0,8.5,25.0,10.0,23.0,25.0,25.0,10.0,3.0,2.0,53.0,38.0,7.0,6.0,66,25,9,4,23.0,5.0,3.0,1.0
2021-10-26,Tue,True,False,0,0,0,0,0,0,0,0,0,0,0,0,0,0,0,0,0,0,0,0,0,0,0,0,0,0.0,8.5,24.0,11.0,22.0,24.0,24.0,11.0,3.0,2.0,52.0,39.0,7.0,6.0,65,26,9,4,22.0,6.0,3.0,1.0
2021-10-27,Wed,True,False,0,0,0,0,0,1,1,0,0,0,1,0,0,0,0,0,1,0,1,1,0,0,1,1,2,2.5,7.5,23.0,12.0,21.0,23.0,23.0,12.0,3.0,2.0,51.0,40.0,7.0,6.0,64,27,9,4,21.0,7.0,3.0,1.0
2021-10-28,Thu,True,False,0,0,0,0,0,0,0,0,0,0,0,0,0,0,0,0,0,0,0,0,0,0,0,0,0,0.0,7.5,22.0,13.0,20.0,22.0,22.0,13.0,3.0,2.0,50.0,41.0,7.0,6.0,63,28,9,4,20.0,8.0,3.0,1.0
2021-10-29,Fri,True,False,0,0,1,0,0,0,0,0,0,0,0,1,1,0,0,0,0,1,1,1,0,0,0,1,3,3.5,8.0,21.0,14.0,19.0,21.0,21.0,14.0,3.0,2.0,49.0,42.0,7.0,6.0,62,29,9,4,19.0,9.0,3.0,1.0
2021-10-30,Sat,False,False,0,0,0,0,0,0,0,0,0,0,0,0,0,0,0,0,0,0,0,0,0,0,0,0,0,0.0,8.0,20.0,15.0,18.0,20.0,20.0,15.0,3.0,2.0,48.0,43.0,7.0,6.0,61,30,9,4,18.0,10.0,3.0,1.0
2021-10-31,Sun,False,False,0,0,0,0,0,0,0,0,0,0,0,0,0,0,0,0,0,0,0,0,0,0,0,0,0,0.0,8.0,19.0,16.0,17.0,19.0,19.0,16.0,3.0,2.0,47.0,44.0,7.0,6.0,60,31,9,4,17.0,11.0,3.0,1.0
2021-11-01,Mon,True,False,0,0,0,0,0,1,1,0,0,0,1,0,0,0,0,0,0,0,1,1,0,0,1,1,1,2.0,8.0,18.0,17.0,16.0,18.0,18.0,17.0,2.0,3.0,46.0,45.0,6.0,7.0,59,32,8,5,16.0,12.0,2.0,2.0
2021-11-02,Tue,True,False,0,0,0,0,0,0,0,0,0,0,0,0,0,0,0,0,0,0,0,0,0,0,0,0,0,0.0,8.0,17.0,18.0,15.0,17.0,17.0,18.0,2.0,3.0,45.0,46.0,6.0,7.0,58,33,8,5,15.0,13.0,2.0,2.0
2021-11-03,Wed,True,False,0,0,0,0,0,1,1,0,0,0,1,0,0,0,0,0,1,0,1,1,0,0,1,1,2,2.5,8.0,16.0,19.0,14.0,16.0,16.0,19.0,2.0,3.0,44.0,47.0,6.0,7.0,57,34,8,5,14.0,14.0,2.0,2.0
2021-11-04,Thu,True,False,0,0,0,0,0,0,0,0,0,0,0,0,0,0,0,0,0,0,0,0,0,0,0,0,0,0.0,8.0,15.0,20.0,13.0,15.0,15.0,20.0,2.0,3.0,43.0,48.0,6.0,7.0,56,35,8,5,13.0,15.0,2.0,2.0
2021-11-05,Fri,True,False,0,0,1,0,0,1,1,0,0,0,1,0,0,0,0,0,0,0,1,1,0,0,1,1,2,3.0,7.5,14.0,21.0,12.0,14.0,14.0,21.0,2.0,3.0,42.0,49.0,6.0,7.0,55,36,8,5,12.0,16.0,2.0,2.0
2021-11-06,Sat,False,False,0,0,0,0,0,0,0,0,0,0,0,0,0,0,0,0,0,0,0,0,0,0,0,0,0,0.0,7.5,13.0,22.0,11.0,13.0,13.0,22.0,2.0,3.0,41.0,50.0,6.0,7.0,54,37,8,5,11.0,17.0,2.0,2.0
2021-11-07,Sun,False,False,0,0,0,0,0,0,0,0,0,0,0,0,0,0,0,0,0,0,0,0,0,0,0,0,0,0.0,7.5,12.0,23.0,10.0,12.0,12.0,23.0,2.0,3.0,40.0,51.0,6.0,7.0,53,38,8,5,10.0,18.0,2.0,2.0
2021-11-08,Mon,True,False,0,0,0,0,0,1,1,0,0,0,1,0,0,0,0,0,0,0,1,1,0,0,1,1,1,2.0,7.5,11.0,24.0,9.0,11.0,11.0,24.0,1.0,4.0,39.0,52.0,5.0,8.0,52,39,7,6,9.0,19.0,1.0,3.0
2021-11-09,Tue,True,False,0,0,0,0,0,0,0,0,0,0,0,0,0,0,0,0,0,0,0,0,0,0,0,0,0,0.0,7.5,10.0,25.0,8.0,10.0,10.0,25.0,1.0,4.0,38.0,53.0,5.0,8.0,51,40,7,6,8.0,20.0,1.0,3.0
2021-11-10,Wed,True,False,0,0,0,0,0,1,1,0,0,0,1,0,0,0,0,0,1,0,1,1,0,0,1,1,2,2.5,7.5,9.0,26.0,7.0,9.0,9.0,26.0,1.0,4.0,37.0,54.0,5.0,8.0,50,41,7,6,7.0,21.0,1.0,3.0
2021-11-11,Thu,True,False,0,0,0,0,0,0,0,0,0,0,0,0,0,0,0,0,0,0,0,0,0,0,0,0,0,0.0,7.5,8.0,27.0,6.0,8.0,8.0,27.0,1.0,4.0,36.0,55.0,5.0,8.0,49,42,7,6,6.0,22.0,1.0,3.0
2021-11-12,Fri,True,False,0,0,1,0,0,1,1,0,0,0,1,0,0,0,0,0,0,0,1,1,0,0,1,1,2,3.0,7.5,7.0,28.0,5.0,7.0,7.0,28.0,1.0,4.0,35.0,56.0,5.0,8.0,48,43,7,6,5.0,23.0,1.0,3.0
2021-11-13,Sat,False,False,0,0,0,0,0,0,0,0,0,0,0,0,0,0,0,0,0,0,0,0,0,0,0,0,0,0.0,7.5,6.0,29.0,4.0,6.0,6.0,29.0,1.0,4.0,34.0,57.0,5.0,8.0,47,44,7,6,4.0,24.0,1.0,3.0
2021-11-14,Sun,False,False,0,0,0,0,0,0,0,0,0,0,0,0,0,0,0,0,0,0,0,0,0,0,0,0,0,0.0,7.5,5.0,30.0,3.0,5.0,5.0,30.0,1.0,4.0,33.0,58.0,5.0,8.0,46,45,7,6,3.0,25.0,1.0,3.0
2021-11-15,Mon,True,False,0,0,0,0,0,1,1,0,0,0,1,0,0,0,0,0,0,0,1,1,0,0,1,1,1,2.0,7.5,4.0,31.0,2.0,4.0,4.0,31.0,0.0,0.0,32.0,59.0,4.0,9.0,45,46,6,7,2.0,26.0,0.0,0.0
2021-11-16,Tue,True,False,0,0,0,0,0,0,0,0,0,0,0,0,0,0,0,0,0,0,0,0,0,0,0,0,0,0.0,7.5,3.0,32.0,1.0,3.0,3.0,32.0,0.0,0.0,31.0,60.0,4.0,9.0,44,47,6,7,1.0,27.0,0.0,0.0
2021-11-17,Wed,True,False,0,0,0,0,0,1,1,0,0,0,1,0,0,0,0,1,0,0,1,1,0,0,1,1,2,3.5,8.5,2.0,33.0,0.0,2.0,2.0,33.0,0.0,0.0,30.0,61.0,4.0,9.0,43,48,6,7,0.0,0.0,0.0,0.0
2021-11-18,Thu,True,False,0,0,0,0,0,0,0,0,0,0,0,0,0,0,0,0,0,0,0,0,0,0,0,0,0,0.0,8.5,1.0,34.0,34.0,1.0,1.0,34.0,0.0,0.0,29.0,62.0,4.0,9.0,42,49,6,7,34.0,1.0,0.0,0.0
2021-11-19,Fri,True,False,1,1,0,1,1,1,1,0,0,0,1,0,0,0,0,0,0,0,1,1,1,1,1,1,3,7.0,12.5,0.0,0.0,33.0,0.0,0.0,0.0,0.0,0.0,28.0,63.0,4.0,9.0,41,50,6,7,33.0,2.0,0.0,0.0
2021-11-20,Sat,False,False,0,0,0,0,0,0,0,0,0,0,0,0,0,0,0,0,0,0,0,0,0,0,0,0,0,0.0,12.5,27.0,1.0,32.0,27.0,27.0,1.0,0.0,0.0,27.0,64.0,4.0,9.0,40,51,6,7,32.0,3.0,0.0,0.0
2021-11-21,Sun,False,False,0,0,0,0,0,0,0,0,0,0,0,0,0,0,0,0,0,0,0,0,0,0,0,0,0,0.0,12.5,26.0,2.0,31.0,26.0,26.0,2.0,0.0,0.0,26.0,65.0,4.0,9.0,39,52,6,7,31.0,4.0,0.0,0.0
2021-11-22,Mon,True,False,0,0,0,0,0,1,1,0,0,0,1,0,0,0,0,0,0,0,1,1,0,0,1,1,1,2.0,12.5,25.0,3.0,30.0,25.0,25.0,3.0,3.0,1.0,25.0,66.0,3.0,10.0,38,53,5,8,30.0,5.0,4.0,1.0
2021-11-23,Tue,True,False,0,0,0,0,0,0,0,0,0,0,0,0,0,0,0,0,0,0,0,0,0,0,0,0,0,0.0,12.5,24.0,4.0,29.0,24.0,24.0,4.0,3.0,1.0,24.0,67.0,3.0,10.0,37,54,5,8,29.0,6.0,4.0,1.0
2021-11-24,Wed,True,False,0,0,0,0,0,1,1,0,0,0,1,0,0,0,0,0,1,0,1,1,0,0,1,1,2,2.5,11.5,23.0,5.0,28.0,23.0,23.0,5.0,3.0,1.0,23.0,68.0,3.0,10.0,36,55,5,8,28.0,7.0,4.0,1.0
2021-11-25,Thu,False,True,0,0,0,0,0,0,0,0,0,0,0,0,0,0,0,0,0,0,0,0,0,0,0,0,0,0.0,11.5,22.0,6.0,27.0,22.0,22.0,6.0,3.0,1.0,22.0,69.0,3.0,10.0,35,56,5,8,27.0,8.0,4.0,1.0
2021-11-26,Fri,True,False,0,0,1,0,0,1,1,0,0,0,1,0,0,0,0,0,0,0,1,1,0,0,1,1,2,3.0,14.5,21.0,7.0,26.0,21.0,21.0,7.0,3.0,1.0,21.0,70.0,3.0,10.0,34,57,5,8,26.0,9.0,4.0,1.0
2021-11-27,Sat,False,False,0,0,0,0,0,0,0,0,0,0,0,0,0,0,0,0,0,0,0,0,0,0,0,0,0,0.0,14.5,20.0,8.0,25.0,20.0,20.0,8.0,3.0,1.0,20.0,71.0,3.0,10.0,33,58,5,8,25.0,10.0,4.0,1.0
2021-11-28,Sun,False,False,0,0,0,0,0,0,0,0,0,0,0,0,0,0,0,0,0,0,0,0,0,0,0,0,0,0.0,14.5,19.0,9.0,24.0,19.0,19.0,9.0,3.0,1.0,19.0,72.0,3.0,10.0,32,59,5,8,24.0,11.0,4.0,1.0
2021-11-29,Mon,True,False,0,0,0,0,0,1,1,0,0,0,1,0,0,0,0,0,0,0,1,1,0,0,1,1,1,2.0,9.5,18.0,10.0,23.0,18.0,18.0,10.0,2.0,2.0,18.0,73.0,2.0,11.0,31,60,4,9,23.0,12.0,3.0,2.0
2021-11-30,Tue,True,False,0,0,0,0,0,0,0,0,0,0,0,1,1,0,0,0,0,0,0,0,0,0,0,1,1,2.0,9.5,17.0,11.0,22.0,17.0,17.0,11.0,2.0,2.0,17.0,74.0,2.0,11.0,30,61,4,9,22.0,13.0,3.0,2.0
2021-12-01,Wed,True,False,0,0,0,0,0,1,1,0,0,0,1,0,0,0,0,0,1,0,1,1,0,0,1,1,2,2.5,12.0,16.0,12.0,21.0,16.0,16.0,12.0,2.0,2.0,16.0,75.0,2.0,11.0,29,62,4,9,21.0,14.0,3.0,2.0
2021-12-02,Thu,True,False,0,0,0,0,0,0,0,0,0,0,0,0,0,0,0,0,0,0,0,0,0,0,0,0,0,0.0,9.5,15.0,13.0,20.0,15.0,15.0,13.0,2.0,2.0,15.0,76.0,2.0,11.0,28,63,4,9,20.0,15.0,3.0,2.0
2021-12-03,Fri,True,False,0,0,1,0,0,1,1,0,0,0,1,0,0,0,0,0,0,0,1,1,0,0,1,1,2,3.0,9.5,14.0,14.0,19.0,14.0,14.0,14.0,2.0,2.0,14.0,77.0,2.0,11.0,27,64,4,9,19.0,16.0,3.0,2.0
2021-12-04,Sat,False,False,0,0,0,0,0,0,0,0,0,0,0,0,0,0,0,0,0,0,0,0,0,0,0,0,0,0.0,9.5,13.0,15.0,18.0,13.0,13.0,15.0,2.0,2.0,13.0,78.0,2.0,11.0,26,65,4,9,18.0,17.0,3.0,2.0
2021-12-05,Sun,False,False,0,0,0,0,0,0,0,0,0,0,0,0,0,0,0,0,0,0,0,0,0,0,0,0,0,0.0,9.5,12.0,16.0,17.0,12.0,12.0,16.0,2.0,2.0,12.0,79.0,2.0,11.0,25,66,4,9,17.0,18.0,3.0,2.0
2021-12-06,Mon,True,False,0,0,0,0,0,1,1,0,0,0,1,0,0,0,0,0,0,0,1,1,0,0,1,1,1,2.0,9.5,11.0,17.0,16.0,11.0,11.0,17.0,1.0,3.0,11.0,80.0,1.0,12.0,24,67,3,10,16.0,19.0,2.0,3.0
2021-12-07,Tue,True,False,0,0,0,0,0,0,0,0,0,0,0,0,0,0,0,0,0,0,0,0,0,0,0,0,0,0.0,7.5,10.0,18.0,15.0,10.0,10.0,18.0,1.0,3.0,10.0,81.0,1.0,12.0,23,68,3,10,15.0,20.0,2.0,3.0
2021-12-08,Wed,True,False,0,0,0,0,0,1,1,0,0,0,1,0,0,0,0,0,1,0,1,1,0,0,1,1,2,2.5,7.5,9.0,19.0,14.0,9.0,9.0,19.0,1.0,3.0,9.0,82.0,1.0,12.0,22,69,3,10,14.0,21.0,2.0,3.0
2021-12-09,Thu,True,False,0,0,0,0,0,0,0,0,0,0,0,0,0,0,0,0,0,0,0,0,0,0,0,0,0,0.0,7.5,8.0,20.0,13.0,8.0,8.0,20.0,1.0,3.0,8.0,83.0,1.0,12.0,21,70,3,10,13.0,22.0,2.0,3.0
2021-12-10,Fri,True,False,0,0,1,0,0,1,1,0,0,0,1,0,0,0,0,0,0,0,1,1,0,0,1,1,2,3.0,7.5,7.0,21.0,12.0,7.0,7.0,21.0,1.0,3.0,7.0,84.0,1.0,12.0,20,71,3,10,12.0,23.0,2.0,3.0
2021-12-11,Sat,False,False,0,0,0,0,0,0,0,0,0,0,0,0,0,0,0,0,0,0,0,0,0,0,0,0,0,0.0,7.5,6.0,22.0,11.0,6.0,6.0,22.0,1.0,3.0,6.0,85.0,1.0,12.0,19,72,3,10,11.0,24.0,2.0,3.0
2021-12-12,Sun,False,False,0,0,0,0,0,0,0,0,0,0,0,0,0,0,0,0,0,0,0,0,0,0,0,0,0,0.0,7.5,5.0,23.0,10.0,5.0,5.0,23.0,1.0,3.0,5.0,86.0,1.0,12.0,18,73,3,10,10.0,25.0,2.0,3.0
2021-12-13,Mon,True,False,0,0,0,0,0,1,1,0,0,0,1,0,0,0,0,0,0,0,1,1,0,0,1,1,1,2.0,7.5,4.0,24.0,9.0,4.0,4.0,24.0,0.0,0.0,4.0,87.0,0.0,0.0,17,74,2,11,9.0,26.0,1.0,4.0
2021-12-14,Tue,True,False,0,0,0,0,0,0,0,0,0,0,0,0,0,0,0,0,0,0,0,0,0,0,0,0,0,0.0,7.5,3.0,25.0,8.0,3.0,3.0,25.0,0.0,0.0,3.0,88.0,0.0,0.0,16,75,2,11,8.0,27.0,1.0,4.0
2021-12-15,Wed,True,False,0,0,0,0,0,1,1,0,0,0,1,0,0,0,0,0,1,0,1,1,0,0,1,1,2,2.5,7.5,2.0,26.0,7.0,2.0,2.0,26.0,0.0,0.0,2.0,89.0,0.0,0.0,15,76,2,11,7.0,28.0,1.0,4.0
2021-12-16,Thu,True,False,0,0,0,0,0,0,0,0,0,0,0,0,0,0,0,0,0,0,0,0,0,0,0,0,0,0.0,7.5,1.0,27.0,6.0,1.0,1.0,27.0,0.0,0.0,1.0,90.0,0.0,0.0,14,77,2,11,6.0,29.0,1.0,4.0
2021-12-17,Fri,True,False,1,1,0,1,1,1,1,0,0,0,1,0,0,0,0,0,0,0,1,1,1,1,1,1,3,7.0,11.5,0.0,0.0,5.0,0.0,0.0,0.0,0.0,0.0,0.0,0.0,0.0,0.0,13,78,2,11,5.0,30.0,1.0,4.0
2021-12-18,Sat,False,False,0,0,0,0,0,0,0,0,0,0,0,0,0,0,0,0,0,0,0,0,0,0,0,0,0,0.0,11.5,34.0,1.0,4.0,34.0,34.0,1.0,0.0,0.0,90.0,1.0,0.0,0.0,12,79,2,11,4.0,31.0,1.0,4.0
2021-12-19,Sun,False,False,0,0,0,0,0,0,0,0,0,0,0,0,0,0,0,0,0,0,0,0,0,0,0,0,0,0.0,11.5,33.0,2.0,3.0,33.0,33.0,2.0,0.0,0.0,89.0,2.0,0.0,0.0,11,80,2,11,3.0,32.0,1.0,4.0
2021-12-20,Mon,True,False,0,0,0,0,0,1,1,0,0,0,1,0,0,0,0,0,0,0,1,1,0,0,1,1,1,2.0,11.5,32.0,3.0,2.0,32.0,32.0,3.0,4.0,1.0,88.0,3.0,12.0,1.0,10,81,1,12,2.0,33.0,0.0,0.0
2021-12-21,Tue,True,False,0,0,0,0,0,0,0,0,0,0,0,0,0,0,0,0,0,0,0,0,0,0,0,0,0,0.0,11.5,31.0,4.0,1.0,31.0,31.0,4.0,4.0,1.0,87.0,4.0,12.0,1.0,9,82,1,12,1.0,34.0,0.0,0.0
2021-12-22,Wed,True,False,0,0,0,0,0,1,1,0,0,0,1,0,0,0,0,1,0,0,1,1,0,0,1,1,2,3.5,12.5,30.0,5.0,0.0,30.0,30.0,5.0,4.0,1.0,86.0,5.0,12.0,1.0,8,83,1,12,0.0,0.0,0.0,0.0
2021-12-23,Thu,True,False,0,0,0,0,0,0,0,0,0,0,0,0,0,0,0,0,0,0,0,0,0,0,0,0,0,0.0,12.5,29.0,6.0,27.0,29.0,29.0,6.0,4.0,1.0,85.0,6.0,12.0,1.0,7,84,1,12,27.0,1.0,0.0,0.0
2021-12-24,Fri,False,True,0,0,0,0,0,0,0,0,0,0,0,0,0,0,0,0,0,0,0,0,0,0,0,0,0,0.0,12.5,28.0,7.0,26.0,28.0,28.0,7.0,4.0,1.0,84.0,7.0,12.0,1.0,6,85,1,12,26.0,2.0,0.0,0.0
2021-12-25,Sat,False,False,0,0,0,0,0,0,0,0,0,0,0,0,0,0,0,0,0,0,0,0,0,0,0,0,0,0.0,12.5,27.0,8.0,25.0,27.0,27.0,8.0,4.0,1.0,83.0,8.0,12.0,1.0,5,86,1,12,25.0,3.0,0.0,0.0
2021-12-26,Sun,False,False,0,0,0,0,0,0,0,0,0,0,0,0,0,0,0,0,0,0,0,0,0,0,0,0,0,0.0,12.5,26.0,9.0,24.0,26.0,26.0,9.0,4.0,1.0,82.0,9.0,12.0,1.0,4,87,1,12,24.0,4.0,0.0,0.0
2021-12-27,Mon,True,False,0,0,0,0,0,1,1,0,0,0,1,0,0,0,0,0,0,0,1,1,0,0,1,1,1,2.0,7.5,25.0,10.0,23.0,25.0,25.0,10.0,3.0,2.0,81.0,10.0,11.0,2.0,3,88,0,0,23.0,5.0,3.0,1.0
2021-12-28,Tue,True,False,0,0,0,0,0,0,0,0,0,0,0,0,0,0,0,0,0,0,0,0,0,0,0,0,0,0.0,5.5,24.0,11.0,22.0,24.0,24.0,11.0,3.0,2.0,80.0,11.0,11.0,2.0,2,89,0,0,22.0,6.0,3.0,1.0
2021-12-29,Wed,True,False,0,0,0,0,0,1,1,0,0,0,1,0,0,0,0,0,1,0,1,1,0,0,1,1,2,2.5,8.0,23.0,12.0,21.0,23.0,23.0,12.0,3.0,2.0,79.0,12.0,11.0,2.0,1,90,0,0,21.0,7.0,3.0,1.0
2021-12-30,Thu,True,False,0,0,0,0,0,0,0,0,0,0,0,1,1,1,1,0,0,1,0,0,0,0,0,1,3,5.0,9.5,22.0,13.0,20.0,22.0,22.0,13.0,3.0,2.0,78.0,13.0,11.0,2.0,0,0,0,0,20.0,8.0,3.0,1.0
2021-12-31,Fri,False,True,0,0,0,0,0,0,0,0,0,0,0,0,0,0,0,0,0,0,0,0,0,0,0,0,0,0.0,9.5,21.0,14.0,19.0,21.0,21.0,14.0,3.0,2.0,77.0,14.0,11.0,2.0,90,1,0,0,19.0,9.0,3.0,1.0
2022-01-01,Sat,False,False,0,0,0,0,0,0,0,0,0,0,0,0,0,0,0,0,0,0,0,0,0,0,0,0,0,0.0,9.5,20.0,15.0,18.0,20.0,20.0,15.0,3.0,2.0,76.0,15.0,11.0,2.0,89,2,0,0,18.0,10.0,3.0,1.0
2022-01-02,Sun,False,False,0,0,0,0,0,0,0,0,0,0,0,0,0,0,0,0,0,0,0,0,0,0,0,0,0,0.0,9.5,19.0,16.0,17.0,19.0,19.0,16.0,3.0,2.0,75.0,16.0,11.0,2.0,88,3,0,0,17.0,11.0,3.0,1.0
2022-01-03,Mon,True,False,0,0,0,0,0,1,1,0,0,0,1,0,0,0,0,0,0,0,1,1,0,0,1,1,1,2.0,11.5,18.0,17.0,16.0,18.0,18.0,17.0,2.0,3.0,74.0,17.0,10.0,3.0,87,4,12,1,16.0,12.0,2.0,2.0
2022-01-04,Tue,True,False,0,0,0,0,0,0,0,0,0,0,0,0,0,0,0,0,0,0,0,0,0,0,0,0,0,0.0,9.5,17.0,18.0,15.0,17.0,17.0,18.0,2.0,3.0,73.0,18.0,10.0,3.0,86,5,12,1,15.0,13.0,2.0,2.0
2022-01-05,Wed,True,False,0,0,0,0,0,1,1,0,0,0,1,0,0,0,0,0,1,0,1,1,0,0,1,1,2,2.5,12.0,16.0,19.0,14.0,16.0,16.0,19.0,2.0,3.0,72.0,19.0,10.0,3.0,85,6,12,1,14.0,14.0,2.0,2.0
2022-01-06,Thu,True,False,0,0,0,0,0,0,0,0,0,0,0,0,0,0,0,0,0,0,0,0,0,0,0,0,0,0.0,9.5,15.0,20.0,13.0,15.0,15.0,20.0,2.0,3.0,71.0,20.0,10.0,3.0,84,7,12,1,13.0,15.0,2.0,2.0
2022-01-07,Fri,True,False,0,0,1,0,0,1,1,0,0,0,1,0,0,0,0,0,0,0,1,1,0,0,1,1,2,3.0,7.5,14.0,21.0,12.0,14.0,14.0,21.0,2.0,3.0,70.0,21.0,10.0,3.0,83,8,12,1,12.0,16.0,2.0,2.0
2022-01-08,Sat,False,False,0,0,0,0,0,0,0,0,0,0,0,0,0,0,0,0,0,0,0,0,0,0,0,0,0,0.0,7.5,13.0,22.0,11.0,13.0,13.0,22.0,2.0,3.0,69.0,22.0,10.0,3.0,82,9,12,1,11.0,17.0,2.0,2.0
2022-01-09,Sun,False,False,0,0,0,0,0,0,0,0,0,0,0,0,0,0,0,0,0,0,0,0,0,0,0,0,0,0.0,7.5,12.0,23.0,10.0,12.0,12.0,23.0,2.0,3.0,68.0,23.0,10.0,3.0,81,10,12,1,10.0,18.0,2.0,2.0
2022-01-10,Mon,True,False,0,0,0,0,0,1,1,0,0,0,1,0,0,0,0,0,0,0,1,1,0,0,1,1,1,2.0,7.5,11.0,24.0,9.0,11.0,11.0,24.0,1.0,4.0,67.0,24.0,9.0,4.0,80,11,11,2,9.0,19.0,1.0,3.0
2022-01-11,Tue,True,False,0,0,0,0,0,0,0,0,0,0,0,0,0,0,0,0,0,0,0,0,0,0,0,0,0,0.0,7.5,10.0,25.0,8.0,10.0,10.0,25.0,1.0,4.0,66.0,25.0,9.0,4.0,79,12,11,2,8.0,20.0,1.0,3.0
2022-01-12,Wed,True,False,0,0,0,0,0,1,1,0,0,0,1,0,0,0,0,0,1,0,1,1,0,0,1,1,2,2.5,7.5,9.0,26.0,7.0,9.0,9.0,26.0,1.0,4.0,65.0,26.0,9.0,4.0,78,13,11,2,7.0,21.0,1.0,3.0
2022-01-13,Thu,True,False,0,0,0,0,0,0,0,0,0,0,0,0,0,0,0,0,0,0,0,0,0,0,0,0,0,0.0,7.5,8.0,27.0,6.0,8.0,8.0,27.0,1.0,4.0,64.0,27.0,9.0,4.0,77,14,11,2,6.0,22.0,1.0,3.0
2022-01-14,Fri,True,False,0,0,1,0,0,1,1,0,0,0,1,0,0,0,0,0,0,0,1,1,0,0,1,1,2,3.0,7.5,7.0,28.0,5.0,7.0,7.0,28.0,1.0,4.0,63.0,28.0,9.0,4.0,76,15,11,2,5.0,23.0,1.0,3.0
2022-01-15,Sat,False,False,0,0,0,0,0,0,0,0,0,0,0,0,0,0,0,0,0,0,0,0,0,0,0,0,0,0.0,7.5,6.0,29.0,4.0,6.0,6.0,29.0,1.0,4.0,62.0,29.0,9.0,4.0,75,16,11,2,4.0,24.0,1.0,3.0
2022-01-16,Sun,False,False,0,0,0,0,0,0,0,0,0,0,0,0,0,0,0,0,0,0,0,0,0,0,0,0,0,0.0,7.5,5.0,30.0,3.0,5.0,5.0,30.0,1.0,4.0,61.0,30.0,9.0,4.0,74,17,11,2,3.0,25.0,1.0,3.0
2022-01-17,Mon,False,True,0,0,0,0,0,0,0,0,0,0,0,0,0,0,0,0,0,0,0,0,0,0,0,0,0,0.0,7.5,4.0,31.0,2.0,4.0,4.0,31.0,0.0,0.0,60.0,31.0,8.0,5.0,73,18,10,3,2.0,26.0,0.0,0.0
2022-01-18,Tue,True,False,0,0,0,0,0,0,0,0,0,0,0,0,0,0,0,0,0,0,0,0,0,0,0,0,0,0.0,5.5,3.0,32.0,1.0,3.0,3.0,32.0,0.0,0.0,59.0,32.0,8.0,5.0,72,19,10,3,1.0,27.0,0.0,0.0
2022-01-19,Wed,True,False,0,0,0,0,0,1,1,0,0,0,1,0,0,0,0,1,0,0,1,1,0,0,1,1,2,3.5,9.0,2.0,33.0,0.0,2.0,2.0,33.0,0.0,0.0,58.0,33.0,8.0,5.0,71,20,10,3,0.0,0.0,0.0,0.0
2022-01-20,Thu,True,False,0,0,0,0,0,0,0,0,0,0,0,0,0,0,0,0,0,0,0,0,0,0,0,0,0,0.0,6.5,1.0,34.0,27.0,1.0,1.0,34.0,0.0,0.0,57.0,34.0,8.0,5.0,70,21,10,3,27.0,1.0,0.0,0.0
2022-01-21,Fri,True,False,1,1,0,1,1,1,1,0,0,0,1,0,0,0,0,0,0,0,1,1,1,1,1,1,3,7.0,13.5,0.0,0.0,26.0,0.0,0.0,0.0,0.0,0.0,56.0,35.0,8.0,5.0,69,22,10,3,26.0,2.0,0.0,0.0
2022-01-22,Sat,False,False,0,0,0,0,0,0,0,0,0,0,0,0,0,0,0,0,0,0,0,0,0,0,0,0,0,0.0,13.5,27.0,1.0,25.0,27.0,27.0,1.0,0.0,0.0,55.0,36.0,8.0,5.0,68,23,10,3,25.0,3.0,0.0,0.0
2022-01-23,Sun,False,False,0,0,0,0,0,0,0,0,0,0,0,0,0,0,0,0,0,0,0,0,0,0,0,0,0,0.0,13.5,26.0,2.0,24.0,26.0,26.0,2.0,0.0,0.0,54.0,37.0,8.0,5.0,67,24,10,3,24.0,4.0,0.0,0.0
2022-01-24,Mon,True,False,0,0,0,0,0,1,1,0,0,0,1,0,0,0,0,0,0,0,1,1,0,0,1,1,1,2.0,12.5,25.0,3.0,23.0,25.0,25.0,3.0,3.0,1.0,53.0,38.0,7.0,6.0,66,25,9,4,23.0,5.0,3.0,1.0
2022-01-25,Tue,True,False,0,0,0,0,0,0,0,0,0,0,0,0,0,0,0,0,0,0,0,0,0,0,0,0,0,0.0,12.5,24.0,4.0,22.0,24.0,24.0,4.0,3.0,1.0,52.0,39.0,7.0,6.0,65,26,9,4,22.0,6.0,3.0,1.0
2022-01-26,Wed,True,False,0,0,0,0,0,1,1,0,0,0,1,0,0,0,0,0,1,0,1,1,0,0,1,1,2,2.5,11.5,23.0,5.0,21.0,23.0,23.0,5.0,3.0,1.0,51.0,40.0,7.0,6.0,64,27,9,4,21.0,7.0,3.0,1.0
2022-01-27,Thu,True,False,0,0,0,0,0,0,0,0,0,0,0,0,0,0,0,0,0,0,0,0,0,0,0,0,0,0.0,11.5,22.0,6.0,20.0,22.0,22.0,6.0,3.0,1.0,50.0,41.0,7.0,6.0,63,28,9,4,20.0,8.0,3.0,1.0
2022-01-28,Fri,True,False,0,0,1,0,0,1,1,0,0,0,1,0,0,0,0,0,0,0,1,1,0,0,1,1,2,3.0,7.5,21.0,7.0,19.0,21.0,21.0,7.0,3.0,1.0,49.0,42.0,7.0,6.0,62,29,9,4,19.0,9.0,3.0,1.0
2022-01-29,Sat,False,False,0,0,0,0,0,0,0,0,0,0,0,0,0,0,0,0,0,0,0,0,0,0,0,0,0,0.0,7.5,20.0,8.0,18.0,20.0,20.0,8.0,3.0,1.0,48.0,43.0,7.0,6.0,61,30,9,4,18.0,10.0,3.0,1.0
2022-01-30,Sun,False,False,0,0,0,0,0,0,0,0,0,0,0,0,0,0,0,0,0,0,0,0,0,0,0,0,0,0.0,7.5,19.0,9.0,17.0,19.0,19.0,9.0,3.0,1.0,47.0,44.0,7.0,6.0,60,31,9,4,17.0,11.0,3.0,1.0
2022-01-31,Mon,True,False,0,0,0,0,0,0,0,0,0,0,0,1,1,0,0,0,0,0,1,1,0,0,0,1,1,2.0,7.5,18.0,10.0,16.0,18.0,18.0,10.0,2.0,2.0,46.0,45.0,6.0,7.0,59,32,8,5,16.0,12.0,2.0,2.0
2022-02-01,Tue,True,False,0,0,0,0,0,0,0,0,0,0,0,0,0,0,0,0,0,0,0,0,0,0,0,0,0,0.0,7.5,17.0,11.0,15.0,17.0,17.0,11.0,2.0,2.0,45.0,46.0,6.0,7.0,58,33,8,5,15.0,13.0,2.0,2.0
2022-02-02,Wed,True,False,0,0,0,0,0,1,1,0,0,0,1,0,0,0,0,0,1,0,1,1,0,0,1,1,2,2.5,7.5,16.0,12.0,14.0,16.0,16.0,12.0,2.0,2.0,44.0,47.0,6.0,7.0,57,34,8,5,14.0,14.0,2.0,2.0
2022-02-03,Thu,True,False,0,0,0,0,0,0,0,0,0,0,0,0,0,0,0,0,0,0,0,0,0,0,0,0,0,0.0,7.5,15.0,13.0,13.0,15.0,15.0,13.0,2.0,2.0,43.0,48.0,6.0,7.0,56,35,8,5,13.0,15.0,2.0,2.0
2022-02-04,Fri,True,False,0,0,1,0,0,1,1,0,0,0,1,0,0,0,0,0,0,0,1,1,0,0,1,1,2,3.0,7.5,14.0,14.0,12.0,14.0,14.0,14.0,2.0,2.0,42.0,49.0,6.0,7.0,55,36,8,5,12.0,16.0,2.0,2.0
2022-02-05,Sat,False,False,0,0,0,0,0,0,0,0,0,0,0,0,0,0,0,0,0,0,0,0,0,0,0,0,0,0.0,7.5,13.0,15.0,11.0,13.0,13.0,15.0,2.0,2.0,41.0,50.0,6.0,7.0,54,37,8,5,11.0,17.0,2.0,2.0
2022-02-06,Sun,False,False,0,0,0,0,0,0,0,0,0,0,0,0,0,0,0,0,0,0,0,0,0,0,0,0,0,0.0,7.5,12.0,16.0,10.0,12.0,12.0,16.0,2.0,2.0,40.0,51.0,6.0,7.0,53,38,8,5,10.0,18.0,2.0,2.0
2022-02-07,Mon,True,False,0,0,0,0,0,1,1,0,0,0,1,0,0,0,0,0,0,0,1,1,0,0,1,1,1,2.0,7.5,11.0,17.0,9.0,11.0,11.0,17.0,1.0,3.0,39.0,52.0,5.0,8.0,52,39,7,6,9.0,19.0,1.0,3.0
2022-02-08,Tue,True,False,0,0,0,0,0,0,0,0,0,0,0,0,0,0,0,0,0,0,0,0,0,0,0,0,0,0.0,7.5,10.0,18.0,8.0,10.0,10.0,18.0,1.0,3.0,38.0,53.0,5.0,8.0,51,40,7,6,8.0,20.0,1.0,3.0
2022-02-09,Wed,True,False,0,0,0,0,0,1,1,0,0,0,1,0,0,0,0,0,1,0,1,1,0,0,1,1,2,2.5,7.5,9.0,19.0,7.0,9.0,9.0,19.0,1.0,3.0,37.0,54.0,5.0,8.0,50,41,7,6,7.0,21.0,1.0,3.0
2022-02-10,Thu,True,False,0,0,0,0,0,0,0,0,0,0,0,0,0,0,0,0,0,0,0,0,0,0,0,0,0,0.0,7.5,8.0,20.0,6.0,8.0,8.0,20.0,1.0,3.0,36.0,55.0,5.0,8.0,49,42,7,6,6.0,22.0,1.0,3.0
2022-02-11,Fri,True,False,0,0,1,0,0,1,1,0,0,0,1,0,0,0,0,0,0,0,1,1,0,0,1,1,2,3.0,7.5,7.0,21.0,5.0,7.0,7.0,21.0,1.0,3.0,35.0,56.0,5.0,8.0,48,43,7,6,5.0,23.0,1.0,3.0
2022-02-12,Sat,False,False,0,0,0,0,0,0,0,0,0,0,0,0,0,0,0,0,0,0,0,0,0,0,0,0,0,0.0,7.5,6.0,22.0,4.0,6.0,6.0,22.0,1.0,3.0,34.0,57.0,5.0,8.0,47,44,7,6,4.0,24.0,1.0,3.0
2022-02-13,Sun,False,False,0,0,0,0,0,0,0,0,0,0,0,0,0,0,0,0,0,0,0,0,0,0,0,0,0,0.0,7.5,5.0,23.0,3.0,5.0,5.0,23.0,1.0,3.0,33.0,58.0,5.0,8.0,46,45,7,6,3.0,25.0,1.0,3.0
2022-02-14,Mon,True,False,0,0,0,0,0,1,1,0,0,0,1,0,0,0,0,0,0,0,1,1,0,0,1,1,1,2.0,7.5,4.0,24.0,2.0,4.0,4.0,24.0,0.0,0.0,32.0,59.0,4.0,9.0,45,46,6,7,2.0,26.0,0.0,0.0
2022-02-15,Tue,True,False,0,0,0,0,0,0,0,0,0,0,0,0,0,0,0,0,0,0,0,0,0,0,0,0,0,0.0,7.5,3.0,25.0,1.0,3.0,3.0,25.0,0.0,0.0,31.0,60.0,4.0,9.0,44,47,6,7,1.0,27.0,0.0,0.0
2022-02-16,Wed,True,False,0,0,0,0,0,1,1,0,0,0,1,0,0,0,0,1,0,0,1,1,0,0,1,1,2,3.5,8.5,2.0,26.0,0.0,2.0,2.0,26.0,0.0,0.0,30.0,61.0,4.0,9.0,43,48,6,7,0.0,0.0,0.0,0.0
2022-02-17,Thu,True,False,0,0,0,0,0,0,0,0,0,0,0,0,0,0,0,0,0,0,0,0,0,0,0,0,0,0.0,8.5,1.0,27.0,26.0,1.0,1.0,27.0,0.0,0.0,29.0,62.0,4.0,9.0,42,49,6,7,26.0,1.0,0.0,0.0
2022-02-18,Fri,True,False,1,1,0,1,1,1,1,0,0,0,1,0,0,0,0,0,0,0,1,1,1,1,1,1,3,7.0,12.5,0.0,0.0,25.0,0.0,0.0,0.0,0.0,0.0,28.0,63.0,4.0,9.0,41,50,6,7,25.0,2.0,0.0,0.0
2022-02-19,Sat,False,False,0,0,0,0,0,0,0,0,0,0,0,0,0,0,0,0,0,0,0,0,0,0,0,0,0,0.0,12.5,27.0,1.0,24.0,27.0,27.0,1.0,0.0,0.0,27.0,64.0,4.0,9.0,40,51,6,7,24.0,3.0,0.0,0.0
2022-02-20,Sun,False,False,0,0,0,0,0,0,0,0,0,0,0,0,0,0,0,0,0,0,0,0,0,0,0,0,0,0.0,12.5,26.0,2.0,23.0,26.0,26.0,2.0,0.0,0.0,26.0,65.0,4.0,9.0,39,52,6,7,23.0,4.0,0.0,0.0
2022-02-21,Mon,False,True,0,0,0,0,0,0,0,0,0,0,0,0,0,0,0,0,0,0,0,0,0,0,0,0,0,0.0,12.5,25.0,3.0,22.0,25.0,25.0,3.0,3.0,1.0,25.0,66.0,3.0,10.0,38,53,5,8,22.0,5.0,3.0,1.0
2022-02-22,Tue,True,False,0,0,0,0,0,0,0,0,0,0,0,0,0,0,0,0,0,0,0,0,0,0,0,0,0,0.0,10.5,24.0,4.0,21.0,24.0,24.0,4.0,3.0,1.0,24.0,67.0,3.0,10.0,37,54,5,8,21.0,6.0,3.0,1.0
2022-02-23,Wed,True,False,0,0,0,0,0,1,1,0,0,0,1,0,0,0,0,0,1,0,1,1,0,0,1,1,2,2.5,13.0,23.0,5.0,20.0,23.0,23.0,5.0,3.0,1.0,23.0,68.0,3.0,10.0,36,55,5,8,20.0,7.0,3.0,1.0
2022-02-24,Thu,True,False,0,0,0,0,0,0,0,0,0,0,0,0,0,0,0,0,0,0,0,0,0,0,0,0,0,0.0,9.5,22.0,6.0,19.0,22.0,22.0,6.0,3.0,1.0,22.0,69.0,3.0,10.0,35,56,5,8,19.0,8.0,3.0,1.0
2022-02-25,Fri,True,False,0,0,1,0,0,1,1,0,0,0,1,0,0,0,0,0,0,0,1,1,0,0,1,1,2,3.0,12.5,21.0,7.0,18.0,21.0,21.0,7.0,3.0,1.0,21.0,70.0,3.0,10.0,34,57,5,8,18.0,9.0,3.0,1.0
2022-02-26,Sat,False,False,0,0,0,0,0,0,0,0,0,0,0,0,0,0,0,0,0,0,0,0,0,0,0,0,0,0.0,12.5,20.0,8.0,17.0,20.0,20.0,8.0,3.0,1.0,20.0,71.0,3.0,10.0,33,58,5,8,17.0,10.0,3.0,1.0
2022-02-27,Sun,False,False,0,0,0,0,0,0,0,0,0,0,0,0,0,0,0,0,0,0,0,0,0,0,0,0,0,0.0,12.5,19.0,9.0,16.0,19.0,19.0,9.0,3.0,1.0,19.0,72.0,3.0,10.0,32,59,5,8,16.0,11.0,3.0,1.0
2022-02-28,Mon,True,False,0,0,0,0,0,0,0,0,0,0,0,1,1,0,0,0,0,0,1,1,0,0,0,1,1,2.0,7.5,18.0,10.0,15.0,18.0,18.0,10.0,2.0,2.0,18.0,73.0,2.0,11.0,31,60,4,9,15.0,12.0,2.0,2.0
2022-03-01,Tue,True,False,0,0,0,0,0,0,0,0,0,0,0,0,0,0,0,0,0,0,0,0,0,0,0,0,0,0.0,7.5,17.0,11.0,14.0,17.0,17.0,11.0,2.0,2.0,17.0,74.0,2.0,11.0,30,61,4,9,14.0,13.0,2.0,2.0
2022-03-02,Wed,True,False,0,0,0,0,0,1,1,0,0,0,1,0,0,0,0,0,1,0,1,1,0,0,1,1,2,2.5,7.5,16.0,12.0,13.0,16.0,16.0,12.0,2.0,2.0,16.0,75.0,2.0,11.0,29,62,4,9,13.0,14.0,2.0,2.0
2022-03-03,Thu,True,False,0,0,0,0,0,0,0,0,0,0,0,0,0,0,0,0,0,0,0,0,0,0,0,0,0,0.0,7.5,15.0,13.0,12.0,15.0,15.0,13.0,2.0,2.0,15.0,76.0,2.0,11.0,28,63,4,9,12.0,15.0,2.0,2.0
2022-03-04,Fri,True,False,0,0,1,0,0,1,1,0,0,0,1,0,0,0,0,0,0,0,1,1,0,0,1,1,2,3.0,7.5,14.0,14.0,11.0,14.0,14.0,14.0,2.0,2.0,14.0,77.0,2.0,11.0,27,64,4,9,11.0,16.0,2.0,2.0
2022-03-05,Sat,False,False,0,0,0,0,0,0,0,0,0,0,0,0,0,0,0,0,0,0,0,0,0,0,0,0,0,0.0,7.5,13.0,15.0,10.0,13.0,13.0,15.0,2.0,2.0,13.0,78.0,2.0,11.0,26,65,4,9,10.0,17.0,2.0,2.0
2022-03-06,Sun,False,False,0,0,0,0,0,0,0,0,0,0,0,0,0,0,0,0,0,0,0,0,0,0,0,0,0,0.0,7.5,12.0,16.0,9.0,12.0,12.0,16.0,2.0,2.0,12.0,79.0,2.0,11.0,25,66,4,9,9.0,18.0,2.0,2.0
2022-03-07,Mon,True,False,0,0,0,0,0,1,1,0,0,0,1,0,0,0,0,0,0,0,1,1,0,0,1,1,1,2.0,7.5,11.0,17.0,8.0,11.0,11.0,17.0,1.0,3.0,11.0,80.0,1.0,12.0,24,67,3,10,8.0,19.0,1.0,3.0
2022-03-08,Tue,True,False,0,0,0,0,0,0,0,0,0,0,0,0,0,0,0,0,0,0,0,0,0,0,0,0,0,0.0,7.5,10.0,18.0,7.0,10.0,10.0,18.0,1.0,3.0,10.0,81.0,1.0,12.0,23,68,3,10,7.0,20.0,1.0,3.0
2022-03-09,Wed,True,False,0,0,0,0,0,1,1,0,0,0,1,0,0,0,0,0,1,0,1,1,0,0,1,1,2,2.5,7.5,9.0,19.0,6.0,9.0,9.0,19.0,1.0,3.0,9.0,82.0,1.0,12.0,22,69,3,10,6.0,21.0,1.0,3.0
2022-03-10,Thu,True,False,0,0,0,0,0,0,0,0,0,0,0,0,0,0,0,0,0,0,0,0,0,0,0,0,0,0.0,7.5,8.0,20.0,5.0,8.0,8.0,20.0,1.0,3.0,8.0,83.0,1.0,12.0,21,70,3,10,5.0,22.0,1.0,3.0
2022-03-11,Fri,True,False,0,0,1,0,0,1,1,0,0,0,1,0,0,0,0,0,0,0,1,1,0,0,1,1,2,3.0,7.5,7.0,21.0,4.0,7.0,7.0,21.0,1.0,3.0,7.0,84.0,1.0,12.0,20,71,3,10,4.0,23.0,1.0,3.0
2022-03-12,Sat,False,False,0,0,0,0,0,0,0,0,0,0,0,0,0,0,0,0,0,0,0,0,0,0,0,0,0,0.0,7.5,6.0,22.0,3.0,6.0,6.0,22.0,1.0,3.0,6.0,85.0,1.0,12.0,19,72,3,10,3.0,24.0,1.0,3.0
2022-03-13,Sun,False,False,0,0,0,0,0,0,0,0,0,0,0,0,0,0,0,0,0,0,0,0,0,0,0,0,0,0.0,7.5,5.0,23.0,2.0,5.0,5.0,23.0,1.0,3.0,5.0,86.0,1.0,12.0,18,73,3,10,2.0,25.0,1.0,3.0
2022-03-14,Mon,True,False,0,0,0,0,0,1,1,0,0,0,1,0,0,0,0,0,0,0,1,1,0,0,1,1,1,2.0,7.5,4.0,24.0,1.0,4.0,4.0,24.0,0.0,0.0,4.0,87.0,0.0,0.0,17,74,2,11,1.0,26.0,0.0,0.0
2022-03-15,Tue,True,False,0,0,0,0,0,0,0,0,0,0,0,0,0,0,0,1,0,1,0,0,0,0,0,1,2,2.0,9.5,3.0,25.0,0.0,3.0,3.0,25.0,0.0,0.0,3.0,88.0,0.0,0.0,16,75,2,11,0.0,0.0,0.0,0.0
2022-03-16,Wed,True,False,0,0,0,0,0,1,1,0,0,0,1,0,0,0,0,0,1,0,1,1,0,0,1,1,2,2.5,9.5,2.0,26.0,35.0,2.0,2.0,26.0,0.0,0.0,2.0,89.0,0.0,0.0,15,76,2,11,35.0,1.0,0.0,0.0
2022-03-17,Thu,True,False,0,0,0,0,0,0,0,0,0,0,0,0,0,0,0,0,0,0,0,0,0,0,0,0,0,0.0,9.5,1.0,27.0,34.0,1.0,1.0,27.0,0.0,0.0,1.0,90.0,0.0,0.0,14,77,2,11,34.0,2.0,0.0,0.0
2022-03-18,Fri,True,False,1,1,0,1,1,1,1,0,0,0,1,0,0,0,0,0,0,0,1,1,1,1,1,1,3,7.0,13.5,0.0,0.0,33.0,0.0,0.0,0.0,0.0,0.0,0.0,0.0,0.0,0.0,13,78,2,11,33.0,3.0,0.0,0.0
2022-03-19,Sat,False,False,0,0,0,0,0,0,0,0,0,0,0,0,0,0,0,0,0,0,0,0,0,0,0,0,0,0.0,13.5,26.0,1.0,32.0,62.0,26.0,1.0,0.0,0.0,90.0,1.0,0.0,0.0,12,79,2,11,32.0,4.0,0.0,0.0
2022-03-20,Sun,False,False,0,0,0,0,0,0,0,0,0,0,0,0,0,0,0,0,0,0,0,0,0,0,0,0,0,0.0,13.5,25.0,2.0,31.0,61.0,25.0,2.0,0.0,0.0,89.0,2.0,0.0,0.0,11,80,2,11,31.0,5.0,0.0,0.0
2022-03-21,Mon,True,False,0,0,0,0,0,1,1,0,0,0,1,0,0,0,0,0,0,0,1,1,0,0,1,1,1,2.0,13.5,24.0,3.0,30.0,60.0,24.0,3.0,3.0,1.0,88.0,3.0,12.0,1.0,10,81,1,12,30.0,6.0,4.0,1.0
2022-03-22,Tue,True,False,0,0,0,0,0,0,0,0,0,0,0,0,0,0,0,0,0,0,0,0,0,0,0,0,0,0.0,11.5,23.0,4.0,29.0,59.0,23.0,4.0,3.0,1.0,87.0,4.0,12.0,1.0,9,82,1,12,29.0,7.0,4.0,1.0
2022-03-23,Wed,True,False,0,0,0,0,0,1,1,0,0,0,1,0,0,0,0,0,1,0,1,1,0,0,1,1,2,2.5,11.5,22.0,5.0,28.0,58.0,22.0,5.0,3.0,1.0,86.0,5.0,12.0,1.0,8,83,1,12,28.0,8.0,4.0,1.0
2022-03-24,Thu,True,False,0,0,0,0,0,0,0,0,0,0,0,0,0,0,0,0,0,0,0,0,0,0,0,0,0,0.0,11.5,21.0,6.0,27.0,57.0,21.0,6.0,3.0,1.0,85.0,6.0,12.0,1.0,7,84,1,12,27.0,9.0,4.0,1.0
2022-03-25,Fri,True,False,0,0,1,0,0,1,1,0,0,0,1,0,0,0,0,0,0,0,1,1,0,0,1,1,2,3.0,7.5,20.0,7.0,26.0,56.0,20.0,7.0,3.0,1.0,84.0,7.0,12.0,1.0,6,85,1,12,26.0,10.0,4.0,1.0
2022-03-26,Sat,False,False,0,0,0,0,0,0,0,0,0,0,0,0,0,0,0,0,0,0,0,0,0,0,0,0,0,0.0,7.5,19.0,8.0,25.0,55.0,19.0,8.0,3.0,1.0,83.0,8.0,12.0,1.0,5,86,1,12,25.0,11.0,4.0,1.0
2022-03-27,Sun,False,False,0,0,0,0,0,0,0,0,0,0,0,0,0,0,0,0,0,0,0,0,0,0,0,0,0,0.0,7.5,18.0,9.0,24.0,54.0,18.0,9.0,3.0,1.0,82.0,9.0,12.0,1.0,4,87,1,12,24.0,12.0,4.0,1.0
2022-03-28,Mon,True,False,0,0,0,0,0,1,1,0,0,0,1,0,0,0,0,0,0,0,1,1,0,0,1,1,1,2.0,7.5,17.0,10.0,23.0,53.0,17.0,10.0,2.0,2.0,81.0,10.0,11.0,2.0,3,88,0,0,23.0,13.0,3.0,2.0
2022-03-29,Tue,True,False,0,0,0,0,0,0,0,0,0,0,0,0,0,0,0,0,0,0,0,0,0,0,0,0,0,0.0,7.5,16.0,11.0,22.0,52.0,16.0,11.0,2.0,2.0,80.0,11.0,11.0,2.0,2,89,0,0,22.0,14.0,3.0,2.0
2022-03-30,Wed,True,False,0,0,0,0,0,1,1,0,0,0,1,0,0,0,0,0,1,0,1,1,0,0,1,1,2,2.5,7.5,15.0,12.0,21.0,51.0,15.0,12.0,2.0,2.0,79.0,12.0,11.0,2.0,1,90,0,0,21.0,15.0,3.0,2.0
2022-03-31,Thu,True,False,0,0,0,0,0,0,0,0,0,0,0,1,1,1,1,0,0,0,0,0,0,0,0,1,2,4.5,12.0,14.0,13.0,20.0,50.0,14.0,13.0,2.0,2.0,78.0,13.0,11.0,2.0,0,0,0,0,20.0,16.0,3.0,2.0
2022-04-01,Fri,True,False,0,0,1,0,0,1,1,0,0,0,1,0,0,0,0,0,0,0,1,1,0,0,1,1,2,3.0,12.0,13.0,14.0,19.0,49.0,13.0,14.0,2.0,2.0,77.0,14.0,11.0,2.0,90,1,0,0,19.0,17.0,3.0,2.0
2022-04-02,Sat,False,False,0,0,0,0,0,0,0,0,0,0,0,0,0,0,0,0,0,0,0,0,0,0,0,0,0,0.0,12.0,12.0,15.0,18.0,48.0,12.0,15.0,2.0,2.0,76.0,15.0,11.0,2.0,89,2,0,0,18.0,18.0,3.0,2.0
2022-04-03,Sun,False,False,0,0,0,0,0,0,0,0,0,0,0,0,0,0,0,0,0,0,0,0,0,0,0,0,0,0.0,12.0,11.0,16.0,17.0,47.0,11.0,16.0,2.0,2.0,75.0,16.0,11.0,2.0,88,3,0,0,17.0,19.0,3.0,2.0
2022-04-04,Mon,True,False,0,0,0,0,0,1,1,0,0,0,1,0,0,0,0,0,0,0,1,1,0,0,1,1,1,2.0,12.0,10.0,17.0,16.0,46.0,10.0,17.0,1.0,3.0,74.0,17.0,10.0,3.0,87,4,12,1,16.0,20.0,2.0,3.0
2022-04-05,Tue,True,False,0,0,0,0,0,0,0,0,0,0,0,0,0,0,0,0,0,0,0,0,0,0,0,0,0,0.0,12.0,9.0,18.0,15.0,45.0,9.0,18.0,1.0,3.0,73.0,18.0,10.0,3.0,86,5,12,1,15.0,21.0,2.0,3.0
2022-04-06,Wed,True,False,0,0,0,0,0,1,1,0,0,0,1,0,0,0,0,0,1,0,1,1,0,0,1,1,2,2.5,12.0,8.0,19.0,14.0,44.0,8.0,19.0,1.0,3.0,72.0,19.0,10.0,3.0,85,6,12,1,14.0,22.0,2.0,3.0
2022-04-07,Thu,True,False,0,0,0,0,0,0,0,0,0,0,0,0,0,0,0,0,0,0,0,0,0,0,0,0,0,0.0,7.5,7.0,20.0,13.0,43.0,7.0,20.0,1.0,3.0,71.0,20.0,10.0,3.0,84,7,12,1,13.0,23.0,2.0,3.0
2022-04-08,Fri,True,False,0,0,1,0,0,1,1,0,0,0,1,0,0,0,0,0,0,0,1,1,0,0,1,1,2,3.0,7.5,6.0,21.0,12.0,42.0,6.0,21.0,1.0,3.0,70.0,21.0,10.0,3.0,83,8,12,1,12.0,24.0,2.0,3.0
2022-04-09,Sat,False,False,0,0,0,0,0,0,0,0,0,0,0,0,0,0,0,0,0,0,0,0,0,0,0,0,0,0.0,7.5,5.0,22.0,11.0,41.0,5.0,22.0,1.0,3.0,69.0,22.0,10.0,3.0,82,9,12,1,11.0,25.0,2.0,3.0
2022-04-10,Sun,False,False,0,0,0,0,0,0,0,0,0,0,0,0,0,0,0,0,0,0,0,0,0,0,0,0,0,0.0,7.5,4.0,23.0,10.0,40.0,4.0,23.0,1.0,3.0,68.0,23.0,10.0,3.0,81,10,12,1,10.0,26.0,2.0,3.0
2022-04-11,Mon,True,False,0,0,0,0,0,1,1,0,0,0,1,0,0,0,0,0,0,0,1,1,0,0,1,1,1,2.0,7.5,3.0,24.0,9.0,39.0,3.0,24.0,0.0,0.0,67.0,24.0,9.0,4.0,80,11,11,2,9.0,27.0,1.0,4.0
2022-04-12,Tue,True,False,0,0,0,0,0,0,0,0,0,0,0,0,0,0,0,0,0,0,0,0,0,0,0,0,0,0.0,7.5,2.0,25.0,8.0,38.0,2.0,25.0,0.0,0.0,66.0,25.0,9.0,4.0,79,12,11,2,8.0,28.0,1.0,4.0
2022-04-13,Wed,True,False,0,0,0,0,0,1,1,0,0,0,1,0,0,0,0,0,1,0,1,1,0,0,1,1,2,2.5,7.5,1.0,26.0,7.0,37.0,1.0,26.0,0.0,0.0,65.0,26.0,9.0,4.0,78,13,11,2,7.0,29.0,1.0,4.0
2022-04-14,Thu,True,False,1,1,0,1,1,0,0,0,0,0,1,0,0,0,0,0,0,1,1,1,0,0,1,1,3,5.5,13.0,0.0,0.0,6.0,36.0,0.0,0.0,0.0,0.0,64.0,27.0,9.0,4.0,77,14,11,2,6.0,30.0,1.0,4.0
2022-04-15,Fri,False,True,0,0,0,0,0,0,0,0,0,0,0,0,0,0,0,0,0,0,0,0,0,0,0,0,0,0.0,13.0,35.0,1.0,5.0,35.0,35.0,1.0,0.0,0.0,63.0,28.0,9.0,4.0,76,15,11,2,5.0,31.0,1.0,4.0
2022-04-16,Sat,False,False,0,0,0,0,0,0,0,0,0,0,0,0,0,0,0,0,0,0,0,0,0,0,0,0,0,0.0,13.0,34.0,2.0,4.0,34.0,34.0,2.0,0.0,0.0,62.0,29.0,9.0,4.0,75,16,11,2,4.0,32.0,1.0,4.0
2022-04-17,Sun,False,False,0,0,0,0,0,0,0,0,0,0,0,0,0,0,0,0,0,0,0,0,0,0,0,0,0,0.0,13.0,33.0,3.0,3.0,33.0,33.0,3.0,0.0,0.0,61.0,30.0,9.0,4.0,74,17,11,2,3.0,33.0,1.0,4.0
2022-04-18,Mon,True,False,0,0,0,0,0,1,1,0,0,0,1,0,0,0,0,0,0,0,1,1,0,0,1,1,1,2.0,12.0,32.0,4.0,2.0,32.0,32.0,4.0,4.0,1.0,60.0,31.0,8.0,5.0,73,18,10,3,2.0,34.0,0.0,0.0
2022-04-19,Tue,True,False,0,0,0,0,0,0,0,0,0,0,0,0,0,0,0,0,0,0,0,0,0,0,0,0,0,0.0,10.0,31.0,5.0,1.0,31.0,31.0,5.0,4.0,1.0,59.0,32.0,8.0,5.0,72,19,10,3,1.0,35.0,0.0,0.0
2022-04-20,Wed,True,False,0,0,0,0,0,1,1,0,0,0,1,0,0,0,0,1,0,0,1,1,0,0,1,1,2,3.5,13.5,30.0,6.0,0.0,30.0,30.0,6.0,4.0,1.0,58.0,33.0,8.0,5.0,71,20,10,3,0.0,0.0,0.0,0.0
2022-04-21,Thu,True,False,0,0,0,0,0,0,0,0,0,0,0,0,0,0,0,0,0,0,0,0,0,0,0,0,0,0.0,11.0,29.0,7.0,27.0,29.0,29.0,7.0,4.0,1.0,57.0,34.0,8.0,5.0,70,21,10,3,27.0,1.0,0.0,0.0
2022-04-22,Fri,True,False,0,0,1,0,0,1,1,0,0,0,1,0,0,0,0,0,0,0,1,1,0,0,1,1,2,3.0,8.5,28.0,8.0,26.0,28.0,28.0,8.0,4.0,1.0,56.0,35.0,8.0,5.0,69,22,10,3,26.0,2.0,0.0,0.0
2022-04-23,Sat,False,False,0,0,0,0,0,0,0,0,0,0,0,0,0,0,0,0,0,0,0,0,0,0,0,0,0,0.0,8.5,27.0,9.0,25.0,27.0,27.0,9.0,4.0,1.0,55.0,36.0,8.0,5.0,68,23,10,3,25.0,3.0,0.0,0.0
2022-04-24,Sun,False,False,0,0,0,0,0,0,0,0,0,0,0,0,0,0,0,0,0,0,0,0,0,0,0,0,0,0.0,8.5,26.0,10.0,24.0,26.0,26.0,10.0,4.0,1.0,54.0,37.0,8.0,5.0,67,24,10,3,24.0,4.0,0.0,0.0
2022-04-25,Mon,True,False,0,0,0,0,0,1,1,0,0,0,1,0,0,0,0,0,0,0,1,1,0,0,1,1,1,2.0,8.5,25.0,11.0,23.0,25.0,25.0,11.0,3.0,2.0,53.0,38.0,7.0,6.0,66,25,9,4,23.0,5.0,3.0,1.0
2022-04-26,Tue,True,False,0,0,0,0,0,1,0,1,0,0,1,0,0,0,0,0,0,0,0,0,0,0,0,1,1,2.0,10.5,24.0,12.0,22.0,24.0,24.0,12.0,3.0,2.0,52.0,39.0,7.0,6.0,65,26,9,4,22.0,6.0,3.0,1.0
2022-04-27,Wed,True,False,0,0,0,0,0,1,1,0,0,0,1,0,0,0,0,0,1,0,1,1,0,0,1,1,2,2.5,9.5,23.0,13.0,21.0,23.0,23.0,13.0,3.0,2.0,51.0,40.0,7.0,6.0,64,27,9,4,21.0,7.0,3.0,1.0
2022-04-28,Thu,True,False,0,0,0,0,0,0,0,0,0,0,0,0,0,0,0,0,0,0,0,0,0,0,0,0,0,0.0,9.5,22.0,14.0,20.0,22.0,22.0,14.0,3.0,2.0,50.0,41.0,7.0,6.0,63,28,9,4,20.0,8.0,3.0,1.0
2022-04-29,Fri,True,False,0,0,1,0,0,0,0,0,0,0,0,1,1,0,0,0,0,1,1,1,0,0,0,1,3,3.5,10.0,21.0,15.0,19.0,21.0,21.0,15.0,3.0,2.0,49.0,42.0,7.0,6.0,62,29,9,4,19.0,9.0,3.0,1.0
2022-04-30,Sat,False,False,0,0,0,0,0,0,0,0,0,0,0,0,0,0,0,0,0,0,0,0,0,0,0,0,0,0.0,10.0,20.0,16.0,18.0,20.0,20.0,16.0,3.0,2.0,48.0,43.0,7.0,6.0,61,30,9,4,18.0,10.0,3.0,1.0
2022-05-01,Sun,False,False,0,0,0,0,0,0,0,0,0,0,0,0,0,0,0,0,0,0,0,0,0,0,0,0,0,0.0,10.0,19.0,17.0,17.0,19.0,19.0,17.0,3.0,2.0,47.0,44.0,7.0,6.0,60,31,9,4,17.0,11.0,3.0,1.0
2022-05-02,Mon,True,False,0,0,0,0,0,1,1,0,0,0,1,0,0,0,0,0,0,0,1,1,0,0,1,1,1,2.0,10.0,18.0,18.0,16.0,18.0,18.0,18.0,2.0,3.0,46.0,45.0,6.0,7.0,59,32,8,5,16.0,12.0,2.0,2.0
2022-05-03,Tue,True,False,0,0,0,0,0,1,0,1,0,0,1,0,0,0,0,0,0,0,0,0,0,0,0,1,1,2.0,10.0,17.0,19.0,15.0,17.0,17.0,19.0,2.0,3.0,45.0,46.0,6.0,7.0,58,33,8,5,15.0,13.0,2.0,2.0
2022-05-04,Wed,True,False,0,0,0,0,0,1,1,0,0,0,1,0,0,0,0,0,1,0,1,1,0,0,1,1,2,2.5,10.0,16.0,20.0,14.0,16.0,16.0,20.0,2.0,3.0,44.0,47.0,6.0,7.0,57,34,8,5,14.0,14.0,2.0,2.0
2022-05-05,Thu,True,False,0,0,0,0,0,0,0,0,0,0,0,0,0,0,0,0,0,0,0,0,0,0,0,0,0,0.0,10.0,15.0,21.0,13.0,15.0,15.0,21.0,2.0,3.0,43.0,48.0,6.0,7.0,56,35,8,5,13.0,15.0,2.0,2.0
2022-05-06,Fri,True,False,0,0,1,0,0,1,1,0,0,0,1,0,0,0,0,0,0,0,1,1,0,0,1,1,2,3.0,9.5,14.0,22.0,12.0,14.0,14.0,22.0,2.0,3.0,42.0,49.0,6.0,7.0,55,36,8,5,12.0,16.0,2.0,2.0
2022-05-07,Sat,False,False,0,0,0,0,0,0,0,0,0,0,0,0,0,0,0,0,0,0,0,0,0,0,0,0,0,0.0,9.5,13.0,23.0,11.0,13.0,13.0,23.0,2.0,3.0,41.0,50.0,6.0,7.0,54,37,8,5,11.0,17.0,2.0,2.0
2022-05-08,Sun,False,False,0,0,0,0,0,0,0,0,0,0,0,0,0,0,0,0,0,0,0,0,0,0,0,0,0,0.0,9.5,12.0,24.0,10.0,12.0,12.0,24.0,2.0,3.0,40.0,51.0,6.0,7.0,53,38,8,5,10.0,18.0,2.0,2.0
2022-05-09,Mon,True,False,0,0,0,0,0,1,1,0,0,0,1,0,0,0,0,0,0,0,1,1,0,0,1,1,1,2.0,9.5,11.0,25.0,9.0,11.0,11.0,25.0,1.0,4.0,39.0,52.0,5.0,8.0,52,39,7,6,9.0,19.0,1.0,3.0
2022-05-10,Tue,True,False,0,0,0,0,0,1,0,1,0,0,1,0,0,0,0,0,0,0,0,0,0,0,0,1,1,2.0,9.5,10.0,26.0,8.0,10.0,10.0,26.0,1.0,4.0,38.0,53.0,5.0,8.0,51,40,7,6,8.0,20.0,1.0,3.0
2022-05-11,Wed,True,False,0,0,0,0,0,1,1,0,0,0,1,0,0,0,0,0,1,0,1,1,0,0,1,1,2,2.5,9.5,9.0,27.0,7.0,9.0,9.0,27.0,1.0,4.0,37.0,54.0,5.0,8.0,50,41,7,6,7.0,21.0,1.0,3.0
2022-05-12,Thu,True,False,0,0,0,0,0,1,0,0,1,1,1,0,0,0,0,0,0,0,0,0,0,0,0,1,1,2.0,11.5,8.0,28.0,6.0,8.0,8.0,28.0,1.0,4.0,36.0,55.0,5.0,8.0,49,42,7,6,6.0,22.0,1.0,3.0
2022-05-13,Fri,True,False,0,0,1,0,0,1,1,0,0,1,1,0,0,0,0,0,0,0,1,1,0,0,1,1,2,3.0,11.5,7.0,29.0,5.0,7.0,7.0,29.0,1.0,4.0,35.0,56.0,5.0,8.0,48,43,7,6,5.0,23.0,1.0,3.0
2022-05-14,Sat,False,False,0,0,0,0,0,0,0,0,0,0,0,0,0,0,0,0,0,0,0,0,0,0,0,0,0,0.0,11.5,6.0,30.0,4.0,6.0,6.0,30.0,1.0,4.0,34.0,57.0,5.0,8.0,47,44,7,6,4.0,24.0,1.0,3.0
2022-05-15,Sun,False,False,0,0,0,0,0,0,0,0,0,0,0,0,0,0,0,0,0,0,0,0,0,0,0,0,0,0.0,11.5,5.0,31.0,3.0,5.0,5.0,31.0,1.0,4.0,33.0,58.0,5.0,8.0,46,45,7,6,3.0,25.0,1.0,3.0
2022-05-16,Mon,True,False,0,0,0,0,0,1,1,0,0,1,1,0,0,0,0,0,0,0,1,1,0,0,1,1,1,2.0,11.5,4.0,32.0,2.0,4.0,4.0,32.0,0.0,0.0,32.0,59.0,4.0,9.0,45,46,6,7,2.0,26.0,0.0,0.0
2022-05-17,Tue,True,False,0,0,0,0,0,1,0,1,0,1,1,0,0,0,0,0,0,0,0,0,0,0,0,1,1,2.0,11.5,3.0,33.0,1.0,3.0,3.0,33.0,0.0,0.0,31.0,60.0,4.0,9.0,44,47,6,7,1.0,27.0,0.0,0.0
2022-05-18,Wed,True,False,0,0,0,0,0,1,1,0,0,1,1,0,0,0,0,1,0,0,1,1,0,0,1,1,2,3.5,12.5,2.0,34.0,0.0,2.0,2.0,34.0,0.0,0.0,30.0,61.0,4.0,9.0,43,48,6,7,0.0,0.0,0.0,0.0
2022-05-19,Thu,True,False,0,0,0,0,0,1,0,0,1,1,1,0,0,0,0,0,0,0,0,0,0,0,0,1,1,2.0,12.5,1.0,35.0,27.0,1.0,1.0,35.0,0.0,0.0,29.0,62.0,4.0,9.0,42,49,6,7,27.0,1.0,0.0,0.0
2022-05-20,Fri,True,False,1,1,0,1,1,1,1,0,0,1,1,0,0,0,0,0,0,0,1,1,1,1,1,1,3,7.0,16.5,0.0,0.0,26.0,0.0,0.0,0.0,0.0,0.0,28.0,63.0,4.0,9.0,41,50,6,7,26.0,2.0,0.0,0.0
2022-05-21,Sat,False,False,0,0,0,0,0,0,0,0,0,0,0,0,0,0,0,0,0,0,0,0,0,0,0,0,0,0.0,16.5,27.0,1.0,25.0,27.0,27.0,1.0,0.0,0.0,27.0,64.0,4.0,9.0,40,51,6,7,25.0,3.0,0.0,0.0
2022-05-22,Sun,False,False,0,0,0,0,0,0,0,0,0,0,0,0,0,0,0,0,0,0,0,0,0,0,0,0,0,0.0,16.5,26.0,2.0,24.0,26.0,26.0,2.0,0.0,0.0,26.0,65.0,4.0,9.0,39,52,6,7,24.0,4.0,0.0,0.0
2022-05-23,Mon,True,False,0,0,0,0,0,1,1,0,0,1,1,0,0,0,0,0,0,0,1,1,0,0,1,1,1,2.0,16.5,25.0,3.0,23.0,25.0,25.0,3.0,3.0,1.0,25.0,66.0,3.0,10.0,38,53,5,8,23.0,5.0,3.0,1.0
2022-05-24,Tue,True,False,0,0,0,0,0,1,0,1,0,1,1,0,0,0,0,0,0,0,0,0,0,0,0,1,1,2.0,16.5,24.0,4.0,22.0,24.0,24.0,4.0,3.0,1.0,24.0,67.0,3.0,10.0,37,54,5,8,22.0,6.0,3.0,1.0
2022-05-25,Wed,True,False,0,0,0,0,0,1,1,0,0,1,1,0,0,0,0,0,1,0,1,1,0,0,1,1,2,2.5,15.5,23.0,5.0,21.0,23.0,23.0,5.0,3.0,1.0,23.0,68.0,3.0,10.0,36,55,5,8,21.0,7.0,3.0,1.0
2022-05-26,Thu,True,False,0,0,0,0,0,1,0,0,1,1,1,0,0,0,0,0,0,0,0,0,0,0,0,1,1,2.0,15.5,22.0,6.0,20.0,22.0,22.0,6.0,3.0,1.0,22.0,69.0,3.0,10.0,35,56,5,8,20.0,8.0,3.0,1.0
2022-05-27,Fri,True,False,0,0,1,0,0,1,1,0,0,1,1,0,0,0,0,0,0,0,1,1,0,0,1,1,2,3.0,11.5,21.0,7.0,19.0,21.0,21.0,7.0,3.0,1.0,21.0,70.0,3.0,10.0,34,57,5,8,19.0,9.0,3.0,1.0
2022-05-28,Sat,False,False,0,0,0,0,0,0,0,0,0,0,0,0,0,0,0,0,0,0,0,0,0,0,0,0,0,0.0,11.5,20.0,8.0,18.0,20.0,20.0,8.0,3.0,1.0,20.0,71.0,3.0,10.0,33,58,5,8,18.0,10.0,3.0,1.0
2022-05-29,Sun,False,False,0,0,0,0,0,0,0,0,0,0,0,0,0,0,0,0,0,0,0,0,0,0,0,0,0,0.0,11.5,19.0,9.0,17.0,19.0,19.0,9.0,3.0,1.0,19.0,72.0,3.0,10.0,32,59,5,8,17.0,11.0,3.0,1.0
2022-05-30,Mon,False,True,0,0,0,0,0,0,0,0,0,0,0,0,0,0,0,0,0,0,0,0,0,0,0,0,0,0.0,11.5,18.0,10.0,16.0,18.0,18.0,10.0,2.0,2.0,18.0,73.0,2.0,11.0,31,60,4,9,16.0,12.0,2.0,2.0
2022-05-31,Tue,True,False,0,0,0,0,0,0,0,0,0,0,0,1,1,0,0,0,0,0,0,0,0,0,0,1,1,2.0,11.5,17.0,11.0,15.0,17.0,17.0,11.0,2.0,2.0,17.0,74.0,2.0,11.0,30,61,4,9,15.0,13.0,2.0,2.0
2022-06-01,Wed,True,False,0,0,0,0,0,1,1,0,0,1,1,0,0,0,0,0,1,0,1,1,0,0,1,1,2,2.5,12.0,16.0,12.0,14.0,16.0,16.0,12.0,2.0,2.0,16.0,75.0,2.0,11.0,29,62,4,9,14.0,14.0,2.0,2.0
2022-06-02,Thu,True,False,0,0,0,0,0,1,0,0,1,1,1,0,0,0,0,0,0,0,0,0,0,0,0,1,1,2.0,11.5,15.0,13.0,13.0,15.0,15.0,13.0,2.0,2.0,15.0,76.0,2.0,11.0,28,63,4,9,13.0,15.0,2.0,2.0
2022-06-03,Fri,True,False,0,0,1,0,0,1,1,0,0,1,1,0,0,0,0,0,0,0,1,1,0,0,1,1,2,3.0,12.5,14.0,14.0,12.0,14.0,14.0,14.0,2.0,2.0,14.0,77.0,2.0,11.0,27,64,4,9,12.0,16.0,2.0,2.0
2022-06-04,Sat,False,False,0,0,0,0,0,0,0,0,0,0,0,0,0,0,0,0,0,0,0,0,0,0,0,0,0,0.0,12.5,13.0,15.0,11.0,13.0,13.0,15.0,2.0,2.0,13.0,78.0,2.0,11.0,26,65,4,9,11.0,17.0,2.0,2.0
2022-06-05,Sun,False,False,0,0,0,0,0,0,0,0,0,0,0,0,0,0,0,0,0,0,0,0,0,0,0,0,0,0.0,12.5,12.0,16.0,10.0,12.0,12.0,16.0,2.0,2.0,12.0,79.0,2.0,11.0,25,66,4,9,10.0,18.0,2.0,2.0
2022-06-06,Mon,True,False,0,0,0,0,0,1,1,0,0,1,1,0,0,0,0,0,0,0,1,1,0,0,1,1,1,2.0,11.5,11.0,17.0,9.0,11.0,11.0,17.0,1.0,3.0,11.0,80.0,1.0,12.0,24,67,3,10,9.0,19.0,1.0,3.0
2022-06-07,Tue,True,False,0,0,0,0,0,1,0,1,0,1,1,0,0,0,0,0,0,0,0,0,0,0,0,1,1,2.0,11.5,10.0,18.0,8.0,10.0,10.0,18.0,1.0,3.0,10.0,81.0,1.0,12.0,23,68,3,10,8.0,20.0,1.0,3.0
2022-06-08,Wed,True,False,0,0,0,0,0,1,1,0,0,1,1,0,0,0,0,0,1,0,1,1,0,0,1,1,2,2.5,11.5,9.0,19.0,7.0,9.0,9.0,19.0,1.0,3.0,9.0,82.0,1.0,12.0,22,69,3,10,7.0,21.0,1.0,3.0
2022-06-09,Thu,True,False,0,0,0,0,0,1,0,0,1,1,1,0,0,0,0,0,0,0,0,0,0,0,0,1,1,2.0,11.5,8.0,20.0,6.0,8.0,8.0,20.0,1.0,3.0,8.0,83.0,1.0,12.0,21,70,3,10,6.0,22.0,1.0,3.0
2022-06-10,Fri,True,False,0,0,1,0,0,1,1,0,0,1,1,0,0,0,0,0,0,0,1,1,0,0,1,1,2,3.0,11.5,7.0,21.0,5.0,7.0,7.0,21.0,1.0,3.0,7.0,84.0,1.0,12.0,20,71,3,10,5.0,23.0,1.0,3.0
2022-06-11,Sat,False,False,0,0,0,0,0,0,0,0,0,0,0,0,0,0,0,0,0,0,0,0,0,0,0,0,0,0.0,11.5,6.0,22.0,4.0,6.0,6.0,22.0,1.0,3.0,6.0,85.0,1.0,12.0,19,72,3,10,4.0,24.0,1.0,3.0
2022-06-12,Sun,False,False,0,0,0,0,0,0,0,0,0,0,0,0,0,0,0,0,0,0,0,0,0,0,0,0,0,0.0,11.5,5.0,23.0,3.0,5.0,5.0,23.0,1.0,3.0,5.0,86.0,1.0,12.0,18,73,3,10,3.0,25.0,1.0,3.0
2022-06-13,Mon,True,False,0,0,0,0,0,1,1,0,0,1,1,0,0,0,0,0,0,0,1,1,0,0,1,1,1,2.0,11.5,4.0,24.0,2.0,4.0,4.0,24.0,0.0,0.0,4.0,87.0,0.0,0.0,17,74,2,11,2.0,26.0,0.0,0.0
2022-06-14,Tue,True,False,0,0,0,0,0,1,0,1,0,1,1,0,0,0,0,0,0,0,0,0,0,0,0,1,1,2.0,11.5,3.0,25.0,1.0,3.0,3.0,25.0,0.0,0.0,3.0,88.0,0.0,0.0,16,75,2,11,1.0,27.0,0.0,0.0
2022-06-15,Wed,True,False,0,0,0,0,0,1,1,0,0,1,1,0,0,0,0,1,0,0,1,1,0,0,1,1,2,3.5,12.5,2.0,26.0,0.0,2.0,2.0,26.0,0.0,0.0,2.0,89.0,0.0,0.0,15,76,2,11,0.0,0.0,0.0,0.0
2022-06-16,Thu,True,False,0,0,0,0,0,1,0,0,1,1,1,0,0,0,0,0,0,0,0,0,0,0,0,1,1,2.0,12.5,1.0,27.0,34.0,1.0,1.0,27.0,0.0,0.0,1.0,90.0,0.0,0.0,14,77,2,11,34.0,1.0,0.0,0.0
2022-06-17,Fri,True,False,1,1,0,1,1,1,1,0,0,1,1,0,0,0,0,0,0,0,1,1,1,1,1,1,3,7.0,16.5,0.0,0.0,33.0,0.0,0.0,0.0,0.0,0.0,0.0,0.0,0.0,0.0,13,78,2,11,33.0,2.0,0.0,0.0
2022-06-18,Sat,False,False,0,0,0,0,0,0,0,0,0,0,0,0,0,0,0,0,0,0,0,0,0,0,0,0,0,0.0,16.5,27.0,1.0,32.0,27.0,27.0,1.0,0.0,0.0,90.0,1.0,0.0,0.0,12,79,2,11,32.0,3.0,0.0,0.0
2022-06-19,Sun,False,False,0,0,0,0,0,0,0,0,0,0,0,0,0,0,0,0,0,0,0,0,0,0,0,0,0,0.0,16.5,26.0,2.0,31.0,26.0,26.0,2.0,0.0,0.0,89.0,2.0,0.0,0.0,11,80,2,11,31.0,4.0,0.0,0.0
2022-06-20,Mon,False,True,0,0,0,0,0,0,0,0,0,0,0,0,0,0,0,0,0,0,0,0,0,0,0,0,0,0.0,16.5,25.0,3.0,30.0,25.0,25.0,3.0,3.0,1.0,88.0,3.0,12.0,1.0,10,81,1,12,30.0,5.0,4.0,1.0
2022-06-21,Tue,True,False,0,0,0,0,0,1,0,1,0,1,1,0,0,0,0,0,0,0,0,0,0,0,0,1,1,2.0,16.5,24.0,4.0,29.0,24.0,24.0,4.0,3.0,1.0,87.0,4.0,12.0,1.0,9,82,1,12,29.0,6.0,4.0,1.0
2022-06-22,Wed,True,False,0,0,0,0,0,1,1,0,0,1,1,0,0,0,0,0,1,0,1,1,0,0,1,1,2,2.5,17.0,23.0,5.0,28.0,23.0,23.0,5.0,3.0,1.0,86.0,5.0,12.0,1.0,8,83,1,12,28.0,7.0,4.0,1.0
2022-06-23,Thu,True,False,0,0,0,0,0,1,0,0,1,1,1,0,0,0,0,0,0,0,0,0,0,0,0,1,1,2.0,15.5,22.0,6.0,27.0,22.0,22.0,6.0,3.0,1.0,85.0,6.0,12.0,1.0,7,84,1,12,27.0,8.0,4.0,1.0
2022-06-24,Fri,True,False,0,0,1,0,0,1,1,0,0,1,1,0,0,0,0,0,0,0,1,1,0,0,1,1,2,3.0,16.5,21.0,7.0,26.0,21.0,21.0,7.0,3.0,1.0,84.0,7.0,12.0,1.0,6,85,1,12,26.0,9.0,4.0,1.0
2022-06-25,Sat,False,False,0,0,0,0,0,0,0,0,0,0,0,0,0,0,0,0,0,0,0,0,0,0,0,0,0,0.0,16.5,20.0,8.0,25.0,20.0,20.0,8.0,3.0,1.0,83.0,8.0,12.0,1.0,5,86,1,12,25.0,10.0,4.0,1.0
2022-06-26,Sun,False,False,0,0,0,0,0,0,0,0,0,0,0,0,0,0,0,0,0,0,0,0,0,0,0,0,0,0.0,16.5,19.0,9.0,24.0,19.0,19.0,9.0,3.0,1.0,82.0,9.0,12.0,1.0,4,87,1,12,24.0,11.0,4.0,1.0
2022-06-27,Mon,True,False,0,0,0,0,0,1,1,0,0,1,1,0,0,0,0,0,0,0,1,1,0,0,1,1,1,2.0,11.5,18.0,10.0,23.0,18.0,18.0,10.0,2.0,2.0,81.0,10.0,11.0,2.0,3,88,0,0,23.0,12.0,3.0,2.0
2022-06-28,Tue,True,False,0,0,0,0,0,1,0,1,0,1,1,0,0,0,0,0,0,0,0,0,0,0,0,1,1,2.0,11.5,17.0,11.0,22.0,17.0,17.0,11.0,2.0,2.0,80.0,11.0,11.0,2.0,2,89,0,0,22.0,13.0,3.0,2.0
2022-06-29,Wed,True,False,0,0,0,0,0,1,1,0,0,1,1,0,0,0,0,0,1,0,1,1,0,0,1,1,2,2.5,11.5,16.0,12.0,21.0,16.0,16.0,12.0,2.0,2.0,79.0,12.0,11.0,2.0,1,90,0,0,21.0,14.0,3.0,2.0
2022-06-30,Thu,True,False,0,0,0,0,0,0,0,0,0,0,0,1,1,1,1,0,0,0,0,0,0,0,0,1,2,4.5,14.0,15.0,13.0,20.0,15.0,15.0,13.0,2.0,2.0,78.0,13.0,11.0,2.0,0,0,0,0,20.0,15.0,3.0,2.0
2022-07-01,Fri,True,False,0,0,1,0,0,1,1,0,0,1,1,0,0,0,0,0,0,0,1,1,0,0,1,1,2,3.0,14.0,14.0,14.0,19.0,14.0,14.0,14.0,2.0,2.0,77.0,14.0,11.0,2.0,91,1,0,0,19.0,16.0,3.0,2.0
2022-07-02,Sat,False,False,0,0,0,0,0,0,0,0,0,0,0,0,0,0,0,0,0,0,0,0,0,0,0,0,0,0.0,14.0,13.0,15.0,18.0,13.0,13.0,15.0,2.0,2.0,76.0,15.0,11.0,2.0,90,2,0,0,18.0,17.0,3.0,2.0
2022-07-03,Sun,False,False,0,0,0,0,0,0,0,0,0,0,0,0,0,0,0,0,0,0,0,0,0,0,0,0,0,0.0,14.0,12.0,16.0,17.0,12.0,12.0,16.0,2.0,2.0,75.0,16.0,11.0,2.0,89,3,0,0,17.0,18.0,3.0,2.0
2022-07-04,Mon,False,True,0,0,0,0,0,0,0,0,0,0,0,0,0,0,0,0,0,0,0,0,0,0,0,0,0,0.0,14.0,11.0,17.0,16.0,11.0,11.0,17.0,1.0,3.0,74.0,17.0,10.0,3.0,88,4,12,1,16.0,19.0,2.0,3.0
2022-07-05,Tue,True,False,0,0,0,0,0,1,0,1,0,1,1,0,0,0,0,0,0,0,0,0,0,0,0,1,1,2.0,14.0,10.0,18.0,15.0,10.0,10.0,18.0,1.0,3.0,73.0,18.0,10.0,3.0,87,5,12,1,15.0,20.0,2.0,3.0
2022-07-06,Wed,True,False,0,0,0,0,0,1,1,0,0,1,1,0,0,0,0,0,1,0,1,1,0,0,1,1,2,2.5,14.5,9.0,19.0,14.0,9.0,9.0,19.0,1.0,3.0,72.0,19.0,10.0,3.0,86,6,12,1,14.0,21.0,2.0,3.0
2022-07-07,Thu,True,False,0,0,0,0,0,1,0,0,1,1,1,0,0,0,0,0,0,0,0,0,0,0,0,1,1,2.0,14.0,8.0,20.0,13.0,8.0,8.0,20.0,1.0,3.0,71.0,20.0,10.0,3.0,85,7,12,1,13.0,22.0,2.0,3.0
2022-07-08,Fri,True,False,0,0,1,0,0,1,1,0,0,1,1,0,0,0,0,0,0,0,1,1,0,0,1,1,2,3.0,12.5,7.0,21.0,12.0,7.0,7.0,21.0,1.0,3.0,70.0,21.0,10.0,3.0,84,8,12,1,12.0,23.0,2.0,3.0
2022-07-09,Sat,False,False,0,0,0,0,0,0,0,0,0,0,0,0,0,0,0,0,0,0,0,0,0,0,0,0,0,0.0,12.5,6.0,22.0,11.0,6.0,6.0,22.0,1.0,3.0,69.0,22.0,10.0,3.0,83,9,12,1,11.0,24.0,2.0,3.0
2022-07-10,Sun,False,False,0,0,0,0,0,0,0,0,0,0,0,0,0,0,0,0,0,0,0,0,0,0,0,0,0,0.0,12.5,5.0,23.0,10.0,5.0,5.0,23.0,1.0,3.0,68.0,23.0,10.0,3.0,82,10,12,1,10.0,25.0,2.0,3.0
2022-07-11,Mon,True,False,0,0,0,0,0,1,1,0,0,1,1,0,0,0,0,0,0,0,1,1,0,0,1,1,1,2.0,11.5,4.0,24.0,9.0,4.0,4.0,24.0,0.0,0.0,67.0,24.0,9.0,4.0,81,11,11,2,9.0,26.0,1.0,4.0
2022-07-12,Tue,True,False,0,0,0,0,0,1,0,1,0,1,1,0,0,0,0,0,0,0,0,0,0,0,0,1,1,2.0,11.5,3.0,25.0,8.0,3.0,3.0,25.0,0.0,0.0,66.0,25.0,9.0,4.0,80,12,11,2,8.0,27.0,1.0,4.0
2022-07-13,Wed,True,False,0,0,0,0,0,1,1,0,0,1,1,0,0,0,0,0,1,0,1,1,0,0,1,1,2,2.5,11.5,2.0,26.0,7.0,2.0,2.0,26.0,0.0,0.0,65.0,26.0,9.0,4.0,79,13,11,2,7.0,28.0,1.0,4.0
2022-07-14,Thu,True,False,0,0,0,0,0,1,0,0,1,1,1,0,0,0,0,0,0,0,0,0,0,0,0,1,1,2.0,11.5,1.0,27.0,6.0,1.0,1.0,27.0,0.0,0.0,64.0,27.0,9.0,4.0,78,14,11,2,6.0,29.0,1.0,4.0
2022-07-15,Fri,True,False,1,1,0,1,1,1,1,0,0,1,1,0,0,0,0,0,0,0,1,1,1,1,1,1,3,7.0,15.5,0.0,0.0,5.0,0.0,0.0,0.0,0.0,0.0,63.0,28.0,9.0,4.0,77,15,11,2,5.0,30.0,1.0,4.0
2022-07-16,Sat,False,False,0,0,0,0,0,0,0,0,0,0,0,0,0,0,0,0,0,0,0,0,0,0,0,0,0,0.0,15.5,34.0,1.0,4.0,34.0,34.0,1.0,0.0,0.0,62.0,29.0,9.0,4.0,76,16,11,2,4.0,31.0,1.0,4.0
2022-07-17,Sun,False,False,0,0,0,0,0,0,0,0,0,0,0,0,0,0,0,0,0,0,0,0,0,0,0,0,0,0.0,15.5,33.0,2.0,3.0,33.0,33.0,2.0,0.0,0.0,61.0,30.0,9.0,4.0,75,17,11,2,3.0,32.0,1.0,4.0
2022-07-18,Mon,True,False,0,0,0,0,0,1,1,0,0,1,1,0,0,0,0,0,0,0,1,1,0,0,1,1,1,2.0,15.5,32.0,3.0,2.0,32.0,32.0,3.0,4.0,1.0,60.0,31.0,8.0,5.0,74,18,10,3,2.0,33.0,0.0,0.0
2022-07-19,Tue,True,False,0,0,0,0,0,1,0,1,0,1,1,0,0,0,0,0,0,0,0,0,0,0,0,1,1,2.0,15.5,31.0,4.0,1.0,31.0,31.0,4.0,4.0,1.0,59.0,32.0,8.0,5.0,73,19,10,3,1.0,34.0,0.0,0.0
2022-07-20,Wed,True,False,0,0,0,0,0,1,1,0,0,1,1,0,0,0,0,1,0,0,1,1,0,0,1,1,2,3.5,16.5,30.0,5.0,0.0,30.0,30.0,5.0,4.0,1.0,58.0,33.0,8.0,5.0,72,20,10,3,0.0,0.0,0.0,0.0
2022-07-21,Thu,True,False,0,0,0,0,0,1,0,0,1,1,1,0,0,0,0,0,0,0,0,0,0,0,0,1,1,2.0,16.5,29.0,6.0,27.0,29.0,29.0,6.0,4.0,1.0,57.0,34.0,8.0,5.0,71,21,10,3,27.0,1.0,0.0,0.0
2022-07-22,Fri,True,False,0,0,1,0,0,1,1,0,0,1,1,0,0,0,0,0,0,0,1,1,0,0,1,1,2,3.0,12.5,28.0,7.0,26.0,28.0,28.0,7.0,4.0,1.0,56.0,35.0,8.0,5.0,70,22,10,3,26.0,2.0,0.0,0.0
2022-07-23,Sat,False,False,0,0,0,0,0,0,0,0,0,0,0,0,0,0,0,0,0,0,0,0,0,0,0,0,0,0.0,12.5,27.0,8.0,25.0,27.0,27.0,8.0,4.0,1.0,55.0,36.0,8.0,5.0,69,23,10,3,25.0,3.0,0.0,0.0
2022-07-24,Sun,False,False,0,0,0,0,0,0,0,0,0,0,0,0,0,0,0,0,0,0,0,0,0,0,0,0,0,0.0,12.5,26.0,9.0,24.0,26.0,26.0,9.0,4.0,1.0,54.0,37.0,8.0,5.0,68,24,10,3,24.0,4.0,0.0,0.0
2022-07-25,Mon,True,False,0,0,0,0,0,1,1,0,0,1,1,0,0,0,0,0,0,0,1,1,0,0,1,1,1,2.0,12.5,25.0,10.0,23.0,25.0,25.0,10.0,3.0,2.0,53.0,38.0,7.0,6.0,67,25,9,4,23.0,5.0,3.0,1.0
2022-07-26,Tue,True,False,0,0,0,0,0,1,0,1,0,1,1,0,0,0,0,0,0,0,0,0,0,0,0,1,1,2.0,12.5,24.0,11.0,22.0,24.0,24.0,11.0,3.0,2.0,52.0,39.0,7.0,6.0,66,26,9,4,22.0,6.0,3.0,1.0
2022-07-27,Wed,True,False,0,0,0,0,0,1,1,0,0,1,1,0,0,0,0,0,1,0,1,1,0,0,1,1,2,2.5,11.5,23.0,12.0,21.0,23.0,23.0,12.0,3.0,2.0,51.0,40.0,7.0,6.0,65,27,9,4,21.0,7.0,3.0,1.0
2022-07-28,Thu,True,False,0,0,0,0,0,1,0,0,1,1,1,0,0,0,0,0,0,0,0,0,0,0,0,1,1,2.0,11.5,22.0,13.0,20.0,22.0,22.0,13.0,3.0,2.0,50.0,41.0,7.0,6.0,64,28,9,4,20.0,8.0,3.0,1.0
2022-07-29,Fri,True,False,0,0,1,0,0,0,0,0,0,0,0,1,1,0,0,0,0,1,1,1,0,0,0,1,3,3.5,12.0,21.0,14.0,19.0,21.0,21.0,14.0,3.0,2.0,49.0,42.0,7.0,6.0,63,29,9,4,19.0,9.0,3.0,1.0
2022-07-30,Sat,False,False,0,0,0,0,0,0,0,0,0,0,0,0,0,0,0,0,0,0,0,0,0,0,0,0,0,0.0,12.0,20.0,15.0,18.0,20.0,20.0,15.0,3.0,2.0,48.0,43.0,7.0,6.0,62,30,9,4,18.0,10.0,3.0,1.0
2022-07-31,Sun,False,False,0,0,0,0,0,0,0,0,0,0,0,0,0,0,0,0,0,0,0,0,0,0,0,0,0,0.0,12.0,19.0,16.0,17.0,19.0,19.0,16.0,3.0,2.0,47.0,44.0,7.0,6.0,61,31,9,4,17.0,11.0,3.0,1.0
2022-08-01,Mon,True,False,0,0,0,0,0,1,1,0,0,1,1,0,0,0,0,0,0,0,1,1,0,0,1,1,1,2.0,12.0,18.0,17.0,16.0,18.0,18.0,17.0,2.0,3.0,46.0,45.0,6.0,7.0,60,32,8,5,16.0,12.0,2.0,2.0
2022-08-02,Tue,True,False,0,0,0,0,0,1,0,1,0,1,1,0,0,0,0,0,0,0,0,0,0,0,0,1,1,2.0,12.0,17.0,18.0,15.0,17.0,17.0,18.0,2.0,3.0,45.0,46.0,6.0,7.0,59,33,8,5,15.0,13.0,2.0,2.0
2022-08-03,Wed,True,False,0,0,0,0,0,1,1,0,0,1,1,0,0,0,0,0,1,0,1,1,0,0,1,1,2,2.5,12.0,16.0,19.0,14.0,16.0,16.0,19.0,2.0,3.0,44.0,47.0,6.0,7.0,58,34,8,5,14.0,14.0,2.0,2.0
2022-08-04,Thu,True,False,0,0,0,0,0,1,0,0,1,1,1,0,0,0,0,0,0,0,0,0,0,0,0,1,1,2.0,12.0,15.0,20.0,13.0,15.0,15.0,20.0,2.0,3.0,43.0,48.0,6.0,7.0,57,35,8,5,13.0,15.0,2.0,2.0
2022-08-05,Fri,True,False,0,0,1,0,0,1,1,0,0,1,1,0,0,0,0,0,0,0,1,1,0,0,1,1,2,3.0,11.5,14.0,21.0,12.0,14.0,14.0,21.0,2.0,3.0,42.0,49.0,6.0,7.0,56,36,8,5,12.0,16.0,2.0,2.0
2022-08-06,Sat,False,False,0,0,0,0,0,0,0,0,0,0,0,0,0,0,0,0,0,0,0,0,0,0,0,0,0,0.0,11.5,13.0,22.0,11.0,13.0,13.0,22.0,2.0,3.0,41.0,50.0,6.0,7.0,55,37,8,5,11.0,17.0,2.0,2.0
2022-08-07,Sun,False,False,0,0,0,0,0,0,0,0,0,0,0,0,0,0,0,0,0,0,0,0,0,0,0,0,0,0.0,11.5,12.0,23.0,10.0,12.0,12.0,23.0,2.0,3.0,40.0,51.0,6.0,7.0,54,38,8,5,10.0,18.0,2.0,2.0
2022-08-08,Mon,True,False,0,0,0,0,0,1,1,0,0,1,1,0,0,0,0,0,0,0,1,1,0,0,1,1,1,2.0,11.5,11.0,24.0,9.0,11.0,11.0,24.0,1.0,4.0,39.0,52.0,5.0,8.0,53,39,7,6,9.0,19.0,1.0,3.0
2022-08-09,Tue,True,False,0,0,0,0,0,1,0,1,0,1,1,0,0,0,0,0,0,0,0,0,0,0,0,1,1,2.0,11.5,10.0,25.0,8.0,10.0,10.0,25.0,1.0,4.0,38.0,53.0,5.0,8.0,52,40,7,6,8.0,20.0,1.0,3.0
2022-08-10,Wed,True,False,0,0,0,0,0,1,1,0,0,1,1,0,0,0,0,0,1,0,1,1,0,0,1,1,2,2.5,11.5,9.0,26.0,7.0,9.0,9.0,26.0,1.0,4.0,37.0,54.0,5.0,8.0,51,41,7,6,7.0,21.0,1.0,3.0
2022-08-11,Thu,True,False,0,0,0,0,0,1,0,0,1,1,1,0,0,0,0,0,0,0,0,0,0,0,0,1,1,2.0,11.5,8.0,27.0,6.0,8.0,8.0,27.0,1.0,4.0,36.0,55.0,5.0,8.0,50,42,7,6,6.0,22.0,1.0,3.0
2022-08-12,Fri,True,False,0,0,1,0,0,1,1,0,0,1,1,0,0,0,0,0,0,0,1,1,0,0,1,1,2,3.0,11.5,7.0,28.0,5.0,7.0,7.0,28.0,1.0,4.0,35.0,56.0,5.0,8.0,49,43,7,6,5.0,23.0,1.0,3.0
2022-08-13,Sat,False,False,0,0,0,0,0,0,0,0,0,0,0,0,0,0,0,0,0,0,0,0,0,0,0,0,0,0.0,11.5,6.0,29.0,4.0,6.0,6.0,29.0,1.0,4.0,34.0,57.0,5.0,8.0,48,44,7,6,4.0,24.0,1.0,3.0
2022-08-14,Sun,False,False,0,0,0,0,0,0,0,0,0,0,0,0,0,0,0,0,0,0,0,0,0,0,0,0,0,0.0,11.5,5.0,30.0,3.0,5.0,5.0,30.0,1.0,4.0,33.0,58.0,5.0,8.0,47,45,7,6,3.0,25.0,1.0,3.0
2022-08-15,Mon,True,False,0,0,0,0,0,1,1,0,0,1,1,0,0,0,0,0,0,0,1,1,0,0,1,1,1,2.0,11.5,4.0,31.0,2.0,4.0,4.0,31.0,0.0,0.0,32.0,59.0,4.0,9.0,46,46,6,7,2.0,26.0,0.0,0.0
2022-08-16,Tue,True,False,0,0,0,0,0,1,0,1,0,1,1,0,0,0,0,0,0,0,0,0,0,0,0,1,1,2.0,11.5,3.0,32.0,1.0,3.0,3.0,32.0,0.0,0.0,31.0,60.0,4.0,9.0,45,47,6,7,1.0,27.0,0.0,0.0
2022-08-17,Wed,True,False,0,0,0,0,0,1,1,0,0,1,1,0,0,0,0,1,0,0,1,1,0,0,1,1,2,3.5,12.5,2.0,33.0,0.0,2.0,2.0,33.0,0.0,0.0,30.0,61.0,4.0,9.0,44,48,6,7,0.0,0.0,0.0,0.0
2022-08-18,Thu,True,False,0,0,0,0,0,1,0,0,1,1,1,0,0,0,0,0,0,0,0,0,0,0,0,1,1,2.0,12.5,1.0,34.0,34.0,1.0,1.0,34.0,0.0,0.0,29.0,62.0,4.0,9.0,43,49,6,7,34.0,1.0,0.0,0.0
2022-08-19,Fri,True,False,1,1,0,1,1,1,1,0,0,1,1,0,0,0,0,0,0,0,1,1,1,1,1,1,3,7.0,16.5,0.0,0.0,33.0,0.0,0.0,0.0,0.0,0.0,28.0,63.0,4.0,9.0,42,50,6,7,33.0,2.0,0.0,0.0
2022-08-20,Sat,False,False,0,0,0,0,0,0,0,0,0,0,0,0,0,0,0,0,0,0,0,0,0,0,0,0,0,0.0,16.5,27.0,1.0,32.0,27.0,27.0,1.0,0.0,0.0,27.0,64.0,4.0,9.0,41,51,6,7,32.0,3.0,0.0,0.0
2022-08-21,Sun,False,False,0,0,0,0,0,0,0,0,0,0,0,0,0,0,0,0,0,0,0,0,0,0,0,0,0,0.0,16.5,26.0,2.0,31.0,26.0,26.0,2.0,0.0,0.0,26.0,65.0,4.0,9.0,40,52,6,7,31.0,4.0,0.0,0.0
2022-08-22,Mon,True,False,0,0,0,0,0,1,1,0,0,1,1,0,0,0,0,0,0,0,1,1,0,0,1,1,1,2.0,16.5,25.0,3.0,30.0,25.0,25.0,3.0,3.0,1.0,25.0,66.0,3.0,10.0,39,53,5,8,30.0,5.0,4.0,1.0
2022-08-23,Tue,True,False,0,0,0,0,0,1,0,1,0,1,1,0,0,0,0,0,0,0,0,0,0,0,0,1,1,2.0,16.5,24.0,4.0,29.0,24.0,24.0,4.0,3.0,1.0,24.0,67.0,3.0,10.0,38,54,5,8,29.0,6.0,4.0,1.0
2022-08-24,Wed,True,False,0,0,0,0,0,1,1,0,0,1,1,0,0,0,0,0,1,0,1,1,0,0,1,1,2,2.5,15.5,23.0,5.0,28.0,23.0,23.0,5.0,3.0,1.0,23.0,68.0,3.0,10.0,37,55,5,8,28.0,7.0,4.0,1.0
2022-08-25,Thu,True,False,0,0,0,0,0,1,0,0,1,1,1,0,0,0,0,0,0,0,0,0,0,0,0,1,1,2.0,15.5,22.0,6.0,27.0,22.0,22.0,6.0,3.0,1.0,22.0,69.0,3.0,10.0,36,56,5,8,27.0,8.0,4.0,1.0
2022-08-26,Fri,True,False,0,0,1,0,0,1,1,0,0,1,1,0,0,0,0,0,0,0,1,1,0,0,1,1,2,3.0,11.5,21.0,7.0,26.0,21.0,21.0,7.0,3.0,1.0,21.0,70.0,3.0,10.0,35,57,5,8,26.0,9.0,4.0,1.0
2022-08-27,Sat,False,False,0,0,0,0,0,0,0,0,0,0,0,0,0,0,0,0,0,0,0,0,0,0,0,0,0,0.0,11.5,20.0,8.0,25.0,20.0,20.0,8.0,3.0,1.0,20.0,71.0,3.0,10.0,34,58,5,8,25.0,10.0,4.0,1.0
2022-08-28,Sun,False,False,0,0,0,0,0,0,0,0,0,0,0,0,0,0,0,0,0,0,0,0,0,0,0,0,0,0.0,11.5,19.0,9.0,24.0,19.0,19.0,9.0,3.0,1.0,19.0,72.0,3.0,10.0,33,59,5,8,24.0,11.0,4.0,1.0
2022-08-29,Mon,True,False,0,0,0,0,0,1,1,0,0,1,1,0,0,0,0,0,0,0,1,1,0,0,1,1,1,2.0,11.5,18.0,10.0,23.0,18.0,18.0,10.0,2.0,2.0,18.0,73.0,2.0,11.0,32,60,4,9,23.0,12.0,3.0,2.0
2022-08-30,Tue,True,False,0,0,0,0,0,1,0,1,0,1,1,0,0,0,0,0,0,0,0,0,0,0,0,1,1,2.0,11.5,17.0,11.0,22.0,17.0,17.0,11.0,2.0,2.0,17.0,74.0,2.0,11.0,31,61,4,9,22.0,13.0,3.0,2.0
2022-08-31,Wed,True,False,0,0,0,0,0,0,0,0,0,0,0,1,1,0,0,0,1,0,1,1,0,0,0,1,2,2.5,11.5,16.0,12.0,21.0,16.0,16.0,12.0,2.0,2.0,16.0,75.0,2.0,11.0,30,62,4,9,21.0,14.0,3.0,2.0
2022-09-01,Thu,True,False,0,0,0,0,0,1,0,0,1,1,1,0,0,0,0,0,0,0,0,0,0,0,0,1,1,2.0,11.5,15.0,13.0,20.0,15.0,15.0,13.0,2.0,2.0,15.0,76.0,2.0,11.0,29,63,4,9,20.0,15.0,3.0,2.0
2022-09-02,Fri,True,False,0,0,1,0,0,1,1,0,0,1,1,0,0,0,0,0,0,0,1,1,0,0,1,1,2,3.0,11.5,14.0,14.0,19.0,14.0,14.0,14.0,2.0,2.0,14.0,77.0,2.0,11.0,28,64,4,9,19.0,16.0,3.0,2.0
2022-09-03,Sat,False,False,0,0,0,0,0,0,0,0,0,0,0,0,0,0,0,0,0,0,0,0,0,0,0,0,0,0.0,11.5,13.0,15.0,18.0,13.0,13.0,15.0,2.0,2.0,13.0,78.0,2.0,11.0,27,65,4,9,18.0,17.0,3.0,2.0
2022-09-04,Sun,False,False,0,0,0,0,0,0,0,0,0,0,0,0,0,0,0,0,0,0,0,0,0,0,0,0,0,0.0,11.5,12.0,16.0,17.0,12.0,12.0,16.0,2.0,2.0,12.0,79.0,2.0,11.0,26,66,4,9,17.0,18.0,3.0,2.0
2022-09-05,Mon,False,True,0,0,0,0,0,0,0,0,0,0,0,0,0,0,0,0,0,0,0,0,0,0,0,0,0,0.0,11.5,11.0,17.0,16.0,11.0,11.0,17.0,1.0,3.0,11.0,80.0,1.0,12.0,25,67,3,10,16.0,19.0,2.0,3.0
2022-09-06,Tue,True,False,0,0,0,0,0,1,0,1,0,1,1,0,0,0,0,0,0,0,0,0,0,0,0,1,1,2.0,11.5,10.0,18.0,15.0,10.0,10.0,18.0,1.0,3.0,10.0,81.0,1.0,12.0,24,68,3,10,15.0,20.0,2.0,3.0
2022-09-07,Wed,True,False,0,0,0,0,0,1,1,0,0,1,1,0,0,0,0,0,1,0,1,1,0,0,1,1,2,2.5,12.0,9.0,19.0,14.0,9.0,9.0,19.0,1.0,3.0,9.0,82.0,1.0,12.0,23,69,3,10,14.0,21.0,2.0,3.0
2022-09-08,Thu,True,False,0,0,0,0,0,1,0,0,1,1,1,0,0,0,0,0,0,0,0,0,0,0,0,1,1,2.0,11.5,8.0,20.0,13.0,8.0,8.0,20.0,1.0,3.0,8.0,83.0,1.0,12.0,22,70,3,10,13.0,22.0,2.0,3.0
2022-09-09,Fri,True,False,0,0,1,0,0,1,1,0,0,1,1,0,0,0,0,0,0,0,1,1,0,0,1,1,2,3.0,12.5,7.0,21.0,12.0,7.0,7.0,21.0,1.0,3.0,7.0,84.0,1.0,12.0,21,71,3,10,12.0,23.0,2.0,3.0
2022-09-10,Sat,False,False,0,0,0,0,0,0,0,0,0,0,0,0,0,0,0,0,0,0,0,0,0,0,0,0,0,0.0,12.5,6.0,22.0,11.0,6.0,6.0,22.0,1.0,3.0,6.0,85.0,1.0,12.0,20,72,3,10,11.0,24.0,2.0,3.0
2022-09-11,Sun,False,False,0,0,0,0,0,0,0,0,0,0,0,0,0,0,0,0,0,0,0,0,0,0,0,0,0,0.0,12.5,5.0,23.0,10.0,5.0,5.0,23.0,1.0,3.0,5.0,86.0,1.0,12.0,19,73,3,10,10.0,25.0,2.0,3.0
2022-09-12,Mon,True,False,0,0,0,0,0,1,1,0,0,1,1,0,0,0,0,0,0,0,1,1,0,0,1,1,1,2.0,11.5,4.0,24.0,9.0,4.0,4.0,24.0,0.0,0.0,4.0,87.0,0.0,0.0,18,74,2,11,9.0,26.0,1.0,4.0
2022-09-13,Tue,True,False,0,0,0,0,0,1,0,1,0,1,1,0,0,0,0,0,0,0,0,0,0,0,0,1,1,2.0,11.5,3.0,25.0,8.0,3.0,3.0,25.0,0.0,0.0,3.0,88.0,0.0,0.0,17,75,2,11,8.0,27.0,1.0,4.0
2022-09-14,Wed,True,False,0,0,0,0,0,1,1,0,0,1,1,0,0,0,0,0,1,0,1,1,0,0,1,1,2,2.5,11.5,2.0,26.0,7.0,2.0,2.0,26.0,0.0,0.0,2.0,89.0,0.0,0.0,16,76,2,11,7.0,28.0,1.0,4.0
2022-09-15,Thu,True,False,0,0,0,0,0,1,0,0,1,1,1,0,0,0,0,0,0,0,0,0,0,0,0,1,1,2.0,11.5,1.0,27.0,6.0,1.0,1.0,27.0,0.0,0.0,1.0,90.0,0.0,0.0,15,77,2,11,6.0,29.0,1.0,4.0
2022-09-16,Fri,True,False,1,1,0,1,1,1,1,0,0,1,1,0,0,0,0,0,0,0,1,1,1,1,1,1,3,7.0,15.5,0.0,0.0,5.0,0.0,0.0,0.0,0.0,0.0,0.0,0.0,0.0,0.0,14,78,2,11,5.0,30.0,1.0,4.0
2022-09-17,Sat,False,False,0,0,0,0,0,0,0,0,0,0,0,0,0,0,0,0,0,0,0,0,0,0,0,0,0,0.0,15.5,34.0,1.0,4.0,34.0,34.0,1.0,0.0,0.0,90.0,1.0,0.0,0.0,13,79,2,11,4.0,31.0,1.0,4.0
2022-09-18,Sun,False,False,0,0,0,0,0,0,0,0,0,0,0,0,0,0,0,0,0,0,0,0,0,0,0,0,0,0.0,15.5,33.0,2.0,3.0,33.0,33.0,2.0,0.0,0.0,89.0,2.0,0.0,0.0,12,80,2,11,3.0,32.0,1.0,4.0
2022-09-19,Mon,True,False,0,0,0,0,0,1,1,0,0,1,1,0,0,0,0,0,0,0,1,1,0,0,1,1,1,2.0,15.5,32.0,3.0,2.0,32.0,32.0,3.0,4.0,1.0,88.0,3.0,12.0,1.0,11,81,1,12,2.0,33.0,0.0,0.0
2022-09-20,Tue,True,False,0,0,0,0,0,1,0,1,0,1,1,0,0,0,0,0,0,0,0,0,0,0,0,1,1,2.0,15.5,31.0,4.0,1.0,31.0,31.0,4.0,4.0,1.0,87.0,4.0,12.0,1.0,10,82,1,12,1.0,34.0,0.0,0.0
2022-09-21,Wed,True,False,0,0,0,0,0,1,1,0,0,1,1,0,0,0,0,1,0,0,1,1,0,0,1,1,2,3.5,16.5,30.0,5.0,0.0,30.0,30.0,5.0,4.0,1.0,86.0,5.0,12.0,1.0,9,83,1,12,0.0,0.0,0.0,0.0
2022-09-22,Thu,True,False,0,0,0,0,0,1,0,0,1,1,1,0,0,0,0,0,0,0,0,0,0,0,0,1,1,2.0,16.5,29.0,6.0,27.0,29.0,29.0,6.0,4.0,1.0,85.0,6.0,12.0,1.0,8,84,1,12,27.0,1.0,0.0,0.0
2022-09-23,Fri,True,False,0,0,1,0,0,1,1,0,0,1,1,0,0,0,0,0,0,0,1,1,0,0,1,1,2,3.0,12.5,28.0,7.0,26.0,28.0,28.0,7.0,4.0,1.0,84.0,7.0,12.0,1.0,7,85,1,12,26.0,2.0,0.0,0.0
2022-09-24,Sat,False,False,0,0,0,0,0,0,0,0,0,0,0,0,0,0,0,0,0,0,0,0,0,0,0,0,0,0.0,12.5,27.0,8.0,25.0,27.0,27.0,8.0,4.0,1.0,83.0,8.0,12.0,1.0,6,86,1,12,25.0,3.0,0.0,0.0
2022-09-25,Sun,False,False,0,0,0,0,0,0,0,0,0,0,0,0,0,0,0,0,0,0,0,0,0,0,0,0,0,0.0,12.5,26.0,9.0,24.0,26.0,26.0,9.0,4.0,1.0,82.0,9.0,12.0,1.0,5,87,1,12,24.0,4.0,0.0,0.0
2022-09-26,Mon,True,False,0,0,0,0,0,1,1,0,0,1,1,0,0,0,0,0,0,0,1,1,0,0,1,1,1,2.0,12.5,25.0,10.0,23.0,25.0,25.0,10.0,3.0,2.0,81.0,10.0,11.0,2.0,4,88,0,0,23.0,5.0,3.0,1.0
2022-09-27,Tue,True,False,0,0,0,0,0,1,0,1,0,1,1,0,0,0,0,0,0,0,0,0,0,0,0,1,1,2.0,12.5,24.0,11.0,22.0,24.0,24.0,11.0,3.0,2.0,80.0,11.0,11.0,2.0,3,89,0,0,22.0,6.0,3.0,1.0
2022-09-28,Wed,True,False,0,0,0,0,0,1,1,0,0,1,1,0,0,0,0,0,1,0,1,1,0,0,1,1,2,2.5,11.5,23.0,12.0,21.0,23.0,23.0,12.0,3.0,2.0,79.0,12.0,11.0,2.0,2,90,0,0,21.0,7.0,3.0,1.0
2022-09-29,Thu,True,False,0,0,0,0,0,1,0,0,1,1,1,0,0,0,0,0,0,0,0,0,0,0,0,1,1,2.0,11.5,22.0,13.0,20.0,22.0,22.0,13.0,3.0,2.0,78.0,13.0,11.0,2.0,1,91,0,0,20.0,8.0,3.0,1.0
2022-09-30,Fri,True,False,0,0,1,0,0,0,0,0,0,0,0,1,1,1,1,0,0,0,1,1,0,0,0,1,3,5.5,14.0,21.0,14.0,19.0,21.0,21.0,14.0,3.0,2.0,77.0,14.0,11.0,2.0,0,0,0,0,19.0,9.0,3.0,1.0
2022-10-01,Sat,False,False,0,0,0,0,0,0,0,0,0,0,0,0,0,0,0,0,0,0,0,0,0,0,0,0,0,0.0,14.0,20.0,15.0,18.0,20.0,20.0,15.0,3.0,2.0,76.0,15.0,11.0,2.0,90,1,0,0,18.0,10.0,3.0,1.0
2022-10-02,Sun,False,False,0,0,0,0,0,0,0,0,0,0,0,0,0,0,0,0,0,0,0,0,0,0,0,0,0,0.0,14.0,19.0,16.0,17.0,19.0,19.0,16.0,3.0,2.0,75.0,16.0,11.0,2.0,89,2,0,0,17.0,11.0,3.0,1.0
2022-10-03,Mon,True,False,0,0,0,0,0,1,1,0,0,1,1,0,0,0,0,0,0,0,1,1,0,0,1,1,1,2.0,14.0,18.0,17.0,16.0,18.0,18.0,17.0,2.0,3.0,74.0,17.0,10.0,3.0,88,3,12,1,16.0,12.0,2.0,2.0
2022-10-04,Tue,True,False,0,0,0,0,0,1,0,1,0,1,1,0,0,0,0,0,0,0,0,0,0,0,0,1,1,2.0,14.0,17.0,18.0,15.0,17.0,17.0,18.0,2.0,3.0,73.0,18.0,10.0,3.0,87,4,12,1,15.0,13.0,2.0,2.0
2022-10-05,Wed,True,False,0,0,0,0,0,1,1,0,0,1,1,0,0,0,0,0,1,0,1,1,0,0,1,1,2,2.5,14.0,16.0,19.0,14.0,16.0,16.0,19.0,2.0,3.0,72.0,19.0,10.0,3.0,86,5,12,1,14.0,14.0,2.0,2.0
2022-10-06,Thu,True,False,0,0,0,0,0,1,0,0,1,1,1,0,0,0,0,0,0,0,0,0,0,0,0,1,1,2.0,14.0,15.0,20.0,13.0,15.0,15.0,20.0,2.0,3.0,71.0,20.0,10.0,3.0,85,6,12,1,13.0,15.0,2.0,2.0
2022-10-07,Fri,True,False,0,0,1,0,0,1,1,0,0,1,1,0,0,0,0,0,0,0,1,1,0,0,1,1,2,3.0,11.5,14.0,21.0,12.0,14.0,14.0,21.0,2.0,3.0,70.0,21.0,10.0,3.0,84,7,12,1,12.0,16.0,2.0,2.0
2022-10-08,Sat,False,False,0,0,0,0,0,0,0,0,0,0,0,0,0,0,0,0,0,0,0,0,0,0,0,0,0,0.0,11.5,13.0,22.0,11.0,13.0,13.0,22.0,2.0,3.0,69.0,22.0,10.0,3.0,83,8,12,1,11.0,17.0,2.0,2.0
2022-10-09,Sun,False,False,0,0,0,0,0,0,0,0,0,0,0,0,0,0,0,0,0,0,0,0,0,0,0,0,0,0.0,11.5,12.0,23.0,10.0,12.0,12.0,23.0,2.0,3.0,68.0,23.0,10.0,3.0,82,9,12,1,10.0,18.0,2.0,2.0
2022-10-10,Mon,True,False,0,0,0,0,0,1,1,0,0,1,1,0,0,0,0,0,0,0,1,1,0,0,1,1,1,2.0,11.5,11.0,24.0,9.0,11.0,11.0,24.0,1.0,4.0,67.0,24.0,9.0,4.0,81,10,11,2,9.0,19.0,1.0,3.0
2022-10-11,Tue,True,False,0,0,0,0,0,1,0,1,0,1,1,0,0,0,0,0,0,0,0,0,0,0,0,1,1,2.0,11.5,10.0,25.0,8.0,10.0,10.0,25.0,1.0,4.0,66.0,25.0,9.0,4.0,80,11,11,2,8.0,20.0,1.0,3.0
2022-10-12,Wed,True,False,0,0,0,0,0,1,1,0,0,1,1,0,0,0,0,0,1,0,1,1,0,0,1,1,2,2.5,11.5,9.0,26.0,7.0,9.0,9.0,26.0,1.0,4.0,65.0,26.0,9.0,4.0,79,12,11,2,7.0,21.0,1.0,3.0
2022-10-13,Thu,True,False,0,0,0,0,0,1,0,0,1,1,1,0,0,0,0,0,0,0,0,0,0,0,0,1,1,2.0,11.5,8.0,27.0,6.0,8.0,8.0,27.0,1.0,4.0,64.0,27.0,9.0,4.0,78,13,11,2,6.0,22.0,1.0,3.0
2022-10-14,Fri,True,False,0,0,1,0,0,1,1,0,0,1,1,0,0,0,0,0,0,0,1,1,0,0,1,1,2,3.0,11.5,7.0,28.0,5.0,7.0,7.0,28.0,1.0,4.0,63.0,28.0,9.0,4.0,77,14,11,2,5.0,23.0,1.0,3.0
2022-10-15,Sat,False,False,0,0,0,0,0,0,0,0,0,0,0,0,0,0,0,0,0,0,0,0,0,0,0,0,0,0.0,11.5,6.0,29.0,4.0,6.0,6.0,29.0,1.0,4.0,62.0,29.0,9.0,4.0,76,15,11,2,4.0,24.0,1.0,3.0
2022-10-16,Sun,False,False,0,0,0,0,0,0,0,0,0,0,0,0,0,0,0,0,0,0,0,0,0,0,0,0,0,0.0,11.5,5.0,30.0,3.0,5.0,5.0,30.0,1.0,4.0,61.0,30.0,9.0,4.0,75,16,11,2,3.0,25.0,1.0,3.0
2022-10-17,Mon,True,False,0,0,0,0,0,1,1,0,0,1,1,0,0,0,0,0,0,0,1,1,0,0,1,1,1,2.0,11.5,4.0,31.0,2.0,4.0,4.0,31.0,0.0,0.0,60.0,31.0,8.0,5.0,74,17,10,3,2.0,26.0,0.0,0.0
2022-10-18,Tue,True,False,0,0,0,0,0,1,0,1,0,1,1,0,0,0,0,0,0,0,0,0,0,0,0,1,1,2.0,11.5,3.0,32.0,1.0,3.0,3.0,32.0,0.0,0.0,59.0,32.0,8.0,5.0,73,18,10,3,1.0,27.0,0.0,0.0
2022-10-19,Wed,True,False,0,0,0,0,0,1,1,0,0,1,1,0,0,0,0,1,0,0,1,1,0,0,1,1,2,3.5,12.5,2.0,33.0,0.0,2.0,2.0,33.0,0.0,0.0,58.0,33.0,8.0,5.0,72,19,10,3,0.0,0.0,0.0,0.0
2022-10-20,Thu,True,False,0,0,0,0,0,1,0,0,1,1,1,0,0,0,0,0,0,0,0,0,0,0,0,1,1,2.0,12.5,1.0,34.0,27.0,1.0,1.0,34.0,0.0,0.0,57.0,34.0,8.0,5.0,71,20,10,3,27.0,1.0,0.0,0.0
2022-10-21,Fri,True,False,1,1,0,1,1,1,1,0,0,1,1,0,0,0,0,0,0,0,1,1,1,1,1,1,3,7.0,16.5,0.0,0.0,26.0,0.0,0.0,0.0,0.0,0.0,56.0,35.0,8.0,5.0,70,21,10,3,26.0,2.0,0.0,0.0
2022-10-22,Sat,False,False,0,0,0,0,0,0,0,0,0,0,0,0,0,0,0,0,0,0,0,0,0,0,0,0,0,0.0,16.5,27.0,1.0,25.0,27.0,27.0,1.0,0.0,0.0,55.0,36.0,8.0,5.0,69,22,10,3,25.0,3.0,0.0,0.0
2022-10-23,Sun,False,False,0,0,0,0,0,0,0,0,0,0,0,0,0,0,0,0,0,0,0,0,0,0,0,0,0,0.0,16.5,26.0,2.0,24.0,26.0,26.0,2.0,0.0,0.0,54.0,37.0,8.0,5.0,68,23,10,3,24.0,4.0,0.0,0.0
2022-10-24,Mon,True,False,0,0,0,0,0,1,1,0,0,1,1,0,0,0,0,0,0,0,1,1,0,0,1,1,1,2.0,16.5,25.0,3.0,23.0,25.0,25.0,3.0,3.0,1.0,53.0,38.0,7.0,6.0,67,24,9,4,23.0,5.0,3.0,1.0
2022-10-25,Tue,True,False,0,0,0,0,0,1,0,1,0,1,1,0,0,0,0,0,0,0,0,0,0,0,0,1,1,2.0,16.5,24.0,4.0,22.0,24.0,24.0,4.0,3.0,1.0,52.0,39.0,7.0,6.0,66,25,9,4,22.0,6.0,3.0,1.0
2022-10-26,Wed,True,False,0,0,0,0,0,1,1,0,0,1,1,0,0,0,0,0,1,0,1,1,0,0,1,1,2,2.5,15.5,23.0,5.0,21.0,23.0,23.0,5.0,3.0,1.0,51.0,40.0,7.0,6.0,65,26,9,4,21.0,7.0,3.0,1.0
2022-10-27,Thu,True,False,0,0,0,0,0,1,0,0,1,1,1,0,0,0,0,0,0,0,0,0,0,0,0,1,1,2.0,15.5,22.0,6.0,20.0,22.0,22.0,6.0,3.0,1.0,50.0,41.0,7.0,6.0,64,27,9,4,20.0,8.0,3.0,1.0
2022-10-28,Fri,True,False,0,0,1,0,0,1,1,0,0,1,1,0,0,0,0,0,0,0,1,1,0,0,1,1,2,3.0,11.5,21.0,7.0,19.0,21.0,21.0,7.0,3.0,1.0,49.0,42.0,7.0,6.0,63,28,9,4,19.0,9.0,3.0,1.0
2022-10-29,Sat,False,False,0,0,0,0,0,0,0,0,0,0,0,0,0,0,0,0,0,0,0,0,0,0,0,0,0,0.0,11.5,20.0,8.0,18.0,20.0,20.0,8.0,3.0,1.0,48.0,43.0,7.0,6.0,62,29,9,4,18.0,10.0,3.0,1.0
2022-10-30,Sun,False,False,0,0,0,0,0,0,0,0,0,0,0,0,0,0,0,0,0,0,0,0,0,0,0,0,0,0.0,11.5,19.0,9.0,17.0,19.0,19.0,9.0,3.0,1.0,47.0,44.0,7.0,6.0,61,30,9,4,17.0,11.0,3.0,1.0
2022-10-31,Mon,True,False,0,0,0,0,0,0,0,0,0,0,0,1,1,0,0,0,0,0,1,1,0,0,0,1,1,2.0,11.5,18.0,10.0,16.0,18.0,18.0,10.0,2.0,2.0,46.0,45.0,6.0,7.0,60,31,8,5,16.0,12.0,2.0,2.0
2022-11-01,Tue,True,False,0,0,0,0,0,1,0,1,0,1,1,0,0,0,0,0,0,0,0,0,0,0,0,1,1,2.0,11.5,17.0,11.0,15.0,17.0,17.0,11.0,2.0,2.0,45.0,46.0,6.0,7.0,59,32,8,5,15.0,13.0,2.0,2.0
2022-11-02,Wed,True,False,0,0,0,0,0,1,1,0,0,1,1,0,0,0,0,0,1,0,1,1,0,0,1,1,2,2.5,11.5,16.0,12.0,14.0,16.0,16.0,12.0,2.0,2.0,44.0,47.0,6.0,7.0,58,33,8,5,14.0,14.0,2.0,2.0
2022-11-03,Thu,True,False,0,0,0,0,0,1,0,0,1,1,1,0,0,0,0,0,0,0,0,0,0,0,0,1,1,2.0,11.5,15.0,13.0,13.0,15.0,15.0,13.0,2.0,2.0,43.0,48.0,6.0,7.0,57,34,8,5,13.0,15.0,2.0,2.0
2022-11-04,Fri,True,False,0,0,1,0,0,1,1,0,0,1,1,0,0,0,0,0,0,0,1,1,0,0,1,1,2,3.0,11.5,14.0,14.0,12.0,14.0,14.0,14.0,2.0,2.0,42.0,49.0,6.0,7.0,56,35,8,5,12.0,16.0,2.0,2.0
2022-11-05,Sat,False,False,0,0,0,0,0,0,0,0,0,0,0,0,0,0,0,0,0,0,0,0,0,0,0,0,0,0.0,11.5,13.0,15.0,11.0,13.0,13.0,15.0,2.0,2.0,41.0,50.0,6.0,7.0,55,36,8,5,11.0,17.0,2.0,2.0
2022-11-06,Sun,False,False,0,0,0,0,0,0,0,0,0,0,0,0,0,0,0,0,0,0,0,0,0,0,0,0,0,0.0,11.5,12.0,16.0,10.0,12.0,12.0,16.0,2.0,2.0,40.0,51.0,6.0,7.0,54,37,8,5,10.0,18.0,2.0,2.0
2022-11-07,Mon,True,False,0,0,0,0,0,1,1,0,0,1,1,0,0,0,0,0,0,0,1,1,0,0,1,1,1,2.0,11.5,11.0,17.0,9.0,11.0,11.0,17.0,1.0,3.0,39.0,52.0,5.0,8.0,53,38,7,6,9.0,19.0,1.0,3.0
2022-11-08,Tue,True,False,0,0,0,0,0,1,0,1,0,1,1,0,0,0,0,0,0,0,0,0,0,0,0,1,1,2.0,11.5,10.0,18.0,8.0,10.0,10.0,18.0,1.0,3.0,38.0,53.0,5.0,8.0,52,39,7,6,8.0,20.0,1.0,3.0
2022-11-09,Wed,True,False,0,0,0,0,0,1,1,0,0,1,1,0,0,0,0,0,1,0,1,1,0,0,1,1,2,2.5,11.5,9.0,19.0,7.0,9.0,9.0,19.0,1.0,3.0,37.0,54.0,5.0,8.0,51,40,7,6,7.0,21.0,1.0,3.0
2022-11-10,Thu,True,False,0,0,0,0,0,1,0,0,1,1,1,0,0,0,0,0,0,0,0,0,0,0,0,1,1,2.0,11.5,8.0,20.0,6.0,8.0,8.0,20.0,1.0,3.0,36.0,55.0,5.0,8.0,50,41,7,6,6.0,22.0,1.0,3.0
2022-11-11,Fri,True,False,0,0,1,0,0,1,1,0,0,1,1,0,0,0,0,0,0,0,1,1,0,0,1,1,2,3.0,11.5,7.0,21.0,5.0,7.0,7.0,21.0,1.0,3.0,35.0,56.0,5.0,8.0,49,42,7,6,5.0,23.0,1.0,3.0
2022-11-12,Sat,False,False,0,0,0,0,0,0,0,0,0,0,0,0,0,0,0,0,0,0,0,0,0,0,0,0,0,0.0,11.5,6.0,22.0,4.0,6.0,6.0,22.0,1.0,3.0,34.0,57.0,5.0,8.0,48,43,7,6,4.0,24.0,1.0,3.0
2022-11-13,Sun,False,False,0,0,0,0,0,0,0,0,0,0,0,0,0,0,0,0,0,0,0,0,0,0,0,0,0,0.0,11.5,5.0,23.0,3.0,5.0,5.0,23.0,1.0,3.0,33.0,58.0,5.0,8.0,47,44,7,6,3.0,25.0,1.0,3.0
2022-11-14,Mon,True,False,0,0,0,0,0,1,1,0,0,1,1,0,0,0,0,0,0,0,1,1,0,0,1,1,1,2.0,11.5,4.0,24.0,2.0,4.0,4.0,24.0,0.0,0.0,32.0,59.0,4.0,9.0,46,45,6,7,2.0,26.0,0.0,0.0
2022-11-15,Tue,True,False,0,0,0,0,0,1,0,1,0,1,1,0,0,0,0,0,0,0,0,0,0,0,0,1,1,2.0,11.5,3.0,25.0,1.0,3.0,3.0,25.0,0.0,0.0,31.0,60.0,4.0,9.0,45,46,6,7,1.0,27.0,0.0,0.0
2022-11-16,Wed,True,False,0,0,0,0,0,1,1,0,0,1,1,0,0,0,0,1,0,0,1,1,0,0,1,1,2,3.5,12.5,2.0,26.0,0.0,2.0,2.0,26.0,0.0,0.0,30.0,61.0,4.0,9.0,44,47,6,7,0.0,0.0,0.0,0.0
2022-11-17,Thu,True,False,0,0,0,0,0,1,0,0,1,1,1,0,0,0,0,0,0,0,0,0,0,0,0,1,1,2.0,12.5,1.0,27.0,34.0,1.0,1.0,27.0,0.0,0.0,29.0,62.0,4.0,9.0,43,48,6,7,34.0,1.0,0.0,0.0
2022-11-18,Fri,True,False,1,1,0,1,1,1,1,0,0,1,1,0,0,0,0,0,0,0,1,1,1,1,1,1,3,7.0,16.5,0.0,0.0,33.0,0.0,0.0,0.0,0.0,0.0,28.0,63.0,4.0,9.0,42,49,6,7,33.0,2.0,0.0,0.0
2022-11-19,Sat,False,False,0,0,0,0,0,0,0,0,0,0,0,0,0,0,0,0,0,0,0,0,0,0,0,0,0,0.0,16.5,27.0,1.0,32.0,27.0,27.0,1.0,0.0,0.0,27.0,64.0,4.0,9.0,41,50,6,7,32.0,3.0,0.0,0.0
2022-11-20,Sun,False,False,0,0,0,0,0,0,0,0,0,0,0,0,0,0,0,0,0,0,0,0,0,0,0,0,0,0.0,16.5,26.0,2.0,31.0,26.0,26.0,2.0,0.0,0.0,26.0,65.0,4.0,9.0,40,51,6,7,31.0,4.0,0.0,0.0
2022-11-21,Mon,True,False,0,0,0,0,0,1,1,0,0,1,1,0,0,0,0,0,0,0,1,1,0,0,1,1,1,2.0,16.5,25.0,3.0,30.0,25.0,25.0,3.0,3.0,1.0,25.0,66.0,3.0,10.0,39,52,5,8,30.0,5.0,4.0,1.0
2022-11-22,Tue,True,False,0,0,0,0,0,1,0,1,0,1,1,0,0,0,0,0,0,0,1,1,0,0,1,1,1,2.0,16.5,24.0,4.0,29.0,24.0,24.0,4.0,3.0,1.0,24.0,67.0,3.0,10.0,38,53,5,8,29.0,6.0,4.0,1.0
2022-11-23,Wed,True,False,0,0,0,0,0,1,1,0,0,1,1,0,0,0,0,0,1,0,1,1,0,0,1,1,2,2.5,15.5,23.0,5.0,28.0,23.0,23.0,5.0,3.0,1.0,23.0,68.0,3.0,10.0,37,54,5,8,28.0,7.0,4.0,1.0
2022-11-24,Thu,False,True,0,0,0,0,0,0,0,0,0,0,0,0,0,0,0,0,0,0,0,0,0,0,0,0,0,0.0,15.5,22.0,6.0,27.0,22.0,22.0,6.0,3.0,1.0,22.0,69.0,3.0,10.0,36,55,5,8,27.0,8.0,4.0,1.0
2022-11-25,Fri,True,False,0,0,1,0,0,1,1,0,0,1,1,0,0,0,0,0,0,0,1,1,0,0,1,1,2,3.0,16.5,21.0,7.0,26.0,21.0,21.0,7.0,3.0,1.0,21.0,70.0,3.0,10.0,35,56,5,8,26.0,9.0,4.0,1.0
2022-11-26,Sat,False,False,0,0,0,0,0,0,0,0,0,0,0,0,0,0,0,0,0,0,0,0,0,0,0,0,0,0.0,16.5,20.0,8.0,25.0,20.0,20.0,8.0,3.0,1.0,20.0,71.0,3.0,10.0,34,57,5,8,25.0,10.0,4.0,1.0
2022-11-27,Sun,False,False,0,0,0,0,0,0,0,0,0,0,0,0,0,0,0,0,0,0,0,0,0,0,0,0,0,0.0,16.5,19.0,9.0,24.0,19.0,19.0,9.0,3.0,1.0,19.0,72.0,3.0,10.0,33,58,5,8,24.0,11.0,4.0,1.0
2022-11-28,Mon,True,False,0,0,0,0,0,1,1,0,0,1,1,0,0,0,0,0,0,0,1,1,0,0,1,1,1,2.0,11.5,18.0,10.0,23.0,18.0,18.0,10.0,2.0,2.0,18.0,73.0,2.0,11.0,32,59,4,9,23.0,12.0,3.0,2.0
2022-11-29,Tue,True,False,0,0,0,0,0,1,0,1,0,1,1,0,0,0,0,0,0,0,1,1,0,0,1,1,1,2.0,11.5,17.0,11.0,22.0,17.0,17.0,11.0,2.0,2.0,17.0,74.0,2.0,11.0,31,60,4,9,22.0,13.0,3.0,2.0
2022-11-30,Wed,True,False,0,0,0,0,0,0,0,0,0,0,0,1,1,0,0,0,1,0,1,1,0,0,0,1,2,2.5,12.0,16.0,12.0,21.0,16.0,16.0,12.0,2.0,2.0,16.0,75.0,2.0,11.0,30,61,4,9,21.0,14.0,3.0,2.0
2022-12-01,Thu,True,False,0,0,0,0,0,1,0,0,1,1,1,0,0,0,0,0,0,0,1,1,0,0,1,1,1,2.0,11.5,15.0,13.0,20.0,15.0,15.0,13.0,2.0,2.0,15.0,76.0,2.0,11.0,29,62,4,9,20.0,15.0,3.0,2.0
2022-12-02,Fri,True,False,0,0,1,0,0,1,1,0,0,1,1,0,0,0,0,0,0,0,1,1,0,0,1,1,2,3.0,11.5,14.0,14.0,19.0,14.0,14.0,14.0,2.0,2.0,14.0,77.0,2.0,11.0,28,63,4,9,19.0,16.0,3.0,2.0
2022-12-03,Sat,False,False,0,0,0,0,0,0,0,0,0,0,0,0,0,0,0,0,0,0,0,0,0,0,0,0,0,0.0,11.5,13.0,15.0,18.0,13.0,13.0,15.0,2.0,2.0,13.0,78.0,2.0,11.0,27,64,4,9,18.0,17.0,3.0,2.0
2022-12-04,Sun,False,False,0,0,0,0,0,0,0,0,0,0,0,0,0,0,0,0,0,0,0,0,0,0,0,0,0,0.0,11.5,12.0,16.0,17.0,12.0,12.0,16.0,2.0,2.0,12.0,79.0,2.0,11.0,26,65,4,9,17.0,18.0,3.0,2.0
2022-12-05,Mon,True,False,0,0,0,0,0,1,1,0,0,1,1,0,0,0,0,0,0,0,1,1,0,0,1,1,1,2.0,11.5,11.0,17.0,16.0,11.0,11.0,17.0,1.0,3.0,11.0,80.0,1.0,12.0,25,66,3,10,16.0,19.0,2.0,3.0
2022-12-06,Tue,True,False,0,0,0,0,0,1,0,1,0,1,1,0,0,0,0,0,0,0,1,1,0,0,1,1,1,2.0,11.5,10.0,18.0,15.0,10.0,10.0,18.0,1.0,3.0,10.0,81.0,1.0,12.0,24,67,3,10,15.0,20.0,2.0,3.0
2022-12-07,Wed,True,False,0,0,0,0,0,1,1,0,0,1,1,0,0,0,0,0,1,0,1,1,0,0,1,1,2,2.5,11.5,9.0,19.0,14.0,9.0,9.0,19.0,1.0,3.0,9.0,82.0,1.0,12.0,23,68,3,10,14.0,21.0,2.0,3.0
2022-12-08,Thu,True,False,0,0,0,0,0,1,0,0,1,1,1,0,0,0,0,0,0,0,1,1,0,0,1,1,1,2.0,11.5,8.0,20.0,13.0,8.0,8.0,20.0,1.0,3.0,8.0,83.0,1.0,12.0,22,69,3,10,13.0,22.0,2.0,3.0
2022-12-09,Fri,True,False,0,0,1,0,0,1,1,0,0,1,1,0,0,0,0,0,0,0,1,1,0,0,1,1,2,3.0,11.5,7.0,21.0,12.0,7.0,7.0,21.0,1.0,3.0,7.0,84.0,1.0,12.0,21,70,3,10,12.0,23.0,2.0,3.0
2022-12-10,Sat,False,False,0,0,0,0,0,0,0,0,0,0,0,0,0,0,0,0,0,0,0,0,0,0,0,0,0,0.0,11.5,6.0,22.0,11.0,6.0,6.0,22.0,1.0,3.0,6.0,85.0,1.0,12.0,20,71,3,10,11.0,24.0,2.0,3.0
2022-12-11,Sun,False,False,0,0,0,0,0,0,0,0,0,0,0,0,0,0,0,0,0,0,0,0,0,0,0,0,0,0.0,11.5,5.0,23.0,10.0,5.0,5.0,23.0,1.0,3.0,5.0,86.0,1.0,12.0,19,72,3,10,10.0,25.0,2.0,3.0
2022-12-12,Mon,True,False,0,0,0,0,0,1,1,0,0,1,1,0,0,0,0,0,0,0,1,1,0,0,1,1,1,2.0,11.5,4.0,24.0,9.0,4.0,4.0,24.0,0.0,0.0,4.0,87.0,0.0,0.0,18,73,2,11,9.0,26.0,1.0,4.0
2022-12-13,Tue,True,False,0,0,0,0,0,1,0,1,0,1,1,0,0,0,0,0,0,0,1,1,0,0,1,1,1,2.0,11.5,3.0,25.0,8.0,3.0,3.0,25.0,0.0,0.0,3.0,88.0,0.0,0.0,17,74,2,11,8.0,27.0,1.0,4.0
2022-12-14,Wed,True,False,0,0,0,0,0,1,1,0,0,1,1,0,0,0,0,0,1,0,1,1,0,0,1,1,2,2.5,11.5,2.0,26.0,7.0,2.0,2.0,26.0,0.0,0.0,2.0,89.0,0.0,0.0,16,75,2,11,7.0,28.0,1.0,4.0
2022-12-15,Thu,True,False,0,0,0,0,0,1,0,0,1,1,1,0,0,0,0,0,0,0,1,1,0,0,1,1,1,2.0,11.5,1.0,27.0,6.0,1.0,1.0,27.0,0.0,0.0,1.0,90.0,0.0,0.0,15,76,2,11,6.0,29.0,1.0,4.0
2022-12-16,Fri,True,False,1,1,0,1,1,1,1,0,0,1,1,0,0,0,0,0,0,0,1,1,1,1,1,1,3,7.0,15.5,0.0,0.0,5.0,0.0,0.0,0.0,0.0,0.0,0.0,0.0,0.0,0.0,14,77,2,11,5.0,30.0,1.0,4.0
2022-12-17,Sat,False,False,0,0,0,0,0,0,0,0,0,0,0,0,0,0,0,0,0,0,0,0,0,0,0,0,0,0.0,15.5,34.0,1.0,4.0,34.0,34.0,1.0,0.0,0.0,90.0,1.0,0.0,0.0,13,78,2,11,4.0,31.0,1.0,4.0
2022-12-18,Sun,False,False,0,0,0,0,0,0,0,0,0,0,0,0,0,0,0,0,0,0,0,0,0,0,0,0,0,0.0,15.5,33.0,2.0,3.0,33.0,33.0,2.0,0.0,0.0,89.0,2.0,0.0,0.0,12,79,2,11,3.0,32.0,1.0,4.0
2022-12-19,Mon,True,False,0,0,0,0,0,1,1,0,0,1,1,0,0,0,0,0,0,0,1,1,0,0,1,1,1,2.0,15.5,32.0,3.0,2.0,32.0,32.0,3.0,4.0,1.0,88.0,3.0,12.0,1.0,11,80,1,12,2.0,33.0,0.0,0.0
2022-12-20,Tue,True,False,0,0,0,0,0,1,0,1,0,1,1,0,0,0,0,0,0,0,1,1,0,0,1,1,1,2.0,15.5,31.0,4.0,1.0,31.0,31.0,4.0,4.0,1.0,87.0,4.0,12.0,1.0,10,81,1,12,1.0,34.0,0.0,0.0
2022-12-21,Wed,True,False,0,0,0,0,0,1,1,0,0,1,1,0,0,0,0,1,0,0,1,1,0,0,1,1,2,3.5,16.5,30.0,5.0,0.0,30.0,30.0,5.0,4.0,1.0,86.0,5.0,12.0,1.0,9,82,1,12,0.0,0.0,0.0,0.0
2022-12-22,Thu,True,False,0,0,0,0,0,1,0,0,1,1,1,0,0,0,0,0,0,0,1,1,0,0,1,1,1,2.0,16.5,29.0,6.0,27.0,29.0,29.0,6.0,4.0,1.0,85.0,6.0,12.0,1.0,8,83,1,12,27.0,1.0,0.0,0.0
2022-12-23,Fri,True,False,0,0,1,0,0,1,1,0,0,1,1,0,0,0,0,0,0,0,1,1,0,0,1,1,2,3.0,12.5,28.0,7.0,26.0,28.0,28.0,7.0,4.0,1.0,84.0,7.0,12.0,1.0,7,84,1,12,26.0,2.0,0.0,0.0
2022-12-24,Sat,False,False,0,0,0,0,0,0,0,0,0,0,0,0,0,0,0,0,0,0,0,0,0,0,0,0,0,0.0,12.5,27.0,8.0,25.0,27.0,27.0,8.0,4.0,1.0,83.0,8.0,12.0,1.0,6,85,1,12,25.0,3.0,0.0,0.0
2022-12-25,Sun,False,False,0,0,0,0,0,0,0,0,0,0,0,0,0,0,0,0,0,0,0,0,0,0,0,0,0,0.0,12.5,26.0,9.0,24.0,26.0,26.0,9.0,4.0,1.0,82.0,9.0,12.0,1.0,5,86,1,12,24.0,4.0,0.0,0.0
2022-12-26,Mon,False,True,0,0,0,0,0,0,0,0,0,0,0,0,0,0,0,0,0,0,0,0,0,0,0,0,0,0.0,12.5,25.0,10.0,23.0,25.0,25.0,10.0,3.0,2.0,81.0,10.0,11.0,2.0,4,87,0,0,23.0,5.0,3.0,1.0
2022-12-27,Tue,True,False,0,0,0,0,0,1,0,1,0,1,1,0,0,0,0,0,0,0,1,1,0,0,1,1,1,2.0,12.5,24.0,11.0,22.0,24.0,24.0,11.0,3.0,2.0,80.0,11.0,11.0,2.0,3,88,0,0,22.0,6.0,3.0,1.0
2022-12-28,Wed,True,False,0,0,0,0,0,1,1,0,0,1,1,0,0,0,0,0,1,0,1,1,0,0,1,1,2,2.5,13.0,23.0,12.0,21.0,23.0,23.0,12.0,3.0,2.0,79.0,12.0,11.0,2.0,2,89,0,0,21.0,7.0,3.0,1.0
2022-12-29,Thu,True,False,0,0,0,0,0,1,0,0,1,1,1,0,0,0,0,0,0,0,1,1,0,0,1,1,1,2.0,11.5,22.0,13.0,20.0,22.0,22.0,13.0,3.0,2.0,78.0,13.0,11.0,2.0,1,90,0,0,20.0,8.0,3.0,1.0
2022-12-30,Fri,True,False,0,0,1,0,0,0,0,0,0,0,0,1,1,1,1,0,0,1,1,1,0,0,0,1,4,6.0,15.5,21.0,14.0,19.0,21.0,21.0,14.0,3.0,2.0,77.0,14.0,11.0,2.0,0,0,0,0,19.0,9.0,3.0,1.0
2022-12-31,Sat,False,False,0,0,0,0,0,0,0,0,0,0,0,0,0,0,0,0,0,0,0,0,0,0,0,0,0,0.0,15.5,20.0,15.0,18.0,20.0,20.0,15.0,3.0,2.0,76.0,15.0,11.0,2.0,90,1,0,0,18.0,10.0,3.0,1.0
2023-01-01,Sun,False,False,0,0,0,0,0,0,0,0,0,0,0,0,0,0,0,0,0,0,0,0,0,0,0,0,0,0.0,15.5,19.0,16.0,17.0,19.0,19.0,16.0,3.0,2.0,75.0,16.0,11.0,2.0,89,2,0,0,17.0,11.0,3.0,1.0
2023-01-02,Mon,False,True,0,0,0,0,0,0,0,0,0,0,0,0,0,0,0,0,0,0,0,0,0,0,0,0,0,0.0,15.5,18.0,17.0,16.0,18.0,18.0,17.0,2.0,3.0,74.0,17.0,10.0,3.0,88,3,12,1,16.0,12.0,2.0,2.0
2023-01-03,Tue,True,False,0,0,0,0,0,1,0,1,0,1,1,0,0,0,0,0,0,0,1,1,0,0,1,1,1,2.0,14.5,17.0,18.0,15.0,17.0,17.0,18.0,2.0,3.0,73.0,18.0,10.0,3.0,87,4,12,1,15.0,13.0,2.0,2.0
2023-01-04,Wed,True,False,0,0,0,0,0,1,1,0,0,1,1,0,0,0,0,0,1,0,1,1,0,0,1,1,2,2.5,15.0,16.0,19.0,14.0,16.0,16.0,19.0,2.0,3.0,72.0,19.0,10.0,3.0,86,5,12,1,14.0,14.0,2.0,2.0
2023-01-05,Thu,True,False,0,0,0,0,0,1,0,0,1,1,1,0,0,0,0,0,0,0,1,1,0,0,1,1,1,2.0,14.5,15.0,20.0,13.0,15.0,15.0,20.0,2.0,3.0,71.0,20.0,10.0,3.0,85,6,12,1,13.0,15.0,2.0,2.0
2023-01-06,Fri,True,False,0,0,1,0,0,1,1,0,0,1,1,0,0,0,0,0,0,0,1,1,0,0,1,1,2,3.0,15.5,14.0,21.0,12.0,14.0,14.0,21.0,2.0,3.0,70.0,21.0,10.0,3.0,84,7,12,1,12.0,16.0,2.0,2.0
2023-01-07,Sat,False,False,0,0,0,0,0,0,0,0,0,0,0,0,0,0,0,0,0,0,0,0,0,0,0,0,0,0.0,15.5,13.0,22.0,11.0,13.0,13.0,22.0,2.0,3.0,69.0,22.0,10.0,3.0,83,8,12,1,11.0,17.0,2.0,2.0
2023-01-08,Sun,False,False,0,0,0,0,0,0,0,0,0,0,0,0,0,0,0,0,0,0,0,0,0,0,0,0,0,0.0,15.5,12.0,23.0,10.0,12.0,12.0,23.0,2.0,3.0,68.0,23.0,10.0,3.0,82,9,12,1,10.0,18.0,2.0,2.0
2023-01-09,Mon,True,False,0,0,0,0,0,1,1,0,0,1,1,0,0,0,0,0,0,0,1,1,0,0,1,1,1,2.0,11.5,11.0,24.0,9.0,11.0,11.0,24.0,1.0,4.0,67.0,24.0,9.0,4.0,81,10,11,2,9.0,19.0,1.0,3.0
2023-01-10,Tue,True,False,0,0,0,0,0,1,0,1,0,1,1,0,0,0,0,0,0,0,1,1,0,0,1,1,1,2.0,11.5,10.0,25.0,8.0,10.0,10.0,25.0,1.0,4.0,66.0,25.0,9.0,4.0,80,11,11,2,8.0,20.0,1.0,3.0
2023-01-11,Wed,True,False,0,0,0,0,0,1,1,0,0,1,1,0,0,0,0,0,1,0,1,1,0,0,1,1,2,2.5,11.5,9.0,26.0,7.0,9.0,9.0,26.0,1.0,4.0,65.0,26.0,9.0,4.0,79,12,11,2,7.0,21.0,1.0,3.0
2023-01-12,Thu,True,False,0,0,0,0,0,1,0,0,1,1,1,0,0,0,0,0,0,0,1,1,0,0,1,1,1,2.0,11.5,8.0,27.0,6.0,8.0,8.0,27.0,1.0,4.0,64.0,27.0,9.0,4.0,78,13,11,2,6.0,22.0,1.0,3.0
2023-01-13,Fri,True,False,0,0,1,0,0,1,1,0,0,1,1,0,0,0,0,0,0,0,1,1,0,0,1,1,2,3.0,11.5,7.0,28.0,5.0,7.0,7.0,28.0,1.0,4.0,63.0,28.0,9.0,4.0,77,14,11,2,5.0,23.0,1.0,3.0
2023-01-14,Sat,False,False,0,0,0,0,0,0,0,0,0,0,0,0,0,0,0,0,0,0,0,0,0,0,0,0,0,0.0,11.5,6.0,29.0,4.0,6.0,6.0,29.0,1.0,4.0,62.0,29.0,9.0,4.0,76,15,11,2,4.0,24.0,1.0,3.0
2023-01-15,Sun,False,False,0,0,0,0,0,0,0,0,0,0,0,0,0,0,0,0,0,0,0,0,0,0,0,0,0,0.0,11.5,5.0,30.0,3.0,5.0,5.0,30.0,1.0,4.0,61.0,30.0,9.0,4.0,75,16,11,2,3.0,25.0,1.0,3.0
2023-01-16,Mon,False,True,0,0,0,0,0,0,0,0,0,0,0,0,0,0,0,0,0,0,0,0,0,0,0,0,0,0.0,11.5,4.0,31.0,2.0,4.0,4.0,31.0,0.0,0.0,60.0,31.0,8.0,5.0,74,17,10,3,2.0,26.0,0.0,0.0
2023-01-17,Tue,True,False,0,0,0,0,0,1,0,1,0,1,1,0,0,0,0,0,0,0,1,1,0,0,1,1,1,2.0,11.5,3.0,32.0,1.0,3.0,3.0,32.0,0.0,0.0,59.0,32.0,8.0,5.0,73,18,10,3,1.0,27.0,0.0,0.0
2023-01-18,Wed,True,False,0,0,0,0,0,1,1,0,0,1,1,0,0,0,0,1,0,0,1,1,0,0,1,1,2,3.5,13.0,2.0,33.0,0.0,2.0,2.0,33.0,0.0,0.0,58.0,33.0,8.0,5.0,72,19,10,3,0.0,0.0,0.0,0.0
2023-01-19,Thu,True,False,0,0,0,0,0,1,0,0,1,1,1,0,0,0,0,0,0,0,1,1,0,0,1,1,1,2.0,12.5,1.0,34.0,27.0,1.0,1.0,34.0,0.0,0.0,57.0,34.0,8.0,5.0,71,20,10,3,27.0,1.0,0.0,0.0
2023-01-20,Fri,True,False,1,1,0,1,1,1,1,0,0,1,1,0,0,0,0,0,0,0,1,1,1,1,1,1,3,7.0,17.5,0.0,0.0,26.0,0.0,0.0,0.0,0.0,0.0,56.0,35.0,8.0,5.0,70,21,10,3,26.0,2.0,0.0,0.0
2023-01-21,Sat,False,False,0,0,0,0,0,0,0,0,0,0,0,0,0,0,0,0,0,0,0,0,0,0,0,0,0,0.0,17.5,27.0,1.0,25.0,27.0,27.0,1.0,0.0,0.0,55.0,36.0,8.0,5.0,69,22,10,3,25.0,3.0,0.0,0.0
2023-01-22,Sun,False,False,0,0,0,0,0,0,0,0,0,0,0,0,0,0,0,0,0,0,0,0,0,0,0,0,0,0.0,17.5,26.0,2.0,24.0,26.0,26.0,2.0,0.0,0.0,54.0,37.0,8.0,5.0,68,23,10,3,24.0,4.0,0.0,0.0
2023-01-23,Mon,True,False,0,0,0,0,0,1,1,0,0,1,1,0,0,0,0,0,0,0,1,1,0,0,1,1,1,2.0,16.5,25.0,3.0,23.0,25.0,25.0,3.0,3.0,1.0,53.0,38.0,7.0,6.0,67,24,9,4,23.0,5.0,3.0,1.0
2023-01-24,Tue,True,False,0,0,0,0,0,1,0,1,0,1,1,0,0,0,0,0,0,0,1,1,0,0,1,1,1,2.0,16.5,24.0,4.0,22.0,24.0,24.0,4.0,3.0,1.0,52.0,39.0,7.0,6.0,66,25,9,4,22.0,6.0,3.0,1.0
2023-01-25,Wed,True,False,0,0,0,0,0,1,1,0,0,1,1,0,0,0,0,0,1,0,1,1,0,0,1,1,2,2.5,15.5,23.0,5.0,21.0,23.0,23.0,5.0,3.0,1.0,51.0,40.0,7.0,6.0,65,26,9,4,21.0,7.0,3.0,1.0
2023-01-26,Thu,True,False,0,0,0,0,0,1,0,0,1,1,1,0,0,0,0,0,0,0,1,1,0,0,1,1,1,2.0,15.5,22.0,6.0,20.0,22.0,22.0,6.0,3.0,1.0,50.0,41.0,7.0,6.0,64,27,9,4,20.0,8.0,3.0,1.0
2023-01-27,Fri,True,False,0,0,1,0,0,1,1,0,0,1,1,0,0,0,0,0,0,0,1,1,0,0,1,1,2,3.0,11.5,21.0,7.0,19.0,21.0,21.0,7.0,3.0,1.0,49.0,42.0,7.0,6.0,63,28,9,4,19.0,9.0,3.0,1.0
2023-01-28,Sat,False,False,0,0,0,0,0,0,0,0,0,0,0,0,0,0,0,0,0,0,0,0,0,0,0,0,0,0.0,11.5,20.0,8.0,18.0,20.0,20.0,8.0,3.0,1.0,48.0,43.0,7.0,6.0,62,29,9,4,18.0,10.0,3.0,1.0
2023-01-29,Sun,False,False,0,0,0,0,0,0,0,0,0,0,0,0,0,0,0,0,0,0,0,0,0,0,0,0,0,0.0,11.5,19.0,9.0,17.0,19.0,19.0,9.0,3.0,1.0,47.0,44.0,7.0,6.0,61,30,9,4,17.0,11.0,3.0,1.0
2023-01-30,Mon,True,False,0,0,0,0,0,1,1,0,0,1,1,0,0,0,0,0,0,0,1,1,0,0,1,1,1,2.0,11.5,18.0,10.0,16.0,18.0,18.0,10.0,2.0,2.0,46.0,45.0,6.0,7.0,60,31,8,5,16.0,12.0,2.0,2.0
2023-01-31,Tue,True,False,0,0,0,0,0,0,0,0,0,0,0,1,1,0,0,0,0,0,1,1,0,0,0,1,1,2.0,11.5,17.0,11.0,15.0,17.0,17.0,11.0,2.0,2.0,45.0,46.0,6.0,7.0,59,32,8,5,15.0,13.0,2.0,2.0
2023-02-01,Wed,True,False,0,0,0,0,0,1,1,0,0,1,1,0,0,0,0,0,1,0,1,1,0,0,1,1,2,2.5,11.5,16.0,12.0,14.0,16.0,16.0,12.0,2.0,2.0,44.0,47.0,6.0,7.0,58,33,8,5,14.0,14.0,2.0,2.0
2023-02-02,Thu,True,False,0,0,0,0,0,1,0,0,1,1,1,0,0,0,0,0,0,0,1,1,0,0,1,1,1,2.0,11.5,15.0,13.0,13.0,15.0,15.0,13.0,2.0,2.0,43.0,48.0,6.0,7.0,57,34,8,5,13.0,15.0,2.0,2.0
2023-02-03,Fri,True,False,0,0,1,0,0,1,1,0,0,1,1,0,0,0,0,0,0,0,1,1,0,0,1,1,2,3.0,11.5,14.0,14.0,12.0,14.0,14.0,14.0,2.0,2.0,42.0,49.0,6.0,7.0,56,35,8,5,12.0,16.0,2.0,2.0
2023-02-04,Sat,False,False,0,0,0,0,0,0,0,0,0,0,0,0,0,0,0,0,0,0,0,0,0,0,0,0,0,0.0,11.5,13.0,15.0,11.0,13.0,13.0,15.0,2.0,2.0,41.0,50.0,6.0,7.0,55,36,8,5,11.0,17.0,2.0,2.0
2023-02-05,Sun,False,False,0,0,0,0,0,0,0,0,0,0,0,0,0,0,0,0,0,0,0,0,0,0,0,0,0,0.0,11.5,12.0,16.0,10.0,12.0,12.0,16.0,2.0,2.0,40.0,51.0,6.0,7.0,54,37,8,5,10.0,18.0,2.0,2.0
2023-02-06,Mon,True,False,0,0,0,0,0,1,1,0,0,1,1,0,0,0,0,0,0,0,1,1,0,0,1,1,1,2.0,11.5,11.0,17.0,9.0,11.0,11.0,17.0,1.0,3.0,39.0,52.0,5.0,8.0,53,38,7,6,9.0,19.0,1.0,3.0
2023-02-07,Tue,True,False,0,0,0,0,0,1,0,1,0,1,1,0,0,0,0,0,0,0,1,1,0,0,1,1,1,2.0,11.5,10.0,18.0,8.0,10.0,10.0,18.0,1.0,3.0,38.0,53.0,5.0,8.0,52,39,7,6,8.0,20.0,1.0,3.0
2023-02-08,Wed,True,False,0,0,0,0,0,1,1,0,0,1,1,0,0,0,0,0,1,0,1,1,0,0,1,1,2,2.5,11.5,9.0,19.0,7.0,9.0,9.0,19.0,1.0,3.0,37.0,54.0,5.0,8.0,51,40,7,6,7.0,21.0,1.0,3.0
2023-02-09,Thu,True,False,0,0,0,0,0,1,0,0,1,1,1,0,0,0,0,0,0,0,1,1,0,0,1,1,1,2.0,11.5,8.0,20.0,6.0,8.0,8.0,20.0,1.0,3.0,36.0,55.0,5.0,8.0,50,41,7,6,6.0,22.0,1.0,3.0
2023-02-10,Fri,True,False,0,0,1,0,0,1,1,0,0,1,1,0,0,0,0,0,0,0,1,1,0,0,1,1,2,3.0,11.5,7.0,21.0,5.0,7.0,7.0,21.0,1.0,3.0,35.0,56.0,5.0,8.0,49,42,7,6,5.0,23.0,1.0,3.0
2023-02-11,Sat,False,False,0,0,0,0,0,0,0,0,0,0,0,0,0,0,0,0,0,0,0,0,0,0,0,0,0,0.0,11.5,6.0,22.0,4.0,6.0,6.0,22.0,1.0,3.0,34.0,57.0,5.0,8.0,48,43,7,6,4.0,24.0,1.0,3.0
2023-02-12,Sun,False,False,0,0,0,0,0,0,0,0,0,0,0,0,0,0,0,0,0,0,0,0,0,0,0,0,0,0.0,11.5,5.0,23.0,3.0,5.0,5.0,23.0,1.0,3.0,33.0,58.0,5.0,8.0,47,44,7,6,3.0,25.0,1.0,3.0
2023-02-13,Mon,True,False,0,0,0,0,0,1,1,0,0,1,1,0,0,0,0,0,0,0,1,1,0,0,1,1,1,2.0,11.5,4.0,24.0,2.0,4.0,4.0,24.0,0.0,0.0,32.0,59.0,4.0,9.0,46,45,6,7,2.0,26.0,0.0,0.0
2023-02-14,Tue,True,False,0,0,0,0,0,1,0,1,0,1,1,0,0,0,0,0,0,0,1,1,0,0,1,1,1,2.0,11.5,3.0,25.0,1.0,3.0,3.0,25.0,0.0,0.0,31.0,60.0,4.0,9.0,45,46,6,7,1.0,27.0,0.0,0.0
2023-02-15,Wed,True,False,0,0,0,0,0,1,1,0,0,1,1,0,0,0,0,1,0,0,1,1,0,0,1,1,2,3.5,12.5,2.0,26.0,0.0,2.0,2.0,26.0,0.0,0.0,30.0,61.0,4.0,9.0,44,47,6,7,0.0,0.0,0.0,0.0
2023-02-16,Thu,True,False,0,0,0,0,0,1,0,0,1,1,1,0,0,0,0,0,0,0,1,1,0,0,1,1,1,2.0,12.5,1.0,27.0,34.0,1.0,1.0,27.0,0.0,0.0,29.0,62.0,4.0,9.0,43,48,6,7,34.0,1.0,0.0,0.0
2023-02-17,Fri,True,False,1,1,0,1,1,1,1,0,0,1,1,0,0,0,0,0,0,0,1,1,1,1,1,1,3,7.0,16.5,0.0,0.0,33.0,0.0,0.0,0.0,0.0,0.0,28.0,63.0,4.0,9.0,42,49,6,7,33.0,2.0,0.0,0.0
2023-02-18,Sat,False,False,0,0,0,0,0,0,0,0,0,0,0,0,0,0,0,0,0,0,0,0,0,0,0,0,0,0.0,16.5,27.0,1.0,32.0,27.0,27.0,1.0,0.0,0.0,27.0,64.0,4.0,9.0,41,50,6,7,32.0,3.0,0.0,0.0
2023-02-19,Sun,False,False,0,0,0,0,0,0,0,0,0,0,0,0,0,0,0,0,0,0,0,0,0,0,0,0,0,0.0,16.5,26.0,2.0,31.0,26.0,26.0,2.0,0.0,0.0,26.0,65.0,4.0,9.0,40,51,6,7,31.0,4.0,0.0,0.0
2023-02-20,Mon,False,True,0,0,0,0,0,0,0,0,0,0,0,0,0,0,0,0,0,0,0,0,0,0,0,0,0,0.0,16.5,25.0,3.0,30.0,25.0,25.0,3.0,3.0,1.0,25.0,66.0,3.0,10.0,39,52,5,8,30.0,5.0,4.0,1.0
2023-02-21,Tue,True,False,0,0,0,0,0,1,0,1,0,1,1,0,0,0,0,0,0,0,1,1,0,0,1,1,1,2.0,16.5,24.0,4.0,29.0,24.0,24.0,4.0,3.0,1.0,24.0,67.0,3.0,10.0,38,53,5,8,29.0,6.0,4.0,1.0
2023-02-22,Wed,True,False,0,0,0,0,0,1,1,0,0,1,1,0,0,0,0,0,1,0,1,1,0,0,1,1,2,2.5,17.0,23.0,5.0,28.0,23.0,23.0,5.0,3.0,1.0,23.0,68.0,3.0,10.0,37,54,5,8,28.0,7.0,4.0,1.0
2023-02-23,Thu,True,False,0,0,0,0,0,1,0,0,1,1,1,0,0,0,0,0,0,0,1,1,0,0,1,1,1,2.0,15.5,22.0,6.0,27.0,22.0,22.0,6.0,3.0,1.0,22.0,69.0,3.0,10.0,36,55,5,8,27.0,8.0,4.0,1.0
2023-02-24,Fri,True,False,0,0,1,0,0,1,1,0,0,1,1,0,0,0,0,0,0,0,1,1,0,0,1,1,2,3.0,16.5,21.0,7.0,26.0,21.0,21.0,7.0,3.0,1.0,21.0,70.0,3.0,10.0,35,56,5,8,26.0,9.0,4.0,1.0
2023-02-25,Sat,False,False,0,0,0,0,0,0,0,0,0,0,0,0,0,0,0,0,0,0,0,0,0,0,0,0,0,0.0,16.5,20.0,8.0,25.0,20.0,20.0,8.0,3.0,1.0,20.0,71.0,3.0,10.0,34,57,5,8,25.0,10.0,4.0,1.0
2023-02-26,Sun,False,False,0,0,0,0,0,0,0,0,0,0,0,0,0,0,0,0,0,0,0,0,0,0,0,0,0,0.0,16.5,19.0,9.0,24.0,19.0,19.0,9.0,3.0,1.0,19.0,72.0,3.0,10.0,33,58,5,8,24.0,11.0,4.0,1.0
2023-02-27,Mon,True,False,0,0,0,0,0,1,1,0,0,1,1,0,0,0,0,0,0,0,1,1,0,0,1,1,1,2.0,11.5,18.0,10.0,23.0,18.0,18.0,10.0,2.0,2.0,18.0,73.0,2.0,11.0,32,59,4,9,23.0,12.0,3.0,2.0
2023-02-28,Tue,True,False,0,0,0,0,0,0,0,0,0,0,0,1,1,0,0,0,0,0,1,1,0,0,0,1,1,2.0,11.5,17.0,11.0,22.0,17.0,17.0,11.0,2.0,2.0,17.0,74.0,2.0,11.0,31,60,4,9,22.0,13.0,3.0,2.0
2023-03-01,Wed,True,False,0,0,0,0,0,1,1,0,0,1,1,0,0,0,0,0,1,0,1,1,0,0,1,1,2,2.5,11.5,16.0,12.0,21.0,16.0,16.0,12.0,2.0,2.0,16.0,75.0,2.0,11.0,30,61,4,9,21.0,14.0,3.0,2.0
2023-03-02,Thu,True,False,0,0,0,0,0,1,0,0,1,1,1,0,0,0,0,0,0,0,1,1,0,0,1,1,1,2.0,11.5,15.0,13.0,20.0,15.0,15.0,13.0,2.0,2.0,15.0,76.0,2.0,11.0,29,62,4,9,20.0,15.0,3.0,2.0
2023-03-03,Fri,True,False,0,0,1,0,0,1,1,0,0,1,1,0,0,0,0,0,0,0,1,1,0,0,1,1,2,3.0,11.5,14.0,14.0,19.0,14.0,14.0,14.0,2.0,2.0,14.0,77.0,2.0,11.0,28,63,4,9,19.0,16.0,3.0,2.0
2023-03-04,Sat,False,False,0,0,0,0,0,0,0,0,0,0,0,0,0,0,0,0,0,0,0,0,0,0,0,0,0,0.0,11.5,13.0,15.0,18.0,13.0,13.0,15.0,2.0,2.0,13.0,78.0,2.0,11.0,27,64,4,9,18.0,17.0,3.0,2.0
2023-03-05,Sun,False,False,0,0,0,0,0,0,0,0,0,0,0,0,0,0,0,0,0,0,0,0,0,0,0,0,0,0.0,11.5,12.0,16.0,17.0,12.0,12.0,16.0,2.0,2.0,12.0,79.0,2.0,11.0,26,65,4,9,17.0,18.0,3.0,2.0
2023-03-06,Mon,True,False,0,0,0,0,0,1,1,0,0,1,1,0,0,0,0,0,0,0,1,1,0,0,1,1,1,2.0,11.5,11.0,17.0,16.0,11.0,11.0,17.0,1.0,3.0,11.0,80.0,1.0,12.0,25,66,3,10,16.0,19.0,2.0,3.0
2023-03-07,Tue,True,False,0,0,0,0,0,1,0,1,0,1,1,0,0,0,0,0,0,0,1,1,0,0,1,1,1,2.0,11.5,10.0,18.0,15.0,10.0,10.0,18.0,1.0,3.0,10.0,81.0,1.0,12.0,24,67,3,10,15.0,20.0,2.0,3.0
2023-03-08,Wed,True,False,0,0,0,0,0,1,1,0,0,1,1,0,0,0,0,0,1,0,1,1,0,0,1,1,2,2.5,11.5,9.0,19.0,14.0,9.0,9.0,19.0,1.0,3.0,9.0,82.0,1.0,12.0,23,68,3,10,14.0,21.0,2.0,3.0
2023-03-09,Thu,True,False,0,0,0,0,0,1,0,0,1,1,1,0,0,0,0,0,0,0,1,1,0,0,1,1,1,2.0,11.5,8.0,20.0,13.0,8.0,8.0,20.0,1.0,3.0,8.0,83.0,1.0,12.0,22,69,3,10,13.0,22.0,2.0,3.0
2023-03-10,Fri,True,False,0,0,1,0,0,1,1,0,0,1,1,0,0,0,0,0,0,0,1,1,0,0,1,1,2,3.0,11.5,7.0,21.0,12.0,7.0,7.0,21.0,1.0,3.0,7.0,84.0,1.0,12.0,21,70,3,10,12.0,23.0,2.0,3.0
2023-03-11,Sat,False,False,0,0,0,0,0,0,0,0,0,0,0,0,0,0,0,0,0,0,0,0,0,0,0,0,0,0.0,11.5,6.0,22.0,11.0,6.0,6.0,22.0,1.0,3.0,6.0,85.0,1.0,12.0,20,71,3,10,11.0,24.0,2.0,3.0
2023-03-12,Sun,False,False,0,0,0,0,0,0,0,0,0,0,0,0,0,0,0,0,0,0,0,0,0,0,0,0,0,0.0,11.5,5.0,23.0,10.0,5.0,5.0,23.0,1.0,3.0,5.0,86.0,1.0,12.0,19,72,3,10,10.0,25.0,2.0,3.0
2023-03-13,Mon,True,False,0,0,0,0,0,1,1,0,0,1,1,0,0,0,0,0,0,0,1,1,0,0,1,1,1,2.0,11.5,4.0,24.0,9.0,4.0,4.0,24.0,0.0,0.0,4.0,87.0,0.0,0.0,18,73,2,11,9.0,26.0,1.0,4.0
2023-03-14,Tue,True,False,0,0,0,0,0,1,0,1,0,1,1,0,0,0,0,0,0,0,1,1,0,0,1,1,1,2.0,11.5,3.0,25.0,8.0,3.0,3.0,25.0,0.0,0.0,3.0,88.0,0.0,0.0,17,74,2,11,8.0,27.0,1.0,4.0
2023-03-15,Wed,True,False,0,0,0,0,0,1,1,0,0,1,1,0,0,0,0,0,1,0,1,1,0,0,1,1,2,2.5,11.5,2.0,26.0,7.0,2.0,2.0,26.0,0.0,0.0,2.0,89.0,0.0,0.0,16,75,2,11,7.0,28.0,1.0,4.0
2023-03-16,Thu,True,False,0,0,0,0,0,1,0,0,1,1,1,0,0,0,0,0,0,0,1,1,0,0,1,1,1,2.0,11.5,1.0,27.0,6.0,1.0,1.0,27.0,0.0,0.0,1.0,90.0,0.0,0.0,15,76,2,11,6.0,29.0,1.0,4.0
2023-03-17,Fri,True,False,1,1,0,1,1,1,1,0,0,1,1,0,0,0,0,0,0,0,1,1,1,1,1,1,3,7.0,15.5,0.0,0.0,5.0,0.0,0.0,0.0,0.0,0.0,0.0,0.0,0.0,0.0,14,77,2,11,5.0,30.0,1.0,4.0
2023-03-18,Sat,False,False,0,0,0,0,0,0,0,0,0,0,0,0,0,0,0,0,0,0,0,0,0,0,0,0,0,0.0,15.5,34.0,1.0,4.0,34.0,34.0,1.0,0.0,0.0,90.0,1.0,0.0,0.0,13,78,2,11,4.0,31.0,1.0,4.0
2023-03-19,Sun,False,False,0,0,0,0,0,0,0,0,0,0,0,0,0,0,0,0,0,0,0,0,0,0,0,0,0,0.0,15.5,33.0,2.0,3.0,33.0,33.0,2.0,0.0,0.0,89.0,2.0,0.0,0.0,12,79,2,11,3.0,32.0,1.0,4.0
2023-03-20,Mon,True,False,0,0,0,0,0,1,1,0,0,1,1,0,0,0,0,0,0,0,1,1,0,0,1,1,1,2.0,15.5,32.0,3.0,2.0,32.0,32.0,3.0,4.0,1.0,88.0,3.0,12.0,1.0,11,80,1,12,2.0,33.0,0.0,0.0
2023-03-21,Tue,True,False,0,0,0,0,0,1,0,1,0,1,1,0,0,0,0,0,0,0,1,1,0,0,1,1,1,2.0,15.5,31.0,4.0,1.0,31.0,31.0,4.0,4.0,1.0,87.0,4.0,12.0,1.0,10,81,1,12,1.0,34.0,0.0,0.0
2023-03-22,Wed,True,False,0,0,0,0,0,1,1,0,0,1,1,0,0,0,0,1,0,0,1,1,0,0,1,1,2,3.5,16.5,30.0,5.0,0.0,30.0,30.0,5.0,4.0,1.0,86.0,5.0,12.0,1.0,9,82,1,12,0.0,0.0,0.0,0.0
2023-03-23,Thu,True,False,0,0,0,0,0,1,0,0,1,1,1,0,0,0,0,0,0,0,1,1,0,0,1,1,1,2.0,16.5,29.0,6.0,27.0,29.0,29.0,6.0,4.0,1.0,85.0,6.0,12.0,1.0,8,83,1,12,27.0,1.0,0.0,0.0
2023-03-24,Fri,True,False,0,0,1,0,0,1,1,0,0,1,1,0,0,0,0,0,0,0,1,1,0,0,1,1,2,3.0,12.5,28.0,7.0,26.0,28.0,28.0,7.0,4.0,1.0,84.0,7.0,12.0,1.0,7,84,1,12,26.0,2.0,0.0,0.0
2023-03-25,Sat,False,False,0,0,0,0,0,0,0,0,0,0,0,0,0,0,0,0,0,0,0,0,0,0,0,0,0,0.0,12.5,27.0,8.0,25.0,27.0,27.0,8.0,4.0,1.0,83.0,8.0,12.0,1.0,6,85,1,12,25.0,3.0,0.0,0.0
2023-03-26,Sun,False,False,0,0,0,0,0,0,0,0,0,0,0,0,0,0,0,0,0,0,0,0,0,0,0,0,0,0.0,12.5,26.0,9.0,24.0,26.0,26.0,9.0,4.0,1.0,82.0,9.0,12.0,1.0,5,86,1,12,24.0,4.0,0.0,0.0
2023-03-27,Mon,True,False,0,0,0,0,0,1,1,0,0,1,1,0,0,0,0,0,0,0,1,1,0,0,1,1,1,2.0,12.5,25.0,10.0,23.0,25.0,25.0,10.0,3.0,2.0,81.0,10.0,11.0,2.0,4,87,0,0,23.0,5.0,3.0,1.0
2023-03-28,Tue,True,False,0,0,0,0,0,1,0,1,0,1,1,0,0,0,0,0,0,0,1,1,0,0,1,1,1,2.0,12.5,24.0,11.0,22.0,24.0,24.0,11.0,3.0,2.0,80.0,11.0,11.0,2.0,3,88,0,0,22.0,6.0,3.0,1.0
2023-03-29,Wed,True,False,0,0,0,0,0,1,1,0,0,1,1,0,0,0,0,0,1,0,1,1,0,0,1,1,2,2.5,11.5,23.0,12.0,21.0,23.0,23.0,12.0,3.0,2.0,79.0,12.0,11.0,2.0,2,89,0,0,21.0,7.0,3.0,1.0
2023-03-30,Thu,True,False,0,0,0,0,0,1,0,0,1,1,1,0,0,0,0,0,0,0,1,1,0,0,1,1,1,2.0,11.5,22.0,13.0,20.0,22.0,22.0,13.0,3.0,2.0,78.0,13.0,11.0,2.0,1,90,0,0,20.0,8.0,3.0,1.0
2023-03-31,Fri,True,False,0,0,1,0,0,0,0,0,0,0,0,1,1,1,1,0,0,0,1,1,0,0,0,1,3,5.5,14.0,21.0,14.0,19.0,21.0,21.0,14.0,3.0,2.0,77.0,14.0,11.0,2.0,0,0,0,0,19.0,9.0,3.0,1.0
2023-04-01,Sat,False,False,0,0,0,0,0,0,0,0,0,0,0,0,0,0,0,0,0,0,0,0,0,0,0,0,0,0.0,14.0,20.0,15.0,18.0,20.0,20.0,15.0,3.0,2.0,76.0,15.0,11.0,2.0,90,1,0,0,18.0,10.0,3.0,1.0
2023-04-02,Sun,False,False,0,0,0,0,0,0,0,0,0,0,0,0,0,0,0,0,0,0,0,0,0,0,0,0,0,0.0,14.0,19.0,16.0,17.0,19.0,19.0,16.0,3.0,2.0,75.0,16.0,11.0,2.0,89,2,0,0,17.0,11.0,3.0,1.0
2023-04-03,Mon,True,False,0,0,0,0,0,1,1,0,0,1,1,0,0,0,0,0,0,0,1,1,0,0,1,1,1,2.0,14.0,18.0,17.0,16.0,18.0,18.0,17.0,2.0,3.0,74.0,17.0,10.0,3.0,88,3,12,1,16.0,12.0,2.0,2.0
2023-04-04,Tue,True,False,0,0,0,0,0,1,0,1,0,1,1,0,0,0,0,0,0,0,1,1,0,0,1,1,1,2.0,14.0,17.0,18.0,15.0,17.0,17.0,18.0,2.0,3.0,73.0,18.0,10.0,3.0,87,4,12,1,15.0,13.0,2.0,2.0
2023-04-05,Wed,True,False,0,0,0,0,0,1,1,0,0,1,1,0,0,0,0,0,1,0,1,1,0,0,1,1,2,2.5,14.0,16.0,19.0,14.0,16.0,16.0,19.0,2.0,3.0,72.0,19.0,10.0,3.0,86,5,12,1,14.0,14.0,2.0,2.0
2023-04-06,Thu,True,False,0,0,0,0,0,1,0,0,1,1,1,0,0,0,0,0,0,0,1,1,0,0,1,1,1,2.0,14.0,15.0,20.0,13.0,15.0,15.0,20.0,2.0,3.0,71.0,20.0,10.0,3.0,85,6,12,1,13.0,15.0,2.0,2.0
2023-04-07,Fri,False,True,0,0,0,0,0,0,0,0,0,0,0,0,0,0,0,0,0,0,0,0,0,0,0,0,0,0.0,14.0,14.0,21.0,12.0,14.0,14.0,21.0,2.0,3.0,70.0,21.0,10.0,3.0,84,7,12,1,12.0,16.0,2.0,2.0
2023-04-08,Sat,False,False,0,0,0,0,0,0,0,0,0,0,0,0,0,0,0,0,0,0,0,0,0,0,0,0,0,0.0,14.0,13.0,22.0,11.0,13.0,13.0,22.0,2.0,3.0,69.0,22.0,10.0,3.0,83,8,12,1,11.0,17.0,2.0,2.0
2023-04-09,Sun,False,False,0,0,0,0,0,0,0,0,0,0,0,0,0,0,0,0,0,0,0,0,0,0,0,0,0,0.0,14.0,12.0,23.0,10.0,12.0,12.0,23.0,2.0,3.0,68.0,23.0,10.0,3.0,82,9,12,1,10.0,18.0,2.0,2.0
2023-04-10,Mon,True,False,0,0,0,0,0,1,1,0,0,1,1,0,0,0,0,0,0,0,1,1,0,0,1,1,1,2.0,10.5,11.0,24.0,9.0,11.0,11.0,24.0,1.0,4.0,67.0,24.0,9.0,4.0,81,10,11,2,9.0,19.0,1.0,3.0
2023-04-11,Tue,True,False,0,0,0,0,0,1,0,1,0,1,1,0,0,0,0,0,0,0,1,1,0,0,1,1,1,2.0,10.5,10.0,25.0,8.0,10.0,10.0,25.0,1.0,4.0,66.0,25.0,9.0,4.0,80,11,11,2,8.0,20.0,1.0,3.0
2023-04-12,Wed,True,False,0,0,0,0,0,1,1,0,0,1,1,0,0,0,0,0,1,0,1,1,0,0,1,1,2,2.5,11.0,9.0,26.0,7.0,9.0,9.0,26.0,1.0,4.0,65.0,26.0,9.0,4.0,79,12,11,2,7.0,21.0,1.0,3.0
2023-04-13,Thu,True,False,0,0,0,0,0,1,0,0,1,1,1,0,0,0,0,0,0,0,1,1,0,0,1,1,1,2.0,10.5,8.0,27.0,6.0,8.0,8.0,27.0,1.0,4.0,64.0,27.0,9.0,4.0,78,13,11,2,6.0,22.0,1.0,3.0
2023-04-14,Fri,True,False,0,0,1,0,0,1,1,0,0,1,1,0,0,0,0,0,0,0,1,1,0,0,1,1,2,3.0,11.5,7.0,28.0,5.0,7.0,7.0,28.0,1.0,4.0,63.0,28.0,9.0,4.0,77,14,11,2,5.0,23.0,1.0,3.0
2023-04-15,Sat,False,False,0,0,0,0,0,0,0,0,0,0,0,0,0,0,0,0,0,0,0,0,0,0,0,0,0,0.0,11.5,6.0,29.0,4.0,6.0,6.0,29.0,1.0,4.0,62.0,29.0,9.0,4.0,76,15,11,2,4.0,24.0,1.0,3.0
2023-04-16,Sun,False,False,0,0,0,0,0,0,0,0,0,0,0,0,0,0,0,0,0,0,0,0,0,0,0,0,0,0.0,11.5,5.0,30.0,3.0,5.0,5.0,30.0,1.0,4.0,61.0,30.0,9.0,4.0,75,16,11,2,3.0,25.0,1.0,3.0
2023-04-17,Mon,True,False,0,0,0,0,0,1,1,0,0,1,1,0,0,0,0,0,0,0,1,1,0,0,1,1,1,2.0,11.5,4.0,31.0,2.0,4.0,4.0,31.0,0.0,0.0,60.0,31.0,8.0,5.0,74,17,10,3,2.0,26.0,0.0,0.0
2023-04-18,Tue,True,False,0,0,0,0,0,1,0,1,0,1,1,0,0,0,0,0,0,0,1,1,0,0,1,1,1,2.0,11.5,3.0,32.0,1.0,3.0,3.0,32.0,0.0,0.0,59.0,32.0,8.0,5.0,73,18,10,3,1.0,27.0,0.0,0.0
2023-04-19,Wed,True,False,0,0,0,0,0,1,1,0,0,1,1,0,0,0,0,1,0,0,1,1,0,0,1,1,2,3.5,12.5,2.0,33.0,0.0,2.0,2.0,33.0,0.0,0.0,58.0,33.0,8.0,5.0,72,19,10,3,0.0,0.0,0.0,0.0
2023-04-20,Thu,True,False,0,0,0,0,0,1,0,0,1,1,1,0,0,0,0,0,0,0,1,1,0,0,1,1,1,2.0,12.5,1.0,34.0,27.0,1.0,1.0,34.0,0.0,0.0,57.0,34.0,8.0,5.0,71,20,10,3,27.0,1.0,0.0,0.0
2023-04-21,Fri,True,False,1,1,0,1,1,1,1,0,0,1,1,0,0,0,0,0,0,0,1,1,1,1,1,1,3,7.0,16.5,0.0,0.0,26.0,0.0,0.0,0.0,0.0,0.0,56.0,35.0,8.0,5.0,70,21,10,3,26.0,2.0,0.0,0.0
2023-04-22,Sat,False,False,0,0,0,0,0,0,0,0,0,0,0,0,0,0,0,0,0,0,0,0,0,0,0,0,0,0.0,16.5,27.0,1.0,25.0,27.0,27.0,1.0,0.0,0.0,55.0,36.0,8.0,5.0,69,22,10,3,25.0,3.0,0.0,0.0
2023-04-23,Sun,False,False,0,0,0,0,0,0,0,0,0,0,0,0,0,0,0,0,0,0,0,0,0,0,0,0,0,0.0,16.5,26.0,2.0,24.0,26.0,26.0,2.0,0.0,0.0,54.0,37.0,8.0,5.0,68,23,10,3,24.0,4.0,0.0,0.0
2023-04-24,Mon,True,False,0,0,0,0,0,1,1,0,0,1,1,0,0,0,0,0,0,0,1,1,0,0,1,1,1,2.0,16.5,25.0,3.0,23.0,25.0,25.0,3.0,3.0,1.0,53.0,38.0,7.0,6.0,67,24,9,4,23.0,5.0,3.0,1.0
2023-04-25,Tue,True,False,0,0,0,0,0,1,0,1,0,1,1,0,0,0,0,0,0,0,1,1,0,0,1,1,1,2.0,16.5,24.0,4.0,22.0,24.0,24.0,4.0,3.0,1.0,52.0,39.0,7.0,6.0,66,25,9,4,22.0,6.0,3.0,1.0
2023-04-26,Wed,True,False,0,0,0,0,0,1,1,0,0,1,1,0,0,0,0,0,1,0,1,1,0,0,1,1,2,2.5,15.5,23.0,5.0,21.0,23.0,23.0,5.0,3.0,1.0,51.0,40.0,7.0,6.0,65,26,9,4,21.0,7.0,3.0,1.0
2023-04-27,Thu,True,False,0,0,0,0,0,1,0,0,1,1,1,0,0,0,0,0,0,0,1,1,0,0,1,1,1,2.0,15.5,22.0,6.0,20.0,22.0,22.0,6.0,3.0,1.0,50.0,41.0,7.0,6.0,64,27,9,4,20.0,8.0,3.0,1.0
2023-04-28,Fri,True,False,0,0,1,0,0,0,0,0,0,0,0,1,1,0,0,0,0,1,1,1,0,0,0,1,3,3.5,12.0,21.0,7.0,19.0,21.0,21.0,7.0,3.0,1.0,49.0,42.0,7.0,6.0,63,28,9,4,19.0,9.0,3.0,1.0
2023-04-29,Sat,False,False,0,0,0,0,0,0,0,0,0,0,0,0,0,0,0,0,0,0,0,0,0,0,0,0,0,0.0,12.0,20.0,8.0,18.0,20.0,20.0,8.0,3.0,1.0,48.0,43.0,7.0,6.0,62,29,9,4,18.0,10.0,3.0,1.0
2023-04-30,Sun,False,False,0,0,0,0,0,0,0,0,0,0,0,0,0,0,0,0,0,0,0,0,0,0,0,0,0,0.0,12.0,19.0,9.0,17.0,19.0,19.0,9.0,3.0,1.0,47.0,44.0,7.0,6.0,61,30,9,4,17.0,11.0,3.0,1.0
2023-05-01,Mon,True,False,0,0,0,0,0,1,1,0,0,1,1,0,0,0,0,0,0,0,1,1,0,0,1,1,1,2.0,12.0,18.0,10.0,16.0,18.0,18.0,10.0,2.0,2.0,46.0,45.0,6.0,7.0,60,31,8,5,16.0,12.0,2.0,2.0
2023-05-02,Tue,True,False,0,0,0,0,0,1,0,1,0,1,1,0,0,0,0,0,0,0,1,1,0,0,1,1,1,2.0,12.0,17.0,11.0,15.0,17.0,17.0,11.0,2.0,2.0,45.0,46.0,6.0,7.0,59,32,8,5,15.0,13.0,2.0,2.0
2023-05-03,Wed,True,False,0,0,0,0,0,1,1,0,0,1,1,0,0,0,0,0,1,0,1,1,0,0,1,1,2,2.5,12.0,16.0,12.0,14.0,16.0,16.0,12.0,2.0,2.0,44.0,47.0,6.0,7.0,58,33,8,5,14.0,14.0,2.0,2.0
2023-05-04,Thu,True,False,0,0,0,0,0,1,0,0,1,1,1,0,0,0,0,0,0,0,1,1,0,0,1,1,1,2.0,12.0,15.0,13.0,13.0,15.0,15.0,13.0,2.0,2.0,43.0,48.0,6.0,7.0,57,34,8,5,13.0,15.0,2.0,2.0
2023-05-05,Fri,True,False,0,0,1,0,0,1,1,0,0,1,1,0,0,0,0,0,0,0,1,1,0,0,1,1,2,3.0,11.5,14.0,14.0,12.0,14.0,14.0,14.0,2.0,2.0,42.0,49.0,6.0,7.0,56,35,8,5,12.0,16.0,2.0,2.0
2023-05-06,Sat,False,False,0,0,0,0,0,0,0,0,0,0,0,0,0,0,0,0,0,0,0,0,0,0,0,0,0,0.0,11.5,13.0,15.0,11.0,13.0,13.0,15.0,2.0,2.0,41.0,50.0,6.0,7.0,55,36,8,5,11.0,17.0,2.0,2.0
2023-05-07,Sun,False,False,0,0,0,0,0,0,0,0,0,0,0,0,0,0,0,0,0,0,0,0,0,0,0,0,0,0.0,11.5,12.0,16.0,10.0,12.0,12.0,16.0,2.0,2.0,40.0,51.0,6.0,7.0,54,37,8,5,10.0,18.0,2.0,2.0
2023-05-08,Mon,True,False,0,0,0,0,0,1,1,0,0,1,1,0,0,0,0,0,0,0,1,1,0,0,1,1,1,2.0,11.5,11.0,17.0,9.0,11.0,11.0,17.0,1.0,3.0,39.0,52.0,5.0,8.0,53,38,7,6,9.0,19.0,1.0,3.0
2023-05-09,Tue,True,False,0,0,0,0,0,1,0,1,0,1,1,0,0,0,0,0,0,0,1,1,0,0,1,1,1,2.0,11.5,10.0,18.0,8.0,10.0,10.0,18.0,1.0,3.0,38.0,53.0,5.0,8.0,52,39,7,6,8.0,20.0,1.0,3.0
2023-05-10,Wed,True,False,0,0,0,0,0,1,1,0,0,1,1,0,0,0,0,0,1,0,1,1,0,0,1,1,2,2.5,11.5,9.0,19.0,7.0,9.0,9.0,19.0,1.0,3.0,37.0,54.0,5.0,8.0,51,40,7,6,7.0,21.0,1.0,3.0
2023-05-11,Thu,True,False,0,0,0,0,0,1,0,0,1,1,1,0,0,0,0,0,0,0,1,1,0,0,1,1,1,2.0,11.5,8.0,20.0,6.0,8.0,8.0,20.0,1.0,3.0,36.0,55.0,5.0,8.0,50,41,7,6,6.0,22.0,1.0,3.0
2023-05-12,Fri,True,False,0,0,1,0,0,1,1,0,0,1,1,0,0,0,0,0,0,0,1,1,0,0,1,1,2,3.0,11.5,7.0,21.0,5.0,7.0,7.0,21.0,1.0,3.0,35.0,56.0,5.0,8.0,49,42,7,6,5.0,23.0,1.0,3.0
2023-05-13,Sat,False,False,0,0,0,0,0,0,0,0,0,0,0,0,0,0,0,0,0,0,0,0,0,0,0,0,0,0.0,11.5,6.0,22.0,4.0,6.0,6.0,22.0,1.0,3.0,34.0,57.0,5.0,8.0,48,43,7,6,4.0,24.0,1.0,3.0
2023-05-14,Sun,False,False,0,0,0,0,0,0,0,0,0,0,0,0,0,0,0,0,0,0,0,0,0,0,0,0,0,0.0,11.5,5.0,23.0,3.0,5.0,5.0,23.0,1.0,3.0,33.0,58.0,5.0,8.0,47,44,7,6,3.0,25.0,1.0,3.0
2023-05-15,Mon,True,False,0,0,0,0,0,1,1,0,0,1,1,0,0,0,0,0,0,0,1,1,0,0,1,1,1,2.0,11.5,4.0,24.0,2.0,4.0,4.0,24.0,0.0,0.0,32.0,59.0,4.0,9.0,46,45,6,7,2.0,26.0,0.0,0.0
2023-05-16,Tue,True,False,0,0,0,0,0,1,0,1,0,1,1,0,0,0,0,0,0,0,1,1,0,0,1,1,1,2.0,11.5,3.0,25.0,1.0,3.0,3.0,25.0,0.0,0.0,31.0,60.0,4.0,9.0,45,46,6,7,1.0,27.0,0.0,0.0
2023-05-17,Wed,True,False,0,0,0,0,0,1,1,0,0,1,1,0,0,0,0,1,0,0,1,1,0,0,1,1,2,3.5,12.5,2.0,26.0,0.0,2.0,2.0,26.0,0.0,0.0,30.0,61.0,4.0,9.0,44,47,6,7,0.0,0.0,0.0,0.0
2023-05-18,Thu,True,False,0,0,0,0,0,1,0,0,1,1,1,0,0,0,0,0,0,0,1,1,0,0,1,1,1,2.0,12.5,1.0,27.0,34.0,1.0,1.0,27.0,0.0,0.0,29.0,62.0,4.0,9.0,43,48,6,7,34.0,1.0,0.0,0.0
2023-05-19,Fri,True,False,1,1,0,1,1,1,1,0,0,1,1,0,0,0,0,0,0,0,1,1,1,1,1,1,3,7.0,16.5,0.0,0.0,33.0,0.0,0.0,0.0,0.0,0.0,28.0,63.0,4.0,9.0,42,49,6,7,33.0,2.0,0.0,0.0
2023-05-20,Sat,False,False,0,0,0,0,0,0,0,0,0,0,0,0,0,0,0,0,0,0,0,0,0,0,0,0,0,0.0,16.5,27.0,1.0,32.0,27.0,27.0,1.0,0.0,0.0,27.0,64.0,4.0,9.0,41,50,6,7,32.0,3.0,0.0,0.0
2023-05-21,Sun,False,False,0,0,0,0,0,0,0,0,0,0,0,0,0,0,0,0,0,0,0,0,0,0,0,0,0,0.0,16.5,26.0,2.0,31.0,26.0,26.0,2.0,0.0,0.0,26.0,65.0,4.0,9.0,40,51,6,7,31.0,4.0,0.0,0.0
2023-05-22,Mon,True,False,0,0,0,0,0,1,1,0,0,1,1,0,0,0,0,0,0,0,1,1,0,0,1,1,1,2.0,16.5,25.0,3.0,30.0,25.0,25.0,3.0,3.0,1.0,25.0,66.0,3.0,10.0,39,52,5,8,30.0,5.0,4.0,1.0
2023-05-23,Tue,True,False,0,0,0,0,0,1,0,1,0,1,1,0,0,0,0,0,0,0,1,1,0,0,1,1,1,2.0,16.5,24.0,4.0,29.0,24.0,24.0,4.0,3.0,1.0,24.0,67.0,3.0,10.0,38,53,5,8,29.0,6.0,4.0,1.0
2023-05-24,Wed,True,False,0,0,0,0,0,1,1,0,0,1,1,0,0,0,0,0,1,0,1,1,0,0,1,1,2,2.5,15.5,23.0,5.0,28.0,23.0,23.0,5.0,3.0,1.0,23.0,68.0,3.0,10.0,37,54,5,8,28.0,7.0,4.0,1.0
2023-05-25,Thu,True,False,0,0,0,0,0,1,0,0,1,1,1,0,0,0,0,0,0,0,1,1,0,0,1,1,1,2.0,15.5,22.0,6.0,27.0,22.0,22.0,6.0,3.0,1.0,22.0,69.0,3.0,10.0,36,55,5,8,27.0,8.0,4.0,1.0
2023-05-26,Fri,True,False,0,0,1,0,0,1,1,0,0,1,1,0,0,0,0,0,0,0,1,1,0,0,1,1,2,3.0,11.5,21.0,7.0,26.0,21.0,21.0,7.0,3.0,1.0,21.0,70.0,3.0,10.0,35,56,5,8,26.0,9.0,4.0,1.0
2023-05-27,Sat,False,False,0,0,0,0,0,0,0,0,0,0,0,0,0,0,0,0,0,0,0,0,0,0,0,0,0,0.0,11.5,20.0,8.0,25.0,20.0,20.0,8.0,3.0,1.0,20.0,71.0,3.0,10.0,34,57,5,8,25.0,10.0,4.0,1.0
2023-05-28,Sun,False,False,0,0,0,0,0,0,0,0,0,0,0,0,0,0,0,0,0,0,0,0,0,0,0,0,0,0.0,11.5,19.0,9.0,24.0,19.0,19.0,9.0,3.0,1.0,19.0,72.0,3.0,10.0,33,58,5,8,24.0,11.0,4.0,1.0
2023-05-29,Mon,False,True,0,0,0,0,0,0,0,0,0,0,0,0,0,0,0,0,0,0,0,0,0,0,0,0,0,0.0,11.5,18.0,10.0,23.0,18.0,18.0,10.0,2.0,2.0,18.0,73.0,2.0,11.0,32,59,4,9,23.0,12.0,3.0,2.0
2023-05-30,Tue,True,False,0,0,0,0,0,1,0,1,0,1,1,0,0,0,0,0,0,0,1,1,0,0,1,1,1,2.0,11.5,17.0,11.0,22.0,17.0,17.0,11.0,2.0,2.0,17.0,74.0,2.0,11.0,31,60,4,9,22.0,13.0,3.0,2.0
2023-05-31,Wed,True,False,0,0,0,0,0,0,0,0,0,0,0,1,1,0,0,0,1,0,1,1,0,0,0,1,2,2.5,12.0,16.0,12.0,21.0,16.0,16.0,12.0,2.0,2.0,16.0,75.0,2.0,11.0,30,61,4,9,21.0,14.0,3.0,2.0
2023-06-01,Thu,True,False,0,0,0,0,0,1,0,0,1,1,1,0,0,0,0,0,0,0,1,1,0,0,1,1,1,2.0,11.5,15.0,13.0,20.0,15.0,15.0,13.0,2.0,2.0,15.0,76.0,2.0,11.0,29,62,4,9,20.0,15.0,3.0,2.0
2023-06-02,Fri,True,False,0,0,1,0,0,1,1,0,0,1,1,0,0,0,0,0,0,0,1,1,0,0,1,1,2,3.0,12.5,14.0,14.0,19.0,14.0,14.0,14.0,2.0,2.0,14.0,77.0,2.0,11.0,28,63,4,9,19.0,16.0,3.0,2.0
2023-06-03,Sat,False,False,0,0,0,0,0,0,0,0,0,0,0,0,0,0,0,0,0,0,0,0,0,0,0,0,0,0.0,12.5,13.0,15.0,18.0,13.0,13.0,15.0,2.0,2.0,13.0,78.0,2.0,11.0,27,64,4,9,18.0,17.0,3.0,2.0
2023-06-04,Sun,False,False,0,0,0,0,0,0,0,0,0,0,0,0,0,0,0,0,0,0,0,0,0,0,0,0,0,0.0,12.5,12.0,16.0,17.0,12.0,12.0,16.0,2.0,2.0,12.0,79.0,2.0,11.0,26,65,4,9,17.0,18.0,3.0,2.0
2023-06-05,Mon,True,False,0,0,0,0,0,1,1,0,0,1,1,0,0,0,0,0,0,0,1,1,0,0,1,1,1,2.0,11.5,11.0,17.0,16.0,11.0,11.0,17.0,1.0,3.0,11.0,80.0,1.0,12.0,25,66,3,10,16.0,19.0,2.0,3.0
2023-06-06,Tue,True,False,0,0,0,0,0,1,0,1,0,1,1,0,0,0,0,0,0,0,1,1,0,0,1,1,1,2.0,11.5,10.0,18.0,15.0,10.0,10.0,18.0,1.0,3.0,10.0,81.0,1.0,12.0,24,67,3,10,15.0,20.0,2.0,3.0
2023-06-07,Wed,True,False,0,0,0,0,0,1,1,0,0,1,1,0,0,0,0,0,1,0,1,1,0,0,1,1,2,2.5,11.5,9.0,19.0,14.0,9.0,9.0,19.0,1.0,3.0,9.0,82.0,1.0,12.0,23,68,3,10,14.0,21.0,2.0,3.0
2023-06-08,Thu,True,False,0,0,0,0,0,1,0,0,1,1,1,0,0,0,0,0,0,0,1,1,0,0,1,1,1,2.0,11.5,8.0,20.0,13.0,8.0,8.0,20.0,1.0,3.0,8.0,83.0,1.0,12.0,22,69,3,10,13.0,22.0,2.0,3.0
2023-06-09,Fri,True,False,0,0,1,0,0,1,1,0,0,1,1,0,0,0,0,0,0,0,1,1,0,0,1,1,2,3.0,11.5,7.0,21.0,12.0,7.0,7.0,21.0,1.0,3.0,7.0,84.0,1.0,12.0,21,70,3,10,12.0,23.0,2.0,3.0
2023-06-10,Sat,False,False,0,0,0,0,0,0,0,0,0,0,0,0,0,0,0,0,0,0,0,0,0,0,0,0,0,0.0,11.5,6.0,22.0,11.0,6.0,6.0,22.0,1.0,3.0,6.0,85.0,1.0,12.0,20,71,3,10,11.0,24.0,2.0,3.0
2023-06-11,Sun,False,False,0,0,0,0,0,0,0,0,0,0,0,0,0,0,0,0,0,0,0,0,0,0,0,0,0,0.0,11.5,5.0,23.0,10.0,5.0,5.0,23.0,1.0,3.0,5.0,86.0,1.0,12.0,19,72,3,10,10.0,25.0,2.0,3.0
2023-06-12,Mon,True,False,0,0,0,0,0,1,1,0,0,1,1,0,0,0,0,0,0,0,1,1,0,0,1,1,1,2.0,11.5,4.0,24.0,9.0,4.0,4.0,24.0,0.0,0.0,4.0,87.0,0.0,0.0,18,73,2,11,9.0,26.0,1.0,4.0
2023-06-13,Tue,True,False,0,0,0,0,0,1,0,1,0,1,1,0,0,0,0,0,0,0,1,1,0,0,1,1,1,2.0,11.5,3.0,25.0,8.0,3.0,3.0,25.0,0.0,0.0,3.0,88.0,0.0,0.0,17,74,2,11,8.0,27.0,1.0,4.0
2023-06-14,Wed,True,False,0,0,0,0,0,1,1,0,0,1,1,0,0,0,0,0,1,0,1,1,0,0,1,1,2,2.5,11.5,2.0,26.0,7.0,2.0,2.0,26.0,0.0,0.0,2.0,89.0,0.0,0.0,16,75,2,11,7.0,28.0,1.0,4.0
2023-06-15,Thu,True,False,0,0,0,0,0,1,0,0,1,1,1,0,0,0,0,0,0,0,1,1,0,0,1,1,1,2.0,11.5,1.0,27.0,6.0,1.0,1.0,27.0,0.0,0.0,1.0,90.0,0.0,0.0,15,76,2,11,6.0,29.0,1.0,4.0
2023-06-16,Fri,True,False,1,1,0,1,1,1,1,0,0,1,1,0,0,0,0,0,0,0,1,1,1,1,1,1,3,7.0,15.5,0.0,0.0,5.0,0.0,0.0,0.0,0.0,0.0,0.0,0.0,0.0,0.0,14,77,2,11,5.0,30.0,1.0,4.0
2023-06-17,Sat,False,False,0,0,0,0,0,0,0,0,0,0,0,0,0,0,0,0,0,0,0,0,0,0,0,0,0,0.0,15.5,34.0,1.0,4.0,34.0,34.0,1.0,0.0,0.0,90.0,1.0,0.0,0.0,13,78,2,11,4.0,31.0,1.0,4.0
2023-06-18,Sun,False,False,0,0,0,0,0,0,0,0,0,0,0,0,0,0,0,0,0,0,0,0,0,0,0,0,0,0.0,15.5,33.0,2.0,3.0,33.0,33.0,2.0,0.0,0.0,89.0,2.0,0.0,0.0,12,79,2,11,3.0,32.0,1.0,4.0
2023-06-19,Mon,False,True,0,0,0,0,0,0,0,0,0,0,0,0,0,0,0,0,0,0,0,0,0,0,0,0,0,0.0,15.5,32.0,3.0,2.0,32.0,32.0,3.0,4.0,1.0,88.0,3.0,12.0,1.0,11,80,1,12,2.0,33.0,0.0,0.0
2023-06-20,Tue,True,False,0,0,0,0,0,1,0,1,0,1,1,0,0,0,0,0,0,0,1,1,0,0,1,1,1,2.0,15.5,31.0,4.0,1.0,31.0,31.0,4.0,4.0,1.0,87.0,4.0,12.0,1.0,10,81,1,12,1.0,34.0,0.0,0.0
2023-06-21,Wed,True,False,0,0,0,0,0,1,1,0,0,1,1,0,0,0,0,1,0,0,1,1,0,0,1,1,2,3.5,17.0,30.0,5.0,0.0,30.0,30.0,5.0,4.0,1.0,86.0,5.0,12.0,1.0,9,82,1,12,0.0,0.0,0.0,0.0
2023-06-22,Thu,True,False,0,0,0,0,0,1,0,0,1,1,1,0,0,0,0,0,0,0,1,1,0,0,1,1,1,2.0,16.5,29.0,6.0,27.0,29.0,29.0,6.0,4.0,1.0,85.0,6.0,12.0,1.0,8,83,1,12,27.0,1.0,0.0,0.0
2023-06-23,Fri,True,False,0,0,1,0,0,1,1,0,0,1,1,0,0,0,0,0,0,0,1,1,0,0,1,1,2,3.0,17.5,28.0,7.0,26.0,28.0,28.0,7.0,4.0,1.0,84.0,7.0,12.0,1.0,7,84,1,12,26.0,2.0,0.0,0.0
2023-06-24,Sat,False,False,0,0,0,0,0,0,0,0,0,0,0,0,0,0,0,0,0,0,0,0,0,0,0,0,0,0.0,17.5,27.0,8.0,25.0,27.0,27.0,8.0,4.0,1.0,83.0,8.0,12.0,1.0,6,85,1,12,25.0,3.0,0.0,0.0
2023-06-25,Sun,False,False,0,0,0,0,0,0,0,0,0,0,0,0,0,0,0,0,0,0,0,0,0,0,0,0,0,0.0,17.5,26.0,9.0,24.0,26.0,26.0,9.0,4.0,1.0,82.0,9.0,12.0,1.0,5,86,1,12,24.0,4.0,0.0,0.0
2023-06-26,Mon,True,False,0,0,0,0,0,1,1,0,0,1,1,0,0,0,0,0,0,0,1,1,0,0,1,1,1,2.0,12.5,25.0,10.0,23.0,25.0,25.0,10.0,3.0,2.0,81.0,10.0,11.0,2.0,4,87,0,0,23.0,5.0,3.0,1.0
2023-06-27,Tue,True,False,0,0,0,0,0,1,0,1,0,1,1,0,0,0,0,0,0,0,1,1,0,0,1,1,1,2.0,12.5,24.0,11.0,22.0,24.0,24.0,11.0,3.0,2.0,80.0,11.0,11.0,2.0,3,88,0,0,22.0,6.0,3.0,1.0
2023-06-28,Wed,True,False,0,0,0,0,0,1,1,0,0,1,1,0,0,0,0,0,1,0,1,1,0,0,1,1,2,2.5,11.5,23.0,12.0,21.0,23.0,23.0,12.0,3.0,2.0,79.0,12.0,11.0,2.0,2,89,0,0,21.0,7.0,3.0,1.0
2023-06-29,Thu,True,False,0,0,0,0,0,1,0,0,1,1,1,0,0,0,0,0,0,0,1,1,0,0,1,1,1,2.0,11.5,22.0,13.0,20.0,22.0,22.0,13.0,3.0,2.0,78.0,13.0,11.0,2.0,1,90,0,0,20.0,8.0,3.0,1.0
2023-06-30,Fri,True,False,0,0,1,0,0,0,0,0,0,0,0,1,1,1,1,0,0,0,1,1,0,0,0,1,3,5.5,14.0,21.0,14.0,19.0,21.0,21.0,14.0,3.0,2.0,77.0,14.0,11.0,2.0,0,0,0,0,19.0,9.0,3.0,1.0
2023-07-01,Sat,False,False,0,0,0,0,0,0,0,0,0,0,0,0,0,0,0,0,0,0,0,0,0,0,0,0,0,0.0,14.0,20.0,15.0,18.0,20.0,20.0,15.0,3.0,2.0,76.0,15.0,11.0,2.0,90,1,0,0,18.0,10.0,3.0,1.0
2023-07-02,Sun,False,False,0,0,0,0,0,0,0,0,0,0,0,0,0,0,0,0,0,0,0,0,0,0,0,0,0,0.0,14.0,19.0,16.0,17.0,19.0,19.0,16.0,3.0,2.0,75.0,16.0,11.0,2.0,89,2,0,0,17.0,11.0,3.0,1.0
2023-07-03,Mon,True,False,0,0,0,0,0,1,1,0,0,1,1,0,0,0,0,0,0,0,1,1,0,0,1,1,1,2.0,14.0,18.0,17.0,16.0,18.0,18.0,17.0,2.0,3.0,74.0,17.0,10.0,3.0,88,3,12,1,16.0,12.0,2.0,2.0
2023-07-04,Tue,False,True,0,0,0,0,0,0,0,0,0,0,0,0,0,0,0,0,0,0,0,0,0,0,0,0,0,0.0,14.0,17.0,18.0,15.0,17.0,17.0,18.0,2.0,3.0,73.0,18.0,10.0,3.0,87,4,12,1,15.0,13.0,2.0,2.0
2023-07-05,Wed,True,False,0,0,0,0,0,1,1,0,0,1,1,0,0,0,0,0,1,0,1,1,0,0,1,1,2,2.5,14.5,16.0,19.0,14.0,16.0,16.0,19.0,2.0,3.0,72.0,19.0,10.0,3.0,86,5,12,1,14.0,14.0,2.0,2.0
2023-07-06,Thu,True,False,0,0,0,0,0,1,0,0,1,1,1,0,0,0,0,0,0,0,1,1,0,0,1,1,1,2.0,14.0,15.0,20.0,13.0,15.0,15.0,20.0,2.0,3.0,71.0,20.0,10.0,3.0,85,6,12,1,13.0,15.0,2.0,2.0
2023-07-07,Fri,True,False,0,0,1,0,0,1,1,0,0,1,1,0,0,0,0,0,0,0,1,1,0,0,1,1,2,3.0,15.0,14.0,21.0,12.0,14.0,14.0,21.0,2.0,3.0,70.0,21.0,10.0,3.0,84,7,12,1,12.0,16.0,2.0,2.0
2023-07-08,Sat,False,False,0,0,0,0,0,0,0,0,0,0,0,0,0,0,0,0,0,0,0,0,0,0,0,0,0,0.0,15.0,13.0,22.0,11.0,13.0,13.0,22.0,2.0,3.0,69.0,22.0,10.0,3.0,83,8,12,1,11.0,17.0,2.0,2.0
2023-07-09,Sun,False,False,0,0,0,0,0,0,0,0,0,0,0,0,0,0,0,0,0,0,0,0,0,0,0,0,0,0.0,15.0,12.0,23.0,10.0,12.0,12.0,23.0,2.0,3.0,68.0,23.0,10.0,3.0,82,9,12,1,10.0,18.0,2.0,2.0
2023-07-10,Mon,True,False,0,0,0,0,0,1,1,0,0,1,1,0,0,0,0,0,0,0,1,1,0,0,1,1,1,2.0,11.5,11.0,24.0,9.0,11.0,11.0,24.0,1.0,4.0,67.0,24.0,9.0,4.0,81,10,11,2,9.0,19.0,1.0,3.0
2023-07-11,Tue,True,False,0,0,0,0,0,1,0,1,0,1,1,0,0,0,0,0,0,0,1,1,0,0,1,1,1,2.0,11.5,10.0,25.0,8.0,10.0,10.0,25.0,1.0,4.0,66.0,25.0,9.0,4.0,80,11,11,2,8.0,20.0,1.0,3.0
2023-07-12,Wed,True,False,0,0,0,0,0,1,1,0,0,1,1,0,0,0,0,0,1,0,1,1,0,0,1,1,2,2.5,11.5,9.0,26.0,7.0,9.0,9.0,26.0,1.0,4.0,65.0,26.0,9.0,4.0,79,12,11,2,7.0,21.0,1.0,3.0
2023-07-13,Thu,True,False,0,0,0,0,0,1,0,0,1,1,1,0,0,0,0,0,0,0,1,1,0,0,1,1,1,2.0,11.5,8.0,27.0,6.0,8.0,8.0,27.0,1.0,4.0,64.0,27.0,9.0,4.0,78,13,11,2,6.0,22.0,1.0,3.0
2023-07-14,Fri,True,False,0,0,1,0,0,1,1,0,0,1,1,0,0,0,0,0,0,0,1,1,0,0,1,1,2,3.0,11.5,7.0,28.0,5.0,7.0,7.0,28.0,1.0,4.0,63.0,28.0,9.0,4.0,77,14,11,2,5.0,23.0,1.0,3.0
2023-07-15,Sat,False,False,0,0,0,0,0,0,0,0,0,0,0,0,0,0,0,0,0,0,0,0,0,0,0,0,0,0.0,11.5,6.0,29.0,4.0,6.0,6.0,29.0,1.0,4.0,62.0,29.0,9.0,4.0,76,15,11,2,4.0,24.0,1.0,3.0
2023-07-16,Sun,False,False,0,0,0,0,0,0,0,0,0,0,0,0,0,0,0,0,0,0,0,0,0,0,0,0,0,0.0,11.5,5.0,30.0,3.0,5.0,5.0,30.0,1.0,4.0,61.0,30.0,9.0,4.0,75,16,11,2,3.0,25.0,1.0,3.0
2023-07-17,Mon,True,False,0,0,0,0,0,1,1,0,0,1,1,0,0,0,0,0,0,0,1,1,0,0,1,1,1,2.0,11.5,4.0,31.0,2.0,4.0,4.0,31.0,0.0,0.0,60.0,31.0,8.0,5.0,74,17,10,3,2.0,26.0,0.0,0.0
2023-07-18,Tue,True,False,0,0,0,0,0,1,0,1,0,1,1,0,0,0,0,0,0,0,1,1,0,0,1,1,1,2.0,11.5,3.0,32.0,1.0,3.0,3.0,32.0,0.0,0.0,59.0,32.0,8.0,5.0,73,18,10,3,1.0,27.0,0.0,0.0
2023-07-19,Wed,True,False,0,0,0,0,0,1,1,0,0,1,1,0,0,0,0,1,0,0,1,1,0,0,1,1,2,3.5,12.5,2.0,33.0,0.0,2.0,2.0,33.0,0.0,0.0,58.0,33.0,8.0,5.0,72,19,10,3,0.0,0.0,0.0,0.0
2023-07-20,Thu,True,False,0,0,0,0,0,1,0,0,1,1,1,0,0,0,0,0,0,0,1,1,0,0,1,1,1,2.0,12.5,1.0,34.0,27.0,1.0,1.0,34.0,0.0,0.0,57.0,34.0,8.0,5.0,71,20,10,3,27.0,1.0,0.0,0.0
2023-07-21,Fri,True,False,1,1,0,1,1,1,1,0,0,1,1,0,0,0,0,0,0,0,1,1,1,1,1,1,3,7.0,16.5,0.0,0.0,26.0,0.0,0.0,0.0,0.0,0.0,56.0,35.0,8.0,5.0,70,21,10,3,26.0,2.0,0.0,0.0
2023-07-22,Sat,False,False,0,0,0,0,0,0,0,0,0,0,0,0,0,0,0,0,0,0,0,0,0,0,0,0,0,0.0,16.5,27.0,1.0,25.0,27.0,27.0,1.0,0.0,0.0,55.0,36.0,8.0,5.0,69,22,10,3,25.0,3.0,0.0,0.0
2023-07-23,Sun,False,False,0,0,0,0,0,0,0,0,0,0,0,0,0,0,0,0,0,0,0,0,0,0,0,0,0,0.0,16.5,26.0,2.0,24.0,26.0,26.0,2.0,0.0,0.0,54.0,37.0,8.0,5.0,68,23,10,3,24.0,4.0,0.0,0.0
2023-07-24,Mon,True,False,0,0,0,0,0,1,1,0,0,1,1,0,0,0,0,0,0,0,1,1,0,0,1,1,1,2.0,16.5,25.0,3.0,23.0,25.0,25.0,3.0,3.0,1.0,53.0,38.0,7.0,6.0,67,24,9,4,23.0,5.0,3.0,1.0
2023-07-25,Tue,True,False,0,0,0,0,0,1,0,1,0,1,1,0,0,0,0,0,0,0,1,1,0,0,1,1,1,2.0,16.5,24.0,4.0,22.0,24.0,24.0,4.0,3.0,1.0,52.0,39.0,7.0,6.0,66,25,9,4,22.0,6.0,3.0,1.0
2023-07-26,Wed,True,False,0,0,0,0,0,1,1,0,0,1,1,0,0,0,0,0,1,0,1,1,0,0,1,1,2,2.5,15.5,23.0,5.0,21.0,23.0,23.0,5.0,3.0,1.0,51.0,40.0,7.0,6.0,65,26,9,4,21.0,7.0,3.0,1.0
2023-07-27,Thu,True,False,0,0,0,0,0,1,0,0,1,1,1,0,0,0,0,0,0,0,1,1,0,0,1,1,1,2.0,15.5,22.0,6.0,20.0,22.0,22.0,6.0,3.0,1.0,50.0,41.0,7.0,6.0,64,27,9,4,20.0,8.0,3.0,1.0
2023-07-28,Fri,True,False,0,0,1,0,0,1,1,0,0,1,1,0,0,0,0,0,0,0,1,1,0,0,1,1,2,3.0,11.5,21.0,7.0,19.0,21.0,21.0,7.0,3.0,1.0,49.0,42.0,7.0,6.0,63,28,9,4,19.0,9.0,3.0,1.0
2023-07-29,Sat,False,False,0,0,0,0,0,0,0,0,0,0,0,0,0,0,0,0,0,0,0,0,0,0,0,0,0,0.0,11.5,20.0,8.0,18.0,20.0,20.0,8.0,3.0,1.0,48.0,43.0,7.0,6.0,62,29,9,4,18.0,10.0,3.0,1.0
2023-07-30,Sun,False,False,0,0,0,0,0,0,0,0,0,0,0,0,0,0,0,0,0,0,0,0,0,0,0,0,0,0.0,11.5,19.0,9.0,17.0,19.0,19.0,9.0,3.0,1.0,47.0,44.0,7.0,6.0,61,30,9,4,17.0,11.0,3.0,1.0
2023-07-31,Mon,True,False,0,0,0,0,0,0,0,0,0,0,0,1,1,0,0,0,0,0,1,1,0,0,0,1,1,2.0,11.5,18.0,10.0,16.0,18.0,18.0,10.0,2.0,2.0,46.0,45.0,6.0,7.0,60,31,8,5,16.0,12.0,2.0,2.0
2023-08-01,Tue,True,False,0,0,0,0,0,1,0,1,0,1,1,0,0,0,0,0,0,0,1,1,0,0,1,1,1,2.0,11.5,17.0,11.0,15.0,17.0,17.0,11.0,2.0,2.0,45.0,46.0,6.0,7.0,59,32,8,5,15.0,13.0,2.0,2.0
2023-08-02,Wed,True,False,0,0,0,0,0,1,1,0,0,1,1,0,0,0,0,0,1,0,1,1,0,0,1,1,2,2.5,11.5,16.0,12.0,14.0,16.0,16.0,12.0,2.0,2.0,44.0,47.0,6.0,7.0,58,33,8,5,14.0,14.0,2.0,2.0
2023-08-03,Thu,True,False,0,0,0,0,0,1,0,0,1,1,1,0,0,0,0,0,0,0,1,1,0,0,1,1,1,2.0,11.5,15.0,13.0,13.0,15.0,15.0,13.0,2.0,2.0,43.0,48.0,6.0,7.0,57,34,8,5,13.0,15.0,2.0,2.0
2023-08-04,Fri,True,False,0,0,1,0,0,1,1,0,0,1,1,0,0,0,0,0,0,0,1,1,0,0,1,1,2,3.0,11.5,14.0,14.0,12.0,14.0,14.0,14.0,2.0,2.0,42.0,49.0,6.0,7.0,56,35,8,5,12.0,16.0,2.0,2.0
2023-08-05,Sat,False,False,0,0,0,0,0,0,0,0,0,0,0,0,0,0,0,0,0,0,0,0,0,0,0,0,0,0.0,11.5,13.0,15.0,11.0,13.0,13.0,15.0,2.0,2.0,41.0,50.0,6.0,7.0,55,36,8,5,11.0,17.0,2.0,2.0
2023-08-06,Sun,False,False,0,0,0,0,0,0,0,0,0,0,0,0,0,0,0,0,0,0,0,0,0,0,0,0,0,0.0,11.5,12.0,16.0,10.0,12.0,12.0,16.0,2.0,2.0,40.0,51.0,6.0,7.0,54,37,8,5,10.0,18.0,2.0,2.0
2023-08-07,Mon,True,False,0,0,0,0,0,1,1,0,0,1,1,0,0,0,0,0,0,0,1,1,0,0,1,1,1,2.0,11.5,11.0,17.0,9.0,11.0,11.0,17.0,1.0,3.0,39.0,52.0,5.0,8.0,53,38,7,6,9.0,19.0,1.0,3.0
2023-08-08,Tue,True,False,0,0,0,0,0,1,0,1,0,1,1,0,0,0,0,0,0,0,1,1,0,0,1,1,1,2.0,11.5,10.0,18.0,8.0,10.0,10.0,18.0,1.0,3.0,38.0,53.0,5.0,8.0,52,39,7,6,8.0,20.0,1.0,3.0
2023-08-09,Wed,True,False,0,0,0,0,0,1,1,0,0,1,1,0,0,0,0,0,1,0,1,1,0,0,1,1,2,2.5,11.5,9.0,19.0,7.0,9.0,9.0,19.0,1.0,3.0,37.0,54.0,5.0,8.0,51,40,7,6,7.0,21.0,1.0,3.0
2023-08-10,Thu,True,False,0,0,0,0,0,1,0,0,1,1,1,0,0,0,0,0,0,0,1,1,0,0,1,1,1,2.0,11.5,8.0,20.0,6.0,8.0,8.0,20.0,1.0,3.0,36.0,55.0,5.0,8.0,50,41,7,6,6.0,22.0,1.0,3.0
2023-08-11,Fri,True,False,0,0,1,0,0,1,1,0,0,1,1,0,0,0,0,0,0,0,1,1,0,0,1,1,2,3.0,11.5,7.0,21.0,5.0,7.0,7.0,21.0,1.0,3.0,35.0,56.0,5.0,8.0,49,42,7,6,5.0,23.0,1.0,3.0
2023-08-12,Sat,False,False,0,0,0,0,0,0,0,0,0,0,0,0,0,0,0,0,0,0,0,0,0,0,0,0,0,0.0,11.5,6.0,22.0,4.0,6.0,6.0,22.0,1.0,3.0,34.0,57.0,5.0,8.0,48,43,7,6,4.0,24.0,1.0,3.0
2023-08-13,Sun,False,False,0,0,0,0,0,0,0,0,0,0,0,0,0,0,0,0,0,0,0,0,0,0,0,0,0,0.0,11.5,5.0,23.0,3.0,5.0,5.0,23.0,1.0,3.0,33.0,58.0,5.0,8.0,47,44,7,6,3.0,25.0,1.0,3.0
2023-08-14,Mon,True,False,0,0,0,0,0,1,1,0,0,1,1,0,0,0,0,0,0,0,1,1,0,0,1,1,1,2.0,11.5,4.0,24.0,2.0,4.0,4.0,24.0,0.0,0.0,32.0,59.0,4.0,9.0,46,45,6,7,2.0,26.0,0.0,0.0
2023-08-15,Tue,True,False,0,0,0,0,0,1,0,1,0,1,1,0,0,0,0,0,0,0,1,1,0,0,1,1,1,2.0,11.5,3.0,25.0,1.0,3.0,3.0,25.0,0.0,0.0,31.0,60.0,4.0,9.0,45,46,6,7,1.0,27.0,0.0,0.0
2023-08-16,Wed,True,False,0,0,0,0,0,1,1,0,0,1,1,0,0,0,0,1,0,0,1,1,0,0,1,1,2,3.5,12.5,2.0,26.0,0.0,2.0,2.0,26.0,0.0,0.0,30.0,61.0,4.0,9.0,44,47,6,7,0.0,0.0,0.0,0.0
2023-08-17,Thu,True,False,0,0,0,0,0,1,0,0,1,1,1,0,0,0,0,0,0,0,1,1,0,0,1,1,1,2.0,12.5,1.0,27.0,34.0,1.0,1.0,27.0,0.0,0.0,29.0,62.0,4.0,9.0,43,48,6,7,34.0,1.0,0.0,0.0
2023-08-18,Fri,True,False,1,1,0,1,1,1,1,0,0,1,1,0,0,0,0,0,0,0,1,1,1,1,1,1,3,7.0,16.5,0.0,0.0,33.0,0.0,0.0,0.0,0.0,0.0,28.0,63.0,4.0,9.0,42,49,6,7,33.0,2.0,0.0,0.0
2023-08-19,Sat,False,False,0,0,0,0,0,0,0,0,0,0,0,0,0,0,0,0,0,0,0,0,0,0,0,0,0,0.0,16.5,27.0,1.0,32.0,27.0,27.0,1.0,0.0,0.0,27.0,64.0,4.0,9.0,41,50,6,7,32.0,3.0,0.0,0.0
2023-08-20,Sun,False,False,0,0,0,0,0,0,0,0,0,0,0,0,0,0,0,0,0,0,0,0,0,0,0,0,0,0.0,16.5,26.0,2.0,31.0,26.0,26.0,2.0,0.0,0.0,26.0,65.0,4.0,9.0,40,51,6,7,31.0,4.0,0.0,0.0
2023-08-21,Mon,True,False,0,0,0,0,0,1,1,0,0,1,1,0,0,0,0,0,0,0,1,1,0,0,1,1,1,2.0,16.5,25.0,3.0,30.0,25.0,25.0,3.0,3.0,1.0,25.0,66.0,3.0,10.0,39,52,5,8,30.0,5.0,4.0,1.0
2023-08-22,Tue,True,False,0,0,0,0,0,1,0,1,0,1,1,0,0,0,0,0,0,0,1,1,0,0,1,1,1,2.0,16.5,24.0,4.0,29.0,24.0,24.0,4.0,3.0,1.0,24.0,67.0,3.0,10.0,38,53,5,8,29.0,6.0,4.0,1.0
2023-08-23,Wed,True,False,0,0,0,0,0,1,1,0,0,1,1,0,0,0,0,0,1,0,1,1,0,0,1,1,2,2.5,15.5,23.0,5.0,28.0,23.0,23.0,5.0,3.0,1.0,23.0,68.0,3.0,10.0,37,54,5,8,28.0,7.0,4.0,1.0
2023-08-24,Thu,True,False,0,0,0,0,0,1,0,0,1,1,1,0,0,0,0,0,0,0,1,1,0,0,1,1,1,2.0,15.5,22.0,6.0,27.0,22.0,22.0,6.0,3.0,1.0,22.0,69.0,3.0,10.0,36,55,5,8,27.0,8.0,4.0,1.0
2023-08-25,Fri,True,False,0,0,1,0,0,1,1,0,0,1,1,0,0,0,0,0,0,0,1,1,0,0,1,1,2,3.0,11.5,21.0,7.0,26.0,21.0,21.0,7.0,3.0,1.0,21.0,70.0,3.0,10.0,35,56,5,8,26.0,9.0,4.0,1.0
2023-08-26,Sat,False,False,0,0,0,0,0,0,0,0,0,0,0,0,0,0,0,0,0,0,0,0,0,0,0,0,0,0.0,11.5,20.0,8.0,25.0,20.0,20.0,8.0,3.0,1.0,20.0,71.0,3.0,10.0,34,57,5,8,25.0,10.0,4.0,1.0
2023-08-27,Sun,False,False,0,0,0,0,0,0,0,0,0,0,0,0,0,0,0,0,0,0,0,0,0,0,0,0,0,0.0,11.5,19.0,9.0,24.0,19.0,19.0,9.0,3.0,1.0,19.0,72.0,3.0,10.0,33,58,5,8,24.0,11.0,4.0,1.0
2023-08-28,Mon,True,False,0,0,0,0,0,1,1,0,0,1,1,0,0,0,0,0,0,0,1,1,0,0,1,1,1,2.0,11.5,18.0,10.0,23.0,18.0,18.0,10.0,2.0,2.0,18.0,73.0,2.0,11.0,32,59,4,9,23.0,12.0,3.0,2.0
2023-08-29,Tue,True,False,0,0,0,0,0,1,0,1,0,1,1,0,0,0,0,0,0,0,1,1,0,0,1,1,1,2.0,11.5,17.0,11.0,22.0,17.0,17.0,11.0,2.0,2.0,17.0,74.0,2.0,11.0,31,60,4,9,22.0,13.0,3.0,2.0
2023-08-30,Wed,True,False,0,0,0,0,0,1,1,0,0,1,1,0,0,0,0,0,1,0,1,1,0,0,1,1,2,2.5,11.5,16.0,12.0,21.0,16.0,16.0,12.0,2.0,2.0,16.0,75.0,2.0,11.0,30,61,4,9,21.0,14.0,3.0,2.0
2023-08-31,Thu,True,False,0,0,0,0,0,0,0,0,0,0,0,1,1,0,0,0,0,0,1,1,0,0,0,1,1,2.0,11.5,15.0,13.0,20.0,15.0,15.0,13.0,2.0,2.0,15.0,76.0,2.0,11.0,29,62,4,9,20.0,15.0,3.0,2.0
2023-09-01,Fri,True,False,0,0,1,0,0,1,1,0,0,1,1,0,0,0,0,0,0,0,1,1,0,0,1,1,2,3.0,11.5,14.0,14.0,19.0,14.0,14.0,14.0,2.0,2.0,14.0,77.0,2.0,11.0,28,63,4,9,19.0,16.0,3.0,2.0
2023-09-02,Sat,False,False,0,0,0,0,0,0,0,0,0,0,0,0,0,0,0,0,0,0,0,0,0,0,0,0,0,0.0,11.5,13.0,15.0,18.0,13.0,13.0,15.0,2.0,2.0,13.0,78.0,2.0,11.0,27,64,4,9,18.0,17.0,3.0,2.0
2023-09-03,Sun,False,False,0,0,0,0,0,0,0,0,0,0,0,0,0,0,0,0,0,0,0,0,0,0,0,0,0,0.0,11.5,12.0,16.0,17.0,12.0,12.0,16.0,2.0,2.0,12.0,79.0,2.0,11.0,26,65,4,9,17.0,18.0,3.0,2.0
2023-09-04,Mon,False,True,0,0,0,0,0,0,0,0,0,0,0,0,0,0,0,0,0,0,0,0,0,0,0,0,0,0.0,11.5,11.0,17.0,16.0,11.0,11.0,17.0,1.0,3.0,11.0,80.0,1.0,12.0,25,66,3,10,16.0,19.0,2.0,3.0
2023-09-05,Tue,True,False,0,0,0,0,0,1,0,1,0,1,1,0,0,0,0,0,0,0,1,1,0,0,1,1,1,2.0,11.5,10.0,18.0,15.0,10.0,10.0,18.0,1.0,3.0,10.0,81.0,1.0,12.0,24,67,3,10,15.0,20.0,2.0,3.0
2023-09-06,Wed,True,False,0,0,0,0,0,1,1,0,0,1,1,0,0,0,0,0,1,0,1,1,0,0,1,1,2,2.5,12.0,9.0,19.0,14.0,9.0,9.0,19.0,1.0,3.0,9.0,82.0,1.0,12.0,23,68,3,10,14.0,21.0,2.0,3.0
2023-09-07,Thu,True,False,0,0,0,0,0,1,0,0,1,1,1,0,0,0,0,0,0,0,1,1,0,0,1,1,1,2.0,11.5,8.0,20.0,13.0,8.0,8.0,20.0,1.0,3.0,8.0,83.0,1.0,12.0,22,69,3,10,13.0,22.0,2.0,3.0
2023-09-08,Fri,True,False,0,0,1,0,0,1,1,0,0,1,1,0,0,0,0,0,0,0,1,1,0,0,1,1,2,3.0,12.5,7.0,21.0,12.0,7.0,7.0,21.0,1.0,3.0,7.0,84.0,1.0,12.0,21,70,3,10,12.0,23.0,2.0,3.0
2023-09-09,Sat,False,False,0,0,0,0,0,0,0,0,0,0,0,0,0,0,0,0,0,0,0,0,0,0,0,0,0,0.0,12.5,6.0,22.0,11.0,6.0,6.0,22.0,1.0,3.0,6.0,85.0,1.0,12.0,20,71,3,10,11.0,24.0,2.0,3.0
2023-09-10,Sun,False,False,0,0,0,0,0,0,0,0,0,0,0,0,0,0,0,0,0,0,0,0,0,0,0,0,0,0.0,12.5,5.0,23.0,10.0,5.0,5.0,23.0,1.0,3.0,5.0,86.0,1.0,12.0,19,72,3,10,10.0,25.0,2.0,3.0
2023-09-11,Mon,True,False,0,0,0,0,0,1,1,0,0,1,1,0,0,0,0,0,0,0,1,1,0,0,1,1,1,2.0,11.5,4.0,24.0,9.0,4.0,4.0,24.0,0.0,0.0,4.0,87.0,0.0,0.0,18,73,2,11,9.0,26.0,1.0,4.0
2023-09-12,Tue,True,False,0,0,0,0,0,1,0,1,0,1,1,0,0,0,0,0,0,0,1,1,0,0,1,1,1,2.0,11.5,3.0,25.0,8.0,3.0,3.0,25.0,0.0,0.0,3.0,88.0,0.0,0.0,17,74,2,11,8.0,27.0,1.0,4.0
2023-09-13,Wed,True,False,0,0,0,0,0,1,1,0,0,1,1,0,0,0,0,0,1,0,1,1,0,0,1,1,2,2.5,11.5,2.0,26.0,7.0,2.0,2.0,26.0,0.0,0.0,2.0,89.0,0.0,0.0,16,75,2,11,7.0,28.0,1.0,4.0
2023-09-14,Thu,True,False,0,0,0,0,0,1,0,0,1,1,1,0,0,0,0,0,0,0,1,1,0,0,1,1,1,2.0,11.5,1.0,27.0,6.0,1.0,1.0,27.0,0.0,0.0,1.0,90.0,0.0,0.0,15,76,2,11,6.0,29.0,1.0,4.0
2023-09-15,Fri,True,False,1,1,0,1,1,1,1,0,0,1,1,0,0,0,0,0,0,0,1,1,1,1,1,1,3,7.0,15.5,0.0,0.0,5.0,0.0,0.0,0.0,0.0,0.0,0.0,0.0,0.0,0.0,14,77,2,11,5.0,30.0,1.0,4.0
2023-09-16,Sat,False,False,0,0,0,0,0,0,0,0,0,0,0,0,0,0,0,0,0,0,0,0,0,0,0,0,0,0.0,15.5,34.0,1.0,4.0,34.0,34.0,1.0,0.0,0.0,90.0,1.0,0.0,0.0,13,78,2,11,4.0,31.0,1.0,4.0
2023-09-17,Sun,False,False,0,0,0,0,0,0,0,0,0,0,0,0,0,0,0,0,0,0,0,0,0,0,0,0,0,0.0,15.5,33.0,2.0,3.0,33.0,33.0,2.0,0.0,0.0,89.0,2.0,0.0,0.0,12,79,2,11,3.0,32.0,1.0,4.0
2023-09-18,Mon,True,False,0,0,0,0,0,1,1,0,0,1,1,0,0,0,0,0,0,0,1,1,0,0,1,1,1,2.0,15.5,32.0,3.0,2.0,32.0,32.0,3.0,4.0,1.0,88.0,3.0,12.0,1.0,11,80,1,12,2.0,33.0,0.0,0.0
2023-09-19,Tue,True,False,0,0,0,0,0,1,0,1,0,1,1,0,0,0,0,0,0,0,1,1,0,0,1,1,1,2.0,15.5,31.0,4.0,1.0,31.0,31.0,4.0,4.0,1.0,87.0,4.0,12.0,1.0,10,81,1,12,1.0,34.0,0.0,0.0
2023-09-20,Wed,True,False,0,0,0,0,0,1,1,0,0,1,1,0,0,0,0,1,0,0,1,1,0,0,1,1,2,3.5,16.5,30.0,5.0,0.0,30.0,30.0,5.0,4.0,1.0,86.0,5.0,12.0,1.0,9,82,1,12,0.0,0.0,0.0,0.0
2023-09-21,Thu,True,False,0,0,0,0,0,1,0,0,1,1,1,0,0,0,0,0,0,0,1,1,0,0,1,1,1,2.0,16.5,29.0,6.0,27.0,29.0,29.0,6.0,4.0,1.0,85.0,6.0,12.0,1.0,8,83,1,12,27.0,1.0,0.0,0.0
2023-09-22,Fri,True,False,0,0,1,0,0,1,1,0,0,1,1,0,0,0,0,0,0,0,1,1,0,0,1,1,2,3.0,12.5,28.0,7.0,26.0,28.0,28.0,7.0,4.0,1.0,84.0,7.0,12.0,1.0,7,84,1,12,26.0,2.0,0.0,0.0
2023-09-23,Sat,False,False,0,0,0,0,0,0,0,0,0,0,0,0,0,0,0,0,0,0,0,0,0,0,0,0,0,0.0,12.5,27.0,8.0,25.0,27.0,27.0,8.0,4.0,1.0,83.0,8.0,12.0,1.0,6,85,1,12,25.0,3.0,0.0,0.0
2023-09-24,Sun,False,False,0,0,0,0,0,0,0,0,0,0,0,0,0,0,0,0,0,0,0,0,0,0,0,0,0,0.0,12.5,26.0,9.0,24.0,26.0,26.0,9.0,4.0,1.0,82.0,9.0,12.0,1.0,5,86,1,12,24.0,4.0,0.0,0.0
2023-09-25,Mon,True,False,0,0,0,0,0,1,1,0,0,1,1,0,0,0,0,0,0,0,1,1,0,0,1,1,1,2.0,12.5,25.0,10.0,23.0,25.0,25.0,10.0,3.0,2.0,81.0,10.0,11.0,2.0,4,87,0,0,23.0,5.0,3.0,1.0
2023-09-26,Tue,True,False,0,0,0,0,0,1,0,1,0,1,1,0,0,0,0,0,0,0,1,1,0,0,1,1,1,2.0,12.5,24.0,11.0,22.0,24.0,24.0,11.0,3.0,2.0,80.0,11.0,11.0,2.0,3,88,0,0,22.0,6.0,3.0,1.0
2023-09-27,Wed,True,False,0,0,0,0,0,1,1,0,0,1,1,0,0,0,0,0,1,0,1,1,0,0,1,1,2,2.5,11.5,23.0,12.0,21.0,23.0,23.0,12.0,3.0,2.0,79.0,12.0,11.0,2.0,2,89,0,0,21.0,7.0,3.0,1.0
2023-09-28,Thu,True,False,0,0,0,0,0,1,0,0,1,1,1,0,0,0,0,0,0,0,1,1,0,0,1,1,1,2.0,11.5,22.0,13.0,20.0,22.0,22.0,13.0,3.0,2.0,78.0,13.0,11.0,2.0,1,90,0,0,20.0,8.0,3.0,1.0
2023-09-29,Fri,True,False,0,0,1,0,0,0,0,0,0,0,0,1,1,1,1,0,0,1,1,1,0,0,0,1,4,6.0,14.5,21.0,14.0,19.0,21.0,21.0,14.0,3.0,2.0,77.0,14.0,11.0,2.0,0,0,0,0,19.0,9.0,3.0,1.0
2023-09-30,Sat,False,False,0,0,0,0,0,0,0,0,0,0,0,0,0,0,0,0,0,0,0,0,0,0,0,0,0,0.0,14.5,20.0,15.0,18.0,20.0,20.0,15.0,3.0,2.0,76.0,15.0,11.0,2.0,90,1,0,0,18.0,10.0,3.0,1.0
2023-10-01,Sun,False,False,0,0,0,0,0,0,0,0,0,0,0,0,0,0,0,0,0,0,0,0,0,0,0,0,0,0.0,14.5,19.0,16.0,17.0,19.0,19.0,16.0,3.0,2.0,75.0,16.0,11.0,2.0,89,2,0,0,17.0,11.0,3.0,1.0
2023-10-02,Mon,True,False,0,0,0,0,0,1,1,0,0,1,1,0,0,0,0,0,0,0,1,1,0,0,1,1,1,2.0,14.5,18.0,17.0,16.0,18.0,18.0,17.0,2.0,3.0,74.0,17.0,10.0,3.0,88,3,12,1,16.0,12.0,2.0,2.0
2023-10-03,Tue,True,False,0,0,0,0,0,1,0,1,0,1,1,0,0,0,0,0,0,0,1,1,0,0,1,1,1,2.0,14.5,17.0,18.0,15.0,17.0,17.0,18.0,2.0,3.0,73.0,18.0,10.0,3.0,87,4,12,1,15.0,13.0,2.0,2.0
2023-10-04,Wed,True,False,0,0,0,0,0,1,1,0,0,1,1,0,0,0,0,0,1,0,1,1,0,0,1,1,2,2.5,14.5,16.0,19.0,14.0,16.0,16.0,19.0,2.0,3.0,72.0,19.0,10.0,3.0,86,5,12,1,14.0,14.0,2.0,2.0
2023-10-05,Thu,True,False,0,0,0,0,0,1,0,0,1,1,1,0,0,0,0,0,0,0,1,1,0,0,1,1,1,2.0,14.5,15.0,20.0,13.0,15.0,15.0,20.0,2.0,3.0,71.0,20.0,10.0,3.0,85,6,12,1,13.0,15.0,2.0,2.0
2023-10-06,Fri,True,False,0,0,1,0,0,1,1,0,0,1,1,0,0,0,0,0,0,0,1,1,0,0,1,1,2,3.0,11.5,14.0,21.0,12.0,14.0,14.0,21.0,2.0,3.0,70.0,21.0,10.0,3.0,84,7,12,1,12.0,16.0,2.0,2.0
2023-10-07,Sat,False,False,0,0,0,0,0,0,0,0,0,0,0,0,0,0,0,0,0,0,0,0,0,0,0,0,0,0.0,11.5,13.0,22.0,11.0,13.0,13.0,22.0,2.0,3.0,69.0,22.0,10.0,3.0,83,8,12,1,11.0,17.0,2.0,2.0
2023-10-08,Sun,False,False,0,0,0,0,0,0,0,0,0,0,0,0,0,0,0,0,0,0,0,0,0,0,0,0,0,0.0,11.5,12.0,23.0,10.0,12.0,12.0,23.0,2.0,3.0,68.0,23.0,10.0,3.0,82,9,12,1,10.0,18.0,2.0,2.0
2023-10-09,Mon,True,False,0,0,0,0,0,1,1,0,0,1,1,0,0,0,0,0,0,0,1,1,0,0,1,1,1,2.0,11.5,11.0,24.0,9.0,11.0,11.0,24.0,1.0,4.0,67.0,24.0,9.0,4.0,81,10,11,2,9.0,19.0,1.0,3.0
2023-10-10,Tue,True,False,0,0,0,0,0,1,0,1,0,1,1,0,0,0,0,0,0,0,1,1,0,0,1,1,1,2.0,11.5,10.0,25.0,8.0,10.0,10.0,25.0,1.0,4.0,66.0,25.0,9.0,4.0,80,11,11,2,8.0,20.0,1.0,3.0
2023-10-11,Wed,True,False,0,0,0,0,0,1,1,0,0,1,1,0,0,0,0,0,1,0,1,1,0,0,1,1,2,2.5,11.5,9.0,26.0,7.0,9.0,9.0,26.0,1.0,4.0,65.0,26.0,9.0,4.0,79,12,11,2,7.0,21.0,1.0,3.0
2023-10-12,Thu,True,False,0,0,0,0,0,1,0,0,1,1,1,0,0,0,0,0,0,0,1,1,0,0,1,1,1,2.0,11.5,8.0,27.0,6.0,8.0,8.0,27.0,1.0,4.0,64.0,27.0,9.0,4.0,78,13,11,2,6.0,22.0,1.0,3.0
2023-10-13,Fri,True,False,0,0,1,0,0,1,1,0,0,1,1,0,0,0,0,0,0,0,1,1,0,0,1,1,2,3.0,11.5,7.0,28.0,5.0,7.0,7.0,28.0,1.0,4.0,63.0,28.0,9.0,4.0,77,14,11,2,5.0,23.0,1.0,3.0
2023-10-14,Sat,False,False,0,0,0,0,0,0,0,0,0,0,0,0,0,0,0,0,0,0,0,0,0,0,0,0,0,0.0,11.5,6.0,29.0,4.0,6.0,6.0,29.0,1.0,4.0,62.0,29.0,9.0,4.0,76,15,11,2,4.0,24.0,1.0,3.0
2023-10-15,Sun,False,False,0,0,0,0,0,0,0,0,0,0,0,0,0,0,0,0,0,0,0,0,0,0,0,0,0,0.0,11.5,5.0,30.0,3.0,5.0,5.0,30.0,1.0,4.0,61.0,30.0,9.0,4.0,75,16,11,2,3.0,25.0,1.0,3.0
2023-10-16,Mon,True,False,0,0,0,0,0,1,1,0,0,1,1,0,0,0,0,0,0,0,1,1,0,0,1,1,1,2.0,11.5,4.0,31.0,2.0,4.0,4.0,31.0,0.0,0.0,60.0,31.0,8.0,5.0,74,17,10,3,2.0,26.0,0.0,0.0
2023-10-17,Tue,True,False,0,0,0,0,0,1,0,1,0,1,1,0,0,0,0,0,0,0,1,1,0,0,1,1,1,2.0,11.5,3.0,32.0,1.0,3.0,3.0,32.0,0.0,0.0,59.0,32.0,8.0,5.0,73,18,10,3,1.0,27.0,0.0,0.0
2023-10-18,Wed,True,False,0,0,0,0,0,1,1,0,0,1,1,0,0,0,0,1,0,0,1,1,0,0,1,1,2,3.5,12.5,2.0,33.0,0.0,2.0,2.0,33.0,0.0,0.0,58.0,33.0,8.0,5.0,72,19,10,3,0.0,0.0,0.0,0.0
2023-10-19,Thu,True,False,0,0,0,0,0,1,0,0,1,1,1,0,0,0,0,0,0,0,1,1,0,0,1,1,1,2.0,12.5,1.0,34.0,27.0,1.0,1.0,34.0,0.0,0.0,57.0,34.0,8.0,5.0,71,20,10,3,27.0,1.0,0.0,0.0
2023-10-20,Fri,True,False,1,1,0,1,1,1,1,0,0,1,1,0,0,0,0,0,0,0,1,1,1,1,1,1,3,7.0,16.5,0.0,0.0,26.0,0.0,0.0,0.0,0.0,0.0,56.0,35.0,8.0,5.0,70,21,10,3,26.0,2.0,0.0,0.0
2023-10-21,Sat,False,False,0,0,0,0,0,0,0,0,0,0,0,0,0,0,0,0,0,0,0,0,0,0,0,0,0,0.0,16.5,27.0,1.0,25.0,27.0,27.0,1.0,0.0,0.0,55.0,36.0,8.0,5.0,69,22,10,3,25.0,3.0,0.0,0.0
2023-10-22,Sun,False,False,0,0,0,0,0,0,0,0,0,0,0,0,0,0,0,0,0,0,0,0,0,0,0,0,0,0.0,16.5,26.0,2.0,24.0,26.0,26.0,2.0,0.0,0.0,54.0,37.0,8.0,5.0,68,23,10,3,24.0,4.0,0.0,0.0
2023-10-23,Mon,True,False,0,0,0,0,0,1,1,0,0,1,1,0,0,0,0,0,0,0,1,1,0,0,1,1,1,2.0,16.5,25.0,3.0,23.0,25.0,25.0,3.0,3.0,1.0,53.0,38.0,7.0,6.0,67,24,9,4,23.0,5.0,3.0,1.0
2023-10-24,Tue,True,False,0,0,0,0,0,1,0,1,0,1,1,0,0,0,0,0,0,0,1,1,0,0,1,1,1,2.0,16.5,24.0,4.0,22.0,24.0,24.0,4.0,3.0,1.0,52.0,39.0,7.0,6.0,66,25,9,4,22.0,6.0,3.0,1.0
2023-10-25,Wed,True,False,0,0,0,0,0,1,1,0,0,1,1,0,0,0,0,0,1,0,1,1,0,0,1,1,2,2.5,15.5,23.0,5.0,21.0,23.0,23.0,5.0,3.0,1.0,51.0,40.0,7.0,6.0,65,26,9,4,21.0,7.0,3.0,1.0
2023-10-26,Thu,True,False,0,0,0,0,0,1,0,0,1,1,1,0,0,0,0,0,0,0,1,1,0,0,1,1,1,2.0,15.5,22.0,6.0,20.0,22.0,22.0,6.0,3.0,1.0,50.0,41.0,7.0,6.0,64,27,9,4,20.0,8.0,3.0,1.0
2023-10-27,Fri,True,False,0,0,1,0,0,1,1,0,0,1,1,0,0,0,0,0,0,0,1,1,0,0,1,1,2,3.0,11.5,21.0,7.0,19.0,21.0,21.0,7.0,3.0,1.0,49.0,42.0,7.0,6.0,63,28,9,4,19.0,9.0,3.0,1.0
2023-10-28,Sat,False,False,0,0,0,0,0,0,0,0,0,0,0,0,0,0,0,0,0,0,0,0,0,0,0,0,0,0.0,11.5,20.0,8.0,18.0,20.0,20.0,8.0,3.0,1.0,48.0,43.0,7.0,6.0,62,29,9,4,18.0,10.0,3.0,1.0
2023-10-29,Sun,False,False,0,0,0,0,0,0,0,0,0,0,0,0,0,0,0,0,0,0,0,0,0,0,0,0,0,0.0,11.5,19.0,9.0,17.0,19.0,19.0,9.0,3.0,1.0,47.0,44.0,7.0,6.0,61,30,9,4,17.0,11.0,3.0,1.0
2023-10-30,Mon,True,False,0,0,0,0,0,1,1,0,0,1,1,0,0,0,0,0,0,0,1,1,0,0,1,1,1,2.0,11.5,18.0,10.0,16.0,18.0,18.0,10.0,2.0,2.0,46.0,45.0,6.0,7.0,60,31,8,5,16.0,12.0,2.0,2.0
2023-10-31,Tue,True,False,0,0,0,0,0,0,0,0,0,0,0,1,1,0,0,0,0,0,1,1,0,0,0,1,1,2.0,11.5,17.0,11.0,15.0,17.0,17.0,11.0,2.0,2.0,45.0,46.0,6.0,7.0,59,32,8,5,15.0,13.0,2.0,2.0
2023-11-01,Wed,True,False,0,0,0,0,0,1,1,0,0,1,1,0,0,0,0,0,1,0,1,1,0,0,1,1,2,2.5,11.5,16.0,12.0,14.0,16.0,16.0,12.0,2.0,2.0,44.0,47.0,6.0,7.0,58,33,8,5,14.0,14.0,2.0,2.0
2023-11-02,Thu,True,False,0,0,0,0,0,1,0,0,1,1,1,0,0,0,0,0,0,0,1,1,0,0,1,1,1,2.0,11.5,15.0,13.0,13.0,15.0,15.0,13.0,2.0,2.0,43.0,48.0,6.0,7.0,57,34,8,5,13.0,15.0,2.0,2.0
2023-11-03,Fri,True,False,0,0,1,0,0,1,1,0,0,1,1,0,0,0,0,0,0,0,1,1,0,0,1,1,2,3.0,11.5,14.0,14.0,12.0,14.0,14.0,14.0,2.0,2.0,42.0,49.0,6.0,7.0,56,35,8,5,12.0,16.0,2.0,2.0
2023-11-04,Sat,False,False,0,0,0,0,0,0,0,0,0,0,0,0,0,0,0,0,0,0,0,0,0,0,0,0,0,0.0,11.5,13.0,15.0,11.0,13.0,13.0,15.0,2.0,2.0,41.0,50.0,6.0,7.0,55,36,8,5,11.0,17.0,2.0,2.0
2023-11-05,Sun,False,False,0,0,0,0,0,0,0,0,0,0,0,0,0,0,0,0,0,0,0,0,0,0,0,0,0,0.0,11.5,12.0,16.0,10.0,12.0,12.0,16.0,2.0,2.0,40.0,51.0,6.0,7.0,54,37,8,5,10.0,18.0,2.0,2.0
2023-11-06,Mon,True,False,0,0,0,0,0,1,1,0,0,1,1,0,0,0,0,0,0,0,1,1,0,0,1,1,1,2.0,11.5,11.0,17.0,9.0,11.0,11.0,17.0,1.0,3.0,39.0,52.0,5.0,8.0,53,38,7,6,9.0,19.0,1.0,3.0
2023-11-07,Tue,True,False,0,0,0,0,0,1,0,1,0,1,1,0,0,0,0,0,0,0,1,1,0,0,1,1,1,2.0,11.5,10.0,18.0,8.0,10.0,10.0,18.0,1.0,3.0,38.0,53.0,5.0,8.0,52,39,7,6,8.0,20.0,1.0,3.0
2023-11-08,Wed,True,False,0,0,0,0,0,1,1,0,0,1,1,0,0,0,0,0,1,0,1,1,0,0,1,1,2,2.5,11.5,9.0,19.0,7.0,9.0,9.0,19.0,1.0,3.0,37.0,54.0,5.0,8.0,51,40,7,6,7.0,21.0,1.0,3.0
2023-11-09,Thu,True,False,0,0,0,0,0,1,0,0,1,1,1,0,0,0,0,0,0,0,1,1,0,0,1,1,1,2.0,11.5,8.0,20.0,6.0,8.0,8.0,20.0,1.0,3.0,36.0,55.0,5.0,8.0,50,41,7,6,6.0,22.0,1.0,3.0
2023-11-10,Fri,True,False,0,0,1,0,0,1,1,0,0,1,1,0,0,0,0,0,0,0,1,1,0,0,1,1,2,3.0,11.5,7.0,21.0,5.0,7.0,7.0,21.0,1.0,3.0,35.0,56.0,5.0,8.0,49,42,7,6,5.0,23.0,1.0,3.0
2023-11-11,Sat,False,False,0,0,0,0,0,0,0,0,0,0,0,0,0,0,0,0,0,0,0,0,0,0,0,0,0,0.0,11.5,6.0,22.0,4.0,6.0,6.0,22.0,1.0,3.0,34.0,57.0,5.0,8.0,48,43,7,6,4.0,24.0,1.0,3.0
2023-11-12,Sun,False,False,0,0,0,0,0,0,0,0,0,0,0,0,0,0,0,0,0,0,0,0,0,0,0,0,0,0.0,11.5,5.0,23.0,3.0,5.0,5.0,23.0,1.0,3.0,33.0,58.0,5.0,8.0,47,44,7,6,3.0,25.0,1.0,3.0
2023-11-13,Mon,True,False,0,0,0,0,0,1,1,0,0,1,1,0,0,0,0,0,0,0,1,1,0,0,1,1,1,2.0,11.5,4.0,24.0,2.0,4.0,4.0,24.0,0.0,0.0,32.0,59.0,4.0,9.0,46,45,6,7,2.0,26.0,0.0,0.0
2023-11-14,Tue,True,False,0,0,0,0,0,1,0,1,0,1,1,0,0,0,0,0,0,0,1,1,0,0,1,1,1,2.0,11.5,3.0,25.0,1.0,3.0,3.0,25.0,0.0,0.0,31.0,60.0,4.0,9.0,45,46,6,7,1.0,27.0,0.0,0.0
2023-11-15,Wed,True,False,0,0,0,0,0,1,1,0,0,1,1,0,0,0,0,1,0,0,1,1,0,0,1,1,2,3.5,12.5,2.0,26.0,0.0,2.0,2.0,26.0,0.0,0.0,30.0,61.0,4.0,9.0,44,47,6,7,0.0,0.0,0.0,0.0
2023-11-16,Thu,True,False,0,0,0,0,0,1,0,0,1,1,1,0,0,0,0,0,0,0,1,1,0,0,1,1,1,2.0,12.5,1.0,27.0,34.0,1.0,1.0,27.0,0.0,0.0,29.0,62.0,4.0,9.0,43,48,6,7,34.0,1.0,0.0,0.0
2023-11-17,Fri,True,False,1,1,0,1,1,1,1,0,0,1,1,0,0,0,0,0,0,0,1,1,1,1,1,1,3,7.0,16.5,0.0,0.0,33.0,0.0,0.0,0.0,0.0,0.0,28.0,63.0,4.0,9.0,42,49,6,7,33.0,2.0,0.0,0.0
2023-11-18,Sat,False,False,0,0,0,0,0,0,0,0,0,0,0,0,0,0,0,0,0,0,0,0,0,0,0,0,0,0.0,16.5,27.0,1.0,32.0,27.0,27.0,1.0,0.0,0.0,27.0,64.0,4.0,9.0,41,50,6,7,32.0,3.0,0.0,0.0
2023-11-19,Sun,False,False,0,0,0,0,0,0,0,0,0,0,0,0,0,0,0,0,0,0,0,0,0,0,0,0,0,0.0,16.5,26.0,2.0,31.0,26.0,26.0,2.0,0.0,0.0,26.0,65.0,4.0,9.0,40,51,6,7,31.0,4.0,0.0,0.0
2023-11-20,Mon,True,False,0,0,0,0,0,1,1,0,0,1,1,0,0,0,0,0,0,0,1,1,0,0,1,1,1,2.0,16.5,25.0,3.0,30.0,25.0,25.0,3.0,3.0,1.0,25.0,66.0,3.0,10.0,39,52,5,8,30.0,5.0,4.0,1.0
2023-11-21,Tue,True,False,0,0,0,0,0,1,0,1,0,1,1,0,0,0,0,0,0,0,1,1,0,0,1,1,1,2.0,16.5,24.0,4.0,29.0,24.0,24.0,4.0,3.0,1.0,24.0,67.0,3.0,10.0,38,53,5,8,29.0,6.0,4.0,1.0
2023-11-22,Wed,True,False,0,0,0,0,0,1,1,0,0,1,1,0,0,0,0,0,1,0,1,1,0,0,1,1,2,2.5,15.5,23.0,5.0,28.0,23.0,23.0,5.0,3.0,1.0,23.0,68.0,3.0,10.0,37,54,5,8,28.0,7.0,4.0,1.0
2023-11-23,Thu,False,True,0,0,0,0,0,0,0,0,0,0,0,0,0,0,0,0,0,0,0,0,0,0,0,0,0,0.0,15.5,22.0,6.0,27.0,22.0,22.0,6.0,3.0,1.0,22.0,69.0,3.0,10.0,36,55,5,8,27.0,8.0,4.0,1.0
2023-11-24,Fri,True,False,0,0,1,0,0,1,1,0,0,1,1,0,0,0,0,0,0,0,1,1,0,0,1,1,2,3.0,16.5,21.0,7.0,26.0,21.0,21.0,7.0,3.0,1.0,21.0,70.0,3.0,10.0,35,56,5,8,26.0,9.0,4.0,1.0
2023-11-25,Sat,False,False,0,0,0,0,0,0,0,0,0,0,0,0,0,0,0,0,0,0,0,0,0,0,0,0,0,0.0,16.5,20.0,8.0,25.0,20.0,20.0,8.0,3.0,1.0,20.0,71.0,3.0,10.0,34,57,5,8,25.0,10.0,4.0,1.0
2023-11-26,Sun,False,False,0,0,0,0,0,0,0,0,0,0,0,0,0,0,0,0,0,0,0,0,0,0,0,0,0,0.0,16.5,19.0,9.0,24.0,19.0,19.0,9.0,3.0,1.0,19.0,72.0,3.0,10.0,33,58,5,8,24.0,11.0,4.0,1.0
2023-11-27,Mon,True,False,0,0,0,0,0,1,1,0,0,1,1,0,0,0,0,0,0,0,1,1,0,0,1,1,1,2.0,11.5,18.0,10.0,23.0,18.0,18.0,10.0,2.0,2.0,18.0,73.0,2.0,11.0,32,59,4,9,23.0,12.0,3.0,2.0
2023-11-28,Tue,True,False,0,0,0,0,0,1,0,1,0,1,1,0,0,0,0,0,0,0,1,1,0,0,1,1,1,2.0,11.5,17.0,11.0,22.0,17.0,17.0,11.0,2.0,2.0,17.0,74.0,2.0,11.0,31,60,4,9,22.0,13.0,3.0,2.0
2023-11-29,Wed,True,False,0,0,0,0,0,1,1,0,0,1,1,0,0,0,0,0,1,0,1,1,0,0,1,1,2,2.5,12.0,16.0,12.0,21.0,16.0,16.0,12.0,2.0,2.0,16.0,75.0,2.0,11.0,30,61,4,9,21.0,14.0,3.0,2.0
2023-11-30,Thu,True,False,0,0,0,0,0,0,0,0,0,0,0,1,1,0,0,0,0,0,1,1,0,0,0,1,1,2.0,11.5,15.0,13.0,20.0,15.0,15.0,13.0,2.0,2.0,15.0,76.0,2.0,11.0,29,62,4,9,20.0,15.0,3.0,2.0
2023-12-01,Fri,True,False,0,0,1,0,0,1,1,0,0,1,1,0,0,0,0,0,0,0,1,1,0,0,1,1,2,3.0,11.5,14.0,14.0,19.0,14.0,14.0,14.0,2.0,2.0,14.0,77.0,2.0,11.0,28,63,4,9,19.0,16.0,3.0,2.0
2023-12-02,Sat,False,False,0,0,0,0,0,0,0,0,0,0,0,0,0,0,0,0,0,0,0,0,0,0,0,0,0,0.0,11.5,13.0,15.0,18.0,13.0,13.0,15.0,2.0,2.0,13.0,78.0,2.0,11.0,27,64,4,9,18.0,17.0,3.0,2.0
2023-12-03,Sun,False,False,0,0,0,0,0,0,0,0,0,0,0,0,0,0,0,0,0,0,0,0,0,0,0,0,0,0.0,11.5,12.0,16.0,17.0,12.0,12.0,16.0,2.0,2.0,12.0,79.0,2.0,11.0,26,65,4,9,17.0,18.0,3.0,2.0
2023-12-04,Mon,True,False,0,0,0,0,0,1,1,0,0,1,1,0,0,0,0,0,0,0,1,1,0,0,1,1,1,2.0,11.5,11.0,17.0,16.0,11.0,11.0,17.0,1.0,3.0,11.0,80.0,1.0,12.0,25,66,3,10,16.0,19.0,2.0,3.0
2023-12-05,Tue,True,False,0,0,0,0,0,1,0,1,0,1,1,0,0,0,0,0,0,0,1,1,0,0,1,1,1,2.0,11.5,10.0,18.0,15.0,10.0,10.0,18.0,1.0,3.0,10.0,81.0,1.0,12.0,24,67,3,10,15.0,20.0,2.0,3.0
2023-12-06,Wed,True,False,0,0,0,0,0,1,1,0,0,1,1,0,0,0,0,0,1,0,1,1,0,0,1,1,2,2.5,11.5,9.0,19.0,14.0,9.0,9.0,19.0,1.0,3.0,9.0,82.0,1.0,12.0,23,68,3,10,14.0,21.0,2.0,3.0
2023-12-07,Thu,True,False,0,0,0,0,0,1,0,0,1,1,1,0,0,0,0,0,0,0,1,1,0,0,1,1,1,2.0,11.5,8.0,20.0,13.0,8.0,8.0,20.0,1.0,3.0,8.0,83.0,1.0,12.0,22,69,3,10,13.0,22.0,2.0,3.0
2023-12-08,Fri,True,False,0,0,1,0,0,1,1,0,0,1,1,0,0,0,0,0,0,0,1,1,0,0,1,1,2,3.0,11.5,7.0,21.0,12.0,7.0,7.0,21.0,1.0,3.0,7.0,84.0,1.0,12.0,21,70,3,10,12.0,23.0,2.0,3.0
2023-12-09,Sat,False,False,0,0,0,0,0,0,0,0,0,0,0,0,0,0,0,0,0,0,0,0,0,0,0,0,0,0.0,11.5,6.0,22.0,11.0,6.0,6.0,22.0,1.0,3.0,6.0,85.0,1.0,12.0,20,71,3,10,11.0,24.0,2.0,3.0
2023-12-10,Sun,False,False,0,0,0,0,0,0,0,0,0,0,0,0,0,0,0,0,0,0,0,0,0,0,0,0,0,0.0,11.5,5.0,23.0,10.0,5.0,5.0,23.0,1.0,3.0,5.0,86.0,1.0,12.0,19,72,3,10,10.0,25.0,2.0,3.0
2023-12-11,Mon,True,False,0,0,0,0,0,1,1,0,0,1,1,0,0,0,0,0,0,0,1,1,0,0,1,1,1,2.0,11.5,4.0,24.0,9.0,4.0,4.0,24.0,0.0,0.0,4.0,87.0,0.0,0.0,18,73,2,11,9.0,26.0,1.0,4.0
2023-12-12,Tue,True,False,0,0,0,0,0,1,0,1,0,1,1,0,0,0,0,0,0,0,1,1,0,0,1,1,1,2.0,11.5,3.0,25.0,8.0,3.0,3.0,25.0,0.0,0.0,3.0,88.0,0.0,0.0,17,74,2,11,8.0,27.0,1.0,4.0
2023-12-13,Wed,True,False,0,0,0,0,0,1,1,0,0,1,1,0,0,0,0,0,1,0,1,1,0,0,1,1,2,2.5,11.5,2.0,26.0,7.0,2.0,2.0,26.0,0.0,0.0,2.0,89.0,0.0,0.0,16,75,2,11,7.0,28.0,1.0,4.0
2023-12-14,Thu,True,False,0,0,0,0,0,1,0,0,1,1,1,0,0,0,0,0,0,0,1,1,0,0,1,1,1,2.0,11.5,1.0,27.0,6.0,1.0,1.0,27.0,0.0,0.0,1.0,90.0,0.0,0.0,15,76,2,11,6.0,29.0,1.0,4.0
2023-12-15,Fri,True,False,1,1,0,1,1,1,1,0,0,1,1,0,0,0,0,0,0,0,1,1,1,1,1,1,3,7.0,15.5,0.0,0.0,5.0,0.0,0.0,0.0,0.0,0.0,0.0,0.0,0.0,0.0,14,77,2,11,5.0,30.0,1.0,4.0
2023-12-16,Sat,False,False,0,0,0,0,0,0,0,0,0,0,0,0,0,0,0,0,0,0,0,0,0,0,0,0,0,0.0,15.5,34.0,1.0,4.0,34.0,34.0,1.0,0.0,0.0,90.0,1.0,0.0,0.0,13,78,2,11,4.0,31.0,1.0,4.0
2023-12-17,Sun,False,False,0,0,0,0,0,0,0,0,0,0,0,0,0,0,0,0,0,0,0,0,0,0,0,0,0,0.0,15.5,33.0,2.0,3.0,33.0,33.0,2.0,0.0,0.0,89.0,2.0,0.0,0.0,12,79,2,11,3.0,32.0,1.0,4.0
2023-12-18,Mon,True,False,0,0,0,0,0,1,1,0,0,1,1,0,0,0,0,0,0,0,1,1,0,0,1,1,1,2.0,15.5,32.0,3.0,2.0,32.0,32.0,3.0,4.0,1.0,88.0,3.0,12.0,1.0,11,80,1,12,2.0,33.0,0.0,0.0
2023-12-19,Tue,True,False,0,0,0,0,0,1,0,1,0,1,1,0,0,0,0,0,0,0,1,1,0,0,1,1,1,2.0,15.5,31.0,4.0,1.0,31.0,31.0,4.0,4.0,1.0,87.0,4.0,12.0,1.0,10,81,1,12,1.0,34.0,0.0,0.0
2023-12-20,Wed,True,False,0,0,0,0,0,1,1,0,0,1,1,0,0,0,0,1,0,0,1,1,0,0,1,1,2,3.5,16.5,30.0,5.0,0.0,30.0,30.0,5.0,4.0,1.0,86.0,5.0,12.0,1.0,9,82,1,12,0.0,0.0,0.0,0.0
2023-12-21,Thu,True,False,0,0,0,0,0,1,0,0,1,1,1,0,0,0,0,0,0,0,1,1,0,0,1,1,1,2.0,16.5,29.0,6.0,27.0,29.0,29.0,6.0,4.0,1.0,85.0,6.0,12.0,1.0,8,83,1,12,27.0,1.0,0.0,0.0
2023-12-22,Fri,True,False,0,0,1,0,0,1,1,0,0,1,1,0,0,0,0,0,0,0,1,1,0,0,1,1,2,3.0,12.5,28.0,7.0,26.0,28.0,28.0,7.0,4.0,1.0,84.0,7.0,12.0,1.0,7,84,1,12,26.0,2.0,0.0,0.0
2023-12-23,Sat,False,False,0,0,0,0,0,0,0,0,0,0,0,0,0,0,0,0,0,0,0,0,0,0,0,0,0,0.0,12.5,27.0,8.0,25.0,27.0,27.0,8.0,4.0,1.0,83.0,8.0,12.0,1.0,6,85,1,12,25.0,3.0,0.0,0.0
2023-12-24,Sun,False,False,0,0,0,0,0,0,0,0,0,0,0,0,0,0,0,0,0,0,0,0,0,0,0,0,0,0.0,12.5,26.0,9.0,24.0,26.0,26.0,9.0,4.0,1.0,82.0,9.0,12.0,1.0,5,86,1,12,24.0,4.0,0.0,0.0
2023-12-25,Mon,False,True,0,0,0,0,0,0,0,0,0,0,0,0,0,0,0,0,0,0,0,0,0,0,0,0,0,0.0,12.5,25.0,10.0,23.0,25.0,25.0,10.0,3.0,2.0,81.0,10.0,11.0,2.0,4,87,0,0,23.0,5.0,3.0,1.0
2023-12-26,Tue,True,False,0,0,0,0,0,1,0,1,0,1,1,0,0,0,0,0,0,0,1,1,0,0,1,1,1,2.0,12.5,24.0,11.0,22.0,24.0,24.0,11.0,3.0,2.0,80.0,11.0,11.0,2.0,3,88,0,0,22.0,6.0,3.0,1.0
2023-12-27,Wed,True,False,0,0,0,0,0,1,1,0,0,1,1,0,0,0,0,0,1,0,1,1,0,0,1,1,2,2.5,13.0,23.0,12.0,21.0,23.0,23.0,12.0,3.0,2.0,79.0,12.0,11.0,2.0,2,89,0,0,21.0,7.0,3.0,1.0
2023-12-28,Thu,True,False,0,0,0,0,0,1,0,0,1,1,1,0,0,0,0,0,0,0,1,1,0,0,1,1,1,2.0,11.5,22.0,13.0,20.0,22.0,22.0,13.0,3.0,2.0,78.0,13.0,11.0,2.0,1,90,0,0,20.0,8.0,3.0,1.0
2023-12-29,Fri,True,False,0,0,1,0,0,0,0,0,0,0,0,1,1,1,1,0,0,1,1,1,0,0,0,1,4,6.0,15.5,21.0,14.0,19.0,21.0,21.0,14.0,3.0,2.0,77.0,14.0,11.0,2.0,0,0,0,0,19.0,9.0,3.0,1.0
2023-12-30,Sat,False,False,0,0,0,0,0,0,0,0,0,0,0,0,0,0,0,0,0,0,0,0,0,0,0,0,0,0.0,15.5,20.0,15.0,18.0,20.0,20.0,15.0,3.0,2.0,76.0,15.0,11.0,2.0,89,1,0,0,18.0,10.0,3.0,1.0
2023-12-31,Sun,False,False,0,0,0,0,0,0,0,0,0,0,0,0,0,0,0,0,0,0,0,0,0,0,0,0,0,0.0,15.5,19.0,16.0,17.0,19.0,19.0,16.0,3.0,2.0,75.0,16.0,11.0,2.0,88,2,0,0,17.0,11.0,3.0,1.0
2024-01-01,Mon,False,True,0,0,0,0,0,0,0,0,0,0,0,0,0,0,0,0,0,0,0,0,0,0,0,0,0,0.0,15.5,18.0,17.0,16.0,18.0,18.0,17.0,2.0,3.0,74.0,17.0,10.0,3.0,87,3,12,1,16.0,12.0,2.0,2.0
2024-01-02,Tue,True,False,0,0,0,0,0,1,0,1,0,1,1,0,0,0,0,0,0,0,1,1,0,0,1,1,1,2.0,14.5,17.0,18.0,15.0,17.0,17.0,18.0,2.0,3.0,73.0,18.0,10.0,3.0,86,4,12,1,15.0,13.0,2.0,2.0
2024-01-03,Wed,True,False,0,0,0,0,0,1,1,0,0,1,1,0,0,0,0,0,1,0,1,1,0,0,1,1,2,2.5,15.0,16.0,19.0,14.0,16.0,16.0,19.0,2.0,3.0,72.0,19.0,10.0,3.0,85,5,12,1,14.0,14.0,2.0,2.0
2024-01-04,Thu,True,False,0,0,0,0,0,1,0,0,1,1,1,0,0,0,0,0,0,0,1,1,0,0,1,1,1,2.0,14.5,15.0,20.0,13.0,15.0,15.0,20.0,2.0,3.0,71.0,20.0,10.0,3.0,84,6,12,1,13.0,15.0,2.0,2.0
2024-01-05,Fri,True,False,0,0,1,0,0,1,1,0,0,1,1,0,0,0,0,0,0,0,1,1,0,0,1,1,2,3.0,15.5,14.0,21.0,12.0,14.0,14.0,21.0,2.0,3.0,70.0,21.0,10.0,3.0,83,7,12,1,12.0,16.0,2.0,2.0
2024-01-06,Sat,False,False,0,0,0,0,0,0,0,0,0,0,0,0,0,0,0,0,0,0,0,0,0,0,0,0,0,0.0,15.5,13.0,22.0,11.0,13.0,13.0,22.0,2.0,3.0,69.0,22.0,10.0,3.0,82,8,12,1,11.0,17.0,2.0,2.0
2024-01-07,Sun,False,False,0,0,0,0,0,0,0,0,0,0,0,0,0,0,0,0,0,0,0,0,0,0,0,0,0,0.0,15.5,12.0,23.0,10.0,12.0,12.0,23.0,2.0,3.0,68.0,23.0,10.0,3.0,81,9,12,1,10.0,18.0,2.0,2.0
2024-01-08,Mon,True,False,0,0,0,0,0,1,1,0,0,1,1,0,0,0,0,0,0,0,1,1,0,0,1,1,1,2.0,11.5,11.0,24.0,9.0,11.0,11.0,24.0,1.0,4.0,67.0,24.0,9.0,4.0,80,10,11,2,9.0,19.0,1.0,3.0
2024-01-09,Tue,True,False,0,0,0,0,0,1,0,1,0,1,1,0,0,0,0,0,0,0,1,1,0,0,1,1,1,2.0,11.5,10.0,25.0,8.0,10.0,10.0,25.0,1.0,4.0,66.0,25.0,9.0,4.0,79,11,11,2,8.0,20.0,1.0,3.0
2024-01-10,Wed,True,False,0,0,0,0,0,1,1,0,0,1,1,0,0,0,0,0,1,0,1,1,0,0,1,1,2,2.5,11.5,9.0,26.0,7.0,9.0,9.0,26.0,1.0,4.0,65.0,26.0,9.0,4.0,78,12,11,2,7.0,21.0,1.0,3.0
2024-01-11,Thu,True,False,0,0,0,0,0,1,0,0,1,1,1,0,0,0,0,0,0,0,1,1,0,0,1,1,1,2.0,11.5,8.0,27.0,6.0,8.0,8.0,27.0,1.0,4.0,64.0,27.0,9.0,4.0,77,13,11,2,6.0,22.0,1.0,3.0
2024-01-12,Fri,True,False,0,0,1,0,0,1,1,0,0,1,1,0,0,0,0,0,0,0,1,1,0,0,1,1,2,3.0,11.5,7.0,28.0,5.0,7.0,7.0,28.0,1.0,4.0,63.0,28.0,9.0,4.0,76,14,11,2,5.0,23.0,1.0,3.0
2024-01-13,Sat,False,False,0,0,0,0,0,0,0,0,0,0,0,0,0,0,0,0,0,0,0,0,0,0,0,0,0,0.0,11.5,6.0,29.0,4.0,6.0,6.0,29.0,1.0,4.0,62.0,29.0,9.0,4.0,75,15,11,2,4.0,24.0,1.0,3.0
2024-01-14,Sun,False,False,0,0,0,0,0,0,0,0,0,0,0,0,0,0,0,0,0,0,0,0,0,0,0,0,0,0.0,11.5,5.0,30.0,3.0,5.0,5.0,30.0,1.0,4.0,61.0,30.0,9.0,4.0,74,16,11,2,3.0,25.0,1.0,3.0
2024-01-15,Mon,False,True,0,0,0,0,0,0,0,0,0,0,0,0,0,0,0,0,0,0,0,0,0,0,0,0,0,0.0,11.5,4.0,31.0,2.0,4.0,4.0,31.0,0.0,0.0,60.0,31.0,8.0,5.0,73,17,10,3,2.0,26.0,0.0,0.0
2024-01-16,Tue,True,False,0,0,0,0,0,1,0,1,0,1,1,0,0,0,0,0,0,0,1,1,0,0,1,1,1,2.0,11.5,3.0,32.0,1.0,3.0,3.0,32.0,0.0,0.0,59.0,32.0,8.0,5.0,72,18,10,3,1.0,27.0,0.0,0.0
2024-01-17,Wed,True,False,0,0,0,0,0,1,1,0,0,1,1,0,0,0,0,1,0,0,1,1,0,0,1,1,2,3.5,13.0,2.0,33.0,0.0,2.0,2.0,33.0,0.0,0.0,58.0,33.0,8.0,5.0,71,19,10,3,0.0,0.0,0.0,0.0
2024-01-18,Thu,True,False,0,0,0,0,0,1,0,0,1,1,1,0,0,0,0,0,0,0,1,1,0,0,1,1,1,2.0,12.5,1.0,34.0,27.0,1.0,1.0,34.0,0.0,0.0,57.0,34.0,8.0,5.0,70,20,10,3,27.0,1.0,0.0,0.0
2024-01-19,Fri,True,False,1,1,0,1,1,1,1,0,0,1,1,0,0,0,0,0,0,0,1,1,1,1,1,1,3,7.0,17.5,0.0,0.0,26.0,0.0,0.0,0.0,0.0,0.0,56.0,35.0,8.0,5.0,69,21,10,3,26.0,2.0,0.0,0.0
2024-01-20,Sat,False,False,0,0,0,0,0,0,0,0,0,0,0,0,0,0,0,0,0,0,0,0,0,0,0,0,0,0.0,17.5,27.0,1.0,25.0,27.0,27.0,1.0,0.0,0.0,55.0,36.0,8.0,5.0,68,22,10,3,25.0,3.0,0.0,0.0
2024-01-21,Sun,False,False,0,0,0,0,0,0,0,0,0,0,0,0,0,0,0,0,0,0,0,0,0,0,0,0,0,0.0,17.5,26.0,2.0,24.0,26.0,26.0,2.0,0.0,0.0,54.0,37.0,8.0,5.0,67,23,10,3,24.0,4.0,0.0,0.0
2024-01-22,Mon,True,False,0,0,0,0,0,1,1,0,0,1,1,0,0,0,0,0,0,0,1,1,0,0,1,1,1,2.0,16.5,25.0,3.0,23.0,25.0,25.0,3.0,3.0,1.0,53.0,38.0,7.0,6.0,66,24,9,4,23.0,5.0,3.0,1.0
2024-01-23,Tue,True,False,0,0,0,0,0,1,0,1,0,1,1,0,0,0,0,0,0,0,1,1,0,0,1,1,1,2.0,16.5,24.0,4.0,22.0,24.0,24.0,4.0,3.0,1.0,52.0,39.0,7.0,6.0,65,25,9,4,22.0,6.0,3.0,1.0
2024-01-24,Wed,True,False,0,0,0,0,0,1,1,0,0,1,1,0,0,0,0,0,1,0,1,1,0,0,1,1,2,2.5,15.5,23.0,5.0,21.0,23.0,23.0,5.0,3.0,1.0,51.0,40.0,7.0,6.0,64,26,9,4,21.0,7.0,3.0,1.0
2024-01-25,Thu,True,False,0,0,0,0,0,1,0,0,1,1,1,0,0,0,0,0,0,0,1,1,0,0,1,1,1,2.0,15.5,22.0,6.0,20.0,22.0,22.0,6.0,3.0,1.0,50.0,41.0,7.0,6.0,63,27,9,4,20.0,8.0,3.0,1.0
2024-01-26,Fri,True,False,0,0,1,0,0,1,1,0,0,1,1,0,0,0,0,0,0,0,1,1,0,0,1,1,2,3.0,11.5,21.0,7.0,19.0,21.0,21.0,7.0,3.0,1.0,49.0,42.0,7.0,6.0,62,28,9,4,19.0,9.0,3.0,1.0
2024-01-27,Sat,False,False,0,0,0,0,0,0,0,0,0,0,0,0,0,0,0,0,0,0,0,0,0,0,0,0,0,0.0,11.5,20.0,8.0,18.0,20.0,20.0,8.0,3.0,1.0,48.0,43.0,7.0,6.0,61,29,9,4,18.0,10.0,3.0,1.0
2024-01-28,Sun,False,False,0,0,0,0,0,0,0,0,0,0,0,0,0,0,0,0,0,0,0,0,0,0,0,0,0,0.0,11.5,19.0,9.0,17.0,19.0,19.0,9.0,3.0,1.0,47.0,44.0,7.0,6.0,60,30,9,4,17.0,11.0,3.0,1.0
2024-01-29,Mon,True,False,0,0,0,0,0,1,1,0,0,1,1,0,0,0,0,0,0,0,1,1,0,0,1,1,1,2.0,11.5,18.0,10.0,16.0,18.0,18.0,10.0,2.0,2.0,46.0,45.0,6.0,7.0,59,31,8,5,16.0,12.0,2.0,2.0
2024-01-30,Tue,True,False,0,0,0,0,0,1,0,1,0,1,1,0,0,0,0,0,0,0,1,1,0,0,1,1,1,2.0,11.5,17.0,11.0,15.0,17.0,17.0,11.0,2.0,2.0,45.0,46.0,6.0,7.0,58,32,8,5,15.0,13.0,2.0,2.0
2024-01-31,Wed,True,False,0,0,0,0,0,0,0,0,0,0,0,1,1,0,0,0,1,0,1,1,0,0,0,1,2,2.5,11.5,16.0,12.0,14.0,16.0,16.0,12.0,2.0,2.0,44.0,47.0,6.0,7.0,57,33,8,5,14.0,14.0,2.0,2.0
2024-02-01,Thu,True,False,0,0,0,0,0,1,0,0,1,1,1,0,0,0,0,0,0,0,1,1,0,0,1,1,1,2.0,11.5,15.0,13.0,13.0,15.0,15.0,13.0,2.0,2.0,43.0,48.0,6.0,7.0,56,34,8,5,13.0,15.0,2.0,2.0
2024-02-02,Fri,True,False,0,0,1,0,0,1,1,0,0,1,1,0,0,0,0,0,0,0,1,1,0,0,1,1,2,3.0,11.5,14.0,14.0,12.0,14.0,14.0,14.0,2.0,2.0,42.0,49.0,6.0,7.0,55,35,8,5,12.0,16.0,2.0,2.0
2024-02-03,Sat,False,False,0,0,0,0,0,0,0,0,0,0,0,0,0,0,0,0,0,0,0,0,0,0,0,0,0,0.0,11.5,13.0,15.0,11.0,13.0,13.0,15.0,2.0,2.0,41.0,50.0,6.0,7.0,54,36,8,5,11.0,17.0,2.0,2.0
2024-02-04,Sun,False,False,0,0,0,0,0,0,0,0,0,0,0,0,0,0,0,0,0,0,0,0,0,0,0,0,0,0.0,11.5,12.0,16.0,10.0,12.0,12.0,16.0,2.0,2.0,40.0,51.0,6.0,7.0,53,37,8,5,10.0,18.0,2.0,2.0
2024-02-05,Mon,True,False,0,0,0,0,0,1,1,0,0,1,1,0,0,0,0,0,0,0,1,1,0,0,1,1,1,2.0,11.5,11.0,17.0,9.0,11.0,11.0,17.0,1.0,3.0,39.0,52.0,5.0,8.0,52,38,7,6,9.0,19.0,1.0,3.0
2024-02-06,Tue,True,False,0,0,0,0,0,1,0,1,0,1,1,0,0,0,0,0,0,0,1,1,0,0,1,1,1,2.0,11.5,10.0,18.0,8.0,10.0,10.0,18.0,1.0,3.0,38.0,53.0,5.0,8.0,51,39,7,6,8.0,20.0,1.0,3.0
2024-02-07,Wed,True,False,0,0,0,0,0,1,1,0,0,1,1,0,0,0,0,0,1,0,1,1,0,0,1,1,2,2.5,11.5,9.0,19.0,7.0,9.0,9.0,19.0,1.0,3.0,37.0,54.0,5.0,8.0,50,40,7,6,7.0,21.0,1.0,3.0
2024-02-08,Thu,True,False,0,0,0,0,0,1,0,0,1,1,1,0,0,0,0,0,0,0,1,1,0,0,1,1,1,2.0,11.5,8.0,20.0,6.0,8.0,8.0,20.0,1.0,3.0,36.0,55.0,5.0,8.0,49,41,7,6,6.0,22.0,1.0,3.0
2024-02-09,Fri,True,False,0,0,1,0,0,1,1,0,0,1,1,0,0,0,0,0,0,0,1,1,0,0,1,1,2,3.0,11.5,7.0,21.0,5.0,7.0,7.0,21.0,1.0,3.0,35.0,56.0,5.0,8.0,48,42,7,6,5.0,23.0,1.0,3.0
2024-02-10,Sat,False,False,0,0,0,0,0,0,0,0,0,0,0,0,0,0,0,0,0,0,0,0,0,0,0,0,0,0.0,11.5,6.0,22.0,4.0,6.0,6.0,22.0,1.0,3.0,34.0,57.0,5.0,8.0,47,43,7,6,4.0,24.0,1.0,3.0
2024-02-11,Sun,False,False,0,0,0,0,0,0,0,0,0,0,0,0,0,0,0,0,0,0,0,0,0,0,0,0,0,0.0,11.5,5.0,23.0,3.0,5.0,5.0,23.0,1.0,3.0,33.0,58.0,5.0,8.0,46,44,7,6,3.0,25.0,1.0,3.0
2024-02-12,Mon,True,False,0,0,0,0,0,1,1,0,0,1,1,0,0,0,0,0,0,0,1,1,0,0,1,1,1,2.0,11.5,4.0,24.0,2.0,4.0,4.0,24.0,0.0,0.0,32.0,59.0,4.0,9.0,45,45,6,7,2.0,26.0,0.0,0.0
2024-02-13,Tue,True,False,0,0,0,0,0,1,0,1,0,1,1,0,0,0,0,0,0,0,1,1,0,0,1,1,1,2.0,11.5,3.0,25.0,1.0,3.0,3.0,25.0,0.0,0.0,31.0,60.0,4.0,9.0,44,46,6,7,1.0,27.0,0.0,0.0
2024-02-14,Wed,True,False,0,0,0,0,0,1,1,0,0,1,1,0,0,0,0,1,0,0,1,1,0,0,1,1,2,3.5,12.5,2.0,26.0,0.0,2.0,2.0,26.0,0.0,0.0,30.0,61.0,4.0,9.0,43,47,6,7,0.0,0.0,0.0,0.0
2024-02-15,Thu,True,False,0,0,0,0,0,1,0,0,1,1,1,0,0,0,0,0,0,0,1,1,0,0,1,1,1,2.0,12.5,1.0,27.0,34.0,1.0,1.0,27.0,0.0,0.0,29.0,62.0,4.0,9.0,42,48,6,7,34.0,1.0,0.0,0.0
2024-02-16,Fri,True,False,1,1,0,1,1,1,1,0,0,1,1,0,0,0,0,0,0,0,1,1,1,1,1,1,3,7.0,16.5,0.0,0.0,33.0,0.0,0.0,0.0,0.0,0.0,28.0,63.0,4.0,9.0,41,49,6,7,33.0,2.0,0.0,0.0
2024-02-17,Sat,False,False,0,0,0,0,0,0,0,0,0,0,0,0,0,0,0,0,0,0,0,0,0,0,0,0,0,0.0,16.5,27.0,1.0,32.0,27.0,27.0,1.0,0.0,0.0,27.0,64.0,4.0,9.0,40,50,6,7,32.0,3.0,0.0,0.0
2024-02-18,Sun,False,False,0,0,0,0,0,0,0,0,0,0,0,0,0,0,0,0,0,0,0,0,0,0,0,0,0,0.0,16.5,26.0,2.0,31.0,26.0,26.0,2.0,0.0,0.0,26.0,65.0,4.0,9.0,39,51,6,7,31.0,4.0,0.0,0.0
2024-02-19,Mon,False,True,0,0,0,0,0,0,0,0,0,0,0,0,0,0,0,0,0,0,0,0,0,0,0,0,0,0.0,16.5,25.0,3.0,30.0,25.0,25.0,3.0,3.0,1.0,25.0,66.0,3.0,10.0,38,52,5,8,30.0,5.0,4.0,1.0
2024-02-20,Tue,True,False,0,0,0,0,0,1,0,1,0,1,1,0,0,0,0,0,0,0,1,1,0,0,1,1,1,2.0,16.5,24.0,4.0,29.0,24.0,24.0,4.0,3.0,1.0,24.0,67.0,3.0,10.0,37,53,5,8,29.0,6.0,4.0,1.0
2024-02-21,Wed,True,False,0,0,0,0,0,1,1,0,0,1,1,0,0,0,0,0,1,0,1,1,0,0,1,1,2,2.5,17.0,23.0,5.0,28.0,23.0,23.0,5.0,3.0,1.0,23.0,68.0,3.0,10.0,36,54,5,8,28.0,7.0,4.0,1.0
2024-02-22,Thu,True,False,0,0,0,0,0,1,0,0,1,1,1,0,0,0,0,0,0,0,1,1,0,0,1,1,1,2.0,15.5,22.0,6.0,27.0,22.0,22.0,6.0,3.0,1.0,22.0,69.0,3.0,10.0,35,55,5,8,27.0,8.0,4.0,1.0
2024-02-23,Fri,True,False,0,0,1,0,0,1,1,0,0,1,1,0,0,0,0,0,0,0,1,1,0,0,1,1,2,3.0,16.5,21.0,7.0,26.0,21.0,21.0,7.0,3.0,1.0,21.0,70.0,3.0,10.0,34,56,5,8,26.0,9.0,4.0,1.0
2024-02-24,Sat,False,False,0,0,0,0,0,0,0,0,0,0,0,0,0,0,0,0,0,0,0,0,0,0,0,0,0,0.0,16.5,20.0,8.0,25.0,20.0,20.0,8.0,3.0,1.0,20.0,71.0,3.0,10.0,33,57,5,8,25.0,10.0,4.0,1.0
2024-02-25,Sun,False,False,0,0,0,0,0,0,0,0,0,0,0,0,0,0,0,0,0,0,0,0,0,0,0,0,0,0.0,16.5,19.0,9.0,24.0,19.0,19.0,9.0,3.0,1.0,19.0,72.0,3.0,10.0,32,58,5,8,24.0,11.0,4.0,1.0
2024-02-26,Mon,True,False,0,0,0,0,0,1,1,0,0,1,1,0,0,0,0,0,0,0,1,1,0,0,1,1,1,2.0,11.5,18.0,10.0,23.0,18.0,18.0,10.0,2.0,2.0,18.0,73.0,2.0,11.0,31,59,4,9,23.0,12.0,3.0,2.0
2024-02-27,Tue,True,False,0,0,0,0,0,1,0,1,0,1,1,0,0,0,0,0,0,0,1,1,0,0,1,1,1,2.0,11.5,17.0,11.0,22.0,17.0,17.0,11.0,2.0,2.0,17.0,74.0,2.0,11.0,30,60,4,9,22.0,13.0,3.0,2.0
2024-02-28,Wed,True,False,0,0,0,0,0,1,1,0,0,1,1,0,0,0,0,0,1,0,1,1,0,0,1,1,2,2.5,11.5,16.0,12.0,21.0,16.0,16.0,12.0,2.0,2.0,16.0,75.0,2.0,11.0,29,61,4,9,21.0,14.0,3.0,2.0
2024-02-29,Thu,True,False,0,0,0,0,0,0,0,0,0,0,0,1,1,0,0,0,0,0,1,1,0,0,0,1,1,2.0,11.5,15.0,13.0,20.0,15.0,15.0,13.0,2.0,2.0,15.0,76.0,2.0,11.0,28,62,4,9,20.0,15.0,3.0,2.0
2024-03-01,Fri,True,False,0,0,1,0,0,1,1,0,0,1,1,0,0,0,0,0,0,0,1,1,0,0,1,1,2,3.0,11.5,14.0,14.0,19.0,14.0,14.0,14.0,2.0,2.0,14.0,77.0,2.0,11.0,27,63,4,9,19.0,16.0,3.0,2.0
2024-03-02,Sat,False,False,0,0,0,0,0,0,0,0,0,0,0,0,0,0,0,0,0,0,0,0,0,0,0,0,0,0.0,11.5,13.0,15.0,18.0,13.0,13.0,15.0,2.0,2.0,13.0,78.0,2.0,11.0,26,64,4,9,18.0,17.0,3.0,2.0
2024-03-03,Sun,False,False,0,0,0,0,0,0,0,0,0,0,0,0,0,0,0,0,0,0,0,0,0,0,0,0,0,0.0,11.5,12.0,16.0,17.0,12.0,12.0,16.0,2.0,2.0,12.0,79.0,2.0,11.0,25,65,4,9,17.0,18.0,3.0,2.0
2024-03-04,Mon,True,False,0,0,0,0,0,1,1,0,0,1,1,0,0,0,0,0,0,0,1,1,0,0,1,1,1,2.0,11.5,11.0,17.0,16.0,11.0,11.0,17.0,1.0,3.0,11.0,80.0,1.0,12.0,24,66,3,10,16.0,19.0,2.0,3.0
2024-03-05,Tue,True,False,0,0,0,0,0,1,0,1,0,1,1,0,0,0,0,0,0,0,1,1,0,0,1,1,1,2.0,11.5,10.0,18.0,15.0,10.0,10.0,18.0,1.0,3.0,10.0,81.0,1.0,12.0,23,67,3,10,15.0,20.0,2.0,3.0
2024-03-06,Wed,True,False,0,0,0,0,0,1,1,0,0,1,1,0,0,0,0,0,1,0,1,1,0,0,1,1,2,2.5,11.5,9.0,19.0,14.0,9.0,9.0,19.0,1.0,3.0,9.0,82.0,1.0,12.0,22,68,3,10,14.0,21.0,2.0,3.0
2024-03-07,Thu,True,False,0,0,0,0,0,1,0,0,1,1,1,0,0,0,0,0,0,0,1,1,0,0,1,1,1,2.0,11.5,8.0,20.0,13.0,8.0,8.0,20.0,1.0,3.0,8.0,83.0,1.0,12.0,21,69,3,10,13.0,22.0,2.0,3.0
2024-03-08,Fri,True,False,0,0,1,0,0,1,1,0,0,1,1,0,0,0,0,0,0,0,1,1,0,0,1,1,2,3.0,11.5,7.0,21.0,12.0,7.0,7.0,21.0,1.0,3.0,7.0,84.0,1.0,12.0,20,70,3,10,12.0,23.0,2.0,3.0
2024-03-09,Sat,False,False,0,0,0,0,0,0,0,0,0,0,0,0,0,0,0,0,0,0,0,0,0,0,0,0,0,0.0,11.5,6.0,22.0,11.0,6.0,6.0,22.0,1.0,3.0,6.0,85.0,1.0,12.0,19,71,3,10,11.0,24.0,2.0,3.0
2024-03-10,Sun,False,False,0,0,0,0,0,0,0,0,0,0,0,0,0,0,0,0,0,0,0,0,0,0,0,0,0,0.0,11.5,5.0,23.0,10.0,5.0,5.0,23.0,1.0,3.0,5.0,86.0,1.0,12.0,18,72,3,10,10.0,25.0,2.0,3.0
2024-03-11,Mon,True,False,0,0,0,0,0,1,1,0,0,1,1,0,0,0,0,0,0,0,1,1,0,0,1,1,1,2.0,11.5,4.0,24.0,9.0,4.0,4.0,24.0,0.0,0.0,4.0,87.0,0.0,0.0,17,73,2,11,9.0,26.0,1.0,4.0
2024-03-12,Tue,True,False,0,0,0,0,0,1,0,1,0,1,1,0,0,0,0,0,0,0,1,1,0,0,1,1,1,2.0,11.5,3.0,25.0,8.0,3.0,3.0,25.0,0.0,0.0,3.0,88.0,0.0,0.0,16,74,2,11,8.0,27.0,1.0,4.0
2024-03-13,Wed,True,False,0,0,0,0,0,1,1,0,0,1,1,0,0,0,0,0,1,0,1,1,0,0,1,1,2,2.5,11.5,2.0,26.0,7.0,2.0,2.0,26.0,0.0,0.0,2.0,89.0,0.0,0.0,15,75,2,11,7.0,28.0,1.0,4.0
2024-03-14,Thu,True,False,0,0,0,0,0,1,0,0,1,1,1,0,0,0,0,0,0,0,1,1,0,0,1,1,1,2.0,11.5,1.0,27.0,6.0,1.0,1.0,27.0,0.0,0.0,1.0,90.0,0.0,0.0,14,76,2,11,6.0,29.0,1.0,4.0
2024-03-15,Fri,True,False,1,1,0,1,1,1,1,0,0,1,1,0,0,0,0,0,0,0,1,1,1,1,1,1,3,7.0,15.5,0.0,0.0,5.0,0.0,0.0,0.0,0.0,0.0,0.0,0.0,0.0,0.0,13,77,2,11,5.0,30.0,1.0,4.0
2024-03-16,Sat,False,False,0,0,0,0,0,0,0,0,0,0,0,0,0,0,0,0,0,0,0,0,0,0,0,0,0,0.0,15.5,34.0,1.0,4.0,34.0,34.0,1.0,0.0,0.0,97.0,1.0,0.0,0.0,12,78,2,11,4.0,31.0,1.0,4.0
2024-03-17,Sun,False,False,0,0,0,0,0,0,0,0,0,0,0,0,0,0,0,0,0,0,0,0,0,0,0,0,0,0.0,15.5,33.0,2.0,3.0,33.0,33.0,2.0,0.0,0.0,96.0,2.0,0.0,0.0,11,79,2,11,3.0,32.0,1.0,4.0
2024-03-18,Mon,True,False,0,0,0,0,0,1,1,0,0,1,1,0,0,0,0,0,0,0,1,1,0,0,1,1,1,2.0,15.5,32.0,3.0,2.0,32.0,32.0,3.0,4.0,1.0,95.0,3.0,13.0,1.0,10,80,1,12,2.0,33.0,0.0,0.0
2024-03-19,Tue,True,False,0,0,0,0,0,1,0,1,0,1,1,0,0,0,0,0,0,0,1,1,0,0,1,1,1,2.0,15.5,31.0,4.0,1.0,31.0,31.0,4.0,4.0,1.0,94.0,4.0,13.0,1.0,9,81,1,12,1.0,34.0,0.0,0.0
2024-03-20,Wed,True,False,0,0,0,0,0,1,1,0,0,1,1,0,0,0,0,1,0,0,1,1,0,0,1,1,2,3.5,16.5,30.0,5.0,0.0,30.0,30.0,5.0,4.0,1.0,93.0,5.0,13.0,1.0,8,82,1,12,0.0,0.0,0.0,0.0
2024-03-21,Thu,True,False,0,0,0,0,0,1,0,0,1,1,1,0,0,0,0,0,0,0,1,1,0,0,1,1,1,2.0,16.5,29.0,6.0,27.0,29.0,29.0,6.0,4.0,1.0,92.0,6.0,13.0,1.0,7,83,1,12,27.0,1.0,0.0,0.0
2024-03-22,Fri,True,False,0,0,1,0,0,1,1,0,0,1,1,0,0,0,0,0,0,0,1,1,0,0,1,1,2,3.0,12.5,28.0,7.0,26.0,28.0,28.0,7.0,4.0,1.0,91.0,7.0,13.0,1.0,6,84,1,12,26.0,2.0,0.0,0.0
2024-03-23,Sat,False,False,0,0,0,0,0,0,0,0,0,0,0,0,0,0,0,0,0,0,0,0,0,0,0,0,0,0.0,12.5,27.0,8.0,25.0,27.0,27.0,8.0,4.0,1.0,90.0,8.0,13.0,1.0,5,85,1,12,25.0,3.0,0.0,0.0
2024-03-24,Sun,False,False,0,0,0,0,0,0,0,0,0,0,0,0,0,0,0,0,0,0,0,0,0,0,0,0,0,0.0,12.5,26.0,9.0,24.0,26.0,26.0,9.0,4.0,1.0,89.0,9.0,13.0,1.0,4,86,1,12,24.0,4.0,0.0,0.0
2024-03-25,Mon,True,False,0,0,0,0,0,1,1,0,0,1,1,0,0,0,0,0,0,0,1,1,0,0,1,1,1,2.0,12.5,25.0,10.0,23.0,25.0,25.0,10.0,3.0,2.0,88.0,10.0,12.0,2.0,3,87,0,0,23.0,5.0,3.0,1.0
2024-03-26,Tue,True,False,0,0,0,0,0,1,0,1,0,1,1,0,0,0,0,0,0,0,1,1,0,0,1,1,1,2.0,12.5,24.0,11.0,22.0,24.0,24.0,11.0,3.0,2.0,87.0,11.0,12.0,2.0,2,88,0,0,22.0,6.0,3.0,1.0
2024-03-27,Wed,True,False,0,0,0,0,0,1,1,0,0,1,1,0,0,0,0,0,1,0,1,1,0,0,1,1,2,2.5,11.5,23.0,12.0,21.0,23.0,23.0,12.0,3.0,2.0,86.0,12.0,12.0,2.0,1,89,0,0,21.0,7.0,3.0,1.0
2024-03-28,Thu,True,False,0,0,0,0,0,0,0,0,0,0,0,1,1,1,1,0,0,1,1,1,0,0,0,1,3,5.0,14.5,22.0,13.0,20.0,22.0,22.0,13.0,3.0,2.0,85.0,13.0,12.0,2.0,0,0,0,0,20.0,8.0,3.0,1.0
2024-03-29,Fri,False,True,0,0,0,0,0,0,0,0,0,0,0,0,0,0,0,0,0,0,0,0,0,0,0,0,0,0.0,14.5,21.0,14.0,19.0,21.0,21.0,14.0,3.0,2.0,84.0,14.0,12.0,2.0,91,1,0,0,19.0,9.0,3.0,1.0
2024-03-30,Sat,False,False,0,0,0,0,0,0,0,0,0,0,0,0,0,0,0,0,0,0,0,0,0,0,0,0,0,0.0,14.5,20.0,15.0,18.0,20.0,20.0,15.0,3.0,2.0,83.0,15.0,12.0,2.0,90,2,0,0,18.0,10.0,3.0,1.0
2024-03-31,Sun,False,False,0,0,0,0,0,0,0,0,0,0,0,0,0,0,0,0,0,0,0,0,0,0,0,0,0,0.0,14.5,19.0,16.0,17.0,19.0,19.0,16.0,3.0,2.0,82.0,16.0,12.0,2.0,89,3,0,0,17.0,11.0,3.0,1.0
2024-04-01,Mon,True,False,0,0,0,0,0,1,1,0,0,1,1,0,0,0,0,0,0,0,1,1,0,0,1,1,1,2.0,13.5,18.0,17.0,16.0,18.0,18.0,17.0,2.0,3.0,81.0,17.0,11.0,3.0,88,4,12,1,16.0,12.0,2.0,2.0
2024-04-02,Tue,True,False,0,0,0,0,0,1,0,1,0,1,1,0,0,0,0,0,0,0,1,1,0,0,1,1,1,2.0,13.5,17.0,18.0,15.0,17.0,17.0,18.0,2.0,3.0,80.0,18.0,11.0,3.0,87,5,12,1,15.0,13.0,2.0,2.0
2024-04-03,Wed,True,False,0,0,0,0,0,1,1,0,0,1,1,0,0,0,0,0,1,0,1,1,0,0,1,1,2,2.5,14.0,16.0,19.0,14.0,16.0,16.0,19.0,2.0,3.0,79.0,19.0,11.0,3.0,86,6,12,1,14.0,14.0,2.0,2.0
2024-04-04,Thu,True,False,0,0,0,0,0,1,0,0,1,1,1,0,0,0,0,0,0,0,1,1,0,0,1,1,1,2.0,13.5,15.0,20.0,13.0,15.0,15.0,20.0,2.0,3.0,78.0,20.0,11.0,3.0,85,7,12,1,13.0,15.0,2.0,2.0
2024-04-05,Fri,True,False,0,0,1,0,0,1,1,0,0,1,1,0,0,0,0,0,0,0,1,1,0,0,1,1,2,3.0,11.5,14.0,21.0,12.0,14.0,14.0,21.0,2.0,3.0,77.0,21.0,11.0,3.0,84,8,12,1,12.0,16.0,2.0,2.0
2024-04-06,Sat,False,False,0,0,0,0,0,0,0,0,0,0,0,0,0,0,0,0,0,0,0,0,0,0,0,0,0,0.0,11.5,13.0,22.0,11.0,13.0,13.0,22.0,2.0,3.0,76.0,22.0,11.0,3.0,83,9,12,1,11.0,17.0,2.0,2.0
2024-04-07,Sun,False,False,0,0,0,0,0,0,0,0,0,0,0,0,0,0,0,0,0,0,0,0,0,0,0,0,0,0.0,11.5,12.0,23.0,10.0,12.0,12.0,23.0,2.0,3.0,75.0,23.0,11.0,3.0,82,10,12,1,10.0,18.0,2.0,2.0
2024-04-08,Mon,True,False,0,0,0,0,0,1,1,0,0,1,1,0,0,0,0,0,0,0,1,1,0,0,1,1,1,2.0,11.5,11.0,24.0,9.0,11.0,11.0,24.0,1.0,4.0,74.0,24.0,10.0,4.0,81,11,11,2,9.0,19.0,1.0,3.0
2024-04-09,Tue,True,False,0,0,0,0,0,1,0,1,0,1,1,0,0,0,0,0,0,0,1,1,0,0,1,1,1,2.0,11.5,10.0,25.0,8.0,10.0,10.0,25.0,1.0,4.0,73.0,25.0,10.0,4.0,80,12,11,2,8.0,20.0,1.0,3.0
2024-04-10,Wed,True,False,0,0,0,0,0,1,1,0,0,1,1,0,0,0,0,0,1,0,1,1,0,0,1,1,2,2.5,11.5,9.0,26.0,7.0,9.0,9.0,26.0,1.0,4.0,72.0,26.0,10.0,4.0,79,13,11,2,7.0,21.0,1.0,3.0
2024-04-11,Thu,True,False,0,0,0,0,0,1,0,0,1,1,1,0,0,0,0,0,0,0,1,1,0,0,1,1,1,2.0,11.5,8.0,27.0,6.0,8.0,8.0,27.0,1.0,4.0,71.0,27.0,10.0,4.0,78,14,11,2,6.0,22.0,1.0,3.0
2024-04-12,Fri,True,False,0,0,1,0,0,1,1,0,0,1,1,0,0,0,0,0,0,0,1,1,0,0,1,1,2,3.0,11.5,7.0,28.0,5.0,7.0,7.0,28.0,1.0,4.0,70.0,28.0,10.0,4.0,77,15,11,2,5.0,23.0,1.0,3.0
2024-04-13,Sat,False,False,0,0,0,0,0,0,0,0,0,0,0,0,0,0,0,0,0,0,0,0,0,0,0,0,0,0.0,11.5,6.0,29.0,4.0,6.0,6.0,29.0,1.0,4.0,69.0,29.0,10.0,4.0,76,16,11,2,4.0,24.0,1.0,3.0
2024-04-14,Sun,False,False,0,0,0,0,0,0,0,0,0,0,0,0,0,0,0,0,0,0,0,0,0,0,0,0,0,0.0,11.5,5.0,30.0,3.0,5.0,5.0,30.0,1.0,4.0,68.0,30.0,10.0,4.0,75,17,11,2,3.0,25.0,1.0,3.0
2024-04-15,Mon,True,False,0,0,0,0,0,1,1,0,0,1,1,0,0,0,0,0,0,0,1,1,0,0,1,1,1,2.0,11.5,4.0,31.0,2.0,4.0,4.0,31.0,0.0,0.0,67.0,31.0,9.0,5.0,74,18,10,3,2.0,26.0,0.0,0.0
2024-04-16,Tue,True,False,0,0,0,0,0,1,0,1,0,1,1,0,0,0,0,0,0,0,1,1,0,0,1,1,1,2.0,11.5,3.0,32.0,1.0,3.0,3.0,32.0,0.0,0.0,66.0,32.0,9.0,5.0,73,19,10,3,1.0,27.0,0.0,0.0
2024-04-17,Wed,True,False,0,0,0,0,0,1,1,0,0,1,1,0,0,0,0,1,0,0,1,1,0,0,1,1,2,3.5,12.5,2.0,33.0,0.0,2.0,2.0,33.0,0.0,0.0,65.0,33.0,9.0,5.0,72,20,10,3,0.0,0.0,0.0,0.0
2024-04-18,Thu,True,False,0,0,0,0,0,1,0,0,1,1,1,0,0,0,0,0,0,0,1,1,0,0,1,1,1,2.0,12.5,1.0,34.0,34.0,1.0,1.0,34.0,0.0,0.0,64.0,34.0,9.0,5.0,71,21,10,3,34.0,1.0,0.0,0.0
2024-04-19,Fri,True,False,1,1,0,1,1,1,1,0,0,1,1,0,0,0,0,0,0,0,1,1,1,1,1,1,3,7.0,16.5,0.0,0.0,33.0,0.0,0.0,0.0,0.0,0.0,63.0,35.0,9.0,5.0,70,22,10,3,33.0,2.0,0.0,0.0
2024-04-20,Sat,False,False,0,0,0,0,0,0,0,0,0,0,0,0,0,0,0,0,0,0,0,0,0,0,0,0,0,0.0,16.5,27.0,1.0,32.0,27.0,27.0,1.0,0.0,0.0,62.0,36.0,9.0,5.0,69,23,10,3,32.0,3.0,0.0,0.0
2024-04-21,Sun,False,False,0,0,0,0,0,0,0,0,0,0,0,0,0,0,0,0,0,0,0,0,0,0,0,0,0,0.0,16.5,26.0,2.0,31.0,26.0,26.0,2.0,0.0,0.0,61.0,37.0,9.0,5.0,68,24,10,3,31.0,4.0,0.0,0.0
2024-04-22,Mon,True,False,0,0,0,0,0,1,1,0,0,1,1,0,0,0,0,0,0,0,1,1,0,0,1,1,1,2.0,16.5,25.0,3.0,30.0,25.0,25.0,3.0,3.0,1.0,60.0,38.0,8.0,6.0,67,25,9,4,30.0,5.0,4.0,1.0
2024-04-23,Tue,True,False,0,0,0,0,0,1,0,1,0,1,1,0,0,0,0,0,0,0,1,1,0,0,1,1,1,2.0,16.5,24.0,4.0,29.0,24.0,24.0,4.0,3.0,1.0,59.0,39.0,8.0,6.0,66,26,9,4,29.0,6.0,4.0,1.0
2024-04-24,Wed,True,False,0,0,0,0,0,1,1,0,0,1,1,0,0,0,0,0,1,0,1,1,0,0,1,1,2,2.5,15.5,23.0,5.0,28.0,23.0,23.0,5.0,3.0,1.0,58.0,40.0,8.0,6.0,65,27,9,4,28.0,7.0,4.0,1.0
2024-04-25,Thu,True,False,0,0,0,0,0,1,0,0,1,1,1,0,0,0,0,0,0,0,1,1,0,0,1,1,1,2.0,15.5,22.0,6.0,27.0,22.0,22.0,6.0,3.0,1.0,57.0,41.0,8.0,6.0,64,28,9,4,27.0,8.0,4.0,1.0
2024-04-26,Fri,True,False,0,0,1,0,0,1,1,0,0,1,1,0,0,0,0,0,0,0,1,1,0,0,1,1,2,3.0,11.5,21.0,7.0,26.0,21.0,21.0,7.0,3.0,1.0,56.0,42.0,8.0,6.0,63,29,9,4,26.0,9.0,4.0,1.0
2024-04-27,Sat,False,False,0,0,0,0,0,0,0,0,0,0,0,0,0,0,0,0,0,0,0,0,0,0,0,0,0,0.0,11.5,20.0,8.0,25.0,20.0,20.0,8.0,3.0,1.0,55.0,43.0,8.0,6.0,62,30,9,4,25.0,10.0,4.0,1.0
2024-04-28,Sun,False,False,0,0,0,0,0,0,0,0,0,0,0,0,0,0,0,0,0,0,0,0,0,0,0,0,0,0.0,11.5,19.0,9.0,24.0,19.0,19.0,9.0,3.0,1.0,54.0,44.0,8.0,6.0,61,31,9,4,24.0,11.0,4.0,1.0
2024-04-29,Mon,True,False,0,0,0,0,0,1,1,0,0,1,1,0,0,0,0,0,0,0,1,1,0,0,1,1,1,2.0,11.5,18.0,10.0,23.0,18.0,18.0,10.0,2.0,2.0,53.0,45.0,7.0,7.0,60,32,8,5,23.0,12.0,3.0,2.0
2024-04-30,Tue,True,False,0,0,0,0,0,0,0,0,0,0,0,1,1,0,0,0,0,0,1,1,0,0,0,1,1,2.0,11.5,17.0,11.0,22.0,17.0,17.0,11.0,2.0,2.0,52.0,46.0,7.0,7.0,59,33,8,5,22.0,13.0,3.0,2.0
2024-05-01,Wed,True,False,0,0,0,0,0,1,1,0,0,1,1,0,0,0,0,0,1,0,1,1,0,0,1,1,2,2.5,11.5,16.0,12.0,21.0,16.0,16.0,12.0,2.0,2.0,51.0,47.0,7.0,7.0,58,34,8,5,21.0,14.0,3.0,2.0
2024-05-02,Thu,True,False,0,0,0,0,0,1,0,0,1,1,1,0,0,0,0,0,0,0,1,1,0,0,1,1,1,2.0,11.5,15.0,13.0,20.0,15.0,15.0,13.0,2.0,2.0,50.0,48.0,7.0,7.0,57,35,8,5,20.0,15.0,3.0,2.0
2024-05-03,Fri,True,False,0,0,1,0,0,1,1,0,0,1,1,0,0,0,0,0,0,0,1,1,0,0,1,1,2,3.0,11.5,14.0,14.0,19.0,14.0,14.0,14.0,2.0,2.0,49.0,49.0,7.0,7.0,56,36,8,5,19.0,16.0,3.0,2.0
2024-05-04,Sat,False,False,0,0,0,0,0,0,0,0,0,0,0,0,0,0,0,0,0,0,0,0,0,0,0,0,0,0.0,11.5,13.0,15.0,18.0,13.0,13.0,15.0,2.0,2.0,48.0,50.0,7.0,7.0,55,37,8,5,18.0,17.0,3.0,2.0
2024-05-05,Sun,False,False,0,0,0,0,0,0,0,0,0,0,0,0,0,0,0,0,0,0,0,0,0,0,0,0,0,0.0,11.5,12.0,16.0,17.0,12.0,12.0,16.0,2.0,2.0,47.0,51.0,7.0,7.0,54,38,8,5,17.0,18.0,3.0,2.0
2024-05-06,Mon,True,False,0,0,0,0,0,1,1,0,0,1,1,0,0,0,0,0,0,0,1,1,0,0,1,1,1,2.0,11.5,11.0,17.0,16.0,11.0,11.0,17.0,1.0,3.0,46.0,52.0,6.0,8.0,53,39,7,6,16.0,19.0,2.0,3.0
2024-05-07,Tue,True,False,0,0,0,0,0,1,0,1,0,1,1,0,0,0,0,0,0,0,1,1,0,0,1,1,1,2.0,11.5,10.0,18.0,15.0,10.0,10.0,18.0,1.0,3.0,45.0,53.0,6.0,8.0,52,40,7,6,15.0,20.0,2.0,3.0
2024-05-08,Wed,True,False,0,0,0,0,0,1,1,0,0,1,1,0,0,0,0,0,1,0,1,1,0,0,1,1,2,2.5,11.5,9.0,19.0,14.0,9.0,9.0,19.0,1.0,3.0,44.0,54.0,6.0,8.0,51,41,7,6,14.0,21.0,2.0,3.0
2024-05-09,Thu,True,False,0,0,0,0,0,1,0,0,1,1,1,0,0,0,0,0,0,0,1,1,0,0,1,1,1,2.0,11.5,8.0,20.0,13.0,8.0,8.0,20.0,1.0,3.0,43.0,55.0,6.0,8.0,50,42,7,6,13.0,22.0,2.0,3.0
2024-05-10,Fri,True,False,0,0,1,0,0,1,1,0,0,1,1,0,0,0,0,0,0,0,1,1,0,0,1,1,2,3.0,11.5,7.0,21.0,12.0,7.0,7.0,21.0,1.0,3.0,42.0,56.0,6.0,8.0,49,43,7,6,12.0,23.0,2.0,3.0
2024-05-11,Sat,False,False,0,0,0,0,0,0,0,0,0,0,0,0,0,0,0,0,0,0,0,0,0,0,0,0,0,0.0,11.5,6.0,22.0,11.0,6.0,6.0,22.0,1.0,3.0,41.0,57.0,6.0,8.0,48,44,7,6,11.0,24.0,2.0,3.0
2024-05-12,Sun,False,False,0,0,0,0,0,0,0,0,0,0,0,0,0,0,0,0,0,0,0,0,0,0,0,0,0,0.0,11.5,5.0,23.0,10.0,5.0,5.0,23.0,1.0,3.0,40.0,58.0,6.0,8.0,47,45,7,6,10.0,25.0,2.0,3.0
2024-05-13,Mon,True,False,0,0,0,0,0,1,1,0,0,1,1,0,0,0,0,0,0,0,1,1,0,0,1,1,1,2.0,11.5,4.0,24.0,9.0,4.0,4.0,24.0,0.0,0.0,39.0,59.0,5.0,9.0,46,46,6,7,9.0,26.0,1.0,4.0
2024-05-14,Tue,True,False,0,0,0,0,0,1,0,1,0,1,1,0,0,0,0,0,0,0,1,1,0,0,1,1,1,2.0,11.5,3.0,25.0,8.0,3.0,3.0,25.0,0.0,0.0,38.0,60.0,5.0,9.0,45,47,6,7,8.0,27.0,1.0,4.0
2024-05-15,Wed,True,False,0,0,0,0,0,1,1,0,0,1,1,0,0,0,0,0,1,0,1,1,0,0,1,1,2,2.5,11.5,2.0,26.0,7.0,2.0,2.0,26.0,0.0,0.0,37.0,61.0,5.0,9.0,44,48,6,7,7.0,28.0,1.0,4.0
2024-05-16,Thu,True,False,0,0,0,0,0,1,0,0,1,1,1,0,0,0,0,0,0,0,1,1,0,0,1,1,1,2.0,11.5,1.0,27.0,6.0,1.0,1.0,27.0,0.0,0.0,36.0,62.0,5.0,9.0,43,49,6,7,6.0,29.0,1.0,4.0
2024-05-17,Fri,True,False,1,1,0,1,1,1,1,0,0,1,1,0,0,0,0,0,0,0,1,1,1,1,1,1,3,7.0,15.5,0.0,0.0,5.0,0.0,0.0,0.0,0.0,0.0,35.0,63.0,5.0,9.0,42,50,6,7,5.0,30.0,1.0,4.0
2024-05-18,Sat,False,False,0,0,0,0,0,0,0,0,0,0,0,0,0,0,0,0,0,0,0,0,0,0,0,0,0,0.0,15.5,34.0,1.0,4.0,34.0,34.0,1.0,0.0,0.0,34.0,64.0,5.0,9.0,41,51,6,7,4.0,31.0,1.0,4.0
2024-05-19,Sun,False,False,0,0,0,0,0,0,0,0,0,0,0,0,0,0,0,0,0,0,0,0,0,0,0,0,0,0.0,15.5,33.0,2.0,3.0,33.0,33.0,2.0,0.0,0.0,33.0,65.0,5.0,9.0,40,52,6,7,3.0,32.0,1.0,4.0
2024-05-20,Mon,True,False,0,0,0,0,0,1,1,0,0,1,1,0,0,0,0,0,0,0,1,1,0,0,1,1,1,2.0,15.5,32.0,3.0,2.0,32.0,32.0,3.0,4.0,1.0,32.0,66.0,4.0,10.0,39,53,5,8,2.0,33.0,0.0,0.0
2024-05-21,Tue,True,False,0,0,0,0,0,1,0,1,0,1,1,0,0,0,0,0,0,0,1,1,0,0,1,1,1,2.0,15.5,31.0,4.0,1.0,31.0,31.0,4.0,4.0,1.0,31.0,67.0,4.0,10.0,38,54,5,8,1.0,34.0,0.0,0.0
2024-05-22,Wed,True,False,0,0,0,0,0,1,1,0,0,1,1,0,0,0,0,1,0,0,1,1,0,0,1,1,2,3.5,16.5,30.0,5.0,0.0,30.0,30.0,5.0,4.0,1.0,30.0,68.0,4.0,10.0,37,55,5,8,0.0,0.0,0.0,0.0
2024-05-23,Thu,True,False,0,0,0,0,0,1,0,0,1,1,1,0,0,0,0,0,0,0,1,1,0,0,1,1,1,2.0,16.5,29.0,6.0,26.0,29.0,29.0,6.0,4.0,1.0,29.0,69.0,4.0,10.0,36,56,5,8,26.0,1.0,0.0,0.0
2024-05-24,Fri,True,False,0,0,1,0,0,1,1,0,0,1,1,0,0,0,0,0,0,0,1,1,0,0,1,1,2,3.0,12.5,28.0,7.0,25.0,28.0,28.0,7.0,4.0,1.0,28.0,70.0,4.0,10.0,35,57,5,8,25.0,2.0,0.0,0.0
2024-05-25,Sat,False,False,0,0,0,0,0,0,0,0,0,0,0,0,0,0,0,0,0,0,0,0,0,0,0,0,0,0.0,12.5,27.0,8.0,24.0,27.0,27.0,8.0,4.0,1.0,27.0,71.0,4.0,10.0,34,58,5,8,24.0,3.0,0.0,0.0
2024-05-26,Sun,False,False,0,0,0,0,0,0,0,0,0,0,0,0,0,0,0,0,0,0,0,0,0,0,0,0,0,0.0,12.5,26.0,9.0,23.0,26.0,26.0,9.0,4.0,1.0,26.0,72.0,4.0,10.0,33,59,5,8,23.0,4.0,0.0,0.0
2024-05-27,Mon,False,True,0,0,0,0,0,0,0,0,0,0,0,0,0,0,0,0,0,0,0,0,0,0,0,0,0,0.0,12.5,25.0,10.0,22.0,25.0,25.0,10.0,3.0,2.0,25.0,73.0,3.0,11.0,32,60,4,9,22.0,5.0,3.0,1.0
2024-05-28,Tue,True,False,0,0,0,0,0,1,0,1,0,1,1,0,0,0,0,0,0,0,1,1,0,0,1,1,1,2.0,12.5,24.0,11.0,21.0,24.0,24.0,11.0,3.0,2.0,24.0,74.0,3.0,11.0,31,61,4,9,21.0,6.0,3.0,1.0
2024-05-29,Wed,True,False,0,0,0,0,0,1,1,0,0,1,1,0,0,0,0,0,1,0,1,1,0,0,1,1,2,2.5,13.0,23.0,12.0,20.0,23.0,23.0,12.0,3.0,2.0,23.0,75.0,3.0,11.0,30,62,4,9,20.0,7.0,3.0,1.0
2024-05-30,Thu,True,False,0,0,0,0,0,1,0,0,1,1,1,0,0,0,0,0,0,0,1,1,0,0,1,1,1,2.0,11.5,22.0,13.0,19.0,22.0,22.0,13.0,3.0,2.0,22.0,76.0,3.0,11.0,29,63,4,9,19.0,8.0,3.0,1.0
2024-05-31,Fri,True,False,0,0,1,0,0,0,0,0,0,0,0,1,1,0,0,0,0,0,1,1,0,0,0,1,2,3.0,12.5,21.0,14.0,18.0,21.0,21.0,14.0,3.0,2.0,21.0,77.0,3.0,11.0,28,64,4,9,18.0,9.0,3.0,1.0
2024-06-01,Sat,False,False,0,0,0,0,0,0,0,0,0,0,0,0,0,0,0,0,0,0,0,0,0,0,0,0,0,0.0,12.5,20.0,15.0,17.0,20.0,20.0,15.0,3.0,2.0,20.0,78.0,3.0,11.0,27,65,4,9,17.0,10.0,3.0,1.0
2024-06-02,Sun,False,False,0,0,0,0,0,0,0,0,0,0,0,0,0,0,0,0,0,0,0,0,0,0,0,0,0,0.0,12.5,19.0,16.0,16.0,19.0,19.0,16.0,3.0,2.0,19.0,79.0,3.0,11.0,26,66,4,9,16.0,11.0,3.0,1.0
2024-06-03,Mon,True,False,0,0,0,0,0,1,1,0,0,1,1,0,0,0,0,0,0,0,1,1,0,0,1,1,1,2.0,11.5,18.0,17.0,15.0,18.0,18.0,17.0,2.0,3.0,18.0,80.0,2.0,12.0,25,67,3,10,15.0,12.0,2.0,2.0
2024-06-04,Tue,True,False,0,0,0,0,0,1,0,1,0,1,1,0,0,0,0,0,0,0,1,1,0,0,1,1,1,2.0,11.5,17.0,18.0,14.0,17.0,17.0,18.0,2.0,3.0,17.0,81.0,2.0,12.0,24,68,3,10,14.0,13.0,2.0,2.0
2024-06-05,Wed,True,False,0,0,0,0,0,1,1,0,0,1,1,0,0,0,0,0,1,0,1,1,0,0,1,1,2,2.5,11.5,16.0,19.0,13.0,16.0,16.0,19.0,2.0,3.0,16.0,82.0,2.0,12.0,23,69,3,10,13.0,14.0,2.0,2.0
2024-06-06,Thu,True,False,0,0,0,0,0,1,0,0,1,1,1,0,0,0,0,0,0,0,1,1,0,0,1,1,1,2.0,11.5,15.0,20.0,12.0,15.0,15.0,20.0,2.0,3.0,15.0,83.0,2.0,12.0,22,70,3,10,12.0,15.0,2.0,2.0
2024-06-07,Fri,True,False,0,0,1,0,0,1,1,0,0,1,1,0,0,0,0,0,0,0,1,1,0,0,1,1,2,3.0,11.5,14.0,21.0,11.0,14.0,14.0,21.0,2.0,3.0,14.0,84.0,2.0,12.0,21,71,3,10,11.0,16.0,2.0,2.0
2024-06-08,Sat,False,False,0,0,0,0,0,0,0,0,0,0,0,0,0,0,0,0,0,0,0,0,0,0,0,0,0,0.0,11.5,13.0,22.0,10.0,13.0,13.0,22.0,2.0,3.0,13.0,85.0,2.0,12.0,20,72,3,10,10.0,17.0,2.0,2.0
2024-06-09,Sun,False,False,0,0,0,0,0,0,0,0,0,0,0,0,0,0,0,0,0,0,0,0,0,0,0,0,0,0.0,11.5,12.0,23.0,9.0,12.0,12.0,23.0,2.0,3.0,12.0,86.0,2.0,12.0,19,73,3,10,9.0,18.0,2.0,2.0
2024-06-10,Mon,True,False,0,0,0,0,0,1,1,0,0,1,1,0,0,0,0,0,0,0,1,1,0,0,1,1,1,2.0,11.5,11.0,24.0,8.0,11.0,11.0,24.0,1.0,4.0,11.0,87.0,1.0,13.0,18,74,2,11,8.0,19.0,1.0,3.0
2024-06-11,Tue,True,False,0,0,0,0,0,1,0,1,0,1,1,0,0,0,0,0,0,0,1,1,0,0,1,1,1,2.0,11.5,10.0,25.0,7.0,10.0,10.0,25.0,1.0,4.0,10.0,88.0,1.0,13.0,17,75,2,11,7.0,20.0,1.0,3.0
2024-06-12,Wed,True,False,0,0,0,0,0,1,1,0,0,1,1,0,0,0,0,0,1,0,1,1,0,0,1,1,2,2.5,11.5,9.0,26.0,6.0,9.0,9.0,26.0,1.0,4.0,9.0,89.0,1.0,13.0,16,76,2,11,6.0,21.0,1.0,3.0
2024-06-13,Thu,True,False,0,0,0,0,0,1,0,0,1,1,1,0,0,0,0,0,0,0,1,1,0,0,1,1,1,2.0,11.5,8.0,27.0,5.0,8.0,8.0,27.0,1.0,4.0,8.0,90.0,1.0,13.0,15,77,2,11,5.0,22.0,1.0,3.0
2024-06-14,Fri,True,False,0,0,1,0,0,1,1,0,0,1,1,0,0,0,0,0,0,0,1,1,0,0,1,1,2,3.0,11.5,7.0,28.0,4.0,7.0,7.0,28.0,1.0,4.0,7.0,91.0,1.0,13.0,14,78,2,11,4.0,23.0,1.0,3.0
2024-06-15,Sat,False,False,0,0,0,0,0,0,0,0,0,0,0,0,0,0,0,0,0,0,0,0,0,0,0,0,0,0.0,11.5,6.0,29.0,3.0,6.0,6.0,29.0,1.0,4.0,6.0,92.0,1.0,13.0,13,79,2,11,3.0,24.0,1.0,3.0
2024-06-16,Sun,False,False,0,0,0,0,0,0,0,0,0,0,0,0,0,0,0,0,0,0,0,0,0,0,0,0,0,0.0,11.5,5.0,30.0,2.0,5.0,5.0,30.0,1.0,4.0,5.0,93.0,1.0,13.0,12,80,2,11,2.0,25.0,1.0,3.0
2024-06-17,Mon,True,False,0,0,0,0,0,1,1,0,0,1,1,0,0,0,0,0,0,0,1,1,0,0,1,1,1,2.0,11.5,4.0,31.0,1.0,4.0,4.0,31.0,0.0,0.0,4.0,94.0,0.0,0.0,11,81,1,12,1.0,26.0,0.0,0.0
2024-06-18,Tue,True,False,0,0,0,0,0,1,0,1,0,1,1,0,0,0,0,1,0,1,1,1,0,0,1,1,3,4.0,13.5,3.0,32.0,0.0,3.0,3.0,32.0,0.0,0.0,3.0,95.0,0.0,0.0,10,82,1,12,0.0,0.0,0.0,0.0
2024-06-19,Wed,False,True,0,0,0,0,0,0,0,0,0,0,0,0,0,0,0,0,0,0,0,0,0,0,0,0,0,0.0,13.5,2.0,33.0,28.0,2.0,2.0,33.0,0.0,0.0,2.0,96.0,0.0,0.0,9,83,1,12,28.0,1.0,0.0,0.0
2024-06-20,Thu,True,False,0,0,0,0,0,1,0,0,1,1,1,0,0,0,0,0,0,0,1,1,0,0,1,1,1,2.0,13.0,1.0,34.0,27.0,1.0,1.0,34.0,0.0,0.0,1.0,97.0,0.0,0.0,8,84,1,12,27.0,2.0,0.0,0.0
2024-06-21,Fri,True,False,1,1,0,1,1,1,1,0,0,1,1,0,0,0,0,0,0,0,1,1,1,1,1,1,3,7.0,18.0,0.0,0.0,26.0,0.0,0.0,0.0,0.0,0.0,0.0,0.0,0.0,0.0,7,85,1,12,26.0,3.0,0.0,0.0
2024-06-22,Sat,False,False,0,0,0,0,0,0,0,0,0,0,0,0,0,0,0,0,0,0,0,0,0,0,0,0,0,0.0,18.0,27.0,1.0,25.0,27.0,27.0,1.0,0.0,0.0,90.0,1.0,0.0,0.0,6,86,1,12,25.0,4.0,0.0,0.0
2024-06-23,Sun,False,False,0,0,0,0,0,0,0,0,0,0,0,0,0,0,0,0,0,0,0,0,0,0,0,0,0,0.0,18.0,26.0,2.0,24.0,26.0,26.0,2.0,0.0,0.0,89.0,2.0,0.0,0.0,5,87,1,12,24.0,5.0,0.0,0.0
2024-06-24,Mon,True,False,0,0,0,0,0,1,1,0,0,1,1,0,0,0,0,0,0,0,1,1,0,0,1,1,1,2.0,17.0,25.0,3.0,23.0,25.0,25.0,3.0,3.0,1.0,88.0,3.0,12.0,1.0,4,88,0,0,23.0,6.0,3.0,1.0
2024-06-25,Tue,True,False,0,0,0,0,0,1,0,1,0,1,1,0,0,0,0,0,0,0,1,1,0,0,1,1,1,2.0,17.0,24.0,4.0,22.0,24.0,24.0,4.0,3.0,1.0,87.0,4.0,12.0,1.0,3,89,0,0,22.0,7.0,3.0,1.0
2024-06-26,Wed,True,False,0,0,0,0,0,1,1,0,0,1,1,0,0,0,0,0,1,0,1,1,0,0,1,1,2,2.5,15.5,23.0,5.0,21.0,23.0,23.0,5.0,3.0,1.0,86.0,5.0,12.0,1.0,2,90,0,0,21.0,8.0,3.0,1.0
2024-06-27,Thu,True,False,0,0,0,0,0,1,0,0,1,1,1,0,0,0,0,0,0,0,1,1,0,0,1,1,1,2.0,15.5,22.0,6.0,20.0,22.0,22.0,6.0,3.0,1.0,85.0,6.0,12.0,1.0,1,91,0,0,20.0,9.0,3.0,1.0
2024-06-28,Fri,True,False,0,0,1,0,0,0,0,0,0,0,0,1,1,1,1,0,0,1,1,1,0,0,0,1,4,6.0,14.5,21.0,7.0,19.0,21.0,21.0,7.0,3.0,1.0,84.0,7.0,12.0,1.0,0,0,0,0,19.0,10.0,3.0,1.0
2024-06-29,Sat,False,False,0,0,0,0,0,0,0,0,0,0,0,0,0,0,0,0,0,0,0,0,0,0,0,0,0,0.0,14.5,20.0,8.0,18.0,20.0,20.0,8.0,3.0,1.0,83.0,8.0,12.0,1.0,93,1,0,0,18.0,11.0,3.0,1.0
2024-06-30,Sun,False,False,0,0,0,0,0,0,0,0,0,0,0,0,0,0,0,0,0,0,0,0,0,0,0,0,0,0.0,14.5,19.0,9.0,17.0,19.0,19.0,9.0,3.0,1.0,82.0,9.0,12.0,1.0,92,2,0,0,17.0,12.0,3.0,1.0
2024-07-01,Mon,True,False,0,0,0,0,0,1,1,0,0,1,1,0,0,0,0,0,0,0,1,1,0,0,1,1,1,2.0,14.5,18.0,10.0,16.0,18.0,18.0,10.0,2.0,2.0,81.0,10.0,11.0,2.0,91,3,13,1,16.0,13.0,2.0,2.0
2024-07-02,Tue,True,False,0,0,0,0,0,1,0,1,0,1,1,0,0,0,0,0,0,0,1,1,0,0,1,1,1,2.0,14.5,17.0,11.0,15.0,17.0,17.0,11.0,2.0,2.0,80.0,11.0,11.0,2.0,90,4,13,1,15.0,14.0,2.0,2.0
2024-07-03,Wed,True,False,0,0,0,0,0,1,1,0,0,1,1,0,0,0,0,0,1,0,1,1,0,0,1,1,2,2.5,14.5,16.0,12.0,14.0,16.0,16.0,12.0,2.0,2.0,79.0,12.0,11.0,2.0,89,5,13,1,14.0,15.0,2.0,2.0
2024-07-04,Thu,False,True,0,0,0,0,0,0,0,0,0,0,0,0,0,0,0,0,0,0,0,0,0,0,0,0,0,0.0,14.5,15.0,13.0,13.0,15.0,15.0,13.0,2.0,2.0,78.0,13.0,11.0,2.0,88,6,13,1,13.0,16.0,2.0,2.0
2024-07-05,Fri,True,False,0,0,1,0,0,1,1,0,0,1,1,0,0,0,0,0,0,0,1,1,0,0,1,1,2,3.0,15.5,14.0,14.0,12.0,14.0,14.0,14.0,2.0,2.0,77.0,14.0,11.0,2.0,87,7,13,1,12.0,17.0,2.0,2.0
2024-07-06,Sat,False,False,0,0,0,0,0,0,0,0,0,0,0,0,0,0,0,0,0,0,0,0,0,0,0,0,0,0.0,15.5,13.0,15.0,11.0,13.0,13.0,15.0,2.0,2.0,76.0,15.0,11.0,2.0,86,8,13,1,11.0,18.0,2.0,2.0
2024-07-07,Sun,False,False,0,0,0,0,0,0,0,0,0,0,0,0,0,0,0,0,0,0,0,0,0,0,0,0,0,0.0,15.5,12.0,16.0,10.0,12.0,12.0,16.0,2.0,2.0,75.0,16.0,11.0,2.0,85,9,13,1,10.0,19.0,2.0,2.0
2024-07-08,Mon,True,False,0,0,0,0,0,1,1,0,0,1,1,0,0,0,0,0,0,0,1,1,0,0,1,1,1,2.0,11.5,11.0,17.0,9.0,11.0,11.0,17.0,1.0,3.0,74.0,17.0,10.0,3.0,84,10,12,2,9.0,20.0,1.0,3.0
2024-07-09,Tue,True,False,0,0,0,0,0,1,0,1,0,1,1,0,0,0,0,0,0,0,1,1,0,0,1,1,1,2.0,11.5,10.0,18.0,8.0,10.0,10.0,18.0,1.0,3.0,73.0,18.0,10.0,3.0,83,11,12,2,8.0,21.0,1.0,3.0
2024-07-10,Wed,True,False,0,0,0,0,0,1,1,0,0,1,1,0,0,0,0,0,1,0,1,1,0,0,1,1,2,2.5,12.0,9.0,19.0,7.0,9.0,9.0,19.0,1.0,3.0,72.0,19.0,10.0,3.0,82,12,12,2,7.0,22.0,1.0,3.0
2024-07-11,Thu,True,False,0,0,0,0,0,1,0,0,1,1,1,0,0,0,0,0,0,0,1,1,0,0,1,1,1,2.0,11.5,8.0,20.0,6.0,8.0,8.0,20.0,1.0,3.0,71.0,20.0,10.0,3.0,81,13,12,2,6.0,23.0,1.0,3.0
2024-07-12,Fri,True,False,0,0,1,0,0,1,1,0,0,1,1,0,0,0,0,0,0,0,1,1,0,0,1,1,2,3.0,11.5,7.0,21.0,5.0,7.0,7.0,21.0,1.0,3.0,70.0,21.0,10.0,3.0,80,14,12,2,5.0,24.0,1.0,3.0
2024-07-13,Sat,False,False,0,0,0,0,0,0,0,0,0,0,0,0,0,0,0,0,0,0,0,0,0,0,0,0,0,0.0,11.5,6.0,22.0,4.0,6.0,6.0,22.0,1.0,3.0,69.0,22.0,10.0,3.0,79,15,12,2,4.0,25.0,1.0,3.0
2024-07-14,Sun,False,False,0,0,0,0,0,0,0,0,0,0,0,0,0,0,0,0,0,0,0,0,0,0,0,0,0,0.0,11.5,5.0,23.0,3.0,5.0,5.0,23.0,1.0,3.0,68.0,23.0,10.0,3.0,78,16,12,2,3.0,26.0,1.0,3.0
2024-07-15,Mon,True,False,0,0,0,0,0,1,1,0,0,1,1,0,0,0,0,0,0,0,1,1,0,0,1,1,1,2.0,11.5,4.0,24.0,2.0,4.0,4.0,24.0,0.0,0.0,67.0,24.0,9.0,4.0,77,17,11,3,2.0,27.0,0.0,0.0
2024-07-16,Tue,True,False,0,0,0,0,0,1,0,1,0,1,1,0,0,0,0,0,0,0,1,1,0,0,1,1,1,2.0,11.5,3.0,25.0,1.0,3.0,3.0,25.0,0.0,0.0,66.0,25.0,9.0,4.0,76,18,11,3,1.0,28.0,0.0,0.0
2024-07-17,Wed,True,False,0,0,0,0,0,1,1,0,0,1,1,0,0,0,0,1,0,0,1,1,0,0,1,1,2,3.5,12.5,2.0,26.0,0.0,2.0,2.0,26.0,0.0,0.0,65.0,26.0,9.0,4.0,75,19,11,3,0.0,0.0,0.0,0.0
2024-07-18,Thu,True,False,0,0,0,0,0,1,0,0,1,1,1,0,0,0,0,0,0,0,1,1,0,0,1,1,1,2.0,12.5,1.0,27.0,34.0,1.0,1.0,27.0,0.0,0.0,64.0,27.0,9.0,4.0,74,20,11,3,34.0,1.0,0.0,0.0
2024-07-19,Fri,True,False,1,1,0,1,1,1,1,0,0,1,1,0,0,0,0,0,0,0,1,1,1,1,1,1,3,7.0,16.5,0.0,0.0,33.0,0.0,0.0,0.0,0.0,0.0,63.0,28.0,9.0,4.0,73,21,11,3,33.0,2.0,0.0,0.0
2024-07-20,Sat,False,False,0,0,0,0,0,0,0,0,0,0,0,0,0,0,0,0,0,0,0,0,0,0,0,0,0,0.0,16.5,27.0,1.0,32.0,27.0,27.0,1.0,0.0,0.0,62.0,29.0,9.0,4.0,72,22,11,3,32.0,3.0,0.0,0.0
2024-07-21,Sun,False,False,0,0,0,0,0,0,0,0,0,0,0,0,0,0,0,0,0,0,0,0,0,0,0,0,0,0.0,16.5,26.0,2.0,31.0,26.0,26.0,2.0,0.0,0.0,61.0,30.0,9.0,4.0,71,23,11,3,31.0,4.0,0.0,0.0
2024-07-22,Mon,True,False,0,0,0,0,0,1,1,0,0,1,1,0,0,0,0,0,0,0,1,1,0,0,1,1,1,2.0,16.5,25.0,3.0,30.0,25.0,25.0,3.0,3.0,1.0,60.0,31.0,8.0,5.0,70,24,10,4,30.0,5.0,4.0,1.0
2024-07-23,Tue,True,False,0,0,0,0,0,1,0,1,0,1,1,0,0,0,0,0,0,0,1,1,0,0,1,1,1,2.0,16.5,24.0,4.0,29.0,24.0,24.0,4.0,3.0,1.0,59.0,32.0,8.0,5.0,69,25,10,4,29.0,6.0,4.0,1.0
2024-07-24,Wed,True,False,0,0,0,0,0,1,1,0,0,1,1,0,0,0,0,0,1,0,1,1,0,0,1,1,2,2.5,15.5,23.0,5.0,28.0,23.0,23.0,5.0,3.0,1.0,58.0,33.0,8.0,5.0,68,26,10,4,28.0,7.0,4.0,1.0
2024-07-25,Thu,True,False,0,0,0,0,0,1,0,0,1,1,1,0,0,0,0,0,0,0,1,1,0,0,1,1,1,2.0,15.5,22.0,6.0,27.0,22.0,22.0,6.0,3.0,1.0,57.0,34.0,8.0,5.0,67,27,10,4,27.0,8.0,4.0,1.0
2024-07-26,Fri,True,False,0,0,1,0,0,1,1,0,0,1,1,0,0,0,0,0,0,0,1,1,0,0,1,1,2,3.0,11.5,21.0,7.0,26.0,21.0,21.0,7.0,3.0,1.0,56.0,35.0,8.0,5.0,66,28,10,4,26.0,9.0,4.0,1.0
2024-07-27,Sat,False,False,0,0,0,0,0,0,0,0,0,0,0,0,0,0,0,0,0,0,0,0,0,0,0,0,0,0.0,11.5,20.0,8.0,25.0,20.0,20.0,8.0,3.0,1.0,55.0,36.0,8.0,5.0,65,29,10,4,25.0,10.0,4.0,1.0
2024-07-28,Sun,False,False,0,0,0,0,0,0,0,0,0,0,0,0,0,0,0,0,0,0,0,0,0,0,0,0,0,0.0,11.5,19.0,9.0,24.0,19.0,19.0,9.0,3.0,1.0,54.0,37.0,8.0,5.0,64,30,10,4,24.0,11.0,4.0,1.0
2024-07-29,Mon,True,False,0,0,0,0,0,1,1,0,0,1,1,0,0,0,0,0,0,0,1,1,0,0,1,1,1,2.0,11.5,18.0,10.0,23.0,18.0,18.0,10.0,2.0,2.0,53.0,38.0,7.0,6.0,63,31,9,5,23.0,12.0,3.0,2.0
2024-07-30,Tue,True,False,0,0,0,0,0,1,0,1,0,1,1,0,0,0,0,0,0,0,1,1,0,0,1,1,1,2.0,11.5,17.0,11.0,22.0,17.0,17.0,11.0,2.0,2.0,52.0,39.0,7.0,6.0,62,32,9,5,22.0,13.0,3.0,2.0
2024-07-31,Wed,True,False,0,0,0,0,0,0,0,0,0,0,0,1,1,0,0,0,1,0,1,1,0,0,0,1,2,2.5,11.5,16.0,12.0,21.0,16.0,16.0,12.0,2.0,2.0,51.0,40.0,7.0,6.0,61,33,9,5,21.0,14.0,3.0,2.0
2024-08-01,Thu,True,False,0,0,0,0,0,1,0,0,1,1,1,0,0,0,0,0,0,0,1,1,0,0,1,1,1,2.0,11.5,15.0,13.0,20.0,15.0,15.0,13.0,2.0,2.0,50.0,41.0,7.0,6.0,60,34,9,5,20.0,15.0,3.0,2.0
2024-08-02,Fri,True,False,0,0,1,0,0,1,1,0,0,1,1,0,0,0,0,0,0,0,1,1,0,0,1,1,2,3.0,11.5,14.0,14.0,19.0,14.0,14.0,14.0,2.0,2.0,49.0,42.0,7.0,6.0,59,35,9,5,19.0,16.0,3.0,2.0
2024-08-03,Sat,False,False,0,0,0,0,0,0,0,0,0,0,0,0,0,0,0,0,0,0,0,0,0,0,0,0,0,0.0,11.5,13.0,15.0,18.0,13.0,13.0,15.0,2.0,2.0,48.0,43.0,7.0,6.0,58,36,9,5,18.0,17.0,3.0,2.0
2024-08-04,Sun,False,False,0,0,0,0,0,0,0,0,0,0,0,0,0,0,0,0,0,0,0,0,0,0,0,0,0,0.0,11.5,12.0,16.0,17.0,12.0,12.0,16.0,2.0,2.0,47.0,44.0,7.0,6.0,57,37,9,5,17.0,18.0,3.0,2.0
2024-08-05,Mon,True,False,0,0,0,0,0,1,1,0,0,1,1,0,0,0,0,0,0,0,1,1,0,0,1,1,1,2.0,11.5,11.0,17.0,16.0,11.0,11.0,17.0,1.0,3.0,46.0,45.0,6.0,7.0,56,38,8,6,16.0,19.0,2.0,3.0
2024-08-06,Tue,True,False,0,0,0,0,0,1,0,1,0,1,1,0,0,0,0,0,0,0,1,1,0,0,1,1,1,2.0,11.5,10.0,18.0,15.0,10.0,10.0,18.0,1.0,3.0,45.0,46.0,6.0,7.0,55,39,8,6,15.0,20.0,2.0,3.0
2024-08-07,Wed,True,False,0,0,0,0,0,1,1,0,0,1,1,0,0,0,0,0,1,0,1,1,0,0,1,1,2,2.5,11.5,9.0,19.0,14.0,9.0,9.0,19.0,1.0,3.0,44.0,47.0,6.0,7.0,54,40,8,6,14.0,21.0,2.0,3.0
2024-08-08,Thu,True,False,0,0,0,0,0,1,0,0,1,1,1,0,0,0,0,0,0,0,1,1,0,0,1,1,1,2.0,11.5,8.0,20.0,13.0,8.0,8.0,20.0,1.0,3.0,43.0,48.0,6.0,7.0,53,41,8,6,13.0,22.0,2.0,3.0
2024-08-09,Fri,True,False,0,0,1,0,0,1,1,0,0,1,1,0,0,0,0,0,0,0,1,1,0,0,1,1,2,3.0,11.5,7.0,21.0,12.0,7.0,7.0,21.0,1.0,3.0,42.0,49.0,6.0,7.0,52,42,8,6,12.0,23.0,2.0,3.0
2024-08-10,Sat,False,False,0,0,0,0,0,0,0,0,0,0,0,0,0,0,0,0,0,0,0,0,0,0,0,0,0,0.0,11.5,6.0,22.0,11.0,6.0,6.0,22.0,1.0,3.0,41.0,50.0,6.0,7.0,51,43,8,6,11.0,24.0,2.0,3.0
2024-08-11,Sun,False,False,0,0,0,0,0,0,0,0,0,0,0,0,0,0,0,0,0,0,0,0,0,0,0,0,0,0.0,11.5,5.0,23.0,10.0,5.0,5.0,23.0,1.0,3.0,40.0,51.0,6.0,7.0,50,44,8,6,10.0,25.0,2.0,3.0
2024-08-12,Mon,True,False,0,0,0,0,0,1,1,0,0,1,1,0,0,0,0,0,0,0,1,1,0,0,1,1,1,2.0,11.5,4.0,24.0,9.0,4.0,4.0,24.0,0.0,0.0,39.0,52.0,5.0,8.0,49,45,7,7,9.0,26.0,1.0,4.0
2024-08-13,Tue,True,False,0,0,0,0,0,1,0,1,0,1,1,0,0,0,0,0,0,0,1,1,0,0,1,1,1,2.0,11.5,3.0,25.0,8.0,3.0,3.0,25.0,0.0,0.0,38.0,53.0,5.0,8.0,48,46,7,7,8.0,27.0,1.0,4.0
2024-08-14,Wed,True,False,0,0,0,0,0,1,1,0,0,1,1,0,0,0,0,0,1,0,1,1,0,0,1,1,2,2.5,11.5,2.0,26.0,7.0,2.0,2.0,26.0,0.0,0.0,37.0,54.0,5.0,8.0,47,47,7,7,7.0,28.0,1.0,4.0
2024-08-15,Thu,True,False,0,0,0,0,0,1,0,0,1,1,1,0,0,0,0,0,0,0,1,1,0,0,1,1,1,2.0,11.5,1.0,27.0,6.0,1.0,1.0,27.0,0.0,0.0,36.0,55.0,5.0,8.0,46,48,7,7,6.0,29.0,1.0,4.0
2024-08-16,Fri,True,False,1,1,0,1,1,1,1,0,0,1,1,0,0,0,0,0,0,0,1,1,1,1,1,1,3,7.0,15.5,0.0,0.0,5.0,0.0,0.0,0.0,0.0,0.0,35.0,56.0,5.0,8.0,45,49,7,7,5.0,30.0,1.0,4.0
2024-08-17,Sat,False,False,0,0,0,0,0,0,0,0,0,0,0,0,0,0,0,0,0,0,0,0,0,0,0,0,0,0.0,15.5,34.0,1.0,4.0,34.0,34.0,1.0,0.0,0.0,34.0,57.0,5.0,8.0,44,50,7,7,4.0,31.0,1.0,4.0
2024-08-18,Sun,False,False,0,0,0,0,0,0,0,0,0,0,0,0,0,0,0,0,0,0,0,0,0,0,0,0,0,0.0,15.5,33.0,2.0,3.0,33.0,33.0,2.0,0.0,0.0,33.0,58.0,5.0,8.0,43,51,7,7,3.0,32.0,1.0,4.0
2024-08-19,Mon,True,False,0,0,0,0,0,1,1,0,0,1,1,0,0,0,0,0,0,0,1,1,0,0,1,1,1,2.0,15.5,32.0,3.0,2.0,32.0,32.0,3.0,4.0,1.0,32.0,59.0,4.0,9.0,42,52,6,8,2.0,33.0,0.0,0.0
2024-08-20,Tue,True,False,0,0,0,0,0,1,0,1,0,1,1,0,0,0,0,0,0,0,1,1,0,0,1,1,1,2.0,15.5,31.0,4.0,1.0,31.0,31.0,4.0,4.0,1.0,31.0,60.0,4.0,9.0,41,53,6,8,1.0,34.0,0.0,0.0
2024-08-21,Wed,True,False,0,0,0,0,0,1,1,0,0,1,1,0,0,0,0,1,0,0,1,1,0,0,1,1,2,3.5,16.5,30.0,5.0,0.0,30.0,30.0,5.0,4.0,1.0,30.0,61.0,4.0,9.0,40,54,6,8,0.0,0.0,0.0,0.0
2024-08-22,Thu,True,False,0,0,0,0,0,1,0,0,1,1,1,0,0,0,0,0,0,0,1,1,0,0,1,1,1,2.0,16.5,29.0,6.0,27.0,29.0,29.0,6.0,4.0,1.0,29.0,62.0,4.0,9.0,39,55,6,8,27.0,1.0,0.0,0.0
2024-08-23,Fri,True,False,0,0,1,0,0,1,1,0,0,1,1,0,0,0,0,0,0,0,1,1,0,0,1,1,2,3.0,12.5,28.0,7.0,26.0,28.0,28.0,7.0,4.0,1.0,28.0,63.0,4.0,9.0,38,56,6,8,26.0,2.0,0.0,0.0
2024-08-24,Sat,False,False,0,0,0,0,0,0,0,0,0,0,0,0,0,0,0,0,0,0,0,0,0,0,0,0,0,0.0,12.5,27.0,8.0,25.0,27.0,27.0,8.0,4.0,1.0,27.0,64.0,4.0,9.0,37,57,6,8,25.0,3.0,0.0,0.0
2024-08-25,Sun,False,False,0,0,0,0,0,0,0,0,0,0,0,0,0,0,0,0,0,0,0,0,0,0,0,0,0,0.0,12.5,26.0,9.0,24.0,26.0,26.0,9.0,4.0,1.0,26.0,65.0,4.0,9.0,36,58,6,8,24.0,4.0,0.0,0.0
2024-08-26,Mon,True,False,0,0,0,0,0,1,1,0,0,1,1,0,0,0,0,0,0,0,1,1,0,0,1,1,1,2.0,12.5,25.0,10.0,23.0,25.0,25.0,10.0,3.0,2.0,25.0,66.0,3.0,10.0,35,59,5,9,23.0,5.0,3.0,1.0
2024-08-27,Tue,True,False,0,0,0,0,0,1,0,1,0,1,1,0,0,0,0,0,0,0,1,1,0,0,1,1,1,2.0,12.5,24.0,11.0,22.0,24.0,24.0,11.0,3.0,2.0,24.0,67.0,3.0,10.0,34,60,5,9,22.0,6.0,3.0,1.0
2024-08-28,Wed,True,False,0,0,0,0,0,1,1,0,0,1,1,0,0,0,0,0,1,0,1,1,0,0,1,1,2,2.5,11.5,23.0,12.0,21.0,23.0,23.0,12.0,3.0,2.0,23.0,68.0,3.0,10.0,33,61,5,9,21.0,7.0,3.0,1.0
2024-08-29,Thu,True,False,0,0,0,0,0,1,0,0,1,1,1,0,0,0,0,0,0,0,1,1,0,0,1,1,1,2.0,11.5,22.0,13.0,20.0,22.0,22.0,13.0,3.0,2.0,22.0,69.0,3.0,10.0,32,62,5,9,20.0,8.0,3.0,1.0
2024-08-30,Fri,True,False,0,0,1,0,0,0,0,0,0,0,0,1,1,0,0,0,0,1,1,1,0,0,0,1,3,3.5,12.0,21.0,14.0,19.0,21.0,21.0,14.0,3.0,2.0,21.0,70.0,3.0,10.0,31,63,5,9,19.0,9.0,3.0,1.0
2024-08-31,Sat,False,False,0,0,0,0,0,0,0,0,0,0,0,0,0,0,0,0,0,0,0,0,0,0,0,0,0,0.0,12.0,20.0,15.0,18.0,20.0,20.0,15.0,3.0,2.0,20.0,71.0,3.0,10.0,30,64,5,9,18.0,10.0,3.0,1.0
2024-09-01,Sun,False,False,0,0,0,0,0,0,0,0,0,0,0,0,0,0,0,0,0,0,0,0,0,0,0,0,0,0.0,12.0,19.0,16.0,17.0,19.0,19.0,16.0,3.0,2.0,19.0,72.0,3.0,10.0,29,65,5,9,17.0,11.0,3.0,1.0
2024-09-02,Mon,False,True,0,0,0,0,0,0,0,0,0,0,0,0,0,0,0,0,0,0,0,0,0,0,0,0,0,0.0,12.0,18.0,17.0,16.0,18.0,18.0,17.0,2.0,3.0,18.0,73.0,2.0,11.0,28,66,4,10,16.0,12.0,2.0,2.0
2024-09-03,Tue,True,False,0,0,0,0,0,1,0,1,0,1,1,0,0,0,0,0,0,0,1,1,0,0,1,1,1,2.0,12.0,17.0,18.0,15.0,17.0,17.0,18.0,2.0,3.0,17.0,74.0,2.0,11.0,27,67,4,10,15.0,13.0,2.0,2.0
2024-09-04,Wed,True,False,0,0,0,0,0,1,1,0,0,1,1,0,0,0,0,0,1,0,1,1,0,0,1,1,2,2.5,12.5,16.0,19.0,14.0,16.0,16.0,19.0,2.0,3.0,16.0,75.0,2.0,11.0,26,68,4,10,14.0,14.0,2.0,2.0
2024-09-05,Thu,True,False,0,0,0,0,0,1,0,0,1,1,1,0,0,0,0,0,0,0,1,1,0,0,1,1,1,2.0,12.0,15.0,20.0,13.0,15.0,15.0,20.0,2.0,3.0,15.0,76.0,2.0,11.0,25,69,4,10,13.0,15.0,2.0,2.0
2024-09-06,Fri,True,False,0,0,1,0,0,1,1,0,0,1,1,0,0,0,0,0,0,0,1,1,0,0,1,1,2,3.0,13.0,14.0,21.0,12.0,14.0,14.0,21.0,2.0,3.0,14.0,77.0,2.0,11.0,24,70,4,10,12.0,16.0,2.0,2.0
2024-09-07,Sat,False,False,0,0,0,0,0,0,0,0,0,0,0,0,0,0,0,0,0,0,0,0,0,0,0,0,0,0.0,13.0,13.0,22.0,11.0,13.0,13.0,22.0,2.0,3.0,13.0,78.0,2.0,11.0,23,71,4,10,11.0,17.0,2.0,2.0
2024-09-08,Sun,False,False,0,0,0,0,0,0,0,0,0,0,0,0,0,0,0,0,0,0,0,0,0,0,0,0,0,0.0,13.0,12.0,23.0,10.0,12.0,12.0,23.0,2.0,3.0,12.0,79.0,2.0,11.0,22,72,4,10,10.0,18.0,2.0,2.0
2024-09-09,Mon,True,False,0,0,0,0,0,1,1,0,0,1,1,0,0,0,0,0,0,0,1,1,0,0,1,1,1,2.0,11.5,11.0,24.0,9.0,11.0,11.0,24.0,1.0,4.0,11.0,80.0,1.0,12.0,21,73,3,11,9.0,19.0,1.0,3.0
2024-09-10,Tue,True,False,0,0,0,0,0,1,0,1,0,1,1,0,0,0,0,0,0,0,1,1,0,0,1,1,1,2.0,11.5,10.0,25.0,8.0,10.0,10.0,25.0,1.0,4.0,10.0,81.0,1.0,12.0,20,74,3,11,8.0,20.0,1.0,3.0
2024-09-11,Wed,True,False,0,0,0,0,0,1,1,0,0,1,1,0,0,0,0,0,1,0,1,1,0,0,1,1,2,2.5,11.5,9.0,26.0,7.0,9.0,9.0,26.0,1.0,4.0,9.0,82.0,1.0,12.0,19,75,3,11,7.0,21.0,1.0,3.0
2024-09-12,Thu,True,False,0,0,0,0,0,1,0,0,1,1,1,0,0,0,0,0,0,0,1,1,0,0,1,1,1,2.0,11.5,8.0,27.0,6.0,8.0,8.0,27.0,1.0,4.0,8.0,83.0,1.0,12.0,18,76,3,11,6.0,22.0,1.0,3.0
2024-09-13,Fri,True,False,0,0,1,0,0,1,1,0,0,1,1,0,0,0,0,0,0,0,1,1,0,0,1,1,2,3.0,11.5,7.0,28.0,5.0,7.0,7.0,28.0,1.0,4.0,7.0,84.0,1.0,12.0,17,77,3,11,5.0,23.0,1.0,3.0
2024-09-14,Sat,False,False,0,0,0,0,0,0,0,0,0,0,0,0,0,0,0,0,0,0,0,0,0,0,0,0,0,0.0,11.5,6.0,29.0,4.0,6.0,6.0,29.0,1.0,4.0,6.0,85.0,1.0,12.0,16,78,3,11,4.0,24.0,1.0,3.0
2024-09-15,Sun,False,False,0,0,0,0,0,0,0,0,0,0,0,0,0,0,0,0,0,0,0,0,0,0,0,0,0,0.0,11.5,5.0,30.0,3.0,5.0,5.0,30.0,1.0,4.0,5.0,86.0,1.0,12.0,15,79,3,11,3.0,25.0,1.0,3.0
2024-09-16,Mon,True,False,0,0,0,0,0,1,1,0,0,1,1,0,0,0,0,0,0,0,1,1,0,0,1,1,1,2.0,11.5,4.0,31.0,2.0,4.0,4.0,31.0,0.0,0.0,4.0,87.0,0.0,0.0,14,80,2,12,2.0,26.0,0.0,0.0
2024-09-17,Tue,True,False,0,0,0,0,0,1,0,1,0,1,1,0,0,0,0,0,0,0,1,1,0,0,1,1,1,2.0,11.5,3.0,32.0,1.0,3.0,3.0,32.0,0.0,0.0,3.0,88.0,0.0,0.0,13,81,2,12,1.0,27.0,0.0,0.0
2024-09-18,Wed,True,False,0,0,0,0,0,1,1,0,0,1,1,0,0,0,0,1,0,0,1,1,0,0,1,1,2,3.5,12.5,2.0,33.0,0.0,2.0,2.0,33.0,0.0,0.0,2.0,89.0,0.0,0.0,12,82,2,12,0.0,0.0,0.0,0.0
2024-09-19,Thu,True,False,0,0,0,0,0,1,0,0,1,1,1,0,0,0,0,0,0,0,1,1,0,0,1,1,1,2.0,12.5,1.0,34.0,27.0,1.0,1.0,34.0,0.0,0.0,1.0,90.0,0.0,0.0,11,83,2,12,27.0,1.0,0.0,0.0
2024-09-20,Fri,True,False,1,1,0,1,1,1,1,0,0,1,1,0,0,0,0,0,0,0,1,1,1,1,1,1,3,7.0,16.5,0.0,0.0,26.0,0.0,0.0,0.0,0.0,0.0,0.0,0.0,0.0,0.0,10,84,2,12,26.0,2.0,0.0,0.0
2024-09-21,Sat,False,False,0,0,0,0,0,0,0,0,0,0,0,0,0,0,0,0,0,0,0,0,0,0,0,0,0,0.0,16.5,27.0,1.0,25.0,27.0,27.0,1.0,0.0,0.0,90.0,1.0,0.0,0.0,9,85,2,12,25.0,3.0,0.0,0.0
2024-09-22,Sun,False,False,0,0,0,0,0,0,0,0,0,0,0,0,0,0,0,0,0,0,0,0,0,0,0,0,0,0.0,16.5,26.0,2.0,24.0,26.0,26.0,2.0,0.0,0.0,89.0,2.0,0.0,0.0,8,86,2,12,24.0,4.0,0.0,0.0
2024-09-23,Mon,True,False,0,0,0,0,0,1,1,0,0,1,1,0,0,0,0,0,0,0,1,1,0,0,1,1,1,2.0,16.5,25.0,3.0,23.0,25.0,25.0,3.0,3.0,1.0,88.0,3.0,12.0,1.0,7,87,1,13,23.0,5.0,3.0,1.0
2024-09-24,Tue,True,False,0,0,0,0,0,1,0,1,0,1,1,0,0,0,0,0,0,0,1,1,0,0,1,1,1,2.0,16.5,24.0,4.0,22.0,24.0,24.0,4.0,3.0,1.0,87.0,4.0,12.0,1.0,6,88,1,13,22.0,6.0,3.0,1.0
2024-09-25,Wed,True,False,0,0,0,0,0,1,1,0,0,1,1,0,0,0,0,0,1,0,1,1,0,0,1,1,2,2.5,15.5,23.0,5.0,21.0,23.0,23.0,5.0,3.0,1.0,86.0,5.0,12.0,1.0,5,89,1,13,21.0,7.0,3.0,1.0
2024-09-26,Thu,True,False,0,0,0,0,0,1,0,0,1,1,1,0,0,0,0,0,0,0,1,1,0,0,1,1,1,2.0,15.5,22.0,6.0,20.0,22.0,22.0,6.0,3.0,1.0,85.0,6.0,12.0,1.0,4,90,1,13,20.0,8.0,3.0,1.0
2024-09-27,Fri,True,False,0,0,1,0,0,1,1,0,0,1,1,0,0,0,0,0,0,0,1,1,0,0,1,1,2,3.0,11.5,21.0,7.0,19.0,21.0,21.0,7.0,3.0,1.0,84.0,7.0,12.0,1.0,3,91,1,13,19.0,9.0,3.0,1.0
2024-09-28,Sat,False,False,0,0,0,0,0,0,0,0,0,0,0,0,0,0,0,0,0,0,0,0,0,0,0,0,0,0.0,11.5,20.0,8.0,18.0,20.0,20.0,8.0,3.0,1.0,83.0,8.0,12.0,1.0,2,92,1,13,18.0,10.0,3.0,1.0
2024-09-29,Sun,False,False,0,0,0,0,0,0,0,0,0,0,0,0,0,0,0,0,0,0,0,0,0,0,0,0,0,0.0,11.5,19.0,9.0,17.0,19.0,19.0,9.0,3.0,1.0,82.0,9.0,12.0,1.0,1,93,1,13,17.0,11.0,3.0,1.0
2024-09-30,Mon,True,False,0,0,0,0,0,0,0,0,0,0,0,1,1,1,1,0,0,0,1,1,0,0,0,1,2,4.5,14.0,18.0,10.0,16.0,18.0,18.0,10.0,2.0,2.0,81.0,10.0,11.0,2.0,0,0,0,0,16.0,12.0,2.0,2.0
2024-10-01,Tue,True,False,0,0,0,0,0,1,0,1,0,1,1,0,0,0,0,0,0,0,1,1,0,0,1,1,1,2.0,14.0,17.0,11.0,15.0,17.0,17.0,11.0,2.0,2.0,80.0,11.0,11.0,2.0,91,1,0,0,15.0,13.0,2.0,2.0
2024-10-02,Wed,True,False,0,0,0,0,0,1,1,0,0,1,1,0,0,0,0,0,1,0,1,1,0,0,1,1,2,2.5,14.0,16.0,12.0,14.0,16.0,16.0,12.0,2.0,2.0,79.0,12.0,11.0,2.0,90,2,0,0,14.0,14.0,2.0,2.0
2024-10-03,Thu,True,False,0,0,0,0,0,1,0,0,1,1,1,0,0,0,0,0,0,0,1,1,0,0,1,1,1,2.0,14.0,15.0,13.0,13.0,15.0,15.0,13.0,2.0,2.0,78.0,13.0,11.0,2.0,89,3,0,0,13.0,15.0,2.0,2.0
2024-10-04,Fri,True,False,0,0,1,0,0,1,1,0,0,1,1,0,0,0,0,0,0,0,1,1,0,0,1,1,2,3.0,14.0,14.0,14.0,12.0,14.0,14.0,14.0,2.0,2.0,77.0,14.0,11.0,2.0,88,4,0,0,12.0,16.0,2.0,2.0
2024-10-05,Sat,False,False,0,0,0,0,0,0,0,0,0,0,0,0,0,0,0,0,0,0,0,0,0,0,0,0,0,0.0,14.0,13.0,15.0,11.0,13.0,13.0,15.0,2.0,2.0,76.0,15.0,11.0,2.0,87,5,0,0,11.0,17.0,2.0,2.0
2024-10-06,Sun,False,False,0,0,0,0,0,0,0,0,0,0,0,0,0,0,0,0,0,0,0,0,0,0,0,0,0,0.0,14.0,12.0,16.0,10.0,12.0,12.0,16.0,2.0,2.0,75.0,16.0,11.0,2.0,86,6,0,0,10.0,18.0,2.0,2.0
2024-10-07,Mon,True,False,0,0,0,0,0,1,1,0,0,1,1,0,0,0,0,0,0,0,1,1,0,0,1,1,1,2.0,11.5,11.0,17.0,9.0,11.0,11.0,17.0,1.0,3.0,74.0,17.0,10.0,3.0,85,7,12,1,9.0,19.0,1.0,3.0
2024-10-08,Tue,True,False,0,0,0,0,0,1,0,1,0,1,1,0,0,0,0,0,0,0,1,1,0,0,1,1,1,2.0,11.5,10.0,18.0,8.0,10.0,10.0,18.0,1.0,3.0,73.0,18.0,10.0,3.0,84,8,12,1,8.0,20.0,1.0,3.0
2024-10-09,Wed,True,False,0,0,0,0,0,1,1,0,0,1,1,0,0,0,0,0,1,0,1,1,0,0,1,1,2,2.5,11.5,9.0,19.0,7.0,9.0,9.0,19.0,1.0,3.0,72.0,19.0,10.0,3.0,83,9,12,1,7.0,21.0,1.0,3.0
2024-10-10,Thu,True,False,0,0,0,0,0,1,0,0,1,1,1,0,0,0,0,0,0,0,1,1,0,0,1,1,1,2.0,11.5,8.0,20.0,6.0,8.0,8.0,20.0,1.0,3.0,71.0,20.0,10.0,3.0,82,10,12,1,6.0,22.0,1.0,3.0
2024-10-11,Fri,True,False,0,0,1,0,0,1,1,0,0,1,1,0,0,0,0,0,0,0,1,1,0,0,1,1,2,3.0,11.5,7.0,21.0,5.0,7.0,7.0,21.0,1.0,3.0,70.0,21.0,10.0,3.0,81,11,12,1,5.0,23.0,1.0,3.0
2024-10-12,Sat,False,False,0,0,0,0,0,0,0,0,0,0,0,0,0,0,0,0,0,0,0,0,0,0,0,0,0,0.0,11.5,6.0,22.0,4.0,6.0,6.0,22.0,1.0,3.0,69.0,22.0,10.0,3.0,80,12,12,1,4.0,24.0,1.0,3.0
2024-10-13,Sun,False,False,0,0,0,0,0,0,0,0,0,0,0,0,0,0,0,0,0,0,0,0,0,0,0,0,0,0.0,11.5,5.0,23.0,3.0,5.0,5.0,23.0,1.0,3.0,68.0,23.0,10.0,3.0,79,13,12,1,3.0,25.0,1.0,3.0
2024-10-14,Mon,True,False,0,0,0,0,0,1,1,0,0,1,1,0,0,0,0,0,0,0,1,1,0,0,1,1,1,2.0,11.5,4.0,24.0,2.0,4.0,4.0,24.0,0.0,0.0,67.0,24.0,9.0,4.0,78,14,11,2,2.0,26.0,0.0,0.0
2024-10-15,Tue,True,False,0,0,0,0,0,1,0,1,0,1,1,0,0,0,0,0,0,0,1,1,0,0,1,1,1,2.0,11.5,3.0,25.0,1.0,3.0,3.0,25.0,0.0,0.0,66.0,25.0,9.0,4.0,77,15,11,2,1.0,27.0,0.0,0.0
2024-10-16,Wed,True,False,0,0,0,0,0,1,1,0,0,1,1,0,0,0,0,1,0,0,1,1,0,0,1,1,2,3.5,12.5,2.0,26.0,0.0,2.0,2.0,26.0,0.0,0.0,65.0,26.0,9.0,4.0,76,16,11,2,0.0,0.0,0.0,0.0
2024-10-17,Thu,True,False,0,0,0,0,0,1,0,0,1,1,1,0,0,0,0,0,0,0,1,1,0,0,1,1,1,2.0,12.5,1.0,27.0,34.0,1.0,1.0,27.0,0.0,0.0,64.0,27.0,9.0,4.0,75,17,11,2,34.0,1.0,0.0,0.0
2024-10-18,Fri,True,False,1,1,0,1,1,1,1,0,0,1,1,0,0,0,0,0,0,0,1,1,1,1,1,1,3,7.0,16.5,0.0,0.0,33.0,0.0,0.0,0.0,0.0,0.0,63.0,28.0,9.0,4.0,74,18,11,2,33.0,2.0,0.0,0.0
2024-10-19,Sat,False,False,0,0,0,0,0,0,0,0,0,0,0,0,0,0,0,0,0,0,0,0,0,0,0,0,0,0.0,16.5,27.0,1.0,32.0,27.0,27.0,1.0,0.0,0.0,62.0,29.0,9.0,4.0,73,19,11,2,32.0,3.0,0.0,0.0
2024-10-20,Sun,False,False,0,0,0,0,0,0,0,0,0,0,0,0,0,0,0,0,0,0,0,0,0,0,0,0,0,0.0,16.5,26.0,2.0,31.0,26.0,26.0,2.0,0.0,0.0,61.0,30.0,9.0,4.0,72,20,11,2,31.0,4.0,0.0,0.0
2024-10-21,Mon,True,False,0,0,0,0,0,1,1,0,0,1,1,0,0,0,0,0,0,0,1,1,0,0,1,1,1,2.0,16.5,25.0,3.0,30.0,25.0,25.0,3.0,3.0,1.0,60.0,31.0,8.0,5.0,71,21,10,3,30.0,5.0,4.0,1.0
2024-10-22,Tue,True,False,0,0,0,0,0,1,0,1,0,1,1,0,0,0,0,0,0,0,1,1,0,0,1,1,1,2.0,16.5,24.0,4.0,29.0,24.0,24.0,4.0,3.0,1.0,59.0,32.0,8.0,5.0,70,22,10,3,29.0,6.0,4.0,1.0
2024-10-23,Wed,True,False,0,0,0,0,0,1,1,0,0,1,1,0,0,0,0,0,1,0,1,1,0,0,1,1,2,2.5,15.5,23.0,5.0,28.0,23.0,23.0,5.0,3.0,1.0,58.0,33.0,8.0,5.0,69,23,10,3,28.0,7.0,4.0,1.0
2024-10-24,Thu,True,False,0,0,0,0,0,1,0,0,1,1,1,0,0,0,0,0,0,0,1,1,0,0,1,1,1,2.0,15.5,22.0,6.0,27.0,22.0,22.0,6.0,3.0,1.0,57.0,34.0,8.0,5.0,68,24,10,3,27.0,8.0,4.0,1.0
2024-10-25,Fri,True,False,0,0,1,0,0,1,1,0,0,1,1,0,0,0,0,0,0,0,1,1,0,0,1,1,2,3.0,11.5,21.0,7.0,26.0,21.0,21.0,7.0,3.0,1.0,56.0,35.0,8.0,5.0,67,25,10,3,26.0,9.0,4.0,1.0
2024-10-26,Sat,False,False,0,0,0,0,0,0,0,0,0,0,0,0,0,0,0,0,0,0,0,0,0,0,0,0,0,0.0,11.5,20.0,8.0,25.0,20.0,20.0,8.0,3.0,1.0,55.0,36.0,8.0,5.0,66,26,10,3,25.0,10.0,4.0,1.0
2024-10-27,Sun,False,False,0,0,0,0,0,0,0,0,0,0,0,0,0,0,0,0,0,0,0,0,0,0,0,0,0,0.0,11.5,19.0,9.0,24.0,19.0,19.0,9.0,3.0,1.0,54.0,37.0,8.0,5.0,65,27,10,3,24.0,11.0,4.0,1.0
2024-10-28,Mon,True,False,0,0,0,0,0,1,1,0,0,1,1,0,0,0,0,0,0,0,1,1,0,0,1,1,1,2.0,11.5,18.0,10.0,23.0,18.0,18.0,10.0,2.0,2.0,53.0,38.0,7.0,6.0,64,28,9,4,23.0,12.0,3.0,2.0
2024-10-29,Tue,True,False,0,0,0,0,0,1,0,1,0,1,1,0,0,0,0,0,0,0,1,1,0,0,1,1,1,2.0,11.5,17.0,11.0,22.0,17.0,17.0,11.0,2.0,2.0,52.0,39.0,7.0,6.0,63,29,9,4,22.0,13.0,3.0,2.0
2024-10-30,Wed,True,False,0,0,0,0,0,1,1,0,0,1,1,0,0,0,0,0,1,0,1,1,0,0,1,1,2,2.5,11.5,16.0,12.0,21.0,16.0,16.0,12.0,2.0,2.0,51.0,40.0,7.0,6.0,62,30,9,4,21.0,14.0,3.0,2.0
2024-10-31,Thu,True,False,0,0,0,0,0,0,0,0,0,0,0,1,1,0,0,0,0,0,1,1,0,0,0,1,1,2.0,11.5,15.0,13.0,20.0,15.0,15.0,13.0,2.0,2.0,50.0,41.0,7.0,6.0,61,31,9,4,20.0,15.0,3.0,2.0
2024-11-01,Fri,True,False,0,0,1,0,0,1,1,0,0,1,1,0,0,0,0,0,0,0,1,1,0,0,1,1,2,3.0,11.5,14.0,14.0,19.0,14.0,14.0,14.0,2.0,2.0,49.0,42.0,7.0,6.0,60,32,9,4,19.0,16.0,3.0,2.0
2024-11-02,Sat,False,False,0,0,0,0,0,0,0,0,0,0,0,0,0,0,0,0,0,0,0,0,0,0,0,0,0,0.0,11.5,13.0,15.0,18.0,13.0,13.0,15.0,2.0,2.0,48.0,43.0,7.0,6.0,59,33,9,4,18.0,17.0,3.0,2.0
2024-11-03,Sun,False,False,0,0,0,0,0,0,0,0,0,0,0,0,0,0,0,0,0,0,0,0,0,0,0,0,0,0.0,11.5,12.0,16.0,17.0,12.0,12.0,16.0,2.0,2.0,47.0,44.0,7.0,6.0,58,34,9,4,17.0,18.0,3.0,2.0
2024-11-04,Mon,True,False,0,0,0,0,0,1,1,0,0,1,1,0,0,0,0,0,0,0,1,1,0,0,1,1,1,2.0,11.5,11.0,17.0,16.0,11.0,11.0,17.0,1.0,3.0,46.0,45.0,6.0,7.0,57,35,8,5,16.0,19.0,2.0,3.0
2024-11-05,Tue,True,False,0,0,0,0,0,1,0,1,0,1,1,0,0,0,0,0,0,0,1,1,0,0,1,1,1,2.0,11.5,10.0,18.0,15.0,10.0,10.0,18.0,1.0,3.0,45.0,46.0,6.0,7.0,56,36,8,5,15.0,20.0,2.0,3.0
2024-11-06,Wed,True,False,0,0,0,0,0,1,1,0,0,1,1,0,0,0,0,0,1,0,1,1,0,0,1,1,2,2.5,11.5,9.0,19.0,14.0,9.0,9.0,19.0,1.0,3.0,44.0,47.0,6.0,7.0,55,37,8,5,14.0,21.0,2.0,3.0
2024-11-07,Thu,True,False,0,0,0,0,0,1,0,0,1,1,1,0,0,0,0,0,0,0,1,1,0,0,1,1,1,2.0,11.5,8.0,20.0,13.0,8.0,8.0,20.0,1.0,3.0,43.0,48.0,6.0,7.0,54,38,8,5,13.0,22.0,2.0,3.0
2024-11-08,Fri,True,False,0,0,1,0,0,1,1,0,0,1,1,0,0,0,0,0,0,0,1,1,0,0,1,1,2,3.0,11.5,7.0,21.0,12.0,7.0,7.0,21.0,1.0,3.0,42.0,49.0,6.0,7.0,53,39,8,5,12.0,23.0,2.0,3.0
2024-11-09,Sat,False,False,0,0,0,0,0,0,0,0,0,0,0,0,0,0,0,0,0,0,0,0,0,0,0,0,0,0.0,11.5,6.0,22.0,11.0,6.0,6.0,22.0,1.0,3.0,41.0,50.0,6.0,7.0,52,40,8,5,11.0,24.0,2.0,3.0
2024-11-10,Sun,False,False,0,0,0,0,0,0,0,0,0,0,0,0,0,0,0,0,0,0,0,0,0,0,0,0,0,0.0,11.5,5.0,23.0,10.0,5.0,5.0,23.0,1.0,3.0,40.0,51.0,6.0,7.0,51,41,8,5,10.0,25.0,2.0,3.0
2024-11-11,Mon,True,False,0,0,0,0,0,1,1,0,0,1,1,0,0,0,0,0,0,0,1,1,0,0,1,1,1,2.0,11.5,4.0,24.0,9.0,4.0,4.0,24.0,0.0,0.0,39.0,52.0,5.0,8.0,50,42,7,6,9.0,26.0,1.0,4.0
2024-11-12,Tue,True,False,0,0,0,0,0,1,0,1,0,1,1,0,0,0,0,0,0,0,1,1,0,0,1,1,1,2.0,11.5,3.0,25.0,8.0,3.0,3.0,25.0,0.0,0.0,38.0,53.0,5.0,8.0,49,43,7,6,8.0,27.0,1.0,4.0
2024-11-13,Wed,True,False,0,0,0,0,0,1,1,0,0,1,1,0,0,0,0,0,1,0,1,1,0,0,1,1,2,2.5,11.5,2.0,26.0,7.0,2.0,2.0,26.0,0.0,0.0,37.0,54.0,5.0,8.0,48,44,7,6,7.0,28.0,1.0,4.0
2024-11-14,Thu,True,False,0,0,0,0,0,1,0,0,1,1,1,0,0,0,0,0,0,0,1,1,0,0,1,1,1,2.0,11.5,1.0,27.0,6.0,1.0,1.0,27.0,0.0,0.0,36.0,55.0,5.0,8.0,47,45,7,6,6.0,29.0,1.0,4.0
2024-11-15,Fri,True,False,1,1,0,1,1,1,1,0,0,1,1,0,0,0,0,0,0,0,1,1,1,1,1,1,3,7.0,15.5,0.0,0.0,5.0,0.0,0.0,0.0,0.0,0.0,35.0,56.0,5.0,8.0,46,46,7,6,5.0,30.0,1.0,4.0
2024-11-16,Sat,False,False,0,0,0,0,0,0,0,0,0,0,0,0,0,0,0,0,0,0,0,0,0,0,0,0,0,0.0,15.5,34.0,1.0,4.0,34.0,34.0,1.0,0.0,0.0,34.0,57.0,5.0,8.0,45,47,7,6,4.0,31.0,1.0,4.0
2024-11-17,Sun,False,False,0,0,0,0,0,0,0,0,0,0,0,0,0,0,0,0,0,0,0,0,0,0,0,0,0,0.0,15.5,33.0,2.0,3.0,33.0,33.0,2.0,0.0,0.0,33.0,58.0,5.0,8.0,44,48,7,6,3.0,32.0,1.0,4.0
2024-11-18,Mon,True,False,0,0,0,0,0,1,1,0,0,1,1,0,0,0,0,0,0,0,1,1,0,0,1,1,1,2.0,15.5,32.0,3.0,2.0,32.0,32.0,3.0,4.0,1.0,32.0,59.0,4.0,9.0,43,49,6,7,2.0,33.0,0.0,0.0
2024-11-19,Tue,True,False,0,0,0,0,0,1,0,1,0,1,1,0,0,0,0,0,0,0,1,1,0,0,1,1,1,2.0,15.5,31.0,4.0,1.0,31.0,31.0,4.0,4.0,1.0,31.0,60.0,4.0,9.0,42,50,6,7,1.0,34.0,0.0,0.0
2024-11-20,Wed,True,False,0,0,0,0,0,1,1,0,0,1,1,0,0,0,0,1,0,0,1,1,0,0,1,1,2,3.5,16.5,30.0,5.0,0.0,30.0,30.0,5.0,4.0,1.0,30.0,61.0,4.0,9.0,41,51,6,7,0.0,0.0,0.0,0.0
2024-11-21,Thu,True,False,0,0,0,0,0,1,0,0,1,1,1,0,0,0,0,0,0,0,1,1,0,0,1,1,1,2.0,16.5,29.0,6.0,27.0,29.0,29.0,6.0,4.0,1.0,29.0,62.0,4.0,9.0,40,52,6,7,27.0,1.0,0.0,0.0
2024-11-22,Fri,True,False,0,0,1,0,0,1,1,0,0,1,1,0,0,0,0,0,0,0,1,1,0,0,1,1,2,3.0,12.5,28.0,7.0,26.0,28.0,28.0,7.0,4.0,1.0,28.0,63.0,4.0,9.0,39,53,6,7,26.0,2.0,0.0,0.0
2024-11-23,Sat,False,False,0,0,0,0,0,0,0,0,0,0,0,0,0,0,0,0,0,0,0,0,0,0,0,0,0,0.0,12.5,27.0,8.0,25.0,27.0,27.0,8.0,4.0,1.0,27.0,64.0,4.0,9.0,38,54,6,7,25.0,3.0,0.0,0.0
2024-11-24,Sun,False,False,0,0,0,0,0,0,0,0,0,0,0,0,0,0,0,0,0,0,0,0,0,0,0,0,0,0.0,12.5,26.0,9.0,24.0,26.0,26.0,9.0,4.0,1.0,26.0,65.0,4.0,9.0,37,55,6,7,24.0,4.0,0.0,0.0
2024-11-25,Mon,True,False,0,0,0,0,0,1,1,0,0,1,1,0,0,0,0,0,0,0,1,1,0,0,1,1,1,2.0,12.5,25.0,10.0,23.0,25.0,25.0,10.0,3.0,2.0,25.0,66.0,3.0,10.0,36,56,5,8,23.0,5.0,3.0,1.0
2024-11-26,Tue,True,False,0,0,0,0,0,1,0,1,0,1,1,0,0,0,0,0,0,0,1,1,0,0,1,1,1,2.0,12.5,24.0,11.0,22.0,24.0,24.0,11.0,3.0,2.0,24.0,67.0,3.0,10.0,35,57,5,8,22.0,6.0,3.0,1.0
2024-11-27,Wed,True,False,0,0,0,0,0,1,1,0,0,1,1,0,0,0,0,0,1,0,1,1,0,0,1,1,2,2.5,11.5,23.0,12.0,21.0,23.0,23.0,12.0,3.0,2.0,23.0,68.0,3.0,10.0,34,58,5,8,21.0,7.0,3.0,1.0
2024-11-28,Thu,False,True,0,0,0,0,0,0,0,0,0,0,0,0,0,0,0,0,0,0,0,0,0,0,0,0,0,0.0,11.5,22.0,13.0,20.0,22.0,22.0,13.0,3.0,2.0,22.0,69.0,3.0,10.0,33,59,5,8,20.0,8.0,3.0,1.0
2024-11-29,Fri,True,False,0,0,1,0,0,0,0,0,0,0,0,1,1,0,0,0,0,1,1,1,0,0,0,1,3,3.5,13.0,21.0,14.0,19.0,21.0,21.0,14.0,3.0,2.0,21.0,70.0,3.0,10.0,32,60,5,8,19.0,9.0,3.0,1.0
2024-11-30,Sat,False,False,0,0,0,0,0,0,0,0,0,0,0,0,0,0,0,0,0,0,0,0,0,0,0,0,0,0.0,13.0,20.0,15.0,18.0,20.0,20.0,15.0,3.0,2.0,20.0,71.0,3.0,10.0,31,61,5,8,18.0,10.0,3.0,1.0
2024-12-01,Sun,False,False,0,0,0,0,0,0,0,0,0,0,0,0,0,0,0,0,0,0,0,0,0,0,0,0,0,0.0,13.0,19.0,16.0,17.0,19.0,19.0,16.0,3.0,2.0,19.0,72.0,3.0,10.0,30,62,5,8,17.0,11.0,3.0,1.0
2024-12-02,Mon,True,False,0,0,0,0,0,1,1,0,0,1,1,0,0,0,0,0,0,0,1,1,0,0,1,1,1,2.0,12.0,18.0,17.0,16.0,18.0,18.0,17.0,2.0,3.0,18.0,73.0,2.0,11.0,29,63,4,9,16.0,12.0,2.0,2.0
2024-12-03,Tue,True,False,0,0,0,0,0,1,0,1,0,1,1,0,0,0,0,0,0,0,1,1,0,0,1,1,1,2.0,12.0,17.0,18.0,15.0,17.0,17.0,18.0,2.0,3.0,17.0,74.0,2.0,11.0,28,64,4,9,15.0,13.0,2.0,2.0
2024-12-04,Wed,True,False,0,0,0,0,0,1,1,0,0,1,1,0,0,0,0,0,1,0,1,1,0,0,1,1,2,2.5,12.5,16.0,19.0,14.0,16.0,16.0,19.0,2.0,3.0,16.0,75.0,2.0,11.0,27,65,4,9,14.0,14.0,2.0,2.0
2024-12-05,Thu,True,False,0,0,0,0,0,1,0,0,1,1,1,0,0,0,0,0,0,0,1,1,0,0,1,1,1,2.0,12.0,15.0,20.0,13.0,15.0,15.0,20.0,2.0,3.0,15.0,76.0,2.0,11.0,26,66,4,9,13.0,15.0,2.0,2.0
2024-12-06,Fri,True,False,0,0,1,0,0,1,1,0,0,1,1,0,0,0,0,0,0,0,1,1,0,0,1,1,2,3.0,11.5,14.0,21.0,12.0,14.0,14.0,21.0,2.0,3.0,14.0,77.0,2.0,11.0,25,67,4,9,12.0,16.0,2.0,2.0
2024-12-07,Sat,False,False,0,0,0,0,0,0,0,0,0,0,0,0,0,0,0,0,0,0,0,0,0,0,0,0,0,0.0,11.5,13.0,22.0,11.0,13.0,13.0,22.0,2.0,3.0,13.0,78.0,2.0,11.0,24,68,4,9,11.0,17.0,2.0,2.0
2024-12-08,Sun,False,False,0,0,0,0,0,0,0,0,0,0,0,0,0,0,0,0,0,0,0,0,0,0,0,0,0,0.0,11.5,12.0,23.0,10.0,12.0,12.0,23.0,2.0,3.0,12.0,79.0,2.0,11.0,23,69,4,9,10.0,18.0,2.0,2.0
2024-12-09,Mon,True,False,0,0,0,0,0,1,1,0,0,1,1,0,0,0,0,0,0,0,1,1,0,0,1,1,1,2.0,11.5,11.0,24.0,9.0,11.0,11.0,24.0,1.0,4.0,11.0,80.0,1.0,12.0,22,70,3,10,9.0,19.0,1.0,3.0
2024-12-10,Tue,True,False,0,0,0,0,0,1,0,1,0,1,1,0,0,0,0,0,0,0,1,1,0,0,1,1,1,2.0,11.5,10.0,25.0,8.0,10.0,10.0,25.0,1.0,4.0,10.0,81.0,1.0,12.0,21,71,3,10,8.0,20.0,1.0,3.0
2024-12-11,Wed,True,False,0,0,0,0,0,1,1,0,0,1,1,0,0,0,0,0,1,0,1,1,0,0,1,1,2,2.5,11.5,9.0,26.0,7.0,9.0,9.0,26.0,1.0,4.0,9.0,82.0,1.0,12.0,20,72,3,10,7.0,21.0,1.0,3.0
2024-12-12,Thu,True,False,0,0,0,0,0,1,0,0,1,1,1,0,0,0,0,0,0,0,1,1,0,0,1,1,1,2.0,11.5,8.0,27.0,6.0,8.0,8.0,27.0,1.0,4.0,8.0,83.0,1.0,12.0,19,73,3,10,6.0,22.0,1.0,3.0
2024-12-13,Fri,True,False,0,0,1,0,0,1,1,0,0,1,1,0,0,0,0,0,0,0,1,1,0,0,1,1,2,3.0,11.5,7.0,28.0,5.0,7.0,7.0,28.0,1.0,4.0,7.0,84.0,1.0,12.0,18,74,3,10,5.0,23.0,1.0,3.0
2024-12-14,Sat,False,False,0,0,0,0,0,0,0,0,0,0,0,0,0,0,0,0,0,0,0,0,0,0,0,0,0,0.0,11.5,6.0,29.0,4.0,6.0,6.0,29.0,1.0,4.0,6.0,85.0,1.0,12.0,17,75,3,10,4.0,24.0,1.0,3.0
2024-12-15,Sun,False,False,0,0,0,0,0,0,0,0,0,0,0,0,0,0,0,0,0,0,0,0,0,0,0,0,0,0.0,11.5,5.0,30.0,3.0,5.0,5.0,30.0,1.0,4.0,5.0,86.0,1.0,12.0,16,76,3,10,3.0,25.0,1.0,3.0
2024-12-16,Mon,True,False,0,0,0,0,0,1,1,0,0,1,1,0,0,0,0,0,0,0,1,1,0,0,1,1,1,2.0,11.5,4.0,31.0,2.0,4.0,4.0,31.0,0.0,0.0,4.0,87.0,0.0,0.0,15,77,2,11,2.0,26.0,0.0,0.0
2024-12-17,Tue,True,False,0,0,0,0,0,1,0,1,0,1,1,0,0,0,0,0,0,0,1,1,0,0,1,1,1,2.0,11.5,3.0,32.0,1.0,3.0,3.0,32.0,0.0,0.0,3.0,88.0,0.0,0.0,14,78,2,11,1.0,27.0,0.0,0.0
2024-12-18,Wed,True,False,0,0,0,0,0,1,1,0,0,1,1,0,0,0,0,1,0,0,1,1,0,0,1,1,2,3.5,12.5,2.0,33.0,0.0,2.0,2.0,33.0,0.0,0.0,2.0,89.0,0.0,0.0,13,79,2,11,0.0,0.0,0.0,0.0
2024-12-19,Thu,True,False,0,0,0,0,0,1,0,0,1,1,1,0,0,0,0,0,0,0,1,1,0,0,1,1,1,2.0,12.5,1.0,34.0,34.0,1.0,1.0,34.0,0.0,0.0,1.0,90.0,0.0,0.0,12,80,2,11,34.0,1.0,0.0,0.0
2024-12-20,Fri,True,False,1,1,0,1,1,1,1,0,0,1,1,0,0,0,0,0,0,0,1,1,1,1,1,1,3,7.0,16.5,0.0,0.0,33.0,0.0,0.0,0.0,0.0,0.0,0.0,0.0,0.0,0.0,11,81,2,11,33.0,2.0,0.0,0.0
2024-12-21,Sat,False,False,0,0,0,0,0,0,0,0,0,0,0,0,0,0,0,0,0,0,0,0,0,0,0,0,0,0.0,16.5,27.0,1.0,32.0,27.0,27.0,1.0,0.0,0.0,90.0,1.0,0.0,0.0,10,82,2,11,32.0,3.0,0.0,0.0
2024-12-22,Sun,False,False,0,0,0,0,0,0,0,0,0,0,0,0,0,0,0,0,0,0,0,0,0,0,0,0,0,0.0,16.5,26.0,2.0,31.0,26.0,26.0,2.0,0.0,0.0,89.0,2.0,0.0,0.0,9,83,2,11,31.0,4.0,0.0,0.0
2024-12-23,Mon,True,False,0,0,0,0,0,1,1,0,0,1,1,0,0,0,0,0,0,0,1,1,0,0,1,1,1,2.0,16.5,25.0,3.0,30.0,25.0,25.0,3.0,3.0,1.0,88.0,3.0,12.0,1.0,8,84,1,12,30.0,5.0,4.0,1.0
2024-12-24,Tue,True,False,0,0,0,0,0,1,0,1,0,1,1,0,0,0,0,0,0,0,1,1,0,0,1,1,1,2.0,16.5,24.0,4.0,29.0,24.0,24.0,4.0,3.0,1.0,87.0,4.0,12.0,1.0,7,85,1,12,29.0,6.0,4.0,1.0
2024-12-25,Wed,False,True,0,0,0,0,0,0,0,0,0,0,0,0,0,0,0,0,0,0,0,0,0,0,0,0,0,0.0,16.5,23.0,5.0,28.0,23.0,23.0,5.0,3.0,1.0,86.0,5.0,12.0,1.0,6,86,1,12,28.0,7.0,4.0,1.0
2024-12-26,Thu,True,False,0,0,0,0,0,1,0,0,1,1,1,0,0,0,0,0,0,0,1,1,0,0,1,1,1,2.0,15.0,22.0,6.0,27.0,22.0,22.0,6.0,3.0,1.0,85.0,6.0,12.0,1.0,5,87,1,12,27.0,8.0,4.0,1.0
2024-12-27,Fri,True,False,0,0,1,0,0,1,1,0,0,1,1,0,0,0,0,0,0,0,1,1,0,0,1,1,2,3.0,16.0,21.0,7.0,26.0,21.0,21.0,7.0,3.0,1.0,84.0,7.0,12.0,1.0,4,88,1,12,26.0,9.0,4.0,1.0
2024-12-28,Sat,False,False,0,0,0,0,0,0,0,0,0,0,0,0,0,0,0,0,0,0,0,0,0,0,0,0,0,0.0,16.0,20.0,8.0,25.0,20.0,20.0,8.0,3.0,1.0,83.0,8.0,12.0,1.0,3,89,1,12,25.0,10.0,4.0,1.0
2024-12-29,Sun,False,False,0,0,0,0,0,0,0,0,0,0,0,0,0,0,0,0,0,0,0,0,0,0,0,0,0,0.0,16.0,19.0,9.0,24.0,19.0,19.0,9.0,3.0,1.0,82.0,9.0,12.0,1.0,2,90,1,12,24.0,11.0,4.0,1.0
2024-12-30,Mon,True,False,0,0,0,0,0,1,1,0,0,1,1,0,0,0,0,0,0,0,1,1,0,0,1,1,1,2.0,11.0,18.0,10.0,23.0,18.0,18.0,10.0,2.0,2.0,81.0,10.0,11.0,2.0,1,91,0,0,23.0,12.0,3.0,2.0
2024-12-31,Tue,True,False,0,0,0,0,0,0,0,0,0,0,0,1,1,1,1,0,0,0,1,1,0,0,0,1,2,4.5,13.5,17.0,11.0,22.0,17.0,17.0,11.0,2.0,2.0,80.0,11.0,11.0,2.0,0,0,0,0,22.0,13.0,3.0,2.0
2025-01-01,Wed,False,True,0,0,0,0,0,0,0,0,0,0,0,0,0,0,0,0,0,0,0,0,0,0,0,0,0,0.0,13.5,16.0,12.0,21.0,16.0,16.0,12.0,2.0,2.0,79.0,12.0,11.0,2.0,89,1,0,0,21.0,14.0,3.0,2.0
2025-01-02,Thu,True,False,0,0,0,0,0,1,0,0,1,1,1,0,0,0,0,0,0,0,1,1,0,0,1,1,1,2.0,13.5,15.0,13.0,20.0,15.0,15.0,13.0,2.0,2.0,78.0,13.0,11.0,2.0,88,2,0,0,20.0,15.0,3.0,2.0
2025-01-03,Fri,True,False,0,0,1,0,0,1,1,0,0,1,1,0,0,0,0,0,0,0,1,1,0,0,1,1,2,3.0,14.5,14.0,14.0,19.0,14.0,14.0,14.0,2.0,2.0,77.0,14.0,11.0,2.0,87,3,0,0,19.0,16.0,3.0,2.0
2025-01-04,Sat,False,False,0,0,0,0,0,0,0,0,0,0,0,0,0,0,0,0,0,0,0,0,0,0,0,0,0,0.0,14.5,13.0,15.0,18.0,13.0,13.0,15.0,2.0,2.0,76.0,15.0,11.0,2.0,86,4,0,0,18.0,17.0,3.0,2.0
2025-01-05,Sun,False,False,0,0,0,0,0,0,0,0,0,0,0,0,0,0,0,0,0,0,0,0,0,0,0,0,0,0.0,14.5,12.0,16.0,17.0,12.0,12.0,16.0,2.0,2.0,75.0,16.0,11.0,2.0,85,5,0,0,17.0,18.0,3.0,2.0
2025-01-06,Mon,True,False,0,0,0,0,0,1,1,0,0,1,1,0,0,0,0,0,0,0,1,1,0,0,1,1,1,2.0,13.5,11.0,17.0,16.0,11.0,11.0,17.0,1.0,3.0,74.0,17.0,10.0,3.0,84,6,12,1,16.0,19.0,2.0,3.0
2025-01-07,Tue,True,False,0,0,0,0,0,1,0,1,0,1,1,0,0,0,0,0,0,0,1,1,0,0,1,1,1,2.0,13.5,10.0,18.0,15.0,10.0,10.0,18.0,1.0,3.0,73.0,18.0,10.0,3.0,83,7,12,1,15.0,20.0,2.0,3.0
2025-01-08,Wed,True,False,0,0,0,0,0,1,1,0,0,1,1,0,0,0,0,0,1,0,1,1,0,0,1,1,2,2.5,11.5,9.0,19.0,14.0,9.0,9.0,19.0,1.0,3.0,72.0,19.0,10.0,3.0,82,8,12,1,14.0,21.0,2.0,3.0
2025-01-09,Thu,False,True,0,0,0,0,0,0,0,0,0,0,0,0,0,0,0,0,0,0,0,0,0,0,0,0,0,0.0,11.5,8.0,20.0,13.0,8.0,8.0,20.0,1.0,3.0,71.0,20.0,10.0,3.0,81,9,12,1,13.0,22.0,2.0,3.0
2025-01-10,Fri,True,False,0,0,1,0,0,1,1,0,0,1,1,0,0,0,0,0,0,0,1,1,0,0,1,1,2,3.0,12.5,7.0,21.0,12.0,7.0,7.0,21.0,1.0,3.0,70.0,21.0,10.0,3.0,80,10,12,1,12.0,23.0,2.0,3.0
2025-01-11,Sat,False,False,0,0,0,0,0,0,0,0,0,0,0,0,0,0,0,0,0,0,0,0,0,0,0,0,0,0.0,12.5,6.0,22.0,11.0,6.0,6.0,22.0,1.0,3.0,69.0,22.0,10.0,3.0,79,11,12,1,11.0,24.0,2.0,3.0
2025-01-12,Sun,False,False,0,0,0,0,0,0,0,0,0,0,0,0,0,0,0,0,0,0,0,0,0,0,0,0,0,0.0,12.5,5.0,23.0,10.0,5.0,5.0,23.0,1.0,3.0,68.0,23.0,10.0,3.0,78,12,12,1,10.0,25.0,2.0,3.0
2025-01-13,Mon,True,False,0,0,0,0,0,1,1,0,0,1,1,0,0,0,0,0,0,0,1,1,0,0,1,1,1,2.0,11.5,4.0,24.0,9.0,4.0,4.0,24.0,0.0,0.0,67.0,24.0,9.0,4.0,77,13,11,2,9.0,26.0,1.0,4.0
2025-01-14,Tue,True,False,0,0,0,0,0,1,0,1,0,1,1,0,0,0,0,0,0,0,1,1,0,0,1,1,1,2.0,11.5,3.0,25.0,8.0,3.0,3.0,25.0,0.0,0.0,66.0,25.0,9.0,4.0,76,14,11,2,8.0,27.0,1.0,4.0
2025-01-15,Wed,True,False,0,0,0,0,0,1,1,0,0,1,1,0,0,0,0,0,1,0,1,1,0,0,1,1,2,2.5,12.0,2.0,26.0,7.0,2.0,2.0,26.0,0.0,0.0,65.0,26.0,9.0,4.0,75,15,11,2,7.0,28.0,1.0,4.0
2025-01-16,Thu,True,False,0,0,0,0,0,1,0,0,1,1,1,0,0,0,0,0,0,0,1,1,0,0,1,1,1,2.0,11.5,1.0,27.0,6.0,1.0,1.0,27.0,0.0,0.0,64.0,27.0,9.0,4.0,74,16,11,2,6.0,29.0,1.0,4.0
2025-01-17,Fri,True,False,1,1,0,1,1,1,1,0,0,1,1,0,0,0,0,0,0,0,1,1,1,1,1,1,3,7.0,15.5,0.0,0.0,5.0,0.0,0.0,0.0,0.0,0.0,63.0,28.0,9.0,4.0,73,17,11,2,5.0,30.0,1.0,4.0
2025-01-18,Sat,False,False,0,0,0,0,0,0,0,0,0,0,0,0,0,0,0,0,0,0,0,0,0,0,0,0,0,0.0,15.5,34.0,1.0,4.0,34.0,34.0,1.0,0.0,0.0,62.0,29.0,9.0,4.0,72,18,11,2,4.0,31.0,1.0,4.0
2025-01-19,Sun,False,False,0,0,0,0,0,0,0,0,0,0,0,0,0,0,0,0,0,0,0,0,0,0,0,0,0,0.0,15.5,33.0,2.0,3.0,33.0,33.0,2.0,0.0,0.0,61.0,30.0,9.0,4.0,71,19,11,2,3.0,32.0,1.0,4.0
2025-01-20,Mon,False,True,0,0,0,0,0,0,0,0,0,0,0,0,0,0,0,0,0,0,0,0,0,0,0,0,0,0.0,15.5,32.0,3.0,2.0,32.0,32.0,3.0,4.0,1.0,60.0,31.0,8.0,5.0,70,20,10,3,2.0,33.0,0.0,0.0
2025-01-21,Tue,True,False,0,0,0,0,0,1,0,1,0,1,1,0,0,0,0,0,0,0,1,1,0,0,1,1,1,2.0,15.5,31.0,4.0,1.0,31.0,31.0,4.0,4.0,1.0,59.0,32.0,8.0,5.0,69,21,10,3,1.0,34.0,0.0,0.0
2025-01-22,Wed,True,False,0,0,0,0,0,1,1,0,0,1,1,0,0,0,0,1,0,0,1,1,0,0,1,1,2,3.5,17.0,30.0,5.0,0.0,30.0,30.0,5.0,4.0,1.0,58.0,33.0,8.0,5.0,68,22,10,3,0.0,0.0,0.0,0.0
2025-01-23,Thu,True,False,0,0,0,0,0,1,0,0,1,1,1,0,0,0,0,0,0,0,1,1,0,0,1,1,1,2.0,16.5,29.0,6.0,27.0,29.0,29.0,6.0,4.0,1.0,57.0,34.0,8.0,5.0,67,23,10,3,27.0,1.0,0.0,0.0
2025-01-24,Fri,True,False,0,0,1,0,0,1,1,0,0,1,1,0,0,0,0,0,0,0,1,1,0,0,1,1,2,3.0,17.5,28.0,7.0,26.0,28.0,28.0,7.0,4.0,1.0,56.0,35.0,8.0,5.0,66,24,10,3,26.0,2.0,0.0,0.0
2025-01-25,Sat,False,False,0,0,0,0,0,0,0,0,0,0,0,0,0,0,0,0,0,0,0,0,0,0,0,0,0,0.0,17.5,27.0,8.0,25.0,27.0,27.0,8.0,4.0,1.0,55.0,36.0,8.0,5.0,65,25,10,3,25.0,3.0,0.0,0.0
2025-01-26,Sun,False,False,0,0,0,0,0,0,0,0,0,0,0,0,0,0,0,0,0,0,0,0,0,0,0,0,0,0.0,17.5,26.0,9.0,24.0,26.0,26.0,9.0,4.0,1.0,54.0,37.0,8.0,5.0,64,26,10,3,24.0,4.0,0.0,0.0
2025-01-27,Mon,True,False,0,0,0,0,0,1,1,0,0,1,1,0,0,0,0,0,0,0,1,1,0,0,1,1,1,2.0,12.5,25.0,10.0,23.0,25.0,25.0,10.0,3.0,2.0,53.0,38.0,7.0,6.0,63,27,9,4,23.0,5.0,3.0,1.0
2025-01-28,Tue,True,False,0,0,0,0,0,1,0,1,0,1,1,0,0,0,0,0,0,0,1,1,0,0,1,1,1,2.0,12.5,24.0,11.0,22.0,24.0,24.0,11.0,3.0,2.0,52.0,39.0,7.0,6.0,62,28,9,4,22.0,6.0,3.0,1.0
2025-01-29,Wed,True,False,0,0,0,0,0,1,1,0,0,1,1,0,0,0,0,0,1,0,1,1,0,0,1,1,2,2.5,11.5,23.0,12.0,21.0,23.0,23.0,12.0,3.0,2.0,51.0,40.0,7.0,6.0,61,29,9,4,21.0,7.0,3.0,1.0
2025-01-30,Thu,True,False,0,0,0,0,0,1,0,0,1,1,1,0,0,0,0,0,0,0,1,1,0,0,1,1,1,2.0,11.5,22.0,13.0,20.0,22.0,22.0,13.0,3.0,2.0,50.0,41.0,7.0,6.0,60,30,9,4,20.0,8.0,3.0,1.0
2025-01-31,Fri,True,False,0,0,1,0,0,0,0,0,0,0,0,1,1,0,0,0,0,0,1,1,0,0,0,1,2,3.0,11.5,21.0,14.0,19.0,21.0,21.0,14.0,3.0,2.0,49.0,42.0,7.0,6.0,59,31,9,4,19.0,9.0,3.0,1.0
2025-02-01,Sat,False,False,0,0,0,0,0,0,0,0,0,0,0,0,0,0,0,0,0,0,0,0,0,0,0,0,0,0.0,11.5,20.0,15.0,18.0,20.0,20.0,15.0,3.0,2.0,48.0,43.0,7.0,6.0,58,32,9,4,18.0,10.0,3.0,1.0
2025-02-02,Sun,False,False,0,0,0,0,0,0,0,0,0,0,0,0,0,0,0,0,0,0,0,0,0,0,0,0,0,0.0,11.5,19.0,16.0,17.0,19.0,19.0,16.0,3.0,2.0,47.0,44.0,7.0,6.0,57,33,9,4,17.0,11.0,3.0,1.0
2025-02-03,Mon,True,False,0,0,0,0,0,1,1,0,0,1,1,0,0,0,0,0,0,0,1,1,0,0,1,1,1,2.0,11.5,18.0,17.0,16.0,18.0,18.0,17.0,2.0,3.0,46.0,45.0,6.0,7.0,56,34,8,5,16.0,12.0,2.0,2.0
2025-02-04,Tue,True,False,0,0,0,0,0,1,0,1,0,1,1,0,0,0,0,0,0,0,1,1,0,0,1,1,1,2.0,11.5,17.0,18.0,15.0,17.0,17.0,18.0,2.0,3.0,45.0,46.0,6.0,7.0,55,35,8,5,15.0,13.0,2.0,2.0
2025-02-05,Wed,True,False,0,0,0,0,0,1,1,0,0,1,1,0,0,0,0,0,1,0,1,1,0,0,1,1,2,2.5,11.5,16.0,19.0,14.0,16.0,16.0,19.0,2.0,3.0,44.0,47.0,6.0,7.0,54,36,8,5,14.0,14.0,2.0,2.0
2025-02-06,Thu,True,False,0,0,0,0,0,1,0,0,1,1,1,0,0,0,0,0,0,0,1,1,0,0,1,1,1,2.0,11.5,15.0,20.0,13.0,15.0,15.0,20.0,2.0,3.0,43.0,48.0,6.0,7.0,53,37,8,5,13.0,15.0,2.0,2.0
2025-02-07,Fri,True,False,0,0,1,0,0,1,1,0,0,1,1,0,0,0,0,0,0,0,1,1,0,0,1,1,2,3.0,11.5,14.0,21.0,12.0,14.0,14.0,21.0,2.0,3.0,42.0,49.0,6.0,7.0,52,38,8,5,12.0,16.0,2.0,2.0
2025-02-08,Sat,False,False,0,0,0,0,0,0,0,0,0,0,0,0,0,0,0,0,0,0,0,0,0,0,0,0,0,0.0,11.5,13.0,22.0,11.0,13.0,13.0,22.0,2.0,3.0,41.0,50.0,6.0,7.0,51,39,8,5,11.0,17.0,2.0,2.0
2025-02-09,Sun,False,False,0,0,0,0,0,0,0,0,0,0,0,0,0,0,0,0,0,0,0,0,0,0,0,0,0,0.0,11.5,12.0,23.0,10.0,12.0,12.0,23.0,2.0,3.0,40.0,51.0,6.0,7.0,50,40,8,5,10.0,18.0,2.0,2.0
2025-02-10,Mon,True,False,0,0,0,0,0,1,1,0,0,1,1,0,0,0,0,0,0,0,1,1,0,0,1,1,1,2.0,11.5,11.0,24.0,9.0,11.0,11.0,24.0,1.0,4.0,39.0,52.0,5.0,8.0,49,41,7,6,9.0,19.0,1.0,3.0
2025-02-11,Tue,True,False,0,0,0,0,0,1,0,1,0,1,1,0,0,0,0,0,0,0,1,1,0,0,1,1,1,2.0,11.5,10.0,25.0,8.0,10.0,10.0,25.0,1.0,4.0,38.0,53.0,5.0,8.0,48,42,7,6,8.0,20.0,1.0,3.0
2025-02-12,Wed,True,False,0,0,0,0,0,1,1,0,0,1,1,0,0,0,0,0,1,0,1,1,0,0,1,1,2,2.5,11.5,9.0,26.0,7.0,9.0,9.0,26.0,1.0,4.0,37.0,54.0,5.0,8.0,47,43,7,6,7.0,21.0,1.0,3.0
2025-02-13,Thu,True,False,0,0,0,0,0,1,0,0,1,1,1,0,0,0,0,0,0,0,1,1,0,0,1,1,1,2.0,11.5,8.0,27.0,6.0,8.0,8.0,27.0,1.0,4.0,36.0,55.0,5.0,8.0,46,44,7,6,6.0,22.0,1.0,3.0
2025-02-14,Fri,True,False,0,0,1,0,0,1,1,0,0,1,1,0,0,0,0,0,0,0,1,1,0,0,1,1,2,3.0,11.5,7.0,28.0,5.0,7.0,7.0,28.0,1.0,4.0,35.0,56.0,5.0,8.0,45,45,7,6,5.0,23.0,1.0,3.0
2025-02-15,Sat,False,False,0,0,0,0,0,0,0,0,0,0,0,0,0,0,0,0,0,0,0,0,0,0,0,0,0,0.0,11.5,6.0,29.0,4.0,6.0,6.0,29.0,1.0,4.0,34.0,57.0,5.0,8.0,44,46,7,6,4.0,24.0,1.0,3.0
2025-02-16,Sun,False,False,0,0,0,0,0,0,0,0,0,0,0,0,0,0,0,0,0,0,0,0,0,0,0,0,0,0.0,11.5,5.0,30.0,3.0,5.0,5.0,30.0,1.0,4.0,33.0,58.0,5.0,8.0,43,47,7,6,3.0,25.0,1.0,3.0
2025-02-17,Mon,False,True,0,0,0,0,0,0,0,0,0,0,0,0,0,0,0,0,0,0,0,0,0,0,0,0,0,0.0,11.5,4.0,31.0,2.0,4.0,4.0,31.0,0.0,0.0,32.0,59.0,4.0,9.0,42,48,6,7,2.0,26.0,0.0,0.0
2025-02-18,Tue,True,False,0,0,0,0,0,1,0,1,0,1,1,0,0,0,0,0,0,0,1,1,0,0,1,1,1,2.0,11.5,3.0,32.0,1.0,3.0,3.0,32.0,0.0,0.0,31.0,60.0,4.0,9.0,41,49,6,7,1.0,27.0,0.0,0.0
2025-02-19,Wed,True,False,0,0,0,0,0,1,1,0,0,1,1,0,0,0,0,1,0,0,1,1,0,0,1,1,2,3.5,13.0,2.0,33.0,0.0,2.0,2.0,33.0,0.0,0.0,30.0,61.0,4.0,9.0,40,50,6,7,0.0,0.0,0.0,0.0
2025-02-20,Thu,True,False,0,0,0,0,0,1,0,0,1,1,1,0,0,0,0,0,0,0,1,1,0,0,1,1,1,2.0,12.5,1.0,34.0,26.0,1.0,1.0,34.0,0.0,0.0,29.0,62.0,4.0,9.0,39,51,6,7,26.0,1.0,0.0,0.0
2025-02-21,Fri,True,False,1,1,0,1,1,1,1,0,0,1,1,0,0,0,0,0,0,0,1,1,1,1,1,1,3,7.0,17.5,0.0,0.0,25.0,0.0,0.0,0.0,0.0,0.0,28.0,63.0,4.0,9.0,38,52,6,7,25.0,2.0,0.0,0.0
2025-02-22,Sat,False,False,0,0,0,0,0,0,0,0,0,0,0,0,0,0,0,0,0,0,0,0,0,0,0,0,0,0.0,17.5,27.0,1.0,24.0,27.0,27.0,1.0,0.0,0.0,27.0,64.0,4.0,9.0,37,53,6,7,24.0,3.0,0.0,0.0
2025-02-23,Sun,False,False,0,0,0,0,0,0,0,0,0,0,0,0,0,0,0,0,0,0,0,0,0,0,0,0,0,0.0,17.5,26.0,2.0,23.0,26.0,26.0,2.0,0.0,0.0,26.0,65.0,4.0,9.0,36,54,6,7,23.0,4.0,0.0,0.0
2025-02-24,Mon,True,False,0,0,0,0,0,1,1,0,0,1,1,0,0,0,0,0,0,0,1,1,0,0,1,1,1,2.0,16.5,25.0,3.0,22.0,25.0,25.0,3.0,3.0,1.0,25.0,66.0,3.0,10.0,35,55,5,8,22.0,5.0,3.0,1.0
2025-02-25,Tue,True,False,0,0,0,0,0,1,0,1,0,1,1,0,0,0,0,0,0,0,1,1,0,0,1,1,1,2.0,16.5,24.0,4.0,21.0,24.0,24.0,4.0,3.0,1.0,24.0,67.0,3.0,10.0,34,56,5,8,21.0,6.0,3.0,1.0
2025-02-26,Wed,True,False,0,0,0,0,0,1,1,0,0,1,1,0,0,0,0,0,1,0,1,1,0,0,1,1,2,2.5,15.5,23.0,5.0,20.0,23.0,23.0,5.0,3.0,1.0,23.0,68.0,3.0,10.0,33,57,5,8,20.0,7.0,3.0,1.0
2025-02-27,Thu,True,False,0,0,0,0,0,1,0,0,1,1,1,0,0,0,0,0,0,0,1,1,0,0,1,1,1,2.0,15.5,22.0,6.0,19.0,22.0,22.0,6.0,3.0,1.0,22.0,69.0,3.0,10.0,32,58,5,8,19.0,8.0,3.0,1.0
2025-02-28,Fri,True,False,0,0,1,0,0,0,0,0,0,0,0,1,1,0,0,0,0,0,1,1,0,0,0,1,2,3.0,11.5,21.0,7.0,18.0,21.0,21.0,7.0,3.0,1.0,21.0,70.0,3.0,10.0,31,59,5,8,18.0,9.0,3.0,1.0
2025-03-01,Sat,False,False,0,0,0,0,0,0,0,0,0,0,0,0,0,0,0,0,0,0,0,0,0,0,0,0,0,0.0,11.5,20.0,8.0,17.0,20.0,20.0,8.0,3.0,1.0,20.0,71.0,3.0,10.0,30,60,5,8,17.0,10.0,3.0,1.0
2025-03-02,Sun,False,False,0,0,0,0,0,0,0,0,0,0,0,0,0,0,0,0,0,0,0,0,0,0,0,0,0,0.0,11.5,19.0,9.0,16.0,19.0,19.0,9.0,3.0,1.0,19.0,72.0,3.0,10.0,29,61,5,8,16.0,11.0,3.0,1.0
2025-03-03,Mon,True,False,0,0,0,0,0,1,1,0,0,1,1,0,0,0,0,0,0,0,1,1,0,0,1,1,1,2.0,11.5,18.0,10.0,15.0,18.0,18.0,10.0,2.0,2.0,18.0,73.0,2.0,11.0,28,62,4,9,15.0,12.0,2.0,2.0
2025-03-04,Tue,True,False,0,0,0,0,0,1,0,1,0,1,1,0,0,0,0,0,0,0,1,1,0,0,1,1,1,2.0,11.5,17.0,11.0,14.0,17.0,17.0,11.0,2.0,2.0,17.0,74.0,2.0,11.0,27,63,4,9,14.0,13.0,2.0,2.0
2025-03-05,Wed,True,False,0,0,0,0,0,1,1,0,0,1,1,0,0,0,0,0,1,0,1,1,0,0,1,1,2,2.5,11.5,16.0,12.0,13.0,16.0,16.0,12.0,2.0,2.0,16.0,75.0,2.0,11.0,26,64,4,9,13.0,14.0,2.0,2.0
2025-03-06,Thu,True,False,0,0,0,0,0,1,0,0,1,1,1,0,0,0,0,0,0,0,1,1,0,0,1,1,1,2.0,11.5,15.0,13.0,12.0,15.0,15.0,13.0,2.0,2.0,15.0,76.0,2.0,11.0,25,65,4,9,12.0,15.0,2.0,2.0
2025-03-07,Fri,True,False,0,0,1,0,0,1,1,0,0,1,1,0,0,0,0,0,0,0,1,1,0,0,1,1,2,3.0,11.5,14.0,14.0,11.0,14.0,14.0,14.0,2.0,2.0,14.0,77.0,2.0,11.0,24,66,4,9,11.0,16.0,2.0,2.0
2025-03-08,Sat,False,False,0,0,0,0,0,0,0,0,0,0,0,0,0,0,0,0,0,0,0,0,0,0,0,0,0,0.0,11.5,13.0,15.0,10.0,13.0,13.0,15.0,2.0,2.0,13.0,78.0,2.0,11.0,23,67,4,9,10.0,17.0,2.0,2.0
2025-03-09,Sun,False,False,0,0,0,0,0,0,0,0,0,0,0,0,0,0,0,0,0,0,0,0,0,0,0,0,0,0.0,11.5,12.0,16.0,9.0,12.0,12.0,16.0,2.0,2.0,12.0,79.0,2.0,11.0,22,68,4,9,9.0,18.0,2.0,2.0
2025-03-10,Mon,True,False,0,0,0,0,0,1,1,0,0,1,1,0,0,0,0,0,0,0,1,1,0,0,1,1,1,2.0,11.5,11.0,17.0,8.0,11.0,11.0,17.0,1.0,3.0,11.0,80.0,1.0,12.0,21,69,3,10,8.0,19.0,1.0,3.0
2025-03-11,Tue,True,False,0,0,0,0,0,1,0,1,0,1,1,0,0,0,0,0,0,0,1,1,0,0,1,1,1,2.0,11.5,10.0,18.0,7.0,10.0,10.0,18.0,1.0,3.0,10.0,81.0,1.0,12.0,20,70,3,10,7.0,20.0,1.0,3.0
2025-03-12,Wed,True,False,0,0,0,0,0,1,1,0,0,1,1,0,0,0,0,0,1,0,1,1,0,0,1,1,2,2.5,11.5,9.0,19.0,6.0,9.0,9.0,19.0,1.0,3.0,9.0,82.0,1.0,12.0,19,71,3,10,6.0,21.0,1.0,3.0
2025-03-13,Thu,True,False,0,0,0,0,0,1,0,0,1,1,1,0,0,0,0,0,0,0,1,1,0,0,1,1,1,2.0,11.5,8.0,20.0,5.0,8.0,8.0,20.0,1.0,3.0,8.0,83.0,1.0,12.0,18,72,3,10,5.0,22.0,1.0,3.0
2025-03-14,Fri,True,False,0,0,1,0,0,1,1,0,0,1,1,0,0,0,0,0,0,0,1,1,0,0,1,1,2,3.0,11.5,7.0,21.0,4.0,7.0,7.0,21.0,1.0,3.0,7.0,84.0,1.0,12.0,17,73,3,10,4.0,23.0,1.0,3.0
2025-03-15,Sat,False,False,0,0,0,0,0,0,0,0,0,0,0,0,0,0,0,0,0,0,0,0,0,0,0,0,0,0.0,11.5,6.0,22.0,3.0,6.0,6.0,22.0,1.0,3.0,6.0,85.0,1.0,12.0,16,74,3,10,3.0,24.0,1.0,3.0
2025-03-16,Sun,False,False,0,0,0,0,0,0,0,0,0,0,0,0,0,0,0,0,0,0,0,0,0,0,0,0,0,0.0,11.5,5.0,23.0,2.0,5.0,5.0,23.0,1.0,3.0,5.0,86.0,1.0,12.0,15,75,3,10,2.0,25.0,1.0,3.0
2025-03-17,Mon,True,False,0,0,0,0,0,1,1,0,0,1,1,0,0,0,0,0,0,0,1,1,0,0,1,1,1,2.0,11.5,4.0,24.0,1.0,4.0,4.0,24.0,0.0,0.0,4.0,87.0,0.0,0.0,14,76,2,11,1.0,26.0,0.0,0.0
2025-03-18,Tue,True,False,0,0,0,0,0,1,0,1,0,1,1,0,0,0,0,1,0,1,1,1,0,0,1,1,3,4.0,13.5,3.0,25.0,0.0,3.0,3.0,25.0,0.0,0.0,3.0,88.0,0.0,0.0,13,77,2,11,0.0,0.0,0.0,0.0
2025-03-19,Wed,True,False,0,0,0,0,0,1,1,0,0,1,1,0,0,0,0,0,1,0,1,1,0,0,1,1,2,2.5,13.5,2.0,26.0,28.0,2.0,2.0,26.0,0.0,0.0,2.0,89.0,0.0,0.0,12,78,2,11,28.0,1.0,0.0,0.0
2025-03-20,Thu,True,False,0,0,0,0,0,1,0,0,1,1,1,0,0,0,0,0,0,0,1,1,0,0,1,1,1,2.0,13.5,1.0,27.0,27.0,1.0,1.0,27.0,0.0,0.0,1.0,90.0,0.0,0.0,11,79,2,11,27.0,2.0,0.0,0.0
2025-03-21,Fri,True,False,1,1,0,1,1,1,1,0,0,1,1,0,0,0,0,0,0,0,1,1,1,1,1,1,3,7.0,17.5,0.0,0.0,26.0,0.0,0.0,0.0,0.0,0.0,0.0,0.0,0.0,0.0,10,80,2,11,26.0,3.0,0.0,0.0
2025-03-22,Sat,False,False,0,0,0,0,0,0,0,0,0,0,0,0,0,0,0,0,0,0,0,0,0,0,0,0,0,0.0,17.5,26.0,1.0,25.0,26.0,26.0,1.0,0.0,0.0,90.0,1.0,0.0,0.0,9,81,2,11,25.0,4.0,0.0,0.0
2025-03-23,Sun,False,False,0,0,0,0,0,0,0,0,0,0,0,0,0,0,0,0,0,0,0,0,0,0,0,0,0,0.0,17.5,25.0,2.0,24.0,25.0,25.0,2.0,0.0,0.0,89.0,2.0,0.0,0.0,8,82,2,11,24.0,5.0,0.0,0.0
2025-03-24,Mon,True,False,0,0,0,0,0,1,1,0,0,1,1,0,0,0,0,0,0,0,1,1,0,0,1,1,1,2.0,17.5,24.0,3.0,23.0,24.0,24.0,3.0,3.0,1.0,88.0,3.0,12.0,1.0,7,83,1,12,23.0,6.0,3.0,1.0
2025-03-25,Tue,True,False,0,0,0,0,0,1,0,1,0,1,1,0,0,0,0,0,0,0,1,1,0,0,1,1,1,2.0,15.5,23.0,4.0,22.0,23.0,23.0,4.0,3.0,1.0,87.0,4.0,12.0,1.0,6,84,1,12,22.0,7.0,3.0,1.0
2025-03-26,Wed,True,False,0,0,0,0,0,1,1,0,0,1,1,0,0,0,0,0,1,0,1,1,0,0,1,1,2,2.5,15.5,22.0,5.0,21.0,22.0,22.0,5.0,3.0,1.0,86.0,5.0,12.0,1.0,5,85,1,12,21.0,8.0,3.0,1.0
2025-03-27,Thu,True,False,0,0,0,0,0,1,0,0,1,1,1,0,0,0,0,0,0,0,1,1,0,0,1,1,1,2.0,15.5,21.0,6.0,20.0,21.0,21.0,6.0,3.0,1.0,85.0,6.0,12.0,1.0,4,86,1,12,20.0,9.0,3.0,1.0
2025-03-28,Fri,True,False,0,0,1,0,0,1,1,0,0,1,1,0,0,0,0,0,0,0,1,1,0,0,1,1,2,3.0,11.5,20.0,7.0,19.0,20.0,20.0,7.0,3.0,1.0,84.0,7.0,12.0,1.0,3,87,1,12,19.0,10.0,3.0,1.0
2025-03-29,Sat,False,False,0,0,0,0,0,0,0,0,0,0,0,0,0,0,0,0,0,0,0,0,0,0,0,0,0,0.0,11.5,19.0,8.0,18.0,19.0,19.0,8.0,3.0,1.0,83.0,8.0,12.0,1.0,2,88,1,12,18.0,11.0,3.0,1.0
2025-03-30,Sun,False,False,0,0,0,0,0,0,0,0,0,0,0,0,0,0,0,0,0,0,0,0,0,0,0,0,0,0.0,11.5,18.0,9.0,17.0,18.0,18.0,9.0,3.0,1.0,82.0,9.0,12.0,1.0,1,89,1,12,17.0,12.0,3.0,1.0
2025-03-31,Mon,True,False,0,0,0,0,0,0,0,0,0,0,0,1,1,1,1,0,0,0,1,1,0,0,0,1,2,4.5,14.0,17.0,10.0,16.0,17.0,17.0,10.0,2.0,2.0,81.0,10.0,11.0,2.0,0,0,0,0,16.0,13.0,2.0,2.0
2025-04-01,Tue,True,False,0,0,0,0,0,1,0,1,0,1,1,0,0,0,0,0,0,0,1,1,0,0,1,1,1,2.0,14.0,16.0,11.0,15.0,16.0,16.0,11.0,2.0,2.0,80.0,11.0,11.0,2.0,90,1,0,0,15.0,14.0,2.0,2.0
2025-04-02,Wed,True,False,0,0,0,0,0,1,1,0,0,1,1,0,0,0,0,0,1,0,1,1,0,0,1,1,2,2.5,14.0,15.0,12.0,14.0,15.0,15.0,12.0,2.0,2.0,79.0,12.0,11.0,2.0,89,2,0,0,14.0,15.0,2.0,2.0
2025-04-03,Thu,True,False,0,0,0,0,0,1,0,0,1,1,1,0,0,0,0,0,0,0,1,1,0,0,1,1,1,2.0,14.0,14.0,13.0,13.0,14.0,14.0,13.0,2.0,2.0,78.0,13.0,11.0,2.0,88,3,0,0,13.0,16.0,2.0,2.0
2025-04-04,Fri,True,False,0,0,1,0,0,1,1,0,0,1,1,0,0,0,0,0,0,0,1,1,0,0,1,1,2,3.0,14.0,13.0,14.0,12.0,13.0,13.0,14.0,2.0,2.0,77.0,14.0,11.0,2.0,87,4,0,0,12.0,17.0,2.0,2.0
2025-04-05,Sat,False,False,0,0,0,0,0,0,0,0,0,0,0,0,0,0,0,0,0,0,0,0,0,0,0,0,0,0.0,14.0,12.0,15.0,11.0,12.0,12.0,15.0,2.0,2.0,76.0,15.0,11.0,2.0,86,5,0,0,11.0,18.0,2.0,2.0
2025-04-06,Sun,False,False,0,0,0,0,0,0,0,0,0,0,0,0,0,0,0,0,0,0,0,0,0,0,0,0,0,0.0,14.0,11.0,16.0,10.0,11.0,11.0,16.0,2.0,2.0,75.0,16.0,11.0,2.0,85,6,0,0,10.0,19.0,2.0,2.0
2025-04-07,Mon,True,False,0,0,0,0,0,1,1,0,0,1,1,0,0,0,0,0,0,0,1,1,0,0,1,1,1,2.0,11.5,10.0,17.0,9.0,10.0,10.0,17.0,1.0,3.0,74.0,17.0,10.0,3.0,84,7,12,1,9.0,20.0,1.0,3.0
2025-04-08,Tue,True,False,0,0,0,0,0,1,0,1,0,1,1,0,0,0,0,0,0,0,1,1,0,0,1,1,1,2.0,11.5,9.0,18.0,8.0,9.0,9.0,18.0,1.0,3.0,73.0,18.0,10.0,3.0,83,8,12,1,8.0,21.0,1.0,3.0
2025-04-09,Wed,True,False,0,0,0,0,0,1,1,0,0,1,1,0,0,0,0,0,1,0,1,1,0,0,1,1,2,2.5,11.5,8.0,19.0,7.0,8.0,8.0,19.0,1.0,3.0,72.0,19.0,10.0,3.0,82,9,12,1,7.0,22.0,1.0,3.0
2025-04-10,Thu,True,False,0,0,0,0,0,1,0,0,1,1,1,0,0,0,0,0,0,0,1,1,0,0,1,1,1,2.0,11.5,7.0,20.0,6.0,7.0,7.0,20.0,1.0,3.0,71.0,20.0,10.0,3.0,81,10,12,1,6.0,23.0,1.0,3.0
2025-04-11,Fri,True,False,0,0,1,0,0,1,1,0,0,1,1,0,0,0,0,0,0,0,1,1,0,0,1,1,2,3.0,11.5,6.0,21.0,5.0,6.0,6.0,21.0,1.0,3.0,70.0,21.0,10.0,3.0,80,11,12,1,5.0,24.0,1.0,3.0
2025-04-12,Sat,False,False,0,0,0,0,0,0,0,0,0,0,0,0,0,0,0,0,0,0,0,0,0,0,0,0,0,0.0,11.5,5.0,22.0,4.0,5.0,5.0,22.0,1.0,3.0,69.0,22.0,10.0,3.0,79,12,12,1,4.0,25.0,1.0,3.0
2025-04-13,Sun,False,False,0,0,0,0,0,0,0,0,0,0,0,0,0,0,0,0,0,0,0,0,0,0,0,0,0,0.0,11.5,4.0,23.0,3.0,4.0,4.0,23.0,1.0,3.0,68.0,23.0,10.0,3.0,78,13,12,1,3.0,26.0,1.0,3.0
2025-04-14,Mon,True,False,0,0,0,0,0,1,1,0,0,1,1,0,0,0,0,0,0,0,1,1,0,0,1,1,1,2.0,11.5,3.0,24.0,2.0,3.0,3.0,24.0,0.0,0.0,67.0,24.0,9.0,4.0,77,14,11,2,2.0,27.0,0.0,0.0
2025-04-15,Tue,True,False,0,0,0,0,0,1,0,1,0,1,1,0,0,0,0,0,0,0,1,1,0,0,1,1,1,2.0,11.5,2.0,25.0,1.0,2.0,2.0,25.0,0.0,0.0,66.0,25.0,9.0,4.0,76,15,11,2,1.0,28.0,0.0,0.0
2025-04-16,Wed,True,False,0,0,0,0,0,1,1,0,0,1,1,0,0,0,0,1,0,0,1,1,0,0,1,1,2,3.5,12.5,1.0,26.0,0.0,1.0,1.0,26.0,0.0,0.0,65.0,26.0,9.0,4.0,75,16,11,2,0.0,0.0,0.0,0.0
2025-04-17,Thu,True,False,1,1,0,1,1,1,0,0,1,1,1,0,0,0,0,0,0,1,1,1,1,1,1,1,4,7.5,18.0,0.0,0.0,34.0,0.0,0.0,0.0,0.0,0.0,64.0,27.0,9.0,4.0,74,17,11,2,34.0,1.0,0.0,0.0
2025-04-18,Fri,False,True,0,0,0,0,0,0,0,0,0,0,0,0,0,0,0,0,0,0,0,0,0,0,0,0,0,0.0,18.0,28.0,1.0,33.0,28.0,28.0,1.0,0.0,0.0,63.0,28.0,9.0,4.0,73,18,11,2,33.0,2.0,0.0,0.0
2025-04-19,Sat,False,False,0,0,0,0,0,0,0,0,0,0,0,0,0,0,0,0,0,0,0,0,0,0,0,0,0,0.0,18.0,27.0,2.0,32.0,27.0,27.0,2.0,0.0,0.0,62.0,29.0,9.0,4.0,72,19,11,2,32.0,3.0,0.0,0.0
2025-04-20,Sun,False,False,0,0,0,0,0,0,0,0,0,0,0,0,0,0,0,0,0,0,0,0,0,0,0,0,0,0.0,18.0,26.0,3.0,31.0,26.0,26.0,3.0,0.0,0.0,61.0,30.0,9.0,4.0,71,20,11,2,31.0,4.0,0.0,0.0
2025-04-21,Mon,True,False,0,0,0,0,0,1,1,0,0,1,1,0,0,0,0,0,0,0,1,1,0,0,1,1,1,2.0,17.0,25.0,4.0,30.0,25.0,25.0,4.0,3.0,1.0,60.0,31.0,8.0,5.0,70,21,10,3,30.0,5.0,4.0,1.0
2025-04-22,Tue,True,False,0,0,0,0,0,1,0,1,0,1,1,0,0,0,0,0,0,0,1,1,0,0,1,1,1,2.0,17.0,24.0,5.0,29.0,24.0,24.0,5.0,3.0,1.0,59.0,32.0,8.0,5.0,69,22,10,3,29.0,6.0,4.0,1.0
2025-04-23,Wed,True,False,0,0,0,0,0,1,1,0,0,1,1,0,0,0,0,0,1,0,1,1,0,0,1,1,2,2.5,17.5,23.0,6.0,28.0,23.0,23.0,6.0,3.0,1.0,58.0,33.0,8.0,5.0,68,23,10,3,28.0,7.0,4.0,1.0
2025-04-24,Thu,True,False,0,0,0,0,0,1,0,0,1,1,1,0,0,0,0,0,0,0,1,1,0,0,1,1,1,2.0,16.0,22.0,7.0,27.0,22.0,22.0,7.0,3.0,1.0,57.0,34.0,8.0,5.0,67,24,10,3,27.0,8.0,4.0,1.0
2025-04-25,Fri,True,False,0,0,1,0,0,1,1,0,0,1,1,0,0,0,0,0,0,0,1,1,0,0,1,1,2,3.0,11.5,21.0,8.0,26.0,21.0,21.0,8.0,3.0,1.0,56.0,35.0,8.0,5.0,66,25,10,3,26.0,9.0,4.0,1.0
2025-04-26,Sat,False,False,0,0,0,0,0,0,0,0,0,0,0,0,0,0,0,0,0,0,0,0,0,0,0,0,0,0.0,11.5,20.0,9.0,25.0,20.0,20.0,9.0,3.0,1.0,55.0,36.0,8.0,5.0,65,26,10,3,25.0,10.0,4.0,1.0
2025-04-27,Sun,False,False,0,0,0,0,0,0,0,0,0,0,0,0,0,0,0,0,0,0,0,0,0,0,0,0,0,0.0,11.5,19.0,10.0,24.0,19.0,19.0,10.0,3.0,1.0,54.0,37.0,8.0,5.0,64,27,10,3,24.0,11.0,4.0,1.0
2025-04-28,Mon,True,False,0,0,0,0,0,1,1,0,0,1,1,0,0,0,0,0,0,0,1,1,0,0,1,1,1,2.0,11.5,18.0,11.0,23.0,18.0,18.0,11.0,2.0,2.0,53.0,38.0,7.0,6.0,63,28,9,4,23.0,12.0,3.0,2.0
2025-04-29,Tue,True,False,0,0,0,0,0,1,0,1,0,1,1,0,0,0,0,0,0,0,1,1,0,0,1,1,1,2.0,11.5,17.0,12.0,22.0,17.0,17.0,12.0,2.0,2.0,52.0,39.0,7.0,6.0,62,29,9,4,22.0,13.0,3.0,2.0
2025-04-30,Wed,True,False,0,0,0,0,0,0,0,0,0,0,0,1,1,0,0,0,1,0,1,1,0,0,0,1,2,2.5,11.5,16.0,13.0,21.0,16.0,16.0,13.0,2.0,2.0,51.0,40.0,7.0,6.0,61,30,9,4,21.0,14.0,3.0,2.0
2025-05-01,Thu,True,False,0,0,0,0,0,1,0,0,1,1,1,0,0,0,0,0,0,0,1,1,0,0,1,1,1,2.0,11.5,15.0,14.0,20.0,15.0,15.0,14.0,2.0,2.0,50.0,41.0,7.0,6.0,60,31,9,4,20.0,15.0,3.0,2.0
2025-05-02,Fri,True,False,0,0,1,0,0,1,1,0,0,1,1,0,0,0,0,0,0,0,1,1,0,0,1,1,2,3.0,11.5,14.0,15.0,19.0,14.0,14.0,15.0,2.0,2.0,49.0,42.0,7.0,6.0,59,32,9,4,19.0,16.0,3.0,2.0
2025-05-03,Sat,False,False,0,0,0,0,0,0,0,0,0,0,0,0,0,0,0,0,0,0,0,0,0,0,0,0,0,0.0,11.5,13.0,16.0,18.0,13.0,13.0,16.0,2.0,2.0,48.0,43.0,7.0,6.0,58,33,9,4,18.0,17.0,3.0,2.0
2025-05-04,Sun,False,False,0,0,0,0,0,0,0,0,0,0,0,0,0,0,0,0,0,0,0,0,0,0,0,0,0,0.0,11.5,12.0,17.0,17.0,12.0,12.0,17.0,2.0,2.0,47.0,44.0,7.0,6.0,57,34,9,4,17.0,18.0,3.0,2.0
2025-05-05,Mon,True,False,0,0,0,0,0,1,1,0,0,1,1,0,0,0,0,0,0,0,1,1,0,0,1,1,1,2.0,11.5,11.0,18.0,16.0,11.0,11.0,18.0,1.0,3.0,46.0,45.0,6.0,7.0,56,35,8,5,16.0,19.0,2.0,3.0
2025-05-06,Tue,True,False,0,0,0,0,0,1,0,1,0,1,1,0,0,0,0,0,0,0,1,1,0,0,1,1,1,2.0,11.5,10.0,19.0,15.0,10.0,10.0,19.0,1.0,3.0,45.0,46.0,6.0,7.0,55,36,8,5,15.0,20.0,2.0,3.0
2025-05-07,Wed,True,False,0,0,0,0,0,1,1,0,0,1,1,0,0,0,0,0,1,0,1,1,0,0,1,1,2,2.5,11.5,9.0,20.0,14.0,9.0,9.0,20.0,1.0,3.0,44.0,47.0,6.0,7.0,54,37,8,5,14.0,21.0,2.0,3.0
2025-05-08,Thu,True,False,0,0,0,0,0,1,0,0,1,1,1,0,0,0,0,0,0,0,1,1,0,0,1,1,1,2.0,11.5,8.0,21.0,13.0,8.0,8.0,21.0,1.0,3.0,43.0,48.0,6.0,7.0,53,38,8,5,13.0,22.0,2.0,3.0
2025-05-09,Fri,True,False,0,0,1,0,0,1,1,0,0,1,1,0,0,0,0,0,0,0,1,1,0,0,1,1,2,3.0,11.5,7.0,22.0,12.0,7.0,7.0,22.0,1.0,3.0,42.0,49.0,6.0,7.0,52,39,8,5,12.0,23.0,2.0,3.0
2025-05-10,Sat,False,False,0,0,0,0,0,0,0,0,0,0,0,0,0,0,0,0,0,0,0,0,0,0,0,0,0,0.0,11.5,6.0,23.0,11.0,6.0,6.0,23.0,1.0,3.0,41.0,50.0,6.0,7.0,51,40,8,5,11.0,24.0,2.0,3.0
2025-05-11,Sun,False,False,0,0,0,0,0,0,0,0,0,0,0,0,0,0,0,0,0,0,0,0,0,0,0,0,0,0.0,11.5,5.0,24.0,10.0,5.0,5.0,24.0,1.0,3.0,40.0,51.0,6.0,7.0,50,41,8,5,10.0,25.0,2.0,3.0
2025-05-12,Mon,True,False,0,0,0,0,0,1,1,0,0,1,1,0,0,0,0,0,0,0,1,1,0,0,1,1,1,2.0,11.5,4.0,25.0,9.0,4.0,4.0,25.0,0.0,0.0,39.0,52.0,5.0,8.0,49,42,7,6,9.0,26.0,1.0,4.0
2025-05-13,Tue,True,False,0,0,0,0,0,1,0,1,0,1,1,0,0,0,0,0,0,0,1,1,0,0,1,1,1,2.0,11.5,3.0,26.0,8.0,3.0,3.0,26.0,0.0,0.0,38.0,53.0,5.0,8.0,48,43,7,6,8.0,27.0,1.0,4.0
2025-05-14,Wed,True,False,0,0,0,0,0,1,1,0,0,1,1,0,0,0,0,0,1,0,1,1,0,0,1,1,2,2.5,11.5,2.0,27.0,7.0,2.0,2.0,27.0,0.0,0.0,37.0,54.0,5.0,8.0,47,44,7,6,7.0,28.0,1.0,4.0
2025-05-15,Thu,True,False,0,0,0,0,0,1,0,0,1,1,1,0,0,0,0,0,0,0,1,1,0,0,1,1,1,2.0,11.5,1.0,28.0,6.0,1.0,1.0,28.0,0.0,0.0,36.0,55.0,5.0,8.0,46,45,7,6,6.0,29.0,1.0,4.0
2025-05-16,Fri,True,False,1,1,0,1,1,1,1,0,0,1,1,0,0,0,0,0,0,0,1,1,1,1,1,1,3,7.0,15.5,0.0,0.0,5.0,0.0,0.0,0.0,0.0,0.0,35.0,56.0,5.0,8.0,45,46,7,6,5.0,30.0,1.0,4.0
2025-05-17,Sat,False,False,0,0,0,0,0,0,0,0,0,0,0,0,0,0,0,0,0,0,0,0,0,0,0,0,0,0.0,15.5,34.0,1.0,4.0,34.0,34.0,1.0,0.0,0.0,34.0,57.0,5.0,8.0,44,47,7,6,4.0,31.0,1.0,4.0
2025-05-18,Sun,False,False,0,0,0,0,0,0,0,0,0,0,0,0,0,0,0,0,0,0,0,0,0,0,0,0,0,0.0,15.5,33.0,2.0,3.0,33.0,33.0,2.0,0.0,0.0,33.0,58.0,5.0,8.0,43,48,7,6,3.0,32.0,1.0,4.0
2025-05-19,Mon,True,False,0,0,0,0,0,1,1,0,0,1,1,0,0,0,0,0,0,0,1,1,0,0,1,1,1,2.0,15.5,32.0,3.0,2.0,32.0,32.0,3.0,4.0,1.0,32.0,59.0,4.0,9.0,42,49,6,7,2.0,33.0,0.0,0.0
2025-05-20,Tue,True,False,0,0,0,0,0,1,0,1,0,1,1,0,0,0,0,0,0,0,1,1,0,0,1,1,1,2.0,15.5,31.0,4.0,1.0,31.0,31.0,4.0,4.0,1.0,31.0,60.0,4.0,9.0,41,50,6,7,1.0,34.0,0.0,0.0
2025-05-21,Wed,True,False,0,0,0,0,0,1,1,0,0,1,1,0,0,0,0,1,0,0,1,1,0,0,1,1,2,3.5,16.5,30.0,5.0,0.0,30.0,30.0,5.0,4.0,1.0,30.0,61.0,4.0,9.0,40,51,6,7,0.0,0.0,0.0,0.0
2025-05-22,Thu,True,False,0,0,0,0,0,1,0,0,1,1,1,0,0,0,0,0,0,0,1,1,0,0,1,1,1,2.0,16.5,29.0,6.0,27.0,29.0,29.0,6.0,4.0,1.0,29.0,62.0,4.0,9.0,39,52,6,7,27.0,1.0,0.0,0.0
2025-05-23,Fri,True,False,0,0,1,0,0,1,1,0,0,1,1,0,0,0,0,0,0,0,1,1,0,0,1,1,2,3.0,12.5,28.0,7.0,26.0,28.0,28.0,7.0,4.0,1.0,28.0,63.0,4.0,9.0,38,53,6,7,26.0,2.0,0.0,0.0
2025-05-24,Sat,False,False,0,0,0,0,0,0,0,0,0,0,0,0,0,0,0,0,0,0,0,0,0,0,0,0,0,0.0,12.5,27.0,8.0,25.0,27.0,27.0,8.0,4.0,1.0,27.0,64.0,4.0,9.0,37,54,6,7,25.0,3.0,0.0,0.0
2025-05-25,Sun,False,False,0,0,0,0,0,0,0,0,0,0,0,0,0,0,0,0,0,0,0,0,0,0,0,0,0,0.0,12.5,26.0,9.0,24.0,26.0,26.0,9.0,4.0,1.0,26.0,65.0,4.0,9.0,36,55,6,7,24.0,4.0,0.0,0.0
2025-05-26,Mon,False,True,0,0,0,0,0,0,0,0,0,0,0,0,0,0,0,0,0,0,0,0,0,0,0,0,0,0.0,12.5,25.0,10.0,23.0,25.0,25.0,10.0,3.0,2.0,25.0,66.0,3.0,10.0,35,56,5,8,23.0,5.0,3.0,1.0
2025-05-27,Tue,True,False,0,0,0,0,0,1,0,1,0,1,1,0,0,0,0,0,0,0,1,1,0,0,1,1,1,2.0,12.5,24.0,11.0,22.0,24.0,24.0,11.0,3.0,2.0,24.0,67.0,3.0,10.0,34,57,5,8,22.0,6.0,3.0,1.0
2025-05-28,Wed,True,False,0,0,0,0,0,1,1,0,0,1,1,0,0,0,0,0,1,0,1,1,0,0,1,1,2,2.5,13.0,23.0,12.0,21.0,23.0,23.0,12.0,3.0,2.0,23.0,68.0,3.0,10.0,33,58,5,8,21.0,7.0,3.0,1.0
2025-05-29,Thu,True,False,0,0,0,0,0,1,0,0,1,1,1,0,0,0,0,0,0,0,1,1,0,0,1,1,1,2.0,11.5,22.0,13.0,20.0,22.0,22.0,13.0,3.0,2.0,22.0,69.0,3.0,10.0,32,59,5,8,20.0,8.0,3.0,1.0
2025-05-30,Fri,True,False,0,0,1,0,0,0,0,0,0,0,0,1,1,0,0,0,0,1,1,1,0,0,0,1,3,3.5,13.0,21.0,14.0,19.0,21.0,21.0,14.0,3.0,2.0,21.0,70.0,3.0,10.0,31,60,5,8,19.0,9.0,3.0,1.0
2025-05-31,Sat,False,False,0,0,0,0,0,0,0,0,0,0,0,0,0,0,0,0,0,0,0,0,0,0,0,0,0,0.0,13.0,20.0,15.0,18.0,20.0,20.0,15.0,3.0,2.0,20.0,71.0,3.0,10.0,30,61,5,8,18.0,10.0,3.0,1.0
2025-06-01,Sun,False,False,0,0,0,0,0,0,0,0,0,0,0,0,0,0,0,0,0,0,0,0,0,0,0,0,0,0.0,13.0,19.0,16.0,17.0,19.0,19.0,16.0,3.0,2.0,19.0,72.0,3.0,10.0,29,62,5,8,17.0,11.0,3.0,1.0
2025-06-02,Mon,True,False,0,0,0,0,0,1,1,0,0,1,1,0,0,0,0,0,0,0,1,1,0,0,1,1,1,2.0,12.0,18.0,17.0,16.0,18.0,18.0,17.0,2.0,3.0,18.0,73.0,2.0,11.0,28,63,4,9,16.0,12.0,2.0,2.0
2025-06-03,Tue,True,False,0,0,0,0,0,1,0,1,0,1,1,0,0,0,0,0,0,0,1,1,0,0,1,1,1,2.0,12.0,17.0,18.0,15.0,17.0,17.0,18.0,2.0,3.0,17.0,74.0,2.0,11.0,27,64,4,9,15.0,13.0,2.0,2.0
2025-06-04,Wed,True,False,0,0,0,0,0,1,1,0,0,1,1,0,0,0,0,0,1,0,1,1,0,0,1,1,2,2.5,12.0,16.0,19.0,14.0,16.0,16.0,19.0,2.0,3.0,16.0,75.0,2.0,11.0,26,65,4,9,14.0,14.0,2.0,2.0
2025-06-05,Thu,True,False,0,0,0,0,0,1,0,0,1,1,1,0,0,0,0,0,0,0,1,1,0,0,1,1,1,2.0,12.0,15.0,20.0,13.0,15.0,15.0,20.0,2.0,3.0,15.0,76.0,2.0,11.0,25,66,4,9,13.0,15.0,2.0,2.0
2025-06-06,Fri,True,False,0,0,1,0,0,1,1,0,0,1,1,0,0,0,0,0,0,0,1,1,0,0,1,1,2,3.0,11.5,14.0,21.0,12.0,14.0,14.0,21.0,2.0,3.0,14.0,77.0,2.0,11.0,24,67,4,9,12.0,16.0,2.0,2.0
2025-06-07,Sat,False,False,0,0,0,0,0,0,0,0,0,0,0,0,0,0,0,0,0,0,0,0,0,0,0,0,0,0.0,11.5,13.0,22.0,11.0,13.0,13.0,22.0,2.0,3.0,13.0,78.0,2.0,11.0,23,68,4,9,11.0,17.0,2.0,2.0
2025-06-08,Sun,False,False,0,0,0,0,0,0,0,0,0,0,0,0,0,0,0,0,0,0,0,0,0,0,0,0,0,0.0,11.5,12.0,23.0,10.0,12.0,12.0,23.0,2.0,3.0,12.0,79.0,2.0,11.0,22,69,4,9,10.0,18.0,2.0,2.0
2025-06-09,Mon,True,False,0,0,0,0,0,1,1,0,0,1,1,0,0,0,0,0,0,0,1,1,0,0,1,1,1,2.0,11.5,11.0,24.0,9.0,11.0,11.0,24.0,1.0,4.0,11.0,80.0,1.0,12.0,21,70,3,10,9.0,19.0,1.0,3.0
2025-06-10,Tue,True,False,0,0,0,0,0,1,0,1,0,1,1,0,0,0,0,0,0,0,1,1,0,0,1,1,1,2.0,11.5,10.0,25.0,8.0,10.0,10.0,25.0,1.0,4.0,10.0,81.0,1.0,12.0,20,71,3,10,8.0,20.0,1.0,3.0
2025-06-11,Wed,True,False,0,0,0,0,0,1,1,0,0,1,1,0,0,0,0,0,1,0,1,1,0,0,1,1,2,2.5,11.5,9.0,26.0,7.0,9.0,9.0,26.0,1.0,4.0,9.0,82.0,1.0,12.0,19,72,3,10,7.0,21.0,1.0,3.0
2025-06-12,Thu,True,False,0,0,0,0,0,1,0,0,1,1,1,0,0,0,0,0,0,0,1,1,0,0,1,1,1,2.0,11.5,8.0,27.0,6.0,8.0,8.0,27.0,1.0,4.0,8.0,83.0,1.0,12.0,18,73,3,10,6.0,22.0,1.0,3.0
2025-06-13,Fri,True,False,0,0,1,0,0,1,1,0,0,1,1,0,0,0,0,0,0,0,1,1,0,0,1,1,2,3.0,11.5,7.0,28.0,5.0,7.0,7.0,28.0,1.0,4.0,7.0,84.0,1.0,12.0,17,74,3,10,5.0,23.0,1.0,3.0
2025-06-14,Sat,False,False,0,0,0,0,0,0,0,0,0,0,0,0,0,0,0,0,0,0,0,0,0,0,0,0,0,0.0,11.5,6.0,29.0,4.0,6.0,6.0,29.0,1.0,4.0,6.0,85.0,1.0,12.0,16,75,3,10,4.0,24.0,1.0,3.0
2025-06-15,Sun,False,False,0,0,0,0,0,0,0,0,0,0,0,0,0,0,0,0,0,0,0,0,0,0,0,0,0,0.0,11.5,5.0,30.0,3.0,5.0,5.0,30.0,1.0,4.0,5.0,86.0,1.0,12.0,15,76,3,10,3.0,25.0,1.0,3.0
2025-06-16,Mon,True,False,0,0,0,0,0,1,1,0,0,1,1,0,0,0,0,0,0,0,1,1,0,0,1,1,1,2.0,11.5,4.0,31.0,2.0,4.0,4.0,31.0,0.0,0.0,4.0,87.0,0.0,0.0,14,77,2,11,2.0,26.0,0.0,0.0
2025-06-17,Tue,True,False,0,0,0,0,0,1,0,1,0,1,1,0,0,0,0,0,0,0,1,1,0,0,1,1,1,2.0,11.5,3.0,32.0,1.0,3.0,3.0,32.0,0.0,0.0,3.0,88.0,0.0,0.0,13,78,2,11,1.0,27.0,0.0,0.0
2025-06-18,Wed,True,False,0,0,0,0,0,1,1,0,0,1,1,0,0,0,0,1,0,0,1,1,0,0,1,1,2,3.5,12.5,2.0,33.0,0.0,2.0,2.0,33.0,0.0,0.0,2.0,89.0,0.0,0.0,12,79,2,11,0.0,0.0,0.0,0.0
2025-06-19,Thu,False,True,0,0,0,0,0,0,0,0,0,0,0,0,0,0,0,0,0,0,0,0,0,0,0,0,0,0.0,12.5,1.0,34.0,27.0,1.0,1.0,34.0,0.0,0.0,1.0,90.0,0.0,0.0,11,80,2,11,27.0,1.0,0.0,0.0
2025-06-20,Fri,True,False,1,1,0,1,1,1,1,0,0,1,1,0,0,0,0,0,0,0,1,1,1,1,1,1,3,7.0,17.5,0.0,0.0,26.0,0.0,0.0,0.0,0.0,0.0,0.0,0.0,0.0,0.0,10,81,2,11,26.0,2.0,0.0,0.0
2025-06-21,Sat,False,False,0,0,0,0,0,0,0,0,0,0,0,0,0,0,0,0,0,0,0,0,0,0,0,0,0,0.0,17.5,27.0,1.0,25.0,27.0,27.0,1.0,0.0,0.0,90.0,1.0,0.0,0.0,9,82,2,11,25.0,3.0,0.0,0.0
2025-06-22,Sun,False,False,0,0,0,0,0,0,0,0,0,0,0,0,0,0,0,0,0,0,0,0,0,0,0,0,0,0.0,17.5,26.0,2.0,24.0,26.0,26.0,2.0,0.0,0.0,89.0,2.0,0.0,0.0,8,83,2,11,24.0,4.0,0.0,0.0
2025-06-23,Mon,True,False,0,0,0,0,0,1,1,0,0,1,1,0,0,0,0,0,0,0,1,1,0,0,1,1,1,2.0,16.5,25.0,3.0,23.0,25.0,25.0,3.0,3.0,1.0,88.0,3.0,12.0,1.0,7,84,1,12,23.0,5.0,3.0,1.0
2025-06-24,Tue,True,False,0,0,0,0,0,1,0,1,0,1,1,0,0,0,0,0,0,0,1,1,0,0,1,1,1,2.0,16.5,24.0,4.0,22.0,24.0,24.0,4.0,3.0,1.0,87.0,4.0,12.0,1.0,6,85,1,12,22.0,6.0,3.0,1.0
2025-06-25,Wed,True,False,0,0,0,0,0,1,1,0,0,1,1,0,0,0,0,0,1,0,1,1,0,0,1,1,2,2.5,17.0,23.0,5.0,21.0,23.0,23.0,5.0,3.0,1.0,86.0,5.0,12.0,1.0,5,86,1,12,21.0,7.0,3.0,1.0
2025-06-26,Thu,True,False,0,0,0,0,0,1,0,0,1,1,1,0,0,0,0,0,0,0,1,1,0,0,1,1,1,2.0,15.5,22.0,6.0,20.0,22.0,22.0,6.0,3.0,1.0,85.0,6.0,12.0,1.0,4,87,1,12,20.0,8.0,3.0,1.0
2025-06-27,Fri,True,False,0,0,1,0,0,1,1,0,0,1,1,0,0,0,0,0,0,0,1,1,0,0,1,1,2,3.0,11.5,21.0,7.0,19.0,21.0,21.0,7.0,3.0,1.0,84.0,7.0,12.0,1.0,3,88,1,12,19.0,9.0,3.0,1.0
2025-06-28,Sat,False,False,0,0,0,0,0,0,0,0,0,0,0,0,0,0,0,0,0,0,0,0,0,0,0,0,0,0.0,11.5,20.0,8.0,18.0,20.0,20.0,8.0,3.0,1.0,83.0,8.0,12.0,1.0,2,89,1,12,18.0,10.0,3.0,1.0
2025-06-29,Sun,False,False,0,0,0,0,0,0,0,0,0,0,0,0,0,0,0,0,0,0,0,0,0,0,0,0,0,0.0,11.5,19.0,9.0,17.0,19.0,19.0,9.0,3.0,1.0,82.0,9.0,12.0,1.0,1,90,1,12,17.0,11.0,3.0,1.0
2025-06-30,Mon,True,False,0,0,0,0,0,0,0,0,0,0,0,1,1,1,1,0,0,0,1,1,0,0,0,1,2,4.5,14.0,18.0,10.0,16.0,18.0,18.0,10.0,2.0,2.0,81.0,10.0,11.0,2.0,0,0,0,0,16.0,12.0,2.0,2.0
2025-07-01,Tue,True,False,0,0,0,0,0,1,0,1,0,1,1,0,0,0,0,0,0,0,1,1,0,0,1,1,1,2.0,14.0,17.0,11.0,15.0,17.0,17.0,11.0,2.0,2.0,80.0,11.0,11.0,2.0,91,1,0,0,15.0,13.0,2.0,2.0
2025-07-02,Wed,True,False,0,0,0,0,0,1,1,0,0,1,1,0,0,0,0,0,1,0,1,1,0,0,1,1,2,2.5,14.0,16.0,12.0,14.0,16.0,16.0,12.0,2.0,2.0,79.0,12.0,11.0,2.0,90,2,0,0,14.0,14.0,2.0,2.0
2025-07-03,Thu,True,False,0,0,0,0,0,1,0,0,1,1,1,0,0,0,0,0,0,0,1,1,0,0,1,1,1,2.0,14.0,15.0,13.0,13.0,15.0,15.0,13.0,2.0,2.0,78.0,13.0,11.0,2.0,89,3,0,0,13.0,15.0,2.0,2.0
2025-07-04,Fri,False,True,0,0,0,0,0,0,0,0,0,0,0,0,0,0,0,0,0,0,0,0,0,0,0,0,0,0.0,14.0,14.0,14.0,12.0,14.0,14.0,14.0,2.0,2.0,77.0,14.0,11.0,2.0,88,4,0,0,12.0,16.0,2.0,2.0
2025-07-05,Sat,False,False,0,0,0,0,0,0,0,0,0,0,0,0,0,0,0,0,0,0,0,0,0,0,0,0,0,0.0,14.0,13.0,15.0,11.0,13.0,13.0,15.0,2.0,2.0,76.0,15.0,11.0,2.0,87,5,0,0,11.0,17.0,2.0,2.0
2025-07-06,Sun,False,False,0,0,0,0,0,0,0,0,0,0,0,0,0,0,0,0,0,0,0,0,0,0,0,0,0,0.0,14.0,12.0,16.0,10.0,12.0,12.0,16.0,2.0,2.0,75.0,16.0,11.0,2.0,86,6,0,0,10.0,18.0,2.0,2.0
2025-07-07,Mon,True,False,0,0,0,0,0,1,1,0,0,1,1,0,0,0,0,0,0,0,1,1,0,0,1,1,1,2.0,13.0,11.0,17.0,9.0,11.0,11.0,17.0,1.0,3.0,74.0,17.0,10.0,3.0,85,7,12,1,9.0,19.0,1.0,3.0
2025-07-08,Tue,True,False,0,0,0,0,0,1,0,1,0,1,1,0,0,0,0,0,0,0,1,1,0,0,1,1,1,2.0,10.5,10.0,18.0,8.0,10.0,10.0,18.0,1.0,3.0,73.0,18.0,10.0,3.0,84,8,12,1,8.0,20.0,1.0,3.0
2025-07-09,Wed,True,False,0,0,0,0,0,1,1,0,0,1,1,0,0,0,0,0,1,0,1,1,0,0,1,1,2,2.5,11.0,9.0,19.0,7.0,9.0,9.0,19.0,1.0,3.0,72.0,19.0,10.0,3.0,83,9,12,1,7.0,21.0,1.0,3.0
2025-07-10,Thu,True,False,0,0,0,0,0,1,0,0,1,1,1,0,0,0,0,0,0,0,1,1,0,0,1,1,1,2.0,10.5,8.0,20.0,6.0,8.0,8.0,20.0,1.0,3.0,71.0,20.0,10.0,3.0,82,10,12,1,6.0,22.0,1.0,3.0
2025-07-11,Fri,True,False,0,0,1,0,0,1,1,0,0,1,1,0,0,0,0,0,0,0,1,1,0,0,1,1,2,3.0,11.5,7.0,21.0,5.0,7.0,7.0,21.0,1.0,3.0,70.0,21.0,10.0,3.0,81,11,12,1,5.0,23.0,1.0,3.0
2025-07-12,Sat,False,False,0,0,0,0,0,0,0,0,0,0,0,0,0,0,0,0,0,0,0,0,0,0,0,0,0,0.0,11.5,6.0,22.0,4.0,6.0,6.0,22.0,1.0,3.0,69.0,22.0,10.0,3.0,80,12,12,1,4.0,24.0,1.0,3.0
2025-07-13,Sun,False,False,0,0,0,0,0,0,0,0,0,0,0,0,0,0,0,0,0,0,0,0,0,0,0,0,0,0.0,11.5,5.0,23.0,3.0,5.0,5.0,23.0,1.0,3.0,68.0,23.0,10.0,3.0,79,13,12,1,3.0,25.0,1.0,3.0
2025-07-14,Mon,True,False,0,0,0,0,0,1,1,0,0,1,1,0,0,0,0,0,0,0,1,1,0,0,1,1,1,2.0,11.5,4.0,24.0,2.0,4.0,4.0,24.0,0.0,0.0,67.0,24.0,9.0,4.0,78,14,11,2,2.0,26.0,0.0,0.0
2025-07-15,Tue,True,False,0,0,0,0,0,1,0,1,0,1,1,0,0,0,0,0,0,0,1,1,0,0,1,1,1,2.0,11.5,3.0,25.0,1.0,3.0,3.0,25.0,0.0,0.0,66.0,25.0,9.0,4.0,77,15,11,2,1.0,27.0,0.0,0.0
2025-07-16,Wed,True,False,0,0,0,0,0,1,1,0,0,1,1,0,0,0,0,1,0,0,1,1,0,0,1,1,2,3.5,12.5,2.0,26.0,0.0,2.0,2.0,26.0,0.0,0.0,65.0,26.0,9.0,4.0,76,16,11,2,0.0,0.0,0.0,0.0
2025-07-17,Thu,True,False,0,0,0,0,0,1,0,0,1,1,1,0,0,0,0,0,0,0,1,1,0,0,1,1,1,2.0,12.5,1.0,27.0,34.0,1.0,1.0,27.0,0.0,0.0,64.0,27.0,9.0,4.0,75,17,11,2,34.0,1.0,0.0,0.0
2025-07-18,Fri,True,False,1,1,0,1,1,1,1,0,0,1,1,0,0,0,0,0,0,0,1,1,1,1,1,1,3,7.0,16.5,0.0,0.0,33.0,0.0,0.0,0.0,0.0,0.0,63.0,28.0,9.0,4.0,74,18,11,2,33.0,2.0,0.0,0.0
2025-07-19,Sat,False,False,0,0,0,0,0,0,0,0,0,0,0,0,0,0,0,0,0,0,0,0,0,0,0,0,0,0.0,16.5,27.0,1.0,32.0,27.0,27.0,1.0,0.0,0.0,62.0,29.0,9.0,4.0,73,19,11,2,32.0,3.0,0.0,0.0
2025-07-20,Sun,False,False,0,0,0,0,0,0,0,0,0,0,0,0,0,0,0,0,0,0,0,0,0,0,0,0,0,0.0,16.5,26.0,2.0,31.0,26.0,26.0,2.0,0.0,0.0,61.0,30.0,9.0,4.0,72,20,11,2,31.0,4.0,0.0,0.0
2025-07-21,Mon,True,False,0,0,0,0,0,1,1,0,0,1,1,0,0,0,0,0,0,0,1,1,0,0,1,1,1,2.0,16.5,25.0,3.0,30.0,25.0,25.0,3.0,3.0,1.0,60.0,31.0,8.0,5.0,71,21,10,3,30.0,5.0,4.0,1.0
2025-07-22,Tue,True,False,0,0,0,0,0,1,0,1,0,1,1,0,0,0,0,0,0,0,1,1,0,0,1,1,1,2.0,16.5,24.0,4.0,29.0,24.0,24.0,4.0,3.0,1.0,59.0,32.0,8.0,5.0,70,22,10,3,29.0,6.0,4.0,1.0
2025-07-23,Wed,True,False,0,0,0,0,0,1,1,0,0,1,1,0,0,0,0,0,1,0,1,1,0,0,1,1,2,2.5,15.5,23.0,5.0,28.0,23.0,23.0,5.0,3.0,1.0,58.0,33.0,8.0,5.0,69,23,10,3,28.0,7.0,4.0,1.0
2025-07-24,Thu,True,False,0,0,0,0,0,1,0,0,1,1,1,0,0,0,0,0,0,0,1,1,0,0,1,1,1,2.0,15.5,22.0,6.0,27.0,22.0,22.0,6.0,3.0,1.0,57.0,34.0,8.0,5.0,68,24,10,3,27.0,8.0,4.0,1.0
2025-07-25,Fri,True,False,0,0,1,0,0,1,1,0,0,1,1,0,0,0,0,0,0,0,1,1,0,0,1,1,2,3.0,11.5,21.0,7.0,26.0,21.0,21.0,7.0,3.0,1.0,56.0,35.0,8.0,5.0,67,25,10,3,26.0,9.0,4.0,1.0
2025-07-26,Sat,False,False,0,0,0,0,0,0,0,0,0,0,0,0,0,0,0,0,0,0,0,0,0,0,0,0,0,0.0,11.5,20.0,8.0,25.0,20.0,20.0,8.0,3.0,1.0,55.0,36.0,8.0,5.0,66,26,10,3,25.0,10.0,4.0,1.0
2025-07-27,Sun,False,False,0,0,0,0,0,0,0,0,0,0,0,0,0,0,0,0,0,0,0,0,0,0,0,0,0,0.0,11.5,19.0,9.0,24.0,19.0,19.0,9.0,3.0,1.0,54.0,37.0,8.0,5.0,65,27,10,3,24.0,11.0,4.0,1.0
2025-07-28,Mon,True,False,0,0,0,0,0,1,1,0,0,1,1,0,0,0,0,0,0,0,1,1,0,0,1,1,1,2.0,11.5,18.0,10.0,23.0,18.0,18.0,10.0,2.0,2.0,53.0,38.0,7.0,6.0,64,28,9,4,23.0,12.0,3.0,2.0
2025-07-29,Tue,True,False,0,0,0,0,0,1,0,1,0,1,1,0,0,0,0,0,0,0,1,1,0,0,1,1,1,2.0,11.5,17.0,11.0,22.0,17.0,17.0,11.0,2.0,2.0,52.0,39.0,7.0,6.0,63,29,9,4,22.0,13.0,3.0,2.0
2025-07-30,Wed,True,False,0,0,0,0,0,1,1,0,0,1,1,0,0,0,0,0,1,0,1,1,0,0,1,1,2,2.5,11.5,16.0,12.0,21.0,16.0,16.0,12.0,2.0,2.0,51.0,40.0,7.0,6.0,62,30,9,4,21.0,14.0,3.0,2.0
2025-07-31,Thu,True,False,0,0,0,0,0,0,0,0,0,0,0,1,1,0,0,0,0,0,1,1,0,0,0,1,1,2.0,11.5,15.0,13.0,20.0,15.0,15.0,13.0,2.0,2.0,50.0,41.0,7.0,6.0,61,31,9,4,20.0,15.0,3.0,2.0
2025-08-01,Fri,True,False,0,0,1,0,0,1,1,0,0,1,1,0,0,0,0,0,0,0,1,1,0,0,1,1,2,3.0,11.5,14.0,14.0,19.0,14.0,14.0,14.0,2.0,2.0,49.0,42.0,7.0,6.0,60,32,9,4,19.0,16.0,3.0,2.0
2025-08-02,Sat,False,False,0,0,0,0,0,0,0,0,0,0,0,0,0,0,0,0,0,0,0,0,0,0,0,0,0,0.0,11.5,13.0,15.0,18.0,13.0,13.0,15.0,2.0,2.0,48.0,43.0,7.0,6.0,59,33,9,4,18.0,17.0,3.0,2.0
2025-08-03,Sun,False,False,0,0,0,0,0,0,0,0,0,0,0,0,0,0,0,0,0,0,0,0,0,0,0,0,0,0.0,11.5,12.0,16.0,17.0,12.0,12.0,16.0,2.0,2.0,47.0,44.0,7.0,6.0,58,34,9,4,17.0,18.0,3.0,2.0
2025-08-04,Mon,True,False,0,0,0,0,0,1,1,0,0,1,1,0,0,0,0,0,0,0,1,1,0,0,1,1,1,2.0,11.5,11.0,17.0,16.0,11.0,11.0,17.0,1.0,3.0,46.0,45.0,6.0,7.0,57,35,8,5,16.0,19.0,2.0,3.0
2025-08-05,Tue,True,False,0,0,0,0,0,1,0,1,0,1,1,0,0,0,0,0,0,0,1,1,0,0,1,1,1,2.0,11.5,10.0,18.0,15.0,10.0,10.0,18.0,1.0,3.0,45.0,46.0,6.0,7.0,56,36,8,5,15.0,20.0,2.0,3.0
2025-08-06,Wed,True,False,0,0,0,0,0,1,1,0,0,1,1,0,0,0,0,0,1,0,1,1,0,0,1,1,2,2.5,11.5,9.0,19.0,14.0,9.0,9.0,19.0,1.0,3.0,44.0,47.0,6.0,7.0,55,37,8,5,14.0,21.0,2.0,3.0
2025-08-07,Thu,True,False,0,0,0,0,0,1,0,0,1,1,1,0,0,0,0,0,0,0,1,1,0,0,1,1,1,2.0,11.5,8.0,20.0,13.0,8.0,8.0,20.0,1.0,3.0,43.0,48.0,6.0,7.0,54,38,8,5,13.0,22.0,2.0,3.0
2025-08-08,Fri,True,False,0,0,1,0,0,1,1,0,0,1,1,0,0,0,0,0,0,0,1,1,0,0,1,1,2,3.0,11.5,7.0,21.0,12.0,7.0,7.0,21.0,1.0,3.0,42.0,49.0,6.0,7.0,53,39,8,5,12.0,23.0,2.0,3.0
2025-08-09,Sat,False,False,0,0,0,0,0,0,0,0,0,0,0,0,0,0,0,0,0,0,0,0,0,0,0,0,0,0.0,11.5,6.0,22.0,11.0,6.0,6.0,22.0,1.0,3.0,41.0,50.0,6.0,7.0,52,40,8,5,11.0,24.0,2.0,3.0
2025-08-10,Sun,False,False,0,0,0,0,0,0,0,0,0,0,0,0,0,0,0,0,0,0,0,0,0,0,0,0,0,0.0,11.5,5.0,23.0,10.0,5.0,5.0,23.0,1.0,3.0,40.0,51.0,6.0,7.0,51,41,8,5,10.0,25.0,2.0,3.0
2025-08-11,Mon,True,False,0,0,0,0,0,1,1,0,0,1,1,0,0,0,0,0,0,0,1,1,0,0,1,1,1,2.0,11.5,4.0,24.0,9.0,4.0,4.0,24.0,0.0,0.0,39.0,52.0,5.0,8.0,50,42,7,6,9.0,26.0,1.0,4.0
2025-08-12,Tue,True,False,0,0,0,0,0,1,0,1,0,1,1,0,0,0,0,0,0,0,1,1,0,0,1,1,1,2.0,11.5,3.0,25.0,8.0,3.0,3.0,25.0,0.0,0.0,38.0,53.0,5.0,8.0,49,43,7,6,8.0,27.0,1.0,4.0
2025-08-13,Wed,True,False,0,0,0,0,0,1,1,0,0,1,1,0,0,0,0,0,1,0,1,1,0,0,1,1,2,2.5,11.5,2.0,26.0,7.0,2.0,2.0,26.0,0.0,0.0,37.0,54.0,5.0,8.0,48,44,7,6,7.0,28.0,1.0,4.0
2025-08-14,Thu,True,False,0,0,0,0,0,1,0,0,1,1,1,0,0,0,0,0,0,0,1,1,0,0,1,1,1,2.0,11.5,1.0,27.0,6.0,1.0,1.0,27.0,0.0,0.0,36.0,55.0,5.0,8.0,47,45,7,6,6.0,29.0,1.0,4.0
2025-08-15,Fri,True,False,1,1,0,1,1,1,1,0,0,1,1,0,0,0,0,0,0,0,1,1,1,1,1,1,3,7.0,15.5,0.0,0.0,5.0,0.0,0.0,0.0,0.0,0.0,35.0,56.0,5.0,8.0,46,46,7,6,5.0,30.0,1.0,4.0
2025-08-16,Sat,False,False,0,0,0,0,0,0,0,0,0,0,0,0,0,0,0,0,0,0,0,0,0,0,0,0,0,0.0,15.5,34.0,1.0,4.0,34.0,34.0,1.0,0.0,0.0,34.0,57.0,5.0,8.0,45,47,7,6,4.0,31.0,1.0,4.0
2025-08-17,Sun,False,False,0,0,0,0,0,0,0,0,0,0,0,0,0,0,0,0,0,0,0,0,0,0,0,0,0,0.0,15.5,33.0,2.0,3.0,33.0,33.0,2.0,0.0,0.0,33.0,58.0,5.0,8.0,44,48,7,6,3.0,32.0,1.0,4.0
2025-08-18,Mon,True,False,0,0,0,0,0,1,1,0,0,1,1,0,0,0,0,0,0,0,1,1,0,0,1,1,1,2.0,15.5,32.0,3.0,2.0,32.0,32.0,3.0,4.0,1.0,32.0,59.0,4.0,9.0,43,49,6,7,2.0,33.0,0.0,0.0
2025-08-19,Tue,True,False,0,0,0,0,0,1,0,1,0,1,1,0,0,0,0,0,0,0,1,1,0,0,1,1,1,2.0,15.5,31.0,4.0,1.0,31.0,31.0,4.0,4.0,1.0,31.0,60.0,4.0,9.0,42,50,6,7,1.0,34.0,0.0,0.0
2025-08-20,Wed,True,False,0,0,0,0,0,1,1,0,0,1,1,0,0,0,0,1,0,0,1,1,0,0,1,1,2,3.5,16.5,30.0,5.0,0.0,30.0,30.0,5.0,4.0,1.0,30.0,61.0,4.0,9.0,41,51,6,7,0.0,0.0,0.0,0.0
2025-08-21,Thu,True,False,0,0,0,0,0,1,0,0,1,1,1,0,0,0,0,0,0,0,1,1,0,0,1,1,1,2.0,16.5,29.0,6.0,27.0,29.0,29.0,6.0,4.0,1.0,29.0,62.0,4.0,9.0,40,52,6,7,27.0,1.0,0.0,0.0
2025-08-22,Fri,True,False,0,0,1,0,0,1,1,0,0,1,1,0,0,0,0,0,0,0,1,1,0,0,1,1,2,3.0,12.5,28.0,7.0,26.0,28.0,28.0,7.0,4.0,1.0,28.0,63.0,4.0,9.0,39,53,6,7,26.0,2.0,0.0,0.0
2025-08-23,Sat,False,False,0,0,0,0,0,0,0,0,0,0,0,0,0,0,0,0,0,0,0,0,0,0,0,0,0,0.0,12.5,27.0,8.0,25.0,27.0,27.0,8.0,4.0,1.0,27.0,64.0,4.0,9.0,38,54,6,7,25.0,3.0,0.0,0.0
2025-08-24,Sun,False,False,0,0,0,0,0,0,0,0,0,0,0,0,0,0,0,0,0,0,0,0,0,0,0,0,0,0.0,12.5,26.0,9.0,24.0,26.0,26.0,9.0,4.0,1.0,26.0,65.0,4.0,9.0,37,55,6,7,24.0,4.0,0.0,0.0
2025-08-25,Mon,True,False,0,0,0,0,0,1,1,0,0,1,1,0,0,0,0,0,0,0,1,1,0,0,1,1,1,2.0,12.5,25.0,10.0,23.0,25.0,25.0,10.0,3.0,2.0,25.0,66.0,3.0,10.0,36,56,5,8,23.0,5.0,3.0,1.0
2025-08-26,Tue,True,False,0,0,0,0,0,1,0,1,0,1,1,0,0,0,0,0,0,0,1,1,0,0,1,1,1,2.0,12.5,24.0,11.0,22.0,24.0,24.0,11.0,3.0,2.0,24.0,67.0,3.0,10.0,35,57,5,8,22.0,6.0,3.0,1.0
2025-08-27,Wed,True,False,0,0,0,0,0,1,1,0,0,1,1,0,0,0,0,0,1,0,1,1,0,0,1,1,2,2.5,11.5,23.0,12.0,21.0,23.0,23.0,12.0,3.0,2.0,23.0,68.0,3.0,10.0,34,58,5,8,21.0,7.0,3.0,1.0
2025-08-28,Thu,True,False,0,0,0,0,0,1,0,0,1,1,1,0,0,0,0,0,0,0,1,1,0,0,1,1,1,2.0,11.5,22.0,13.0,20.0,22.0,22.0,13.0,3.0,2.0,22.0,69.0,3.0,10.0,33,59,5,8,20.0,8.0,3.0,1.0
2025-08-29,Fri,True,False,0,0,1,0,0,0,0,0,0,0,0,1,1,0,0,0,0,1,1,1,0,0,0,1,3,3.5,12.0,21.0,14.0,19.0,21.0,21.0,14.0,3.0,2.0,21.0,70.0,3.0,10.0,32,60,5,8,19.0,9.0,3.0,1.0
2025-08-30,Sat,False,False,0,0,0,0,0,0,0,0,0,0,0,0,0,0,0,0,0,0,0,0,0,0,0,0,0,0.0,12.0,20.0,15.0,18.0,20.0,20.0,15.0,3.0,2.0,20.0,71.0,3.0,10.0,31,61,5,8,18.0,10.0,3.0,1.0
2025-08-31,Sun,False,False,0,0,0,0,0,0,0,0,0,0,0,0,0,0,0,0,0,0,0,0,0,0,0,0,0,0.0,12.0,19.0,16.0,17.0,19.0,19.0,16.0,3.0,2.0,19.0,72.0,3.0,10.0,30,62,5,8,17.0,11.0,3.0,1.0
2025-09-01,Mon,False,True,0,0,0,0,0,0,0,0,0,0,0,0,0,0,0,0,0,0,0,0,0,0,0,0,0,0.0,12.0,18.0,17.0,16.0,18.0,18.0,17.0,2.0,3.0,18.0,73.0,2.0,11.0,29,63,4,9,16.0,12.0,2.0,2.0
2025-09-02,Tue,True,False,0,0,0,0,0,1,0,1,0,1,1,0,0,0,0,0,0,0,1,1,0,0,1,1,1,2.0,12.0,17.0,18.0,15.0,17.0,17.0,18.0,2.0,3.0,17.0,74.0,2.0,11.0,28,64,4,9,15.0,13.0,2.0,2.0
2025-09-03,Wed,True,False,0,0,0,0,0,1,1,0,0,1,1,0,0,0,0,0,1,0,1,1,0,0,1,1,2,2.5,12.5,16.0,19.0,14.0,16.0,16.0,19.0,2.0,3.0,16.0,75.0,2.0,11.0,27,65,4,9,14.0,14.0,2.0,2.0
2025-09-04,Thu,True,False,0,0,0,0,0,1,0,0,1,1,1,0,0,0,0,0,0,0,1,1,0,0,1,1,1,2.0,12.0,15.0,20.0,13.0,15.0,15.0,20.0,2.0,3.0,15.0,76.0,2.0,11.0,26,66,4,9,13.0,15.0,2.0,2.0
2025-09-05,Fri,True,False,0,0,1,0,0,1,1,0,0,1,1,0,0,0,0,0,0,0,1,1,0,0,1,1,2,3.0,13.0,14.0,21.0,12.0,14.0,14.0,21.0,2.0,3.0,14.0,77.0,2.0,11.0,25,67,4,9,12.0,16.0,2.0,2.0
2025-09-06,Sat,False,False,0,0,0,0,0,0,0,0,0,0,0,0,0,0,0,0,0,0,0,0,0,0,0,0,0,0.0,13.0,13.0,22.0,11.0,13.0,13.0,22.0,2.0,3.0,13.0,78.0,2.0,11.0,24,68,4,9,11.0,17.0,2.0,2.0
2025-09-07,Sun,False,False,0,0,0,0,0,0,0,0,0,0,0,0,0,0,0,0,0,0,0,0,0,0,0,0,0,0.0,13.0,12.0,23.0,10.0,12.0,12.0,23.0,2.0,3.0,12.0,79.0,2.0,11.0,23,69,4,9,10.0,18.0,2.0,2.0
2025-09-08,Mon,True,False,0,0,0,0,0,1,1,0,0,1,1,0,0,0,0,0,0,0,1,1,0,0,1,1,1,2.0,11.5,11.0,24.0,9.0,11.0,11.0,24.0,1.0,4.0,11.0,80.0,1.0,12.0,22,70,3,10,9.0,19.0,1.0,3.0
2025-09-09,Tue,True,False,0,0,0,0,0,1,0,1,0,1,1,0,0,0,0,0,0,0,1,1,0,0,1,1,1,2.0,11.5,10.0,25.0,8.0,10.0,10.0,25.0,1.0,4.0,10.0,81.0,1.0,12.0,21,71,3,10,8.0,20.0,1.0,3.0
2025-09-10,Wed,True,False,0,0,0,0,0,1,1,0,0,1,1,0,0,0,0,0,1,0,1,1,0,0,1,1,2,2.5,11.5,9.0,26.0,7.0,9.0,9.0,26.0,1.0,4.0,9.0,82.0,1.0,12.0,20,72,3,10,7.0,21.0,1.0,3.0
2025-09-11,Thu,True,False,0,0,0,0,0,1,0,0,1,1,1,0,0,0,0,0,0,0,1,1,0,0,1,1,1,2.0,11.5,8.0,27.0,6.0,8.0,8.0,27.0,1.0,4.0,8.0,83.0,1.0,12.0,19,73,3,10,6.0,22.0,1.0,3.0
2025-09-12,Fri,True,False,0,0,1,0,0,1,1,0,0,1,1,0,0,0,0,0,0,0,1,1,0,0,1,1,2,3.0,11.5,7.0,28.0,5.0,7.0,7.0,28.0,1.0,4.0,7.0,84.0,1.0,12.0,18,74,3,10,5.0,23.0,1.0,3.0
2025-09-13,Sat,False,False,0,0,0,0,0,0,0,0,0,0,0,0,0,0,0,0,0,0,0,0,0,0,0,0,0,0.0,11.5,6.0,29.0,4.0,6.0,6.0,29.0,1.0,4.0,6.0,85.0,1.0,12.0,17,75,3,10,4.0,24.0,1.0,3.0
2025-09-14,Sun,False,False,0,0,0,0,0,0,0,0,0,0,0,0,0,0,0,0,0,0,0,0,0,0,0,0,0,0.0,11.5,5.0,30.0,3.0,5.0,5.0,30.0,1.0,4.0,5.0,86.0,1.0,12.0,16,76,3,10,3.0,25.0,1.0,3.0
2025-09-15,Mon,True,False,0,0,0,0,0,1,1,0,0,1,1,0,0,0,0,0,0,0,1,1,0,0,1,1,1,2.0,11.5,4.0,31.0,2.0,4.0,4.0,31.0,0.0,0.0,4.0,87.0,0.0,0.0,15,77,2,11,2.0,26.0,0.0,0.0
2025-09-16,Tue,True,False,0,0,0,0,0,1,0,1,0,1,1,0,0,0,0,0,0,0,1,1,0,0,1,1,1,2.0,11.5,3.0,32.0,1.0,3.0,3.0,32.0,0.0,0.0,3.0,88.0,0.0,0.0,14,78,2,11,1.0,27.0,0.0,0.0
2025-09-17,Wed,True,False,0,0,0,0,0,1,1,0,0,1,1,0,0,0,0,1,0,0,1,1,0,0,1,1,2,3.5,12.5,2.0,33.0,0.0,2.0,2.0,33.0,0.0,0.0,2.0,89.0,0.0,0.0,13,79,2,11,0.0,0.0,0.0,0.0
2025-09-18,Thu,True,False,0,0,0,0,0,1,0,0,1,1,1,0,0,0,0,0,0,0,1,1,0,0,1,1,1,2.0,12.5,1.0,34.0,34.0,1.0,1.0,34.0,0.0,0.0,1.0,90.0,0.0,0.0,12,80,2,11,34.0,1.0,0.0,0.0
2025-09-19,Fri,True,False,1,1,0,1,1,1,1,0,0,1,1,0,0,0,0,0,0,0,1,1,1,1,1,1,3,7.0,16.5,0.0,0.0,33.0,0.0,0.0,0.0,0.0,0.0,0.0,0.0,0.0,0.0,11,81,2,11,33.0,2.0,0.0,0.0
2025-09-20,Sat,False,False,0,0,0,0,0,0,0,0,0,0,0,0,0,0,0,0,0,0,0,0,0,0,0,0,0,0.0,16.5,27.0,1.0,32.0,27.0,27.0,1.0,0.0,0.0,90.0,1.0,0.0,0.0,10,82,2,11,32.0,3.0,0.0,0.0
2025-09-21,Sun,False,False,0,0,0,0,0,0,0,0,0,0,0,0,0,0,0,0,0,0,0,0,0,0,0,0,0,0.0,16.5,26.0,2.0,31.0,26.0,26.0,2.0,0.0,0.0,89.0,2.0,0.0,0.0,9,83,2,11,31.0,4.0,0.0,0.0
2025-09-22,Mon,True,False,0,0,0,0,0,1,1,0,0,1,1,0,0,0,0,0,0,0,1,1,0,0,1,1,1,2.0,16.5,25.0,3.0,30.0,25.0,25.0,3.0,3.0,1.0,88.0,3.0,12.0,1.0,8,84,1,12,30.0,5.0,4.0,1.0
2025-09-23,Tue,True,False,0,0,0,0,0,1,0,1,0,1,1,0,0,0,0,0,0,0,1,1,0,0,1,1,1,2.0,16.5,24.0,4.0,29.0,24.0,24.0,4.0,3.0,1.0,87.0,4.0,12.0,1.0,7,85,1,12,29.0,6.0,4.0,1.0
2025-09-24,Wed,True,False,0,0,0,0,0,1,1,0,0,1,1,0,0,0,0,0,1,0,1,1,0,0,1,1,2,2.5,15.5,23.0,5.0,28.0,23.0,23.0,5.0,3.0,1.0,86.0,5.0,12.0,1.0,6,86,1,12,28.0,7.0,4.0,1.0
2025-09-25,Thu,True,False,0,0,0,0,0,1,0,0,1,1,1,0,0,0,0,0,0,0,1,1,0,0,1,1,1,2.0,15.5,22.0,6.0,27.0,22.0,22.0,6.0,3.0,1.0,85.0,6.0,12.0,1.0,5,87,1,12,27.0,8.0,4.0,1.0
2025-09-26,Fri,True,False,0,0,1,0,0,1,1,0,0,1,1,0,0,0,0,0,0,0,1,1,0,0,1,1,2,3.0,11.5,21.0,7.0,26.0,21.0,21.0,7.0,3.0,1.0,84.0,7.0,12.0,1.0,4,88,1,12,26.0,9.0,4.0,1.0
2025-09-27,Sat,False,False,0,0,0,0,0,0,0,0,0,0,0,0,0,0,0,0,0,0,0,0,0,0,0,0,0,0.0,11.5,20.0,8.0,25.0,20.0,20.0,8.0,3.0,1.0,83.0,8.0,12.0,1.0,3,89,1,12,25.0,10.0,4.0,1.0
2025-09-28,Sun,False,False,0,0,0,0,0,0,0,0,0,0,0,0,0,0,0,0,0,0,0,0,0,0,0,0,0,0.0,11.5,19.0,9.0,24.0,19.0,19.0,9.0,3.0,1.0,82.0,9.0,12.0,1.0,2,90,1,12,24.0,11.0,4.0,1.0
2025-09-29,Mon,True,False,0,0,0,0,0,1,1,0,0,1,1,0,0,0,0,0,0,0,1,1,0,0,1,1,1,2.0,11.5,18.0,10.0,23.0,18.0,18.0,10.0,2.0,2.0,81.0,10.0,11.0,2.0,1,91,0,0,23.0,12.0,3.0,2.0
2025-09-30,Tue,True,False,0,0,0,0,0,0,0,0,0,0,0,1,1,1,1,0,0,0,1,1,0,0,0,1,2,4.5,14.0,17.0,11.0,22.0,17.0,17.0,11.0,2.0,2.0,80.0,11.0,11.0,2.0,0,0,0,0,22.0,13.0,3.0,2.0
2025-10-01,Wed,True,False,0,0,0,0,0,1,1,0,0,1,1,0,0,0,0,0,1,0,1,1,0,0,1,1,2,2.5,14.0,16.0,12.0,21.0,16.0,16.0,12.0,2.0,2.0,79.0,12.0,11.0,2.0,91,1,0,0,21.0,14.0,3.0,2.0
2025-10-02,Thu,True,False,0,0,0,0,0,1,0,0,1,1,1,0,0,0,0,0,0,0,1,1,0,0,1,1,1,2.0,14.0,15.0,13.0,20.0,15.0,15.0,13.0,2.0,2.0,78.0,13.0,11.0,2.0,90,2,0,0,20.0,15.0,3.0,2.0
2025-10-03,Fri,True,False,0,0,1,0,0,1,1,0,0,1,1,0,0,0,0,0,0,0,1,1,0,0,1,1,2,3.0,14.0,14.0,14.0,19.0,14.0,14.0,14.0,2.0,2.0,77.0,14.0,11.0,2.0,89,3,0,0,19.0,16.0,3.0,2.0
2025-10-04,Sat,False,False,0,0,0,0,0,0,0,0,0,0,0,0,0,0,0,0,0,0,0,0,0,0,0,0,0,0.0,14.0,13.0,15.0,18.0,13.0,13.0,15.0,2.0,2.0,76.0,15.0,11.0,2.0,88,4,0,0,18.0,17.0,3.0,2.0
2025-10-05,Sun,False,False,0,0,0,0,0,0,0,0,0,0,0,0,0,0,0,0,0,0,0,0,0,0,0,0,0,0.0,14.0,12.0,16.0,17.0,12.0,12.0,16.0,2.0,2.0,75.0,16.0,11.0,2.0,87,5,0,0,17.0,18.0,3.0,2.0
2025-10-06,Mon,True,False,0,0,0,0,0,1,1,0,0,1,1,0,0,0,0,0,0,0,1,1,0,0,1,1,1,2.0,14.0,11.0,17.0,16.0,11.0,11.0,17.0,1.0,3.0,74.0,17.0,10.0,3.0,86,6,12,1,16.0,19.0,2.0,3.0
2025-10-07,Tue,True,False,0,0,0,0,0,1,0,1,0,1,1,0,0,0,0,0,0,0,1,1,0,0,1,1,1,2.0,11.5,10.0,18.0,15.0,10.0,10.0,18.0,1.0,3.0,73.0,18.0,10.0,3.0,85,7,12,1,15.0,20.0,2.0,3.0
2025-10-08,Wed,True,False,0,0,0,0,0,1,1,0,0,1,1,0,0,0,0,0,1,0,1,1,0,0,1,1,2,2.5,11.5,9.0,19.0,14.0,9.0,9.0,19.0,1.0,3.0,72.0,19.0,10.0,3.0,84,8,12,1,14.0,21.0,2.0,3.0
2025-10-09,Thu,True,False,0,0,0,0,0,1,0,0,1,1,1,0,0,0,0,0,0,0,1,1,0,0,1,1,1,2.0,11.5,8.0,20.0,13.0,8.0,8.0,20.0,1.0,3.0,71.0,20.0,10.0,3.0,83,9,12,1,13.0,22.0,2.0,3.0
2025-10-10,Fri,True,False,0,0,1,0,0,1,1,0,0,1,1,0,0,0,0,0,0,0,1,1,0,0,1,1,2,3.0,11.5,7.0,21.0,12.0,7.0,7.0,21.0,1.0,3.0,70.0,21.0,10.0,3.0,82,10,12,1,12.0,23.0,2.0,3.0
2025-10-11,Sat,False,False,0,0,0,0,0,0,0,0,0,0,0,0,0,0,0,0,0,0,0,0,0,0,0,0,0,0.0,11.5,6.0,22.0,11.0,6.0,6.0,22.0,1.0,3.0,69.0,22.0,10.0,3.0,81,11,12,1,11.0,24.0,2.0,3.0
2025-10-12,Sun,False,False,0,0,0,0,0,0,0,0,0,0,0,0,0,0,0,0,0,0,0,0,0,0,0,0,0,0.0,11.5,5.0,23.0,10.0,5.0,5.0,23.0,1.0,3.0,68.0,23.0,10.0,3.0,80,12,12,1,10.0,25.0,2.0,3.0
2025-10-13,Mon,True,False,0,0,0,0,0,1,1,0,0,1,1,0,0,0,0,0,0,0,1,1,0,0,1,1,1,2.0,11.5,4.0,24.0,9.0,4.0,4.0,24.0,0.0,0.0,67.0,24.0,9.0,4.0,79,13,11,2,9.0,26.0,1.0,4.0
2025-10-14,Tue,True,False,0,0,0,0,0,1,0,1,0,1,1,0,0,0,0,0,0,0,1,1,0,0,1,1,1,2.0,11.5,3.0,25.0,8.0,3.0,3.0,25.0,0.0,0.0,66.0,25.0,9.0,4.0,78,14,11,2,8.0,27.0,1.0,4.0
2025-10-15,Wed,True,False,0,0,0,0,0,1,1,0,0,1,1,0,0,0,0,0,1,0,1,1,0,0,1,1,2,2.5,11.5,2.0,26.0,7.0,2.0,2.0,26.0,0.0,0.0,65.0,26.0,9.0,4.0,77,15,11,2,7.0,28.0,1.0,4.0
2025-10-16,Thu,True,False,0,0,0,0,0,1,0,0,1,1,1,0,0,0,0,0,0,0,1,1,0,0,1,1,1,2.0,11.5,1.0,27.0,6.0,1.0,1.0,27.0,0.0,0.0,64.0,27.0,9.0,4.0,76,16,11,2,6.0,29.0,1.0,4.0
2025-10-17,Fri,True,False,1,1,0,1,1,1,1,0,0,1,1,0,0,0,0,0,0,0,1,1,1,1,1,1,3,7.0,15.5,0.0,0.0,5.0,0.0,0.0,0.0,0.0,0.0,63.0,28.0,9.0,4.0,75,17,11,2,5.0,30.0,1.0,4.0
2025-10-18,Sat,False,False,0,0,0,0,0,0,0,0,0,0,0,0,0,0,0,0,0,0,0,0,0,0,0,0,0,0.0,15.5,34.0,1.0,4.0,34.0,34.0,1.0,0.0,0.0,62.0,29.0,9.0,4.0,74,18,11,2,4.0,31.0,1.0,4.0
2025-10-19,Sun,False,False,0,0,0,0,0,0,0,0,0,0,0,0,0,0,0,0,0,0,0,0,0,0,0,0,0,0.0,15.5,33.0,2.0,3.0,33.0,33.0,2.0,0.0,0.0,61.0,30.0,9.0,4.0,73,19,11,2,3.0,32.0,1.0,4.0
2025-10-20,Mon,True,False,0,0,0,0,0,1,1,0,0,1,1,0,0,0,0,0,0,0,1,1,0,0,1,1,1,2.0,15.5,32.0,3.0,2.0,32.0,32.0,3.0,4.0,1.0,60.0,31.0,8.0,5.0,72,20,10,3,2.0,33.0,0.0,0.0
2025-10-21,Tue,True,False,0,0,0,0,0,1,0,1,0,1,1,0,0,0,0,0,0,0,1,1,0,0,1,1,1,2.0,15.5,31.0,4.0,1.0,31.0,31.0,4.0,4.0,1.0,59.0,32.0,8.0,5.0,71,21,10,3,1.0,34.0,0.0,0.0
2025-10-22,Wed,True,False,0,0,0,0,0,1,1,0,0,1,1,0,0,0,0,1,0,0,1,1,0,0,1,1,2,3.5,16.5,30.0,5.0,0.0,30.0,30.0,5.0,4.0,1.0,58.0,33.0,8.0,5.0,70,22,10,3,0.0,0.0,0.0,0.0
2025-10-23,Thu,True,False,0,0,0,0,0,1,0,0,1,1,1,0,0,0,0,0,0,0,1,1,0,0,1,1,1,2.0,16.5,29.0,6.0,27.0,29.0,29.0,6.0,4.0,1.0,57.0,34.0,8.0,5.0,69,23,10,3,27.0,1.0,0.0,0.0
2025-10-24,Fri,True,False,0,0,1,0,0,1,1,0,0,1,1,0,0,0,0,0,0,0,1,1,0,0,1,1,2,3.0,12.5,28.0,7.0,26.0,28.0,28.0,7.0,4.0,1.0,56.0,35.0,8.0,5.0,68,24,10,3,26.0,2.0,0.0,0.0
2025-10-25,Sat,False,False,0,0,0,0,0,0,0,0,0,0,0,0,0,0,0,0,0,0,0,0,0,0,0,0,0,0.0,12.5,27.0,8.0,25.0,27.0,27.0,8.0,4.0,1.0,55.0,36.0,8.0,5.0,67,25,10,3,25.0,3.0,0.0,0.0
2025-10-26,Sun,False,False,0,0,0,0,0,0,0,0,0,0,0,0,0,0,0,0,0,0,0,0,0,0,0,0,0,0.0,12.5,26.0,9.0,24.0,26.0,26.0,9.0,4.0,1.0,54.0,37.0,8.0,5.0,66,26,10,3,24.0,4.0,0.0,0.0
2025-10-27,Mon,True,False,0,0,0,0,0,1,1,0,0,1,1,0,0,0,0,0,0,0,1,1,0,0,1,1,1,2.0,12.5,25.0,10.0,23.0,25.0,25.0,10.0,3.0,2.0,53.0,38.0,7.0,6.0,65,27,9,4,23.0,5.0,3.0,1.0
2025-10-28,Tue,True,False,0,0,0,0,0,1,0,1,0,1,1,0,0,0,0,0,0,0,1,1,0,0,1,1,1,2.0,12.5,24.0,11.0,22.0,24.0,24.0,11.0,3.0,2.0,52.0,39.0,7.0,6.0,64,28,9,4,22.0,6.0,3.0,1.0
2025-10-29,Wed,True,False,0,0,0,0,0,1,1,0,0,1,1,0,0,0,0,0,1,0,1,1,0,0,1,1,2,2.5,11.5,23.0,12.0,21.0,23.0,23.0,12.0,3.0,2.0,51.0,40.0,7.0,6.0,63,29,9,4,21.0,7.0,3.0,1.0
2025-10-30,Thu,True,False,0,0,0,0,0,1,0,0,1,1,1,0,0,0,0,0,0,0,1,1,0,0,1,1,1,2.0,11.5,22.0,13.0,20.0,22.0,22.0,13.0,3.0,2.0,50.0,41.0,7.0,6.0,62,30,9,4,20.0,8.0,3.0,1.0
2025-10-31,Fri,True,False,0,0,1,0,0,0,0,0,0,0,0,1,1,0,0,0,0,0,1,1,0,0,0,1,2,3.0,11.5,21.0,14.0,19.0,21.0,21.0,14.0,3.0,2.0,49.0,42.0,7.0,6.0,61,31,9,4,19.0,9.0,3.0,1.0
2025-11-01,Sat,False,False,0,0,0,0,0,0,0,0,0,0,0,0,0,0,0,0,0,0,0,0,0,0,0,0,0,0.0,11.5,20.0,15.0,18.0,20.0,20.0,15.0,3.0,2.0,48.0,43.0,7.0,6.0,60,32,9,4,18.0,10.0,3.0,1.0
2025-11-02,Sun,False,False,0,0,0,0,0,0,0,0,0,0,0,0,0,0,0,0,0,0,0,0,0,0,0,0,0,0.0,11.5,19.0,16.0,17.0,19.0,19.0,16.0,3.0,2.0,47.0,44.0,7.0,6.0,59,33,9,4,17.0,11.0,3.0,1.0
2025-11-03,Mon,True,False,0,0,0,0,0,1,1,0,0,1,1,0,0,0,0,0,0,0,1,1,0,0,1,1,1,2.0,11.5,18.0,17.0,16.0,18.0,18.0,17.0,2.0,3.0,46.0,45.0,6.0,7.0,58,34,8,5,16.0,12.0,2.0,2.0
2025-11-04,Tue,True,False,0,0,0,0,0,1,0,1,0,1,1,0,0,0,0,0,0,0,1,1,0,0,1,1,1,2.0,11.5,17.0,18.0,15.0,17.0,17.0,18.0,2.0,3.0,45.0,46.0,6.0,7.0,57,35,8,5,15.0,13.0,2.0,2.0
2025-11-05,Wed,True,False,0,0,0,0,0,1,1,0,0,1,1,0,0,0,0,0,1,0,1,1,0,0,1,1,2,2.5,11.5,16.0,19.0,14.0,16.0,16.0,19.0,2.0,3.0,44.0,47.0,6.0,7.0,56,36,8,5,14.0,14.0,2.0,2.0
2025-11-06,Thu,True,False,0,0,0,0,0,1,0,0,1,1,1,0,0,0,0,0,0,0,1,1,0,0,1,1,1,2.0,11.5,15.0,20.0,13.0,15.0,15.0,20.0,2.0,3.0,43.0,48.0,6.0,7.0,55,37,8,5,13.0,15.0,2.0,2.0
2025-11-07,Fri,True,False,0,0,1,0,0,1,1,0,0,1,1,0,0,0,0,0,0,0,1,1,0,0,1,1,2,3.0,11.5,14.0,21.0,12.0,14.0,14.0,21.0,2.0,3.0,42.0,49.0,6.0,7.0,54,38,8,5,12.0,16.0,2.0,2.0
2025-11-08,Sat,False,False,0,0,0,0,0,0,0,0,0,0,0,0,0,0,0,0,0,0,0,0,0,0,0,0,0,0.0,11.5,13.0,22.0,11.0,13.0,13.0,22.0,2.0,3.0,41.0,50.0,6.0,7.0,53,39,8,5,11.0,17.0,2.0,2.0
2025-11-09,Sun,False,False,0,0,0,0,0,0,0,0,0,0,0,0,0,0,0,0,0,0,0,0,0,0,0,0,0,0.0,11.5,12.0,23.0,10.0,12.0,12.0,23.0,2.0,3.0,40.0,51.0,6.0,7.0,52,40,8,5,10.0,18.0,2.0,2.0
2025-11-10,Mon,True,False,0,0,0,0,0,1,1,0,0,1,1,0,0,0,0,0,0,0,1,1,0,0,1,1,1,2.0,11.5,11.0,24.0,9.0,11.0,11.0,24.0,1.0,4.0,39.0,52.0,5.0,8.0,51,41,7,6,9.0,19.0,1.0,3.0
2025-11-11,Tue,True,False,0,0,0,0,0,1,0,1,0,1,1,0,0,0,0,0,0,0,1,1,0,0,1,1,1,2.0,11.5,10.0,25.0,8.0,10.0,10.0,25.0,1.0,4.0,38.0,53.0,5.0,8.0,50,42,7,6,8.0,20.0,1.0,3.0
2025-11-12,Wed,True,False,0,0,0,0,0,1,1,0,0,1,1,0,0,0,0,0,1,0,1,1,0,0,1,1,2,2.5,11.5,9.0,26.0,7.0,9.0,9.0,26.0,1.0,4.0,37.0,54.0,5.0,8.0,49,43,7,6,7.0,21.0,1.0,3.0
2025-11-13,Thu,True,False,0,0,0,0,0,1,0,0,1,1,1,0,0,0,0,0,0,0,1,1,0,0,1,1,1,2.0,11.5,8.0,27.0,6.0,8.0,8.0,27.0,1.0,4.0,36.0,55.0,5.0,8.0,48,44,7,6,6.0,22.0,1.0,3.0
2025-11-14,Fri,True,False,0,0,1,0,0,1,1,0,0,1,1,0,0,0,0,0,0,0,1,1,0,0,1,1,2,3.0,11.5,7.0,28.0,5.0,7.0,7.0,28.0,1.0,4.0,35.0,56.0,5.0,8.0,47,45,7,6,5.0,23.0,1.0,3.0
2025-11-15,Sat,False,False,0,0,0,0,0,0,0,0,0,0,0,0,0,0,0,0,0,0,0,0,0,0,0,0,0,0.0,11.5,6.0,29.0,4.0,6.0,6.0,29.0,1.0,4.0,34.0,57.0,5.0,8.0,46,46,7,6,4.0,24.0,1.0,3.0
2025-11-16,Sun,False,False,0,0,0,0,0,0,0,0,0,0,0,0,0,0,0,0,0,0,0,0,0,0,0,0,0,0.0,11.5,5.0,30.0,3.0,5.0,5.0,30.0,1.0,4.0,33.0,58.0,5.0,8.0,45,47,7,6,3.0,25.0,1.0,3.0
2025-11-17,Mon,True,False,0,0,0,0,0,1,1,0,0,1,1,0,0,0,0,0,0,0,1,1,0,0,1,1,1,2.0,11.5,4.0,31.0,2.0,4.0,4.0,31.0,0.0,0.0,32.0,59.0,4.0,9.0,44,48,6,7,2.0,26.0,0.0,0.0
2025-11-18,Tue,True,False,0,0,0,0,0,1,0,1,0,1,1,0,0,0,0,0,0,0,1,1,0,0,1,1,1,2.0,11.5,3.0,32.0,1.0,3.0,3.0,32.0,0.0,0.0,31.0,60.0,4.0,9.0,43,49,6,7,1.0,27.0,0.0,0.0
2025-11-19,Wed,True,False,0,0,0,0,0,1,1,0,0,1,1,0,0,0,0,1,0,0,1,1,0,0,1,1,2,3.5,12.5,2.0,33.0,0.0,2.0,2.0,33.0,0.0,0.0,30.0,61.0,4.0,9.0,42,50,6,7,0.0,0.0,0.0,0.0
2025-11-20,Thu,True,False,0,0,0,0,0,1,0,0,1,1,1,0,0,0,0,0,0,0,1,1,0,0,1,1,1,2.0,12.5,1.0,34.0,27.0,1.0,1.0,34.0,0.0,0.0,29.0,62.0,4.0,9.0,41,51,6,7,27.0,1.0,0.0,0.0
2025-11-21,Fri,True,False,1,1,0,1,1,1,1,0,0,1,1,0,0,0,0,0,0,0,1,1,1,1,1,1,3,7.0,16.5,0.0,0.0,26.0,0.0,0.0,0.0,0.0,0.0,28.0,63.0,4.0,9.0,40,52,6,7,26.0,2.0,0.0,0.0
2025-11-22,Sat,False,False,0,0,0,0,0,0,0,0,0,0,0,0,0,0,0,0,0,0,0,0,0,0,0,0,0,0.0,16.5,27.0,1.0,25.0,27.0,27.0,1.0,0.0,0.0,27.0,64.0,4.0,9.0,39,53,6,7,25.0,3.0,0.0,0.0
2025-11-23,Sun,False,False,0,0,0,0,0,0,0,0,0,0,0,0,0,0,0,0,0,0,0,0,0,0,0,0,0,0.0,16.5,26.0,2.0,24.0,26.0,26.0,2.0,0.0,0.0,26.0,65.0,4.0,9.0,38,54,6,7,24.0,4.0,0.0,0.0
2025-11-24,Mon,True,False,0,0,0,0,0,1,1,0,0,1,1,0,0,0,0,0,0,0,1,1,0,0,1,1,1,2.0,16.5,25.0,3.0,23.0,25.0,25.0,3.0,3.0,1.0,25.0,66.0,3.0,10.0,37,55,5,8,23.0,5.0,3.0,1.0
2025-11-25,Tue,True,False,0,0,0,0,0,1,0,1,0,1,1,0,0,0,0,0,0,0,1,1,0,0,1,1,1,2.0,16.5,24.0,4.0,22.0,24.0,24.0,4.0,3.0,1.0,24.0,67.0,3.0,10.0,36,56,5,8,22.0,6.0,3.0,1.0
2025-11-26,Wed,True,False,0,0,0,0,0,1,1,0,0,1,1,0,0,0,0,0,1,0,1,1,0,0,1,1,2,2.5,15.5,23.0,5.0,21.0,23.0,23.0,5.0,3.0,1.0,23.0,68.0,3.0,10.0,35,57,5,8,21.0,7.0,3.0,1.0
2025-11-27,Thu,False,True,0,0,0,0,0,0,0,0,0,0,0,0,0,0,0,0,0,0,0,0,0,0,0,0,0,0.0,15.5,22.0,6.0,20.0,22.0,22.0,6.0,3.0,1.0,22.0,69.0,3.0,10.0,34,58,5,8,20.0,8.0,3.0,1.0
2025-11-28,Fri,True,False,0,0,1,0,0,0,0,0,0,0,0,1,1,0,0,0,0,1,1,1,0,0,0,1,3,3.5,17.0,21.0,7.0,19.0,21.0,21.0,7.0,3.0,1.0,21.0,70.0,3.0,10.0,33,59,5,8,19.0,9.0,3.0,1.0
2025-11-29,Sat,False,False,0,0,0,0,0,0,0,0,0,0,0,0,0,0,0,0,0,0,0,0,0,0,0,0,0,0.0,17.0,20.0,8.0,18.0,20.0,20.0,8.0,3.0,1.0,20.0,71.0,3.0,10.0,32,60,5,8,18.0,10.0,3.0,1.0
2025-11-30,Sun,False,False,0,0,0,0,0,0,0,0,0,0,0,0,0,0,0,0,0,0,0,0,0,0,0,0,0,0.0,17.0,19.0,9.0,17.0,19.0,19.0,9.0,3.0,1.0,19.0,72.0,3.0,10.0,31,61,5,8,17.0,11.0,3.0,1.0
2025-12-01,Mon,True,False,0,0,0,0,0,1,1,0,0,1,1,0,0,0,0,0,0,0,1,1,0,0,1,1,1,2.0,12.0,18.0,10.0,16.0,18.0,18.0,10.0,2.0,2.0,18.0,73.0,2.0,11.0,30,62,4,9,16.0,12.0,2.0,2.0
2025-12-02,Tue,True,False,0,0,0,0,0,1,0,1,0,1,1,0,0,0,0,0,0,0,1,1,0,0,1,1,1,2.0,12.0,17.0,11.0,15.0,17.0,17.0,11.0,2.0,2.0,17.0,74.0,2.0,11.0,29,63,4,9,15.0,13.0,2.0,2.0
2025-12-03,Wed,True,False,0,0,0,0,0,1,1,0,0,1,1,0,0,0,0,0,1,0,1,1,0,0,1,1,2,2.5,12.5,16.0,12.0,14.0,16.0,16.0,12.0,2.0,2.0,16.0,75.0,2.0,11.0,28,64,4,9,14.0,14.0,2.0,2.0
2025-12-04,Thu,True,False,0,0,0,0,0,1,0,0,1,1,1,0,0,0,0,0,0,0,1,1,0,0,1,1,1,2.0,12.0,15.0,13.0,13.0,15.0,15.0,13.0,2.0,2.0,15.0,76.0,2.0,11.0,27,65,4,9,13.0,15.0,2.0,2.0
2025-12-05,Fri,True,False,0,0,1,0,0,1,1,0,0,1,1,0,0,0,0,0,0,0,1,1,0,0,1,1,2,3.0,11.5,14.0,14.0,12.0,14.0,14.0,14.0,2.0,2.0,14.0,77.0,2.0,11.0,26,66,4,9,12.0,16.0,2.0,2.0
2025-12-06,Sat,False,False,0,0,0,0,0,0,0,0,0,0,0,0,0,0,0,0,0,0,0,0,0,0,0,0,0,0.0,11.5,13.0,15.0,11.0,13.0,13.0,15.0,2.0,2.0,13.0,78.0,2.0,11.0,25,67,4,9,11.0,17.0,2.0,2.0
2025-12-07,Sun,False,False,0,0,0,0,0,0,0,0,0,0,0,0,0,0,0,0,0,0,0,0,0,0,0,0,0,0.0,11.5,12.0,16.0,10.0,12.0,12.0,16.0,2.0,2.0,12.0,79.0,2.0,11.0,24,68,4,9,10.0,18.0,2.0,2.0
2025-12-08,Mon,True,False,0,0,0,0,0,1,1,0,0,1,1,0,0,0,0,0,0,0,1,1,0,0,1,1,1,2.0,11.5,11.0,17.0,9.0,11.0,11.0,17.0,1.0,3.0,11.0,80.0,1.0,12.0,23,69,3,10,9.0,19.0,1.0,3.0
2025-12-09,Tue,True,False,0,0,0,0,0,1,0,1,0,1,1,0,0,0,0,0,0,0,1,1,0,0,1,1,1,2.0,11.5,10.0,18.0,8.0,10.0,10.0,18.0,1.0,3.0,10.0,81.0,1.0,12.0,22,70,3,10,8.0,20.0,1.0,3.0
2025-12-10,Wed,True,False,0,0,0,0,0,1,1,0,0,1,1,0,0,0,0,0,1,0,1,1,0,0,1,1,2,2.5,11.5,9.0,19.0,7.0,9.0,9.0,19.0,1.0,3.0,9.0,82.0,1.0,12.0,21,71,3,10,7.0,21.0,1.0,3.0
2025-12-11,Thu,True,False,0,0,0,0,0,1,0,0,1,1,1,0,0,0,0,0,0,0,1,1,0,0,1,1,1,2.0,11.5,8.0,20.0,6.0,8.0,8.0,20.0,1.0,3.0,8.0,83.0,1.0,12.0,20,72,3,10,6.0,22.0,1.0,3.0
2025-12-12,Fri,True,False,0,0,1,0,0,1,1,0,0,1,1,0,0,0,0,0,0,0,1,1,0,0,1,1,2,3.0,11.5,7.0,21.0,5.0,7.0,7.0,21.0,1.0,3.0,7.0,84.0,1.0,12.0,19,73,3,10,5.0,23.0,1.0,3.0
2025-12-13,Sat,False,False,0,0,0,0,0,0,0,0,0,0,0,0,0,0,0,0,0,0,0,0,0,0,0,0,0,0.0,11.5,6.0,22.0,4.0,6.0,6.0,22.0,1.0,3.0,6.0,85.0,1.0,12.0,18,74,3,10,4.0,24.0,1.0,3.0
2025-12-14,Sun,False,False,0,0,0,0,0,0,0,0,0,0,0,0,0,0,0,0,0,0,0,0,0,0,0,0,0,0.0,11.5,5.0,23.0,3.0,5.0,5.0,23.0,1.0,3.0,5.0,86.0,1.0,12.0,17,75,3,10,3.0,25.0,1.0,3.0
2025-12-15,Mon,True,False,0,0,0,0,0,1,1,0,0,1,1,0,0,0,0,0,0,0,1,1,0,0,1,1,1,2.0,11.5,4.0,24.0,2.0,4.0,4.0,24.0,0.0,0.0,4.0,87.0,0.0,0.0,16,76,2,11,2.0,26.0,0.0,0.0
2025-12-16,Tue,True,False,0,0,0,0,0,1,0,1,0,1,1,0,0,0,0,0,0,0,1,1,0,0,1,1,1,2.0,11.5,3.0,25.0,1.0,3.0,3.0,25.0,0.0,0.0,3.0,88.0,0.0,0.0,15,77,2,11,1.0,27.0,0.0,0.0
2025-12-17,Wed,True,False,0,0,0,0,0,1,1,0,0,1,1,0,0,0,0,1,0,0,1,1,0,0,1,1,2,3.5,12.5,2.0,26.0,0.0,2.0,2.0,26.0,0.0,0.0,2.0,89.0,0.0,0.0,14,78,2,11,0.0,0.0,0.0,0.0
2025-12-18,Thu,True,False,0,0,0,0,0,1,0,0,1,1,1,0,0,0,0,0,0,0,1,1,0,0,1,1,1,2.0,12.5,1.0,27.0,34.0,1.0,1.0,27.0,0.0,0.0,1.0,90.0,0.0,0.0,13,79,2,11,34.0,1.0,0.0,0.0
2025-12-19,Fri,True,False,1,1,0,1,1,1,1,0,0,1,1,0,0,0,0,0,0,0,1,1,1,1,1,1,3,7.0,16.5,0.0,0.0,33.0,0.0,0.0,0.0,0.0,0.0,0.0,0.0,0.0,0.0,12,80,2,11,33.0,2.0,0.0,0.0
2025-12-20,Sat,False,False,0,0,0,0,0,0,0,0,0,0,0,0,0,0,0,0,0,0,0,0,0,0,0,0,0,0.0,16.5,27.0,1.0,32.0,27.0,27.0,1.0,0.0,0.0,90.0,1.0,0.0,0.0,11,81,2,11,32.0,3.0,0.0,0.0
2025-12-21,Sun,False,False,0,0,0,0,0,0,0,0,0,0,0,0,0,0,0,0,0,0,0,0,0,0,0,0,0,0.0,16.5,26.0,2.0,31.0,26.0,26.0,2.0,0.0,0.0,89.0,2.0,0.0,0.0,10,82,2,11,31.0,4.0,0.0,0.0
2025-12-22,Mon,True,False,0,0,0,0,0,1,1,0,0,1,1,0,0,0,0,0,0,0,1,1,0,0,1,1,1,2.0,16.5,25.0,3.0,30.0,25.0,25.0,3.0,3.0,1.0,88.0,3.0,12.0,1.0,9,83,1,12,30.0,5.0,4.0,1.0
2025-12-23,Tue,True,False,0,0,0,0,0,1,0,1,0,1,1,0,0,0,0,0,0,0,1,1,0,0,1,1,1,2.0,16.5,24.0,4.0,29.0,24.0,24.0,4.0,3.0,1.0,87.0,4.0,12.0,1.0,8,84,1,12,29.0,6.0,4.0,1.0
2025-12-24,Wed,True,False,0,0,0,0,0,1,1,0,0,1,1,0,0,0,0,0,1,0,1,1,0,0,1,1,2,2.5,15.5,23.0,5.0,28.0,23.0,23.0,5.0,3.0,1.0,86.0,5.0,12.0,1.0,7,85,1,12,28.0,7.0,4.0,1.0
2025-12-25,Thu,False,True,0,0,0,0,0,0,0,0,0,0,0,0,0,0,0,0,0,0,0,0,0,0,0,0,0,0.0,15.5,22.0,6.0,27.0,22.0,22.0,6.0,3.0,1.0,85.0,6.0,12.0,1.0,6,86,1,12,27.0,8.0,4.0,1.0
2025-12-26,Fri,True,False,0,0,1,0,0,1,1,0,0,1,1,0,0,0,0,0,0,0,1,1,0,0,1,1,2,3.0,16.5,21.0,7.0,26.0,21.0,21.0,7.0,3.0,1.0,84.0,7.0,12.0,1.0,5,87,1,12,26.0,9.0,4.0,1.0
2025-12-27,Sat,False,False,0,0,0,0,0,0,0,0,0,0,0,0,0,0,0,0,0,0,0,0,0,0,0,0,0,0.0,16.5,20.0,8.0,25.0,20.0,20.0,8.0,3.0,1.0,83.0,8.0,12.0,1.0,4,88,1,12,25.0,10.0,4.0,1.0
2025-12-28,Sun,False,False,0,0,0,0,0,0,0,0,0,0,0,0,0,0,0,0,0,0,0,0,0,0,0,0,0,0.0,16.5,19.0,9.0,24.0,19.0,19.0,9.0,3.0,1.0,82.0,9.0,12.0,1.0,3,89,1,12,24.0,11.0,4.0,1.0
2025-12-29,Mon,True,False,0,0,0,0,0,1,1,0,0,1,1,0,0,0,0,0,0,0,1,1,0,0,1,1,1,2.0,11.5,18.0,10.0,23.0,18.0,18.0,10.0,2.0,2.0,81.0,10.0,11.0,2.0,2,90,0,0,23.0,12.0,3.0,2.0
2025-12-30,Tue,True,False,0,0,0,0,0,1,0,1,0,1,1,0,0,0,0,0,0,0,1,1,0,0,1,1,1,2.0,11.5,17.0,11.0,22.0,17.0,17.0,11.0,2.0,2.0,80.0,11.0,11.0,2.0,1,91,0,0,22.0,13.0,3.0,2.0
2025-12-31,Wed,True,False,0,0,0,0,0,0,0,0,0,0,0,1,1,1,1,0,1,0,1,1,0,0,0,1,3,5.0,14.5,16.0,12.0,21.0,16.0,16.0,12.0,2.0,2.0,79.0,12.0,11.0,2.0,0,0,0,0,21.0,14.0,3.0,2.0
2026-01-01,Thu,False,True,0,0,0,0,0,0,0,0,0,0,0,0,0,0,0,0,0,0,0,0,0,0,0,0,0,0.0,14.5,15.0,13.0,20.0,15.0,15.0,13.0,2.0,2.0,78.0,13.0,11.0,2.0,89,1,0,0,20.0,15.0,3.0,2.0
2026-01-02,Fri,True,False,0,0,1,0,0,1,1,0,0,1,1,0,0,0,0,0,0,0,1,1,0,0,1,1,2,3.0,15.0,14.0,14.0,19.0,14.0,14.0,14.0,2.0,2.0,77.0,14.0,11.0,2.0,88,2,0,0,19.0,16.0,3.0,2.0
2026-01-03,Sat,False,False,0,0,0,0,0,0,0,0,0,0,0,0,0,0,0,0,0,0,0,0,0,0,0,0,0,0.0,15.0,13.0,15.0,18.0,13.0,13.0,15.0,2.0,2.0,76.0,15.0,11.0,2.0,87,3,0,0,18.0,17.0,3.0,2.0
2026-01-04,Sun,False,False,0,0,0,0,0,0,0,0,0,0,0,0,0,0,0,0,0,0,0,0,0,0,0,0,0,0.0,15.0,12.0,16.0,17.0,12.0,12.0,16.0,2.0,2.0,75.0,16.0,11.0,2.0,86,4,0,0,17.0,18.0,3.0,2.0
2026-01-05,Mon,True,False,0,0,0,0,0,1,1,0,0,1,1,0,0,0,0,0,0,0,1,1,0,0,1,1,1,2.0,14.0,11.0,17.0,16.0,11.0,11.0,17.0,1.0,3.0,74.0,17.0,10.0,3.0,85,5,12,1,16.0,19.0,2.0,3.0
2026-01-06,Tue,True,False,0,0,0,0,0,1,0,1,0,1,1,0,0,0,0,0,0,0,1,1,0,0,1,1,1,2.0,14.0,10.0,18.0,15.0,10.0,10.0,18.0,1.0,3.0,73.0,18.0,10.0,3.0,84,6,12,1,15.0,20.0,2.0,3.0
2026-01-07,Wed,True,False,0,0,0,0,0,1,1,0,0,1,1,0,0,0,0,0,1,0,1,1,0,0,1,1,2,2.5,14.5,9.0,19.0,14.0,9.0,9.0,19.0,1.0,3.0,72.0,19.0,10.0,3.0,83,7,12,1,14.0,21.0,2.0,3.0
2026-01-08,Thu,True,False,0,0,0,0,0,1,0,0,1,1,1,0,0,0,0,0,0,0,1,1,0,0,1,1,1,2.0,11.5,8.0,20.0,13.0,8.0,8.0,20.0,1.0,3.0,71.0,20.0,10.0,3.0,82,8,12,1,13.0,22.0,2.0,3.0
2026-01-09,Fri,True,False,0,0,1,0,0,1,1,0,0,1,1,0,0,0,0,0,0,0,1,1,0,0,1,1,2,3.0,11.5,7.0,21.0,12.0,7.0,7.0,21.0,1.0,3.0,70.0,21.0,10.0,3.0,81,9,12,1,12.0,23.0,2.0,3.0
2026-01-10,Sat,False,False,0,0,0,0,0,0,0,0,0,0,0,0,0,0,0,0,0,0,0,0,0,0,0,0,0,0.0,11.5,6.0,22.0,11.0,6.0,6.0,22.0,1.0,3.0,69.0,22.0,10.0,3.0,80,10,12,1,11.0,24.0,2.0,3.0
2026-01-11,Sun,False,False,0,0,0,0,0,0,0,0,0,0,0,0,0,0,0,0,0,0,0,0,0,0,0,0,0,0.0,11.5,5.0,23.0,10.0,5.0,5.0,23.0,1.0,3.0,68.0,23.0,10.0,3.0,79,11,12,1,10.0,25.0,2.0,3.0
2026-01-12,Mon,True,False,0,0,0,0,0,1,1,0,0,1,1,0,0,0,0,0,0,0,1,1,0,0,1,1,1,2.0,11.5,4.0,24.0,9.0,4.0,4.0,24.0,0.0,0.0,67.0,24.0,9.0,4.0,78,12,11,2,9.0,26.0,1.0,4.0
2026-01-13,Tue,True,False,0,0,0,0,0,1,0,1,0,1,1,0,0,0,0,0,0,0,1,1,0,0,1,1,1,2.0,11.5,3.0,25.0,8.0,3.0,3.0,25.0,0.0,0.0,66.0,25.0,9.0,4.0,77,13,11,2,8.0,27.0,1.0,4.0
2026-01-14,Wed,True,False,0,0,0,0,0,1,1,0,0,1,1,0,0,0,0,0,1,0,1,1,0,0,1,1,2,2.5,11.5,2.0,26.0,7.0,2.0,2.0,26.0,0.0,0.0,65.0,26.0,9.0,4.0,76,14,11,2,7.0,28.0,1.0,4.0
2026-01-15,Thu,True,False,0,0,0,0,0,1,0,0,1,1,1,0,0,0,0,0,0,0,1,1,0,0,1,1,1,2.0,11.5,1.0,27.0,6.0,1.0,1.0,27.0,0.0,0.0,64.0,27.0,9.0,4.0,75,15,11,2,6.0,29.0,1.0,4.0
2026-01-16,Fri,True,False,1,1,0,1,1,1,1,0,0,1,1,0,0,0,0,0,0,0,1,1,1,1,1,1,3,7.0,15.5,0.0,0.0,5.0,0.0,0.0,0.0,0.0,0.0,63.0,28.0,9.0,4.0,74,16,11,2,5.0,30.0,1.0,4.0
2026-01-17,Sat,False,False,0,0,0,0,0,0,0,0,0,0,0,0,0,0,0,0,0,0,0,0,0,0,0,0,0,0.0,15.5,34.0,1.0,4.0,34.0,34.0,1.0,0.0,0.0,62.0,29.0,9.0,4.0,73,17,11,2,4.0,31.0,1.0,4.0
2026-01-18,Sun,False,False,0,0,0,0,0,0,0,0,0,0,0,0,0,0,0,0,0,0,0,0,0,0,0,0,0,0.0,15.5,33.0,2.0,3.0,33.0,33.0,2.0,0.0,0.0,61.0,30.0,9.0,4.0,72,18,11,2,3.0,32.0,1.0,4.0
2026-01-19,Mon,False,True,0,0,0,0,0,0,0,0,0,0,0,0,0,0,0,0,0,0,0,0,0,0,0,0,0,0.0,15.5,32.0,3.0,2.0,32.0,32.0,3.0,4.0,1.0,60.0,31.0,8.0,5.0,71,19,10,3,2.0,33.0,0.0,0.0
2026-01-20,Tue,True,False,0,0,0,0,0,1,0,1,0,1,1,0,0,0,0,0,0,0,1,1,0,0,1,1,1,2.0,15.5,31.0,4.0,1.0,31.0,31.0,4.0,4.0,1.0,59.0,32.0,8.0,5.0,70,20,10,3,1.0,34.0,0.0,0.0
2026-01-21,Wed,True,False,0,0,0,0,0,1,1,0,0,1,1,0,0,0,0,1,0,0,1,1,0,0,1,1,2,3.5,17.0,30.0,5.0,0.0,30.0,30.0,5.0,4.0,1.0,58.0,33.0,8.0,5.0,69,21,10,3,0.0,0.0,0.0,0.0
2026-01-22,Thu,True,False,0,0,0,0,0,1,0,0,1,1,1,0,0,0,0,0,0,0,1,1,0,0,1,1,1,2.0,16.5,29.0,6.0,27.0,29.0,29.0,6.0,4.0,1.0,57.0,34.0,8.0,5.0,68,22,10,3,27.0,1.0,0.0,0.0
2026-01-23,Fri,True,False,0,0,1,0,0,1,1,0,0,1,1,0,0,0,0,0,0,0,1,1,0,0,1,1,2,3.0,17.5,28.0,7.0,26.0,28.0,28.0,7.0,4.0,1.0,56.0,35.0,8.0,5.0,67,23,10,3,26.0,2.0,0.0,0.0
2026-01-24,Sat,False,False,0,0,0,0,0,0,0,0,0,0,0,0,0,0,0,0,0,0,0,0,0,0,0,0,0,0.0,17.5,27.0,8.0,25.0,27.0,27.0,8.0,4.0,1.0,55.0,36.0,8.0,5.0,66,24,10,3,25.0,3.0,0.0,0.0
2026-01-25,Sun,False,False,0,0,0,0,0,0,0,0,0,0,0,0,0,0,0,0,0,0,0,0,0,0,0,0,0,0.0,17.5,26.0,9.0,24.0,26.0,26.0,9.0,4.0,1.0,54.0,37.0,8.0,5.0,65,25,10,3,24.0,4.0,0.0,0.0
2026-01-26,Mon,True,False,0,0,0,0,0,1,1,0,0,1,1,0,0,0,0,0,0,0,1,1,0,0,1,1,1,2.0,12.5,25.0,10.0,23.0,25.0,25.0,10.0,3.0,2.0,53.0,38.0,7.0,6.0,64,26,9,4,23.0,5.0,3.0,1.0
2026-01-27,Tue,True,False,0,0,0,0,0,1,0,1,0,1,1,0,0,0,0,0,0,0,1,1,0,0,1,1,1,2.0,12.5,24.0,11.0,22.0,24.0,24.0,11.0,3.0,2.0,52.0,39.0,7.0,6.0,63,27,9,4,22.0,6.0,3.0,1.0
2026-01-28,Wed,True,False,0,0,0,0,0,1,1,0,0,1,1,0,0,0,0,0,1,0,1,1,0,0,1,1,2,2.5,11.5,23.0,12.0,21.0,23.0,23.0,12.0,3.0,2.0,51.0,40.0,7.0,6.0,62,28,9,4,21.0,7.0,3.0,1.0
2026-01-29,Thu,True,False,0,0,0,0,0,1,0,0,1,1,1,0,0,0,0,0,0,0,1,1,0,0,1,1,1,2.0,11.5,22.0,13.0,20.0,22.0,22.0,13.0,3.0,2.0,50.0,41.0,7.0,6.0,61,29,9,4,20.0,8.0,3.0,1.0
2026-01-30,Fri,True,False,0,0,1,0,0,0,0,0,0,0,0,1,1,0,0,0,0,1,1,1,0,0,0,1,3,3.5,12.0,21.0,14.0,19.0,21.0,21.0,14.0,3.0,2.0,49.0,42.0,7.0,6.0,60,30,9,4,19.0,9.0,3.0,1.0
2026-01-31,Sat,False,False,0,0,0,0,0,0,0,0,0,0,0,0,0,0,0,0,0,0,0,0,0,0,0,0,0,0.0,12.0,20.0,15.0,18.0,20.0,20.0,15.0,3.0,2.0,48.0,43.0,7.0,6.0,59,31,9,4,18.0,10.0,3.0,1.0
2026-02-01,Sun,False,False,0,0,0,0,0,0,0,0,0,0,0,0,0,0,0,0,0,0,0,0,0,0,0,0,0,0.0,12.0,19.0,16.0,17.0,19.0,19.0,16.0,3.0,2.0,47.0,44.0,7.0,6.0,58,32,9,4,17.0,11.0,3.0,1.0
2026-02-02,Mon,True,False,0,0,0,0,0,1,1,0,0,1,1,0,0,0,0,0,0,0,1,1,0,0,1,1,1,2.0,12.0,18.0,17.0,16.0,18.0,18.0,17.0,2.0,3.0,46.0,45.0,6.0,7.0,57,33,8,5,16.0,12.0,2.0,2.0
2026-02-03,Tue,True,False,0,0,0,0,0,1,0,1,0,1,1,0,0,0,0,0,0,0,1,1,0,0,1,1,1,2.0,12.0,17.0,18.0,15.0,17.0,17.0,18.0,2.0,3.0,45.0,46.0,6.0,7.0,56,34,8,5,15.0,13.0,2.0,2.0
2026-02-04,Wed,True,False,0,0,0,0,0,1,1,0,0,1,1,0,0,0,0,0,1,0,1,1,0,0,1,1,2,2.5,12.0,16.0,19.0,14.0,16.0,16.0,19.0,2.0,3.0,44.0,47.0,6.0,7.0,55,35,8,5,14.0,14.0,2.0,2.0
2026-02-05,Thu,True,False,0,0,0,0,0,1,0,0,1,1,1,0,0,0,0,0,0,0,1,1,0,0,1,1,1,2.0,12.0,15.0,20.0,13.0,15.0,15.0,20.0,2.0,3.0,43.0,48.0,6.0,7.0,54,36,8,5,13.0,15.0,2.0,2.0
2026-02-06,Fri,True,False,0,0,1,0,0,1,1,0,0,1,1,0,0,0,0,0,0,0,1,1,0,0,1,1,2,3.0,11.5,14.0,21.0,12.0,14.0,14.0,21.0,2.0,3.0,42.0,49.0,6.0,7.0,53,37,8,5,12.0,16.0,2.0,2.0
2026-02-07,Sat,False,False,0,0,0,0,0,0,0,0,0,0,0,0,0,0,0,0,0,0,0,0,0,0,0,0,0,0.0,11.5,13.0,22.0,11.0,13.0,13.0,22.0,2.0,3.0,41.0,50.0,6.0,7.0,52,38,8,5,11.0,17.0,2.0,2.0
2026-02-08,Sun,False,False,0,0,0,0,0,0,0,0,0,0,0,0,0,0,0,0,0,0,0,0,0,0,0,0,0,0.0,11.5,12.0,23.0,10.0,12.0,12.0,23.0,2.0,3.0,40.0,51.0,6.0,7.0,51,39,8,5,10.0,18.0,2.0,2.0
2026-02-09,Mon,True,False,0,0,0,0,0,1,1,0,0,1,1,0,0,0,0,0,0,0,1,1,0,0,1,1,1,2.0,11.5,11.0,24.0,9.0,11.0,11.0,24.0,1.0,4.0,39.0,52.0,5.0,8.0,50,40,7,6,9.0,19.0,1.0,3.0
2026-02-10,Tue,True,False,0,0,0,0,0,1,0,1,0,1,1,0,0,0,0,0,0,0,1,1,0,0,1,1,1,2.0,11.5,10.0,25.0,8.0,10.0,10.0,25.0,1.0,4.0,38.0,53.0,5.0,8.0,49,41,7,6,8.0,20.0,1.0,3.0
2026-02-11,Wed,True,False,0,0,0,0,0,1,1,0,0,1,1,0,0,0,0,0,1,0,1,1,0,0,1,1,2,2.5,11.5,9.0,26.0,7.0,9.0,9.0,26.0,1.0,4.0,37.0,54.0,5.0,8.0,48,42,7,6,7.0,21.0,1.0,3.0
2026-02-12,Thu,True,False,0,0,0,0,0,1,0,0,1,1,1,0,0,0,0,0,0,0,1,1,0,0,1,1,1,2.0,11.5,8.0,27.0,6.0,8.0,8.0,27.0,1.0,4.0,36.0,55.0,5.0,8.0,47,43,7,6,6.0,22.0,1.0,3.0
2026-02-13,Fri,True,False,0,0,1,0,0,1,1,0,0,1,1,0,0,0,0,0,0,0,1,1,0,0,1,1,2,3.0,11.5,7.0,28.0,5.0,7.0,7.0,28.0,1.0,4.0,35.0,56.0,5.0,8.0,46,44,7,6,5.0,23.0,1.0,3.0
2026-02-14,Sat,False,False,0,0,0,0,0,0,0,0,0,0,0,0,0,0,0,0,0,0,0,0,0,0,0,0,0,0.0,11.5,6.0,29.0,4.0,6.0,6.0,29.0,1.0,4.0,34.0,57.0,5.0,8.0,45,45,7,6,4.0,24.0,1.0,3.0
2026-02-15,Sun,False,False,0,0,0,0,0,0,0,0,0,0,0,0,0,0,0,0,0,0,0,0,0,0,0,0,0,0.0,11.5,5.0,30.0,3.0,5.0,5.0,30.0,1.0,4.0,33.0,58.0,5.0,8.0,44,46,7,6,3.0,25.0,1.0,3.0
2026-02-16,Mon,False,True,0,0,0,0,0,0,0,0,0,0,0,0,0,0,0,0,0,0,0,0,0,0,0,0,0,0.0,11.5,4.0,31.0,2.0,4.0,4.0,31.0,0.0,0.0,32.0,59.0,4.0,9.0,43,47,6,7,2.0,26.0,0.0,0.0
2026-02-17,Tue,True,False,0,0,0,0,0,1,0,1,0,1,1,0,0,0,0,0,0,0,1,1,0,0,1,1,1,2.0,11.5,3.0,32.0,1.0,3.0,3.0,32.0,0.0,0.0,31.0,60.0,4.0,9.0,42,48,6,7,1.0,27.0,0.0,0.0
2026-02-18,Wed,True,False,0,0,0,0,0,1,1,0,0,1,1,0,0,0,0,1,0,0,1,1,0,0,1,1,2,3.5,13.0,2.0,33.0,0.0,2.0,2.0,33.0,0.0,0.0,30.0,61.0,4.0,9.0,41,49,6,7,0.0,0.0,0.0,0.0
2026-02-19,Thu,True,False,0,0,0,0,0,1,0,0,1,1,1,0,0,0,0,0,0,0,1,1,0,0,1,1,1,2.0,12.5,1.0,34.0,27.0,1.0,1.0,34.0,0.0,0.0,29.0,62.0,4.0,9.0,40,50,6,7,27.0,1.0,0.0,0.0
2026-02-20,Fri,True,False,1,1,0,1,1,1,1,0,0,1,1,0,0,0,0,0,0,0,1,1,1,1,1,1,3,7.0,17.5,0.0,0.0,26.0,0.0,0.0,0.0,0.0,0.0,28.0,63.0,4.0,9.0,39,51,6,7,26.0,2.0,0.0,0.0
2026-02-21,Sat,False,False,0,0,0,0,0,0,0,0,0,0,0,0,0,0,0,0,0,0,0,0,0,0,0,0,0,0.0,17.5,27.0,1.0,25.0,27.0,27.0,1.0,0.0,0.0,27.0,64.0,4.0,9.0,38,52,6,7,25.0,3.0,0.0,0.0
2026-02-22,Sun,False,False,0,0,0,0,0,0,0,0,0,0,0,0,0,0,0,0,0,0,0,0,0,0,0,0,0,0.0,17.5,26.0,2.0,24.0,26.0,26.0,2.0,0.0,0.0,26.0,65.0,4.0,9.0,37,53,6,7,24.0,4.0,0.0,0.0
2026-02-23,Mon,True,False,0,0,0,0,0,1,1,0,0,1,1,0,0,0,0,0,0,0,1,1,0,0,1,1,1,2.0,16.5,25.0,3.0,23.0,25.0,25.0,3.0,3.0,1.0,25.0,66.0,3.0,10.0,36,54,5,8,23.0,5.0,3.0,1.0
2026-02-24,Tue,True,False,0,0,0,0,0,1,0,1,0,1,1,0,0,0,0,0,0,0,1,1,0,0,1,1,1,2.0,16.5,24.0,4.0,22.0,24.0,24.0,4.0,3.0,1.0,24.0,67.0,3.0,10.0,35,55,5,8,22.0,6.0,3.0,1.0
2026-02-25,Wed,True,False,0,0,0,0,0,1,1,0,0,1,1,0,0,0,0,0,1,0,1,1,0,0,1,1,2,2.5,15.5,23.0,5.0,21.0,23.0,23.0,5.0,3.0,1.0,23.0,68.0,3.0,10.0,34,56,5,8,21.0,7.0,3.0,1.0
2026-02-26,Thu,True,False,0,0,0,0,0,1,0,0,1,1,1,0,0,0,0,0,0,0,1,1,0,0,1,1,1,2.0,15.5,22.0,6.0,20.0,22.0,22.0,6.0,3.0,1.0,22.0,69.0,3.0,10.0,33,57,5,8,20.0,8.0,3.0,1.0
2026-02-27,Fri,True,False,0,0,1,0,0,0,0,0,0,0,0,1,1,0,0,0,0,1,1,1,0,0,0,1,3,3.5,12.0,21.0,7.0,19.0,21.0,21.0,7.0,3.0,1.0,21.0,70.0,3.0,10.0,32,58,5,8,19.0,9.0,3.0,1.0
2026-02-28,Sat,False,False,0,0,0,0,0,0,0,0,0,0,0,0,0,0,0,0,0,0,0,0,0,0,0,0,0,0.0,12.0,20.0,8.0,18.0,20.0,20.0,8.0,3.0,1.0,20.0,71.0,3.0,10.0,31,59,5,8,18.0,10.0,3.0,1.0
2026-03-01,Sun,False,False,0,0,0,0,0,0,0,0,0,0,0,0,0,0,0,0,0,0,0,0,0,0,0,0,0,0.0,12.0,19.0,9.0,17.0,19.0,19.0,9.0,3.0,1.0,19.0,72.0,3.0,10.0,30,60,5,8,17.0,11.0,3.0,1.0
2026-03-02,Mon,True,False,0,0,0,0,0,1,1,0,0,1,1,0,0,0,0,0,0,0,1,1,0,0,1,1,1,2.0,12.0,18.0,10.0,16.0,18.0,18.0,10.0,2.0,2.0,18.0,73.0,2.0,11.0,29,61,4,9,16.0,12.0,2.0,2.0
2026-03-03,Tue,True,False,0,0,0,0,0,1,0,1,0,1,1,0,0,0,0,0,0,0,1,1,0,0,1,1,1,2.0,12.0,17.0,11.0,15.0,17.0,17.0,11.0,2.0,2.0,17.0,74.0,2.0,11.0,28,62,4,9,15.0,13.0,2.0,2.0
2026-03-04,Wed,True,False,0,0,0,0,0,1,1,0,0,1,1,0,0,0,0,0,1,0,1,1,0,0,1,1,2,2.5,12.0,16.0,12.0,14.0,16.0,16.0,12.0,2.0,2.0,16.0,75.0,2.0,11.0,27,63,4,9,14.0,14.0,2.0,2.0
2026-03-05,Thu,True,False,0,0,0,0,0,1,0,0,1,1,1,0,0,0,0,0,0,0,1,1,0,0,1,1,1,2.0,12.0,15.0,13.0,13.0,15.0,15.0,13.0,2.0,2.0,15.0,76.0,2.0,11.0,26,64,4,9,13.0,15.0,2.0,2.0
2026-03-06,Fri,True,False,0,0,1,0,0,1,1,0,0,1,1,0,0,0,0,0,0,0,1,1,0,0,1,1,2,3.0,11.5,14.0,14.0,12.0,14.0,14.0,14.0,2.0,2.0,14.0,77.0,2.0,11.0,25,65,4,9,12.0,16.0,2.0,2.0
2026-03-07,Sat,False,False,0,0,0,0,0,0,0,0,0,0,0,0,0,0,0,0,0,0,0,0,0,0,0,0,0,0.0,11.5,13.0,15.0,11.0,13.0,13.0,15.0,2.0,2.0,13.0,78.0,2.0,11.0,24,66,4,9,11.0,17.0,2.0,2.0
2026-03-08,Sun,False,False,0,0,0,0,0,0,0,0,0,0,0,0,0,0,0,0,0,0,0,0,0,0,0,0,0,0.0,11.5,12.0,16.0,10.0,12.0,12.0,16.0,2.0,2.0,12.0,79.0,2.0,11.0,23,67,4,9,10.0,18.0,2.0,2.0
2026-03-09,Mon,True,False,0,0,0,0,0,1,1,0,0,1,1,0,0,0,0,0,0,0,1,1,0,0,1,1,1,2.0,11.5,11.0,17.0,9.0,11.0,11.0,17.0,1.0,3.0,11.0,80.0,1.0,12.0,22,68,3,10,9.0,19.0,1.0,3.0
2026-03-10,Tue,True,False,0,0,0,0,0,1,0,1,0,1,1,0,0,0,0,0,0,0,1,1,0,0,1,1,1,2.0,11.5,10.0,18.0,8.0,10.0,10.0,18.0,1.0,3.0,10.0,81.0,1.0,12.0,21,69,3,10,8.0,20.0,1.0,3.0
2026-03-11,Wed,True,False,0,0,0,0,0,1,1,0,0,1,1,0,0,0,0,0,1,0,1,1,0,0,1,1,2,2.5,11.5,9.0,19.0,7.0,9.0,9.0,19.0,1.0,3.0,9.0,82.0,1.0,12.0,20,70,3,10,7.0,21.0,1.0,3.0
2026-03-12,Thu,True,False,0,0,0,0,0,1,0,0,1,1,1,0,0,0,0,0,0,0,1,1,0,0,1,1,1,2.0,11.5,8.0,20.0,6.0,8.0,8.0,20.0,1.0,3.0,8.0,83.0,1.0,12.0,19,71,3,10,6.0,22.0,1.0,3.0
2026-03-13,Fri,True,False,0,0,1,0,0,1,1,0,0,1,1,0,0,0,0,0,0,0,1,1,0,0,1,1,2,3.0,11.5,7.0,21.0,5.0,7.0,7.0,21.0,1.0,3.0,7.0,84.0,1.0,12.0,18,72,3,10,5.0,23.0,1.0,3.0
2026-03-14,Sat,False,False,0,0,0,0,0,0,0,0,0,0,0,0,0,0,0,0,0,0,0,0,0,0,0,0,0,0.0,11.5,6.0,22.0,4.0,6.0,6.0,22.0,1.0,3.0,6.0,85.0,1.0,12.0,17,73,3,10,4.0,24.0,1.0,3.0
2026-03-15,Sun,False,False,0,0,0,0,0,0,0,0,0,0,0,0,0,0,0,0,0,0,0,0,0,0,0,0,0,0.0,11.5,5.0,23.0,3.0,5.0,5.0,23.0,1.0,3.0,5.0,86.0,1.0,12.0,16,74,3,10,3.0,25.0,1.0,3.0
2026-03-16,Mon,True,False,0,0,0,0,0,1,1,0,0,1,1,0,0,0,0,0,0,0,1,1,0,0,1,1,1,2.0,11.5,4.0,24.0,2.0,4.0,4.0,24.0,0.0,0.0,4.0,87.0,0.0,0.0,15,75,2,11,2.0,26.0,0.0,0.0
2026-03-17,Tue,True,False,0,0,0,0,0,1,0,1,0,1,1,0,0,0,0,0,0,0,1,1,0,0,1,1,1,2.0,11.5,3.0,25.0,1.0,3.0,3.0,25.0,0.0,0.0,3.0,88.0,0.0,0.0,14,76,2,11,1.0,27.0,0.0,0.0
2026-03-18,Wed,True,False,0,0,0,0,0,1,1,0,0,1,1,0,0,0,0,1,0,0,1,1,0,0,1,1,2,3.5,12.5,2.0,26.0,0.0,2.0,2.0,26.0,0.0,0.0,2.0,89.0,0.0,0.0,13,77,2,11,0.0,0.0,0.0,0.0
2026-03-19,Thu,True,False,0,0,0,0,0,1,0,0,1,1,1,0,0,0,0,0,0,0,1,1,0,0,1,1,1,2.0,12.5,1.0,27.0,27.0,1.0,1.0,27.0,0.0,0.0,1.0,90.0,0.0,0.0,12,78,2,11,27.0,1.0,0.0,0.0
2026-03-20,Fri,True,False,1,1,0,1,1,1,1,0,0,1,1,0,0,0,0,0,0,0,1,1,1,1,1,1,3,7.0,16.5,0.0,0.0,26.0,0.0,0.0,0.0,0.0,0.0,0.0,0.0,0.0,0.0,11,79,2,11,26.0,2.0,0.0,0.0
2026-03-21,Sat,False,False,0,0,0,0,0,0,0,0,0,0,0,0,0,0,0,0,0,0,0,0,0,0,0,0,0,0.0,16.5,27.0,1.0,25.0,27.0,27.0,1.0,0.0,0.0,89.0,1.0,0.0,0.0,10,80,2,11,25.0,3.0,0.0,0.0
2026-03-22,Sun,False,False,0,0,0,0,0,0,0,0,0,0,0,0,0,0,0,0,0,0,0,0,0,0,0,0,0,0.0,16.5,26.0,2.0,24.0,26.0,26.0,2.0,0.0,0.0,88.0,2.0,0.0,0.0,9,81,2,11,24.0,4.0,0.0,0.0
2026-03-23,Mon,True,False,0,0,0,0,0,1,1,0,0,1,1,0,0,0,0,0,0,0,1,1,0,0,1,1,1,2.0,16.5,25.0,3.0,23.0,25.0,25.0,3.0,3.0,1.0,87.0,3.0,12.0,1.0,8,82,1,12,23.0,5.0,3.0,1.0
2026-03-24,Tue,True,False,0,0,0,0,0,1,0,1,0,1,1,0,0,0,0,0,0,0,1,1,0,0,1,1,1,2.0,16.5,24.0,4.0,22.0,24.0,24.0,4.0,3.0,1.0,86.0,4.0,12.0,1.0,7,83,1,12,22.0,6.0,3.0,1.0
2026-03-25,Wed,True,False,0,0,0,0,0,1,1,0,0,1,1,0,0,0,0,0,1,0,1,1,0,0,1,1,2,2.5,15.5,23.0,5.0,21.0,23.0,23.0,5.0,3.0,1.0,85.0,5.0,12.0,1.0,6,84,1,12,21.0,7.0,3.0,1.0
2026-03-26,Thu,True,False,0,0,0,0,0,1,0,0,1,1,1,0,0,0,0,0,0,0,1,1,0,0,1,1,1,2.0,15.5,22.0,6.0,20.0,22.0,22.0,6.0,3.0,1.0,84.0,6.0,12.0,1.0,5,85,1,12,20.0,8.0,3.0,1.0
2026-03-27,Fri,True,False,0,0,1,0,0,1,1,0,0,1,1,0,0,0,0,0,0,0,1,1,0,0,1,1,2,3.0,11.5,21.0,7.0,19.0,21.0,21.0,7.0,3.0,1.0,83.0,7.0,12.0,1.0,4,86,1,12,19.0,9.0,3.0,1.0
2026-03-28,Sat,False,False,0,0,0,0,0,0,0,0,0,0,0,0,0,0,0,0,0,0,0,0,0,0,0,0,0,0.0,11.5,20.0,8.0,18.0,20.0,20.0,8.0,3.0,1.0,82.0,8.0,12.0,1.0,3,87,1,12,18.0,10.0,3.0,1.0
2026-03-29,Sun,False,False,0,0,0,0,0,0,0,0,0,0,0,0,0,0,0,0,0,0,0,0,0,0,0,0,0,0.0,11.5,19.0,9.0,17.0,19.0,19.0,9.0,3.0,1.0,81.0,9.0,12.0,1.0,2,88,1,12,17.0,11.0,3.0,1.0
2026-03-30,Mon,True,False,0,0,0,0,0,1,1,0,0,1,1,0,0,0,0,0,0,0,1,1,0,0,1,1,1,2.0,11.5,18.0,10.0,16.0,18.0,18.0,10.0,2.0,2.0,80.0,10.0,11.0,2.0,1,89,0,0,16.0,12.0,2.0,2.0
2026-03-31,Tue,True,False,0,0,0,0,0,0,0,0,0,0,0,1,1,1,1,0,0,0,1,1,0,0,0,1,2,4.5,14.0,17.0,11.0,15.0,17.0,17.0,11.0,2.0,2.0,79.0,11.0,11.0,2.0,0,0,0,0,15.0,13.0,2.0,2.0
2026-04-01,Wed,True,False,0,0,0,0,0,1,1,0,0,1,1,0,0,0,0,0,1,0,1,1,0,0,1,1,2,2.5,14.0,16.0,12.0,14.0,16.0,16.0,12.0,2.0,2.0,78.0,12.0,11.0,2.0,90,1,0,0,14.0,14.0,2.0,2.0
2026-04-02,Thu,True,False,0,0,0,0,0,1,0,0,1,1,1,0,0,0,0,0,0,0,1,1,0,0,1,1,1,2.0,14.0,15.0,13.0,13.0,15.0,15.0,13.0,2.0,2.0,77.0,13.0,11.0,2.0,89,2,0,0,13.0,15.0,2.0,2.0
2026-04-03,Fri,False,True,0,0,0,0,0,0,0,0,0,0,0,0,0,0,0,0,0,0,0,0,0,0,0,0,0,0.0,14.0,14.0,14.0,12.0,14.0,14.0,14.0,2.0,2.0,76.0,14.0,11.0,2.0,88,3,0,0,12.0,16.0,2.0,2.0
2026-04-04,Sat,False,False,0,0,0,0,0,0,0,0,0,0,0,0,0,0,0,0,0,0,0,0,0,0,0,0,0,0.0,14.0,13.0,15.0,11.0,13.0,13.0,15.0,2.0,2.0,75.0,15.0,11.0,2.0,87,4,0,0,11.0,17.0,2.0,2.0
2026-04-05,Sun,False,False,0,0,0,0,0,0,0,0,0,0,0,0,0,0,0,0,0,0,0,0,0,0,0,0,0,0.0,14.0,12.0,16.0,10.0,12.0,12.0,16.0,2.0,2.0,74.0,16.0,11.0,2.0,86,5,0,0,10.0,18.0,2.0,2.0
2026-04-06,Mon,True,False,0,0,0,0,0,1,1,0,0,1,1,0,0,0,0,0,0,0,1,1,0,0,1,1,1,2.0,13.0,11.0,17.0,9.0,11.0,11.0,17.0,1.0,3.0,73.0,17.0,10.0,3.0,85,6,12,1,9.0,19.0,1.0,3.0
2026-04-07,Tue,True,False,0,0,0,0,0,1,0,1,0,1,1,0,0,0,0,0,0,0,1,1,0,0,1,1,1,2.0,13.0,10.0,18.0,8.0,10.0,10.0,18.0,1.0,3.0,72.0,18.0,10.0,3.0,84,7,12,1,8.0,20.0,1.0,3.0
2026-04-08,Wed,True,False,0,0,0,0,0,1,1,0,0,1,1,0,0,0,0,0,1,0,1,1,0,0,1,1,2,2.5,11.0,9.0,19.0,7.0,9.0,9.0,19.0,1.0,3.0,71.0,19.0,10.0,3.0,83,8,12,1,7.0,21.0,1.0,3.0
2026-04-09,Thu,True,False,0,0,0,0,0,1,0,0,1,1,1,0,0,0,0,0,0,0,1,1,0,0,1,1,1,2.0,10.5,8.0,20.0,6.0,8.0,8.0,20.0,1.0,3.0,70.0,20.0,10.0,3.0,82,9,12,1,6.0,22.0,1.0,3.0
2026-04-10,Fri,True,False,0,0,1,0,0,1,1,0,0,1,1,0,0,0,0,0,0,0,1,1,0,0,1,1,2,3.0,11.5,7.0,21.0,5.0,7.0,7.0,21.0,1.0,3.0,69.0,21.0,10.0,3.0,81,10,12,1,5.0,23.0,1.0,3.0
2026-04-11,Sat,False,False,0,0,0,0,0,0,0,0,0,0,0,0,0,0,0,0,0,0,0,0,0,0,0,0,0,0.0,11.5,6.0,22.0,4.0,6.0,6.0,22.0,1.0,3.0,68.0,22.0,10.0,3.0,80,11,12,1,4.0,24.0,1.0,3.0
2026-04-12,Sun,False,False,0,0,0,0,0,0,0,0,0,0,0,0,0,0,0,0,0,0,0,0,0,0,0,0,0,0.0,11.5,5.0,23.0,3.0,5.0,5.0,23.0,1.0,3.0,67.0,23.0,10.0,3.0,79,12,12,1,3.0,25.0,1.0,3.0
2026-04-13,Mon,True,False,0,0,0,0,0,1,1,0,0,1,1,0,0,0,0,0,0,0,1,1,0,0,1,1,1,2.0,11.5,4.0,24.0,2.0,4.0,4.0,24.0,0.0,0.0,66.0,24.0,9.0,4.0,78,13,11,2,2.0,26.0,0.0,0.0
2026-04-14,Tue,True,False,0,0,0,0,0,1,0,1,0,1,1,0,0,0,0,0,0,0,1,1,0,0,1,1,1,2.0,11.5,3.0,25.0,1.0,3.0,3.0,25.0,0.0,0.0,65.0,25.0,9.0,4.0,77,14,11,2,1.0,27.0,0.0,0.0
2026-04-15,Wed,True,False,0,0,0,0,0,1,1,0,0,1,1,0,0,0,0,1,0,0,1,1,0,0,1,1,2,3.5,12.5,2.0,26.0,0.0,2.0,2.0,26.0,0.0,0.0,64.0,26.0,9.0,4.0,76,15,11,2,0.0,0.0,0.0,0.0
2026-04-16,Thu,True,False,0,0,0,0,0,1,0,0,1,1,1,0,0,0,0,0,0,0,1,1,0,0,1,1,1,2.0,12.5,1.0,27.0,33.0,1.0,1.0,27.0,0.0,0.0,63.0,27.0,9.0,4.0,75,16,11,2,33.0,1.0,0.0,0.0
2026-04-17,Fri,True,False,1,1,0,1,1,1,1,0,0,1,1,0,0,0,0,0,0,0,1,1,1,1,1,1,3,7.0,16.5,0.0,0.0,32.0,0.0,0.0,0.0,0.0,0.0,62.0,28.0,9.0,4.0,74,17,11,2,32.0,2.0,0.0,0.0
2026-04-18,Sat,False,False,0,0,0,0,0,0,0,0,0,0,0,0,0,0,0,0,0,0,0,0,0,0,0,0,0,0.0,16.5,27.0,1.0,31.0,27.0,27.0,1.0,0.0,0.0,61.0,29.0,9.0,4.0,73,18,11,2,31.0,3.0,0.0,0.0
2026-04-19,Sun,False,False,0,0,0,0,0,0,0,0,0,0,0,0,0,0,0,0,0,0,0,0,0,0,0,0,0,0.0,16.5,26.0,2.0,30.0,26.0,26.0,2.0,0.0,0.0,60.0,30.0,9.0,4.0,72,19,11,2,30.0,4.0,0.0,0.0
2026-04-20,Mon,True,False,0,0,0,0,0,1,1,0,0,1,1,0,0,0,0,0,0,0,1,1,0,0,1,1,1,2.0,16.5,25.0,3.0,29.0,25.0,25.0,3.0,3.0,1.0,59.0,31.0,8.0,5.0,71,20,10,3,29.0,5.0,4.0,1.0
2026-04-21,Tue,True,False,0,0,0,0,0,1,0,1,0,1,1,0,0,0,0,0,0,0,1,1,0,0,1,1,1,2.0,16.5,24.0,4.0,28.0,24.0,24.0,4.0,3.0,1.0,58.0,32.0,8.0,5.0,70,21,10,3,28.0,6.0,4.0,1.0
2026-04-22,Wed,True,False,0,0,0,0,0,1,1,0,0,1,1,0,0,0,0,0,1,0,1,1,0,0,1,1,2,2.5,15.5,23.0,5.0,27.0,23.0,23.0,5.0,3.0,1.0,57.0,33.0,8.0,5.0,69,22,10,3,27.0,7.0,4.0,1.0
2026-04-23,Thu,True,False,0,0,0,0,0,1,0,0,1,1,1,0,0,0,0,0,0,0,1,1,0,0,1,1,1,2.0,15.5,22.0,6.0,26.0,22.0,22.0,6.0,3.0,1.0,56.0,34.0,8.0,5.0,68,23,10,3,26.0,8.0,4.0,1.0
2026-04-24,Fri,True,False,0,0,1,0,0,1,1,0,0,1,1,0,0,0,0,0,0,0,1,1,0,0,1,1,2,3.0,11.5,21.0,7.0,25.0,21.0,21.0,7.0,3.0,1.0,55.0,35.0,8.0,5.0,67,24,10,3,25.0,9.0,4.0,1.0
2026-04-25,Sat,False,False,0,0,0,0,0,0,0,0,0,0,0,0,0,0,0,0,0,0,0,0,0,0,0,0,0,0.0,11.5,20.0,8.0,24.0,20.0,20.0,8.0,3.0,1.0,54.0,36.0,8.0,5.0,66,25,10,3,24.0,10.0,4.0,1.0
2026-04-26,Sun,False,False,0,0,0,0,0,0,0,0,0,0,0,0,0,0,0,0,0,0,0,0,0,0,0,0,0,0.0,11.5,19.0,9.0,23.0,19.0,19.0,9.0,3.0,1.0,53.0,37.0,8.0,5.0,65,26,10,3,23.0,11.0,4.0,1.0
2026-04-27,Mon,True,False,0,0,0,0,0,1,1,0,0,1,1,0,0,0,0,0,0,0,1,1,0,0,1,1,1,2.0,11.5,18.0,10.0,22.0,18.0,18.0,10.0,2.0,2.0,52.0,38.0,7.0,6.0,64,27,9,4,22.0,12.0,3.0,2.0
2026-04-28,Tue,True,False,0,0,0,0,0,1,0,1,0,1,1,0,0,0,0,0,0,0,1,1,0,0,1,1,1,2.0,11.5,17.0,11.0,21.0,17.0,17.0,11.0,2.0,2.0,51.0,39.0,7.0,6.0,63,28,9,4,21.0,13.0,3.0,2.0
2026-04-29,Wed,True,False,0,0,0,0,0,1,1,0,0,1,1,0,0,0,0,0,1,0,1,1,0,0,1,1,2,2.5,11.5,16.0,12.0,20.0,16.0,16.0,12.0,2.0,2.0,50.0,40.0,7.0,6.0,62,29,9,4,20.0,14.0,3.0,2.0
2026-04-30,Thu,True,False,0,0,0,0,0,0,0,0,0,0,0,1,1,0,0,0,0,0,1,1,0,0,0,1,1,2.0,11.5,15.0,13.0,19.0,15.0,15.0,13.0,2.0,2.0,49.0,41.0,7.0,6.0,61,30,9,4,19.0,15.0,3.0,2.0
2026-05-01,Fri,True,False,0,0,1,0,0,1,1,0,0,1,1,0,0,0,0,0,0,0,1,1,0,0,1,1,2,3.0,11.5,14.0,14.0,18.0,14.0,14.0,14.0,2.0,2.0,48.0,42.0,7.0,6.0,60,31,9,4,18.0,16.0,3.0,2.0
2026-05-02,Sat,False,False,0,0,0,0,0,0,0,0,0,0,0,0,0,0,0,0,0,0,0,0,0,0,0,0,0,0.0,11.5,13.0,15.0,17.0,13.0,13.0,15.0,2.0,2.0,47.0,43.0,7.0,6.0,59,32,9,4,17.0,17.0,3.0,2.0
2026-05-03,Sun,False,False,0,0,0,0,0,0,0,0,0,0,0,0,0,0,0,0,0,0,0,0,0,0,0,0,0,0.0,11.5,12.0,16.0,16.0,12.0,12.0,16.0,2.0,2.0,46.0,44.0,7.0,6.0,58,33,9,4,16.0,18.0,3.0,2.0
2026-05-04,Mon,True,False,0,0,0,0,0,1,1,0,0,1,1,0,0,0,0,0,0,0,1,1,0,0,1,1,1,2.0,11.5,11.0,17.0,15.0,11.0,11.0,17.0,1.0,3.0,45.0,45.0,6.0,7.0,57,34,8,5,15.0,19.0,2.0,3.0
2026-05-05,Tue,True,False,0,0,0,0,0,1,0,1,0,1,1,0,0,0,0,0,0,0,1,1,0,0,1,1,1,2.0,11.5,10.0,18.0,14.0,10.0,10.0,18.0,1.0,3.0,44.0,46.0,6.0,7.0,56,35,8,5,14.0,20.0,2.0,3.0
2026-05-06,Wed,True,False,0,0,0,0,0,1,1,0,0,1,1,0,0,0,0,0,1,0,1,1,0,0,1,1,2,2.5,11.5,9.0,19.0,13.0,9.0,9.0,19.0,1.0,3.0,43.0,47.0,6.0,7.0,55,36,8,5,13.0,21.0,2.0,3.0
2026-05-07,Thu,True,False,0,0,0,0,0,1,0,0,1,1,1,0,0,0,0,0,0,0,1,1,0,0,1,1,1,2.0,11.5,8.0,20.0,12.0,8.0,8.0,20.0,1.0,3.0,42.0,48.0,6.0,7.0,54,37,8,5,12.0,22.0,2.0,3.0
2026-05-08,Fri,True,False,0,0,1,0,0,1,1,0,0,1,1,0,0,0,0,0,0,0,1,1,0,0,1,1,2,3.0,11.5,7.0,21.0,11.0,7.0,7.0,21.0,1.0,3.0,41.0,49.0,6.0,7.0,53,38,8,5,11.0,23.0,2.0,3.0
2026-05-09,Sat,False,False,0,0,0,0,0,0,0,0,0,0,0,0,0,0,0,0,0,0,0,0,0,0,0,0,0,0.0,11.5,6.0,22.0,10.0,6.0,6.0,22.0,1.0,3.0,40.0,50.0,6.0,7.0,52,39,8,5,10.0,24.0,2.0,3.0
2026-05-10,Sun,False,False,0,0,0,0,0,0,0,0,0,0,0,0,0,0,0,0,0,0,0,0,0,0,0,0,0,0.0,11.5,5.0,23.0,9.0,5.0,5.0,23.0,1.0,3.0,39.0,51.0,6.0,7.0,51,40,8,5,9.0,25.0,2.0,3.0
2026-05-11,Mon,True,False,0,0,0,0,0,1,1,0,0,1,1,0,0,0,0,0,0,0,1,1,0,0,1,1,1,2.0,11.5,4.0,24.0,8.0,4.0,4.0,24.0,0.0,0.0,38.0,52.0,5.0,8.0,50,41,7,6,8.0,26.0,1.0,4.0
2026-05-12,Tue,True,False,0,0,0,0,0,1,0,1,0,1,1,0,0,0,0,0,0,0,1,1,0,0,1,1,1,2.0,11.5,3.0,25.0,7.0,3.0,3.0,25.0,0.0,0.0,37.0,53.0,5.0,8.0,49,42,7,6,7.0,27.0,1.0,4.0
2026-05-13,Wed,True,False,0,0,0,0,0,1,1,0,0,1,1,0,0,0,0,0,1,0,1,1,0,0,1,1,2,2.5,11.5,2.0,26.0,6.0,2.0,2.0,26.0,0.0,0.0,36.0,54.0,5.0,8.0,48,43,7,6,6.0,28.0,1.0,4.0
2026-05-14,Thu,True,False,0,0,0,0,0,1,0,0,1,1,1,0,0,0,0,0,0,0,1,1,0,0,1,1,1,2.0,11.5,1.0,27.0,5.0,1.0,1.0,27.0,0.0,0.0,35.0,55.0,5.0,8.0,47,44,7,6,5.0,29.0,1.0,4.0
2026-05-15,Fri,True,False,1,1,0,1,1,1,1,0,0,1,1,0,0,0,0,0,0,0,1,1,1,1,1,1,3,7.0,15.5,0.0,0.0,4.0,0.0,0.0,0.0,0.0,0.0,34.0,56.0,5.0,8.0,46,45,7,6,4.0,30.0,1.0,4.0
2026-05-16,Sat,False,False,0,0,0,0,0,0,0,0,0,0,0,0,0,0,0,0,0,0,0,0,0,0,0,0,0,0.0,15.5,33.0,1.0,3.0,33.0,33.0,1.0,0.0,0.0,33.0,57.0,5.0,8.0,45,46,7,6,3.0,31.0,1.0,4.0
2026-05-17,Sun,False,False,0,0,0,0,0,0,0,0,0,0,0,0,0,0,0,0,0,0,0,0,0,0,0,0,0,0.0,15.5,32.0,2.0,2.0,32.0,32.0,2.0,0.0,0.0,32.0,58.0,5.0,8.0,44,47,7,6,2.0,32.0,1.0,4.0
2026-05-18,Mon,True,False,0,0,0,0,0,1,1,0,0,1,1,0,0,0,0,0,0,0,1,1,0,0,1,1,1,2.0,15.5,31.0,3.0,1.0,31.0,31.0,3.0,4.0,1.0,31.0,59.0,4.0,9.0,43,48,6,7,1.0,33.0,0.0,0.0
2026-05-19,Tue,True,False,0,0,0,0,0,1,0,1,0,1,1,0,0,0,0,1,0,1,1,1,0,0,1,1,3,4.0,17.5,30.0,4.0,0.0,30.0,30.0,4.0,4.0,1.0,30.0,60.0,4.0,9.0,42,49,6,7,0.0,0.0,0.0,0.0
2026-05-20,Wed,True,False,0,0,0,0,0,1,1,0,0,1,1,0,0,0,0,0,1,0,1,1,0,0,1,1,2,2.5,17.5,29.0,5.0,28.0,29.0,29.0,5.0,4.0,1.0,29.0,61.0,4.0,9.0,41,50,6,7,28.0,1.0,0.0,0.0
2026-05-21,Thu,True,False,0,0,0,0,0,1,0,0,1,1,1,0,0,0,0,0,0,0,1,1,0,0,1,1,1,2.0,17.5,28.0,6.0,27.0,28.0,28.0,6.0,4.0,1.0,28.0,62.0,4.0,9.0,40,51,6,7,27.0,2.0,0.0,0.0
2026-05-22,Fri,True,False,0,0,1,0,0,1,1,0,0,1,1,0,0,0,0,0,0,0,1,1,0,0,1,1,2,3.0,13.5,27.0,7.0,26.0,27.0,27.0,7.0,4.0,1.0,27.0,63.0,4.0,9.0,39,52,6,7,26.0,3.0,0.0,0.0
2026-05-23,Sat,False,False,0,0,0,0,0,0,0,0,0,0,0,0,0,0,0,0,0,0,0,0,0,0,0,0,0,0.0,13.5,26.0,8.0,25.0,26.0,26.0,8.0,4.0,1.0,26.0,64.0,4.0,9.0,38,53,6,7,25.0,4.0,0.0,0.0
2026-05-24,Sun,False,False,0,0,0,0,0,0,0,0,0,0,0,0,0,0,0,0,0,0,0,0,0,0,0,0,0,0.0,13.5,25.0,9.0,24.0,25.0,25.0,9.0,4.0,1.0,25.0,65.0,4.0,9.0,37,54,6,7,24.0,5.0,0.0,0.0
2026-05-25,Mon,False,True,0,0,0,0,0,0,0,0,0,0,0,0,0,0,0,0,0,0,0,0,0,0,0,0,0,0.0,13.5,24.0,10.0,23.0,24.0,24.0,10.0,3.0,2.0,24.0,66.0,3.0,10.0,36,55,5,8,23.0,6.0,3.0,1.0
2026-05-26,Tue,True,False,0,0,0,0,0,1,0,1,0,1,1,0,0,0,0,0,0,0,1,1,0,0,1,1,1,2.0,13.5,23.0,11.0,22.0,23.0,23.0,11.0,3.0,2.0,23.0,67.0,3.0,10.0,35,56,5,8,22.0,7.0,3.0,1.0
2026-05-27,Wed,True,False,0,0,0,0,0,1,1,0,0,1,1,0,0,0,0,0,1,0,1,1,0,0,1,1,2,2.5,12.0,22.0,12.0,21.0,22.0,22.0,12.0,3.0,2.0,22.0,68.0,3.0,10.0,34,57,5,8,21.0,8.0,3.0,1.0
2026-05-28,Thu,True,False,0,0,0,0,0,1,0,0,1,1,1,0,0,0,0,0,0,0,1,1,0,0,1,1,1,2.0,11.5,21.0,13.0,20.0,21.0,21.0,13.0,3.0,2.0,21.0,69.0,3.0,10.0,33,58,5,8,20.0,9.0,3.0,1.0
2026-05-29,Fri,True,False,0,0,1,0,0,0,0,0,0,0,0,1,1,0,0,0,0,1,1,1,0,0,0,1,3,3.5,13.0,20.0,14.0,19.0,20.0,20.0,14.0,3.0,2.0,20.0,70.0,3.0,10.0,32,59,5,8,19.0,10.0,3.0,1.0
2026-05-30,Sat,False,False,0,0,0,0,0,0,0,0,0,0,0,0,0,0,0,0,0,0,0,0,0,0,0,0,0,0.0,13.0,19.0,15.0,18.0,19.0,19.0,15.0,3.0,2.0,19.0,71.0,3.0,10.0,31,60,5,8,18.0,11.0,3.0,1.0
2026-05-31,Sun,False,False,0,0,0,0,0,0,0,0,0,0,0,0,0,0,0,0,0,0,0,0,0,0,0,0,0,0.0,13.0,18.0,16.0,17.0,18.0,18.0,16.0,3.0,2.0,18.0,72.0,3.0,10.0,30,61,5,8,17.0,12.0,3.0,1.0
2026-06-01,Mon,True,False,0,0,0,0,0,1,1,0,0,1,1,0,0,0,0,0,0,0,1,1,0,0,1,1,1,2.0,12.0,17.0,17.0,16.0,17.0,17.0,17.0,2.0,3.0,17.0,73.0,2.0,11.0,29,62,4,9,16.0,13.0,2.0,2.0
2026-06-02,Tue,True,False,0,0,0,0,0,1,0,1,0,1,1,0,0,0,0,0,0,0,1,1,0,0,1,1,1,2.0,12.0,16.0,18.0,15.0,16.0,16.0,18.0,2.0,3.0,16.0,74.0,2.0,11.0,28,63,4,9,15.0,14.0,2.0,2.0
2026-06-03,Wed,True,False,0,0,0,0,0,1,1,0,0,1,1,0,0,0,0,0,1,0,1,1,0,0,1,1,2,2.5,12.0,15.0,19.0,14.0,15.0,15.0,19.0,2.0,3.0,15.0,75.0,2.0,11.0,27,64,4,9,14.0,15.0,2.0,2.0
2026-06-04,Thu,True,False,0,0,0,0,0,1,0,0,1,1,1,0,0,0,0,0,0,0,1,1,0,0,1,1,1,2.0,12.0,14.0,20.0,13.0,14.0,14.0,20.0,2.0,3.0,14.0,76.0,2.0,11.0,26,65,4,9,13.0,16.0,2.0,2.0
2026-06-05,Fri,True,False,0,0,1,0,0,1,1,0,0,1,1,0,0,0,0,0,0,0,1,1,0,0,1,1,2,3.0,11.5,13.0,21.0,12.0,13.0,13.0,21.0,2.0,3.0,13.0,77.0,2.0,11.0,25,66,4,9,12.0,17.0,2.0,2.0
2026-06-06,Sat,False,False,0,0,0,0,0,0,0,0,0,0,0,0,0,0,0,0,0,0,0,0,0,0,0,0,0,0.0,11.5,12.0,22.0,11.0,12.0,12.0,22.0,2.0,3.0,12.0,78.0,2.0,11.0,24,67,4,9,11.0,18.0,2.0,2.0
2026-06-07,Sun,False,False,0,0,0,0,0,0,0,0,0,0,0,0,0,0,0,0,0,0,0,0,0,0,0,0,0,0.0,11.5,11.0,23.0,10.0,11.0,11.0,23.0,2.0,3.0,11.0,79.0,2.0,11.0,23,68,4,9,10.0,19.0,2.0,2.0
2026-06-08,Mon,True,False,0,0,0,0,0,1,1,0,0,1,1,0,0,0,0,0,0,0,1,1,0,0,1,1,1,2.0,11.5,10.0,24.0,9.0,10.0,10.0,24.0,1.0,4.0,10.0,80.0,1.0,12.0,22,69,3,10,9.0,20.0,1.0,3.0
2026-06-09,Tue,True,False,0,0,0,0,0,1,0,1,0,1,1,0,0,0,0,0,0,0,1,1,0,0,1,1,1,2.0,11.5,9.0,25.0,8.0,9.0,9.0,25.0,1.0,4.0,9.0,81.0,1.0,12.0,21,70,3,10,8.0,21.0,1.0,3.0
2026-06-10,Wed,True,False,0,0,0,0,0,1,1,0,0,1,1,0,0,0,0,0,1,0,1,1,0,0,1,1,2,2.5,11.5,8.0,26.0,7.0,8.0,8.0,26.0,1.0,4.0,8.0,82.0,1.0,12.0,20,71,3,10,7.0,22.0,1.0,3.0
2026-06-11,Thu,True,False,0,0,0,0,0,1,0,0,1,1,1,0,0,0,0,0,0,0,1,1,0,0,1,1,1,2.0,11.5,7.0,27.0,6.0,7.0,7.0,27.0,1.0,4.0,7.0,83.0,1.0,12.0,19,72,3,10,6.0,23.0,1.0,3.0
2026-06-12,Fri,True,False,0,0,1,0,0,1,1,0,0,1,1,0,0,0,0,0,0,0,1,1,0,0,1,1,2,3.0,11.5,6.0,28.0,5.0,6.0,6.0,28.0,1.0,4.0,6.0,84.0,1.0,12.0,18,73,3,10,5.0,24.0,1.0,3.0
2026-06-13,Sat,False,False,0,0,0,0,0,0,0,0,0,0,0,0,0,0,0,0,0,0,0,0,0,0,0,0,0,0.0,11.5,5.0,29.0,4.0,5.0,5.0,29.0,1.0,4.0,5.0,85.0,1.0,12.0,17,74,3,10,4.0,25.0,1.0,3.0
2026-06-14,Sun,False,False,0,0,0,0,0,0,0,0,0,0,0,0,0,0,0,0,0,0,0,0,0,0,0,0,0,0.0,11.5,4.0,30.0,3.0,4.0,4.0,30.0,1.0,4.0,4.0,86.0,1.0,12.0,16,75,3,10,3.0,26.0,1.0,3.0
2026-06-15,Mon,True,False,0,0,0,0,0,1,1,0,0,1,1,0,0,0,0,0,0,0,1,1,0,0,1,1,1,2.0,11.5,3.0,31.0,2.0,3.0,3.0,31.0,0.0,0.0,3.0,87.0,0.0,0.0,15,76,2,11,2.0,27.0,0.0,0.0
2026-06-16,Tue,True,False,0,0,0,0,0,1,0,1,0,1,1,0,0,0,0,0,0,0,1,1,0,0,1,1,1,2.0,11.5,2.0,32.0,1.0,2.0,2.0,32.0,0.0,0.0,2.0,88.0,0.0,0.0,14,77,2,11,1.0,28.0,0.0,0.0
2026-06-17,Wed,True,False,0,0,0,0,0,1,1,0,0,1,1,0,0,0,0,1,0,0,1,1,0,0,1,1,2,3.5,12.5,1.0,33.0,0.0,1.0,1.0,33.0,0.0,0.0,1.0,89.0,0.0,0.0,13,78,2,11,0.0,0.0,0.0,0.0
2026-06-18,Thu,True,False,1,1,0,1,1,1,0,0,1,1,1,0,0,0,0,0,0,1,1,1,1,1,1,1,4,7.5,18.0,0.0,0.0,34.0,0.0,0.0,0.0,0.0,0.0,0.0,0.0,0.0,0.0,12,79,2,11,34.0,1.0,0.0,0.0
2026-06-19,Fri,False,True,0,0,0,0,0,0,0,0,0,0,0,0,0,0,0,0,0,0,0,0,0,0,0,0,0,0.0,18.0,28.0,1.0,33.0,28.0,28.0,1.0,0.0,0.0,91.0,1.0,0.0,0.0,11,80,2,11,33.0,2.0,0.0,0.0
2026-06-20,Sat,False,False,0,0,0,0,0,0,0,0,0,0,0,0,0,0,0,0,0,0,0,0,0,0,0,0,0,0.0,18.0,27.0,2.0,32.0,27.0,27.0,2.0,0.0,0.0,90.0,2.0,0.0,0.0,10,81,2,11,32.0,3.0,0.0,0.0
2026-06-21,Sun,False,False,0,0,0,0,0,0,0,0,0,0,0,0,0,0,0,0,0,0,0,0,0,0,0,0,0,0.0,18.0,26.0,3.0,31.0,26.0,26.0,3.0,0.0,0.0,89.0,3.0,0.0,0.0,9,82,2,11,31.0,4.0,0.0,0.0
2026-06-22,Mon,True,False,0,0,0,0,0,1,1,0,0,1,1,0,0,0,0,0,0,0,1,1,0,0,1,1,1,2.0,17.0,25.0,4.0,30.0,25.0,25.0,4.0,3.0,1.0,88.0,4.0,12.0,1.0,8,83,1,12,30.0,5.0,4.0,1.0
2026-06-23,Tue,True,False,0,0,0,0,0,1,0,1,0,1,1,0,0,0,0,0,0,0,1,1,0,0,1,1,1,2.0,17.0,24.0,5.0,29.0,24.0,24.0,5.0,3.0,1.0,87.0,5.0,12.0,1.0,7,84,1,12,29.0,6.0,4.0,1.0
2026-06-24,Wed,True,False,0,0,0,0,0,1,1,0,0,1,1,0,0,0,0,0,1,0,1,1,0,0,1,1,2,2.5,17.5,23.0,6.0,28.0,23.0,23.0,6.0,3.0,1.0,86.0,6.0,12.0,1.0,6,85,1,12,28.0,7.0,4.0,1.0
2026-06-25,Thu,True,False,0,0,0,0,0,1,0,0,1,1,1,0,0,0,0,0,0,0,1,1,0,0,1,1,1,2.0,16.0,22.0,7.0,27.0,22.0,22.0,7.0,3.0,1.0,85.0,7.0,12.0,1.0,5,86,1,12,27.0,8.0,4.0,1.0
2026-06-26,Fri,True,False,0,0,1,0,0,1,1,0,0,1,1,0,0,0,0,0,0,0,1,1,0,0,1,1,2,3.0,11.5,21.0,8.0,26.0,21.0,21.0,8.0,3.0,1.0,84.0,8.0,12.0,1.0,4,87,1,12,26.0,9.0,4.0,1.0
2026-06-27,Sat,False,False,0,0,0,0,0,0,0,0,0,0,0,0,0,0,0,0,0,0,0,0,0,0,0,0,0,0.0,11.5,20.0,9.0,25.0,20.0,20.0,9.0,3.0,1.0,83.0,9.0,12.0,1.0,3,88,1,12,25.0,10.0,4.0,1.0
2026-06-28,Sun,False,False,0,0,0,0,0,0,0,0,0,0,0,0,0,0,0,0,0,0,0,0,0,0,0,0,0,0.0,11.5,19.0,10.0,24.0,19.0,19.0,10.0,3.0,1.0,82.0,10.0,12.0,1.0,2,89,1,12,24.0,11.0,4.0,1.0
2026-06-29,Mon,True,False,0,0,0,0,0,1,1,0,0,1,1,0,0,0,0,0,0,0,1,1,0,0,1,1,1,2.0,11.5,18.0,11.0,23.0,18.0,18.0,11.0,2.0,2.0,81.0,11.0,11.0,2.0,1,90,0,0,23.0,12.0,3.0,2.0
2026-06-30,Tue,True,False,0,0,0,0,0,0,0,0,0,0,0,1,1,1,1,0,0,0,1,1,0,0,0,1,2,4.5,14.0,17.0,12.0,22.0,17.0,17.0,12.0,2.0,2.0,80.0,12.0,11.0,2.0,0,0,0,0,22.0,13.0,3.0,2.0
2026-07-01,Wed,True,False,0,0,0,0,0,1,1,0,0,1,1,0,0,0,0,0,1,0,1,1,0,0,1,1,2,2.5,14.0,16.0,13.0,21.0,16.0,16.0,13.0,2.0,2.0,79.0,13.0,11.0,2.0,91,1,0,0,21.0,14.0,3.0,2.0
2026-07-02,Thu,True,False,0,0,0,0,0,1,0,0,1,1,1,0,0,0,0,0,0,0,1,1,0,0,1,1,1,2.0,14.0,15.0,14.0,20.0,15.0,15.0,14.0,2.0,2.0,78.0,14.0,11.0,2.0,90,2,0,0,20.0,15.0,3.0,2.0
2026-07-03,Fri,False,True,0,0,0,0,0,0,0,0,0,0,0,0,0,0,0,0,0,0,0,0,0,0,0,0,0,0.0,14.0,14.0,15.0,19.0,14.0,14.0,15.0,2.0,2.0,77.0,15.0,11.0,2.0,89,3,0,0,19.0,16.0,3.0,2.0
2026-07-04,Sat,False,False,0,0,0,0,0,0,0,0,0,0,0,0,0,0,0,0,0,0,0,0,0,0,0,0,0,0.0,14.0,13.0,16.0,18.0,13.0,13.0,16.0,2.0,2.0,76.0,16.0,11.0,2.0,88,4,0,0,18.0,17.0,3.0,2.0
2026-07-05,Sun,False,False,0,0,0,0,0,0,0,0,0,0,0,0,0,0,0,0,0,0,0,0,0,0,0,0,0,0.0,14.0,12.0,17.0,17.0,12.0,12.0,17.0,2.0,2.0,75.0,17.0,11.0,2.0,87,5,0,0,17.0,18.0,3.0,2.0
2026-07-06,Mon,True,False,0,0,0,0,0,1,1,0,0,1,1,0,0,0,0,0,0,0,1,1,0,0,1,1,1,2.0,13.0,11.0,18.0,16.0,11.0,11.0,18.0,1.0,3.0,74.0,18.0,10.0,3.0,86,6,12,1,16.0,19.0,2.0,3.0
2026-07-07,Tue,True,False,0,0,0,0,0,1,0,1,0,1,1,0,0,0,0,0,0,0,1,1,0,0,1,1,1,2.0,13.0,10.0,19.0,15.0,10.0,10.0,19.0,1.0,3.0,73.0,19.0,10.0,3.0,85,7,12,1,15.0,20.0,2.0,3.0
2026-07-08,Wed,True,False,0,0,0,0,0,1,1,0,0,1,1,0,0,0,0,0,1,0,1,1,0,0,1,1,2,2.5,11.0,9.0,20.0,14.0,9.0,9.0,20.0,1.0,3.0,72.0,20.0,10.0,3.0,84,8,12,1,14.0,21.0,2.0,3.0
2026-07-09,Thu,True,False,0,0,0,0,0,1,0,0,1,1,1,0,0,0,0,0,0,0,1,1,0,0,1,1,1,2.0,10.5,8.0,21.0,13.0,8.0,8.0,21.0,1.0,3.0,71.0,21.0,10.0,3.0,83,9,12,1,13.0,22.0,2.0,3.0
2026-07-10,Fri,True,False,0,0,1,0,0,1,1,0,0,1,1,0,0,0,0,0,0,0,1,1,0,0,1,1,2,3.0,11.5,7.0,22.0,12.0,7.0,7.0,22.0,1.0,3.0,70.0,22.0,10.0,3.0,82,10,12,1,12.0,23.0,2.0,3.0
2026-07-11,Sat,False,False,0,0,0,0,0,0,0,0,0,0,0,0,0,0,0,0,0,0,0,0,0,0,0,0,0,0.0,11.5,6.0,23.0,11.0,6.0,6.0,23.0,1.0,3.0,69.0,23.0,10.0,3.0,81,11,12,1,11.0,24.0,2.0,3.0
2026-07-12,Sun,False,False,0,0,0,0,0,0,0,0,0,0,0,0,0,0,0,0,0,0,0,0,0,0,0,0,0,0.0,11.5,5.0,24.0,10.0,5.0,5.0,24.0,1.0,3.0,68.0,24.0,10.0,3.0,80,12,12,1,10.0,25.0,2.0,3.0
2026-07-13,Mon,True,False,0,0,0,0,0,1,1,0,0,1,1,0,0,0,0,0,0,0,1,1,0,0,1,1,1,2.0,11.5,4.0,25.0,9.0,4.0,4.0,25.0,0.0,0.0,67.0,25.0,9.0,4.0,79,13,11,2,9.0,26.0,1.0,4.0
2026-07-14,Tue,True,False,0,0,0,0,0,1,0,1,0,1,1,0,0,0,0,0,0,0,1,1,0,0,1,1,1,2.0,11.5,3.0,26.0,8.0,3.0,3.0,26.0,0.0,0.0,66.0,26.0,9.0,4.0,78,14,11,2,8.0,27.0,1.0,4.0
2026-07-15,Wed,True,False,0,0,0,0,0,1,1,0,0,1,1,0,0,0,0,0,1,0,1,1,0,0,1,1,2,2.5,11.5,2.0,27.0,7.0,2.0,2.0,27.0,0.0,0.0,65.0,27.0,9.0,4.0,77,15,11,2,7.0,28.0,1.0,4.0
2026-07-16,Thu,True,False,0,0,0,0,0,1,0,0,1,1,1,0,0,0,0,0,0,0,1,1,0,0,1,1,1,2.0,11.5,1.0,28.0,6.0,1.0,1.0,28.0,0.0,0.0,64.0,28.0,9.0,4.0,76,16,11,2,6.0,29.0,1.0,4.0
2026-07-17,Fri,True,False,1,1,0,1,1,1,1,0,0,1,1,0,0,0,0,0,0,0,1,1,1,1,1,1,3,7.0,15.5,0.0,0.0,5.0,0.0,0.0,0.0,0.0,0.0,63.0,29.0,9.0,4.0,75,17,11,2,5.0,30.0,1.0,4.0
2026-07-18,Sat,False,False,0,0,0,0,0,0,0,0,0,0,0,0,0,0,0,0,0,0,0,0,0,0,0,0,0,0.0,15.5,34.0,1.0,4.0,34.0,34.0,1.0,0.0,0.0,62.0,30.0,9.0,4.0,74,18,11,2,4.0,31.0,1.0,4.0
2026-07-19,Sun,False,False,0,0,0,0,0,0,0,0,0,0,0,0,0,0,0,0,0,0,0,0,0,0,0,0,0,0.0,15.5,33.0,2.0,3.0,33.0,33.0,2.0,0.0,0.0,61.0,31.0,9.0,4.0,73,19,11,2,3.0,32.0,1.0,4.0
2026-07-20,Mon,True,False,0,0,0,0,0,1,1,0,0,1,1,0,0,0,0,0,0,0,1,1,0,0,1,1,1,2.0,15.5,32.0,3.0,2.0,32.0,32.0,3.0,4.0,1.0,60.0,32.0,8.0,5.0,72,20,10,3,2.0,33.0,0.0,0.0
2026-07-21,Tue,True,False,0,0,0,0,0,1,0,1,0,1,1,0,0,0,0,0,0,0,1,1,0,0,1,1,1,2.0,15.5,31.0,4.0,1.0,31.0,31.0,4.0,4.0,1.0,59.0,33.0,8.0,5.0,71,21,10,3,1.0,34.0,0.0,0.0
2026-07-22,Wed,True,False,0,0,0,0,0,1,1,0,0,1,1,0,0,0,0,1,0,0,1,1,0,0,1,1,2,3.5,16.5,30.0,5.0,0.0,30.0,30.0,5.0,4.0,1.0,58.0,34.0,8.0,5.0,70,22,10,3,0.0,0.0,0.0,0.0
2026-07-23,Thu,True,False,0,0,0,0,0,1,0,0,1,1,1,0,0,0,0,0,0,0,1,1,0,0,1,1,1,2.0,16.5,29.0,6.0,27.0,29.0,29.0,6.0,4.0,1.0,57.0,35.0,8.0,5.0,69,23,10,3,27.0,1.0,0.0,0.0
2026-07-24,Fri,True,False,0,0,1,0,0,1,1,0,0,1,1,0,0,0,0,0,0,0,1,1,0,0,1,1,2,3.0,12.5,28.0,7.0,26.0,28.0,28.0,7.0,4.0,1.0,56.0,36.0,8.0,5.0,68,24,10,3,26.0,2.0,0.0,0.0
2026-07-25,Sat,False,False,0,0,0,0,0,0,0,0,0,0,0,0,0,0,0,0,0,0,0,0,0,0,0,0,0,0.0,12.5,27.0,8.0,25.0,27.0,27.0,8.0,4.0,1.0,55.0,37.0,8.0,5.0,67,25,10,3,25.0,3.0,0.0,0.0
2026-07-26,Sun,False,False,0,0,0,0,0,0,0,0,0,0,0,0,0,0,0,0,0,0,0,0,0,0,0,0,0,0.0,12.5,26.0,9.0,24.0,26.0,26.0,9.0,4.0,1.0,54.0,38.0,8.0,5.0,66,26,10,3,24.0,4.0,0.0,0.0
2026-07-27,Mon,True,False,0,0,0,0,0,1,1,0,0,1,1,0,0,0,0,0,0,0,1,1,0,0,1,1,1,2.0,12.5,25.0,10.0,23.0,25.0,25.0,10.0,3.0,2.0,53.0,39.0,7.0,6.0,65,27,9,4,23.0,5.0,3.0,1.0
2026-07-28,Tue,True,False,0,0,0,0,0,1,0,1,0,1,1,0,0,0,0,0,0,0,1,1,0,0,1,1,1,2.0,12.5,24.0,11.0,22.0,24.0,24.0,11.0,3.0,2.0,52.0,40.0,7.0,6.0,64,28,9,4,22.0,6.0,3.0,1.0
2026-07-29,Wed,True,False,0,0,0,0,0,1,1,0,0,1,1,0,0,0,0,0,1,0,1,1,0,0,1,1,2,2.5,11.5,23.0,12.0,21.0,23.0,23.0,12.0,3.0,2.0,51.0,41.0,7.0,6.0,63,29,9,4,21.0,7.0,3.0,1.0
2026-07-30,Thu,True,False,0,0,0,0,0,1,0,0,1,1,1,0,0,0,0,0,0,0,1,1,0,0,1,1,1,2.0,11.5,22.0,13.0,20.0,22.0,22.0,13.0,3.0,2.0,50.0,42.0,7.0,6.0,62,30,9,4,20.0,8.0,3.0,1.0
2026-07-31,Fri,True,False,0,0,1,0,0,0,0,0,0,0,0,1,1,0,0,0,0,0,1,1,0,0,0,1,2,3.0,11.5,21.0,14.0,19.0,21.0,21.0,14.0,3.0,2.0,49.0,43.0,7.0,6.0,61,31,9,4,19.0,9.0,3.0,1.0
2026-08-01,Sat,False,False,0,0,0,0,0,0,0,0,0,0,0,0,0,0,0,0,0,0,0,0,0,0,0,0,0,0.0,11.5,20.0,15.0,18.0,20.0,20.0,15.0,3.0,2.0,48.0,44.0,7.0,6.0,60,32,9,4,18.0,10.0,3.0,1.0
2026-08-02,Sun,False,False,0,0,0,0,0,0,0,0,0,0,0,0,0,0,0,0,0,0,0,0,0,0,0,0,0,0.0,11.5,19.0,16.0,17.0,19.0,19.0,16.0,3.0,2.0,47.0,45.0,7.0,6.0,59,33,9,4,17.0,11.0,3.0,1.0
2026-08-03,Mon,True,False,0,0,0,0,0,1,1,0,0,1,1,0,0,0,0,0,0,0,1,1,0,0,1,1,1,2.0,11.5,18.0,17.0,16.0,18.0,18.0,17.0,2.0,3.0,46.0,46.0,6.0,7.0,58,34,8,5,16.0,12.0,2.0,2.0
2026-08-04,Tue,True,False,0,0,0,0,0,1,0,1,0,1,1,0,0,0,0,0,0,0,1,1,0,0,1,1,1,2.0,11.5,17.0,18.0,15.0,17.0,17.0,18.0,2.0,3.0,45.0,47.0,6.0,7.0,57,35,8,5,15.0,13.0,2.0,2.0
2026-08-05,Wed,True,False,0,0,0,0,0,1,1,0,0,1,1,0,0,0,0,0,1,0,1,1,0,0,1,1,2,2.5,11.5,16.0,19.0,14.0,16.0,16.0,19.0,2.0,3.0,44.0,48.0,6.0,7.0,56,36,8,5,14.0,14.0,2.0,2.0
2026-08-06,Thu,True,False,0,0,0,0,0,1,0,0,1,1,1,0,0,0,0,0,0,0,1,1,0,0,1,1,1,2.0,11.5,15.0,20.0,13.0,15.0,15.0,20.0,2.0,3.0,43.0,49.0,6.0,7.0,55,37,8,5,13.0,15.0,2.0,2.0
2026-08-07,Fri,True,False,0,0,1,0,0,1,1,0,0,1,1,0,0,0,0,0,0,0,1,1,0,0,1,1,2,3.0,11.5,14.0,21.0,12.0,14.0,14.0,21.0,2.0,3.0,42.0,50.0,6.0,7.0,54,38,8,5,12.0,16.0,2.0,2.0
2026-08-08,Sat,False,False,0,0,0,0,0,0,0,0,0,0,0,0,0,0,0,0,0,0,0,0,0,0,0,0,0,0.0,11.5,13.0,22.0,11.0,13.0,13.0,22.0,2.0,3.0,41.0,51.0,6.0,7.0,53,39,8,5,11.0,17.0,2.0,2.0
2026-08-09,Sun,False,False,0,0,0,0,0,0,0,0,0,0,0,0,0,0,0,0,0,0,0,0,0,0,0,0,0,0.0,11.5,12.0,23.0,10.0,12.0,12.0,23.0,2.0,3.0,40.0,52.0,6.0,7.0,52,40,8,5,10.0,18.0,2.0,2.0
2026-08-10,Mon,True,False,0,0,0,0,0,1,1,0,0,1,1,0,0,0,0,0,0,0,1,1,0,0,1,1,1,2.0,11.5,11.0,24.0,9.0,11.0,11.0,24.0,1.0,4.0,39.0,53.0,5.0,8.0,51,41,7,6,9.0,19.0,1.0,3.0
2026-08-11,Tue,True,False,0,0,0,0,0,1,0,1,0,1,1,0,0,0,0,0,0,0,1,1,0,0,1,1,1,2.0,11.5,10.0,25.0,8.0,10.0,10.0,25.0,1.0,4.0,38.0,54.0,5.0,8.0,50,42,7,6,8.0,20.0,1.0,3.0
2026-08-12,Wed,True,False,0,0,0,0,0,1,1,0,0,1,1,0,0,0,0,0,1,0,1,1,0,0,1,1,2,2.5,11.5,9.0,26.0,7.0,9.0,9.0,26.0,1.0,4.0,37.0,55.0,5.0,8.0,49,43,7,6,7.0,21.0,1.0,3.0
2026-08-13,Thu,True,False,0,0,0,0,0,1,0,0,1,1,1,0,0,0,0,0,0,0,1,1,0,0,1,1,1,2.0,11.5,8.0,27.0,6.0,8.0,8.0,27.0,1.0,4.0,36.0,56.0,5.0,8.0,48,44,7,6,6.0,22.0,1.0,3.0
2026-08-14,Fri,True,False,0,0,1,0,0,1,1,0,0,1,1,0,0,0,0,0,0,0,1,1,0,0,1,1,2,3.0,11.5,7.0,28.0,5.0,7.0,7.0,28.0,1.0,4.0,35.0,57.0,5.0,8.0,47,45,7,6,5.0,23.0,1.0,3.0
2026-08-15,Sat,False,False,0,0,0,0,0,0,0,0,0,0,0,0,0,0,0,0,0,0,0,0,0,0,0,0,0,0.0,11.5,6.0,29.0,4.0,6.0,6.0,29.0,1.0,4.0,34.0,58.0,5.0,8.0,46,46,7,6,4.0,24.0,1.0,3.0
2026-08-16,Sun,False,False,0,0,0,0,0,0,0,0,0,0,0,0,0,0,0,0,0,0,0,0,0,0,0,0,0,0.0,11.5,5.0,30.0,3.0,5.0,5.0,30.0,1.0,4.0,33.0,59.0,5.0,8.0,45,47,7,6,3.0,25.0,1.0,3.0
2026-08-17,Mon,True,False,0,0,0,0,0,1,1,0,0,1,1,0,0,0,0,0,0,0,1,1,0,0,1,1,1,2.0,11.5,4.0,31.0,2.0,4.0,4.0,31.0,0.0,0.0,32.0,60.0,4.0,9.0,44,48,6,7,2.0,26.0,0.0,0.0
2026-08-18,Tue,True,False,0,0,0,0,0,1,0,1,0,1,1,0,0,0,0,0,0,0,1,1,0,0,1,1,1,2.0,11.5,3.0,32.0,1.0,3.0,3.0,32.0,0.0,0.0,31.0,61.0,4.0,9.0,43,49,6,7,1.0,27.0,0.0,0.0
2026-08-19,Wed,True,False,0,0,0,0,0,1,1,0,0,1,1,0,0,0,0,1,0,0,1,1,0,0,1,1,2,3.5,12.5,2.0,33.0,0.0,2.0,2.0,33.0,0.0,0.0,30.0,62.0,4.0,9.0,42,50,6,7,0.0,0.0,0.0,0.0
2026-08-20,Thu,True,False,0,0,0,0,0,1,0,0,1,1,1,0,0,0,0,0,0,0,1,1,0,0,1,1,1,2.0,12.5,1.0,34.0,27.0,1.0,1.0,34.0,0.0,0.0,29.0,63.0,4.0,9.0,41,51,6,7,27.0,1.0,0.0,0.0
2026-08-21,Fri,True,False,1,1,0,1,1,1,1,0,0,1,1,0,0,0,0,0,0,0,1,1,1,1,1,1,3,7.0,16.5,0.0,0.0,26.0,0.0,0.0,0.0,0.0,0.0,28.0,64.0,4.0,9.0,40,52,6,7,26.0,2.0,0.0,0.0
2026-08-22,Sat,False,False,0,0,0,0,0,0,0,0,0,0,0,0,0,0,0,0,0,0,0,0,0,0,0,0,0,0.0,16.5,27.0,1.0,25.0,27.0,27.0,1.0,0.0,0.0,27.0,65.0,4.0,9.0,39,53,6,7,25.0,3.0,0.0,0.0
2026-08-23,Sun,False,False,0,0,0,0,0,0,0,0,0,0,0,0,0,0,0,0,0,0,0,0,0,0,0,0,0,0.0,16.5,26.0,2.0,24.0,26.0,26.0,2.0,0.0,0.0,26.0,66.0,4.0,9.0,38,54,6,7,24.0,4.0,0.0,0.0
2026-08-24,Mon,True,False,0,0,0,0,0,1,1,0,0,1,1,0,0,0,0,0,0,0,1,1,0,0,1,1,1,2.0,16.5,25.0,3.0,23.0,25.0,25.0,3.0,3.0,1.0,25.0,67.0,3.0,10.0,37,55,5,8,23.0,5.0,3.0,1.0
2026-08-25,Tue,True,False,0,0,0,0,0,1,0,1,0,1,1,0,0,0,0,0,0,0,1,1,0,0,1,1,1,2.0,16.5,24.0,4.0,22.0,24.0,24.0,4.0,3.0,1.0,24.0,68.0,3.0,10.0,36,56,5,8,22.0,6.0,3.0,1.0
2026-08-26,Wed,True,False,0,0,0,0,0,1,1,0,0,1,1,0,0,0,0,0,1,0,1,1,0,0,1,1,2,2.5,15.5,23.0,5.0,21.0,23.0,23.0,5.0,3.0,1.0,23.0,69.0,3.0,10.0,35,57,5,8,21.0,7.0,3.0,1.0
2026-08-27,Thu,True,False,0,0,0,0,0,1,0,0,1,1,1,0,0,0,0,0,0,0,1,1,0,0,1,1,1,2.0,15.5,22.0,6.0,20.0,22.0,22.0,6.0,3.0,1.0,22.0,70.0,3.0,10.0,34,58,5,8,20.0,8.0,3.0,1.0
2026-08-28,Fri,True,False,0,0,1,0,0,1,1,0,0,1,1,0,0,0,0,0,0,0,1,1,0,0,1,1,2,3.0,11.5,21.0,7.0,19.0,21.0,21.0,7.0,3.0,1.0,21.0,71.0,3.0,10.0,33,59,5,8,19.0,9.0,3.0,1.0
2026-08-29,Sat,False,False,0,0,0,0,0,0,0,0,0,0,0,0,0,0,0,0,0,0,0,0,0,0,0,0,0,0.0,11.5,20.0,8.0,18.0,20.0,20.0,8.0,3.0,1.0,20.0,72.0,3.0,10.0,32,60,5,8,18.0,10.0,3.0,1.0
2026-08-30,Sun,False,False,0,0,0,0,0,0,0,0,0,0,0,0,0,0,0,0,0,0,0,0,0,0,0,0,0,0.0,11.5,19.0,9.0,17.0,19.0,19.0,9.0,3.0,1.0,19.0,73.0,3.0,10.0,31,61,5,8,17.0,11.0,3.0,1.0
2026-08-31,Mon,True,False,0,0,0,0,0,0,0,0,0,0,0,1,1,0,0,0,0,0,1,1,0,0,0,1,1,2.0,11.5,18.0,10.0,16.0,18.0,18.0,10.0,2.0,2.0,18.0,74.0,2.0,11.0,30,62,4,9,16.0,12.0,2.0,2.0
2026-09-01,Tue,True,False,0,0,0,0,0,1,0,1,0,1,1,0,0,0,0,0,0,0,1,1,0,0,1,1,1,2.0,11.5,17.0,11.0,15.0,17.0,17.0,11.0,2.0,2.0,17.0,75.0,2.0,11.0,29,63,4,9,15.0,13.0,2.0,2.0
2026-09-02,Wed,True,False,0,0,0,0,0,1,1,0,0,1,1,0,0,0,0,0,1,0,1,1,0,0,1,1,2,2.5,11.5,16.0,12.0,14.0,16.0,16.0,12.0,2.0,2.0,16.0,76.0,2.0,11.0,28,64,4,9,14.0,14.0,2.0,2.0
2026-09-03,Thu,True,False,0,0,0,0,0,1,0,0,1,1,1,0,0,0,0,0,0,0,1,1,0,0,1,1,1,2.0,11.5,15.0,13.0,13.0,15.0,15.0,13.0,2.0,2.0,15.0,77.0,2.0,11.0,27,65,4,9,13.0,15.0,2.0,2.0
2026-09-04,Fri,True,False,0,0,1,0,0,1,1,0,0,1,1,0,0,0,0,0,0,0,1,1,0,0,1,1,2,3.0,11.5,14.0,14.0,12.0,14.0,14.0,14.0,2.0,2.0,14.0,78.0,2.0,11.0,26,66,4,9,12.0,16.0,2.0,2.0
2026-09-05,Sat,False,False,0,0,0,0,0,0,0,0,0,0,0,0,0,0,0,0,0,0,0,0,0,0,0,0,0,0.0,11.5,13.0,15.0,11.0,13.0,13.0,15.0,2.0,2.0,13.0,79.0,2.0,11.0,25,67,4,9,11.0,17.0,2.0,2.0
2026-09-06,Sun,False,False,0,0,0,0,0,0,0,0,0,0,0,0,0,0,0,0,0,0,0,0,0,0,0,0,0,0.0,11.5,12.0,16.0,10.0,12.0,12.0,16.0,2.0,2.0,12.0,80.0,2.0,11.0,24,68,4,9,10.0,18.0,2.0,2.0
2026-09-07,Mon,False,True,0,0,0,0,0,0,0,0,0,0,0,0,0,0,0,0,0,0,0,0,0,0,0,0,0,0.0,11.5,11.0,17.0,9.0,11.0,11.0,17.0,1.0,3.0,11.0,81.0,1.0,12.0,23,69,3,10,9.0,19.0,1.0,3.0
2026-09-08,Tue,True,False,0,0,0,0,0,1,0,1,0,1,1,0,0,0,0,0,0,0,1,1,0,0,1,1,1,2.0,11.5,10.0,18.0,8.0,10.0,10.0,18.0,1.0,3.0,10.0,82.0,1.0,12.0,22,70,3,10,8.0,20.0,1.0,3.0
2026-09-09,Wed,True,False,0,0,0,0,0,1,1,0,0,1,1,0,0,0,0,0,1,0,1,1,0,0,1,1,2,2.5,12.0,9.0,19.0,7.0,9.0,9.0,19.0,1.0,3.0,9.0,83.0,1.0,12.0,21,71,3,10,7.0,21.0,1.0,3.0
2026-09-10,Thu,True,False,0,0,0,0,0,1,0,0,1,1,1,0,0,0,0,0,0,0,1,1,0,0,1,1,1,2.0,11.5,8.0,20.0,6.0,8.0,8.0,20.0,1.0,3.0,8.0,84.0,1.0,12.0,20,72,3,10,6.0,22.0,1.0,3.0
2026-09-11,Fri,True,False,0,0,1,0,0,1,1,0,0,1,1,0,0,0,0,0,0,0,1,1,0,0,1,1,2,3.0,12.5,7.0,21.0,5.0,7.0,7.0,21.0,1.0,3.0,7.0,85.0,1.0,12.0,19,73,3,10,5.0,23.0,1.0,3.0
2026-09-12,Sat,False,False,0,0,0,0,0,0,0,0,0,0,0,0,0,0,0,0,0,0,0,0,0,0,0,0,0,0.0,12.5,6.0,22.0,4.0,6.0,6.0,22.0,1.0,3.0,6.0,86.0,1.0,12.0,18,74,3,10,4.0,24.0,1.0,3.0
2026-09-13,Sun,False,False,0,0,0,0,0,0,0,0,0,0,0,0,0,0,0,0,0,0,0,0,0,0,0,0,0,0.0,12.5,5.0,23.0,3.0,5.0,5.0,23.0,1.0,3.0,5.0,87.0,1.0,12.0,17,75,3,10,3.0,25.0,1.0,3.0
2026-09-14,Mon,True,False,0,0,0,0,0,1,1,0,0,1,1,0,0,0,0,0,0,0,1,1,0,0,1,1,1,2.0,11.5,4.0,24.0,2.0,4.0,4.0,24.0,0.0,0.0,4.0,88.0,0.0,0.0,16,76,2,11,2.0,26.0,0.0,0.0
2026-09-15,Tue,True,False,0,0,0,0,0,1,0,1,0,1,1,0,0,0,0,0,0,0,1,1,0,0,1,1,1,2.0,11.5,3.0,25.0,1.0,3.0,3.0,25.0,0.0,0.0,3.0,89.0,0.0,0.0,15,77,2,11,1.0,27.0,0.0,0.0
2026-09-16,Wed,True,False,0,0,0,0,0,1,1,0,0,1,1,0,0,0,0,1,0,0,1,1,0,0,1,1,2,3.5,12.5,2.0,26.0,0.0,2.0,2.0,26.0,0.0,0.0,2.0,90.0,0.0,0.0,14,78,2,11,0.0,0.0,0.0,0.0
2026-09-17,Thu,True,False,0,0,0,0,0,1,0,0,1,1,1,0,0,0,0,0,0,0,1,1,0,0,1,1,1,2.0,12.5,1.0,27.0,34.0,1.0,1.0,27.0,0.0,0.0,1.0,91.0,0.0,0.0,13,79,2,11,34.0,1.0,0.0,0.0
2026-09-18,Fri,True,False,1,1,0,1,1,1,1,0,0,1,1,0,0,0,0,0,0,0,1,1,1,1,1,1,3,7.0,16.5,0.0,0.0,33.0,0.0,0.0,0.0,0.0,0.0,0.0,0.0,0.0,0.0,12,80,2,11,33.0,2.0,0.0,0.0
2026-09-19,Sat,False,False,0,0,0,0,0,0,0,0,0,0,0,0,0,0,0,0,0,0,0,0,0,0,0,0,0,0.0,16.5,27.0,1.0,32.0,27.0,27.0,1.0,0.0,0.0,90.0,1.0,0.0,0.0,11,81,2,11,32.0,3.0,0.0,0.0
2026-09-20,Sun,False,False,0,0,0,0,0,0,0,0,0,0,0,0,0,0,0,0,0,0,0,0,0,0,0,0,0,0.0,16.5,26.0,2.0,31.0,26.0,26.0,2.0,0.0,0.0,89.0,2.0,0.0,0.0,10,82,2,11,31.0,4.0,0.0,0.0
2026-09-21,Mon,True,False,0,0,0,0,0,1,1,0,0,1,1,0,0,0,0,0,0,0,1,1,0,0,1,1,1,2.0,16.5,25.0,3.0,30.0,25.0,25.0,3.0,3.0,1.0,88.0,3.0,12.0,1.0,9,83,1,12,30.0,5.0,4.0,1.0
2026-09-22,Tue,True,False,0,0,0,0,0,1,0,1,0,1,1,0,0,0,0,0,0,0,1,1,0,0,1,1,1,2.0,16.5,24.0,4.0,29.0,24.0,24.0,4.0,3.0,1.0,87.0,4.0,12.0,1.0,8,84,1,12,29.0,6.0,4.0,1.0
2026-09-23,Wed,True,False,0,0,0,0,0,1,1,0,0,1,1,0,0,0,0,0,1,0,1,1,0,0,1,1,2,2.5,15.5,23.0,5.0,28.0,23.0,23.0,5.0,3.0,1.0,86.0,5.0,12.0,1.0,7,85,1,12,28.0,7.0,4.0,1.0
2026-09-24,Thu,True,False,0,0,0,0,0,1,0,0,1,1,1,0,0,0,0,0,0,0,1,1,0,0,1,1,1,2.0,15.5,22.0,6.0,27.0,22.0,22.0,6.0,3.0,1.0,85.0,6.0,12.0,1.0,6,86,1,12,27.0,8.0,4.0,1.0
2026-09-25,Fri,True,False,0,0,1,0,0,1,1,0,0,1,1,0,0,0,0,0,0,0,1,1,0,0,1,1,2,3.0,11.5,21.0,7.0,26.0,21.0,21.0,7.0,3.0,1.0,84.0,7.0,12.0,1.0,5,87,1,12,26.0,9.0,4.0,1.0
2026-09-26,Sat,False,False,0,0,0,0,0,0,0,0,0,0,0,0,0,0,0,0,0,0,0,0,0,0,0,0,0,0.0,11.5,20.0,8.0,25.0,20.0,20.0,8.0,3.0,1.0,83.0,8.0,12.0,1.0,4,88,1,12,25.0,10.0,4.0,1.0
2026-09-27,Sun,False,False,0,0,0,0,0,0,0,0,0,0,0,0,0,0,0,0,0,0,0,0,0,0,0,0,0,0.0,11.5,19.0,9.0,24.0,19.0,19.0,9.0,3.0,1.0,82.0,9.0,12.0,1.0,3,89,1,12,24.0,11.0,4.0,1.0
2026-09-28,Mon,True,False,0,0,0,0,0,1,1,0,0,1,1,0,0,0,0,0,0,0,1,1,0,0,1,1,1,2.0,11.5,18.0,10.0,23.0,18.0,18.0,10.0,2.0,2.0,81.0,10.0,11.0,2.0,2,90,0,0,23.0,12.0,3.0,2.0
2026-09-29,Tue,True,False,0,0,0,0,0,1,0,1,0,1,1,0,0,0,0,0,0,0,1,1,0,0,1,1,1,2.0,11.5,17.0,11.0,22.0,17.0,17.0,11.0,2.0,2.0,80.0,11.0,11.0,2.0,1,91,0,0,22.0,13.0,3.0,2.0
2026-09-30,Wed,True,False,0,0,0,0,0,0,0,0,0,0,0,1,1,1,1,0,1,0,1,1,0,0,0,1,3,5.0,14.0,16.0,12.0,21.0,16.0,16.0,12.0,2.0,2.0,79.0,12.0,11.0,2.0,0,0,0,0,21.0,14.0,3.0,2.0
2026-10-01,Thu,True,False,0,0,0,0,0,1,0,0,1,1,1,0,0,0,0,0,0,0,1,1,0,0,1,1,1,2.0,14.0,15.0,13.0,20.0,15.0,15.0,13.0,2.0,2.0,78.0,13.0,11.0,2.0,91,1,0,0,20.0,15.0,3.0,2.0
2026-10-02,Fri,True,False,0,0,1,0,0,1,1,0,0,1,1,0,0,0,0,0,0,0,1,1,0,0,1,1,2,3.0,14.0,14.0,14.0,19.0,14.0,14.0,14.0,2.0,2.0,77.0,14.0,11.0,2.0,90,2,0,0,19.0,16.0,3.0,2.0
2026-10-03,Sat,False,False,0,0,0,0,0,0,0,0,0,0,0,0,0,0,0,0,0,0,0,0,0,0,0,0,0,0.0,14.0,13.0,15.0,18.0,13.0,13.0,15.0,2.0,2.0,76.0,15.0,11.0,2.0,89,3,0,0,18.0,17.0,3.0,2.0
2026-10-04,Sun,False,False,0,0,0,0,0,0,0,0,0,0,0,0,0,0,0,0,0,0,0,0,0,0,0,0,0,0.0,14.0,12.0,16.0,17.0,12.0,12.0,16.0,2.0,2.0,75.0,16.0,11.0,2.0,88,4,0,0,17.0,18.0,3.0,2.0
2026-10-05,Mon,True,False,0,0,0,0,0,1,1,0,0,1,1,0,0,0,0,0,0,0,1,1,0,0,1,1,1,2.0,14.0,11.0,17.0,16.0,11.0,11.0,17.0,1.0,3.0,74.0,17.0,10.0,3.0,87,5,12,1,16.0,19.0,2.0,3.0
2026-10-06,Tue,True,False,0,0,0,0,0,1,0,1,0,1,1,0,0,0,0,0,0,0,1,1,0,0,1,1,1,2.0,14.0,10.0,18.0,15.0,10.0,10.0,18.0,1.0,3.0,73.0,18.0,10.0,3.0,86,6,12,1,15.0,20.0,2.0,3.0
2026-10-07,Wed,True,False,0,0,0,0,0,1,1,0,0,1,1,0,0,0,0,0,1,0,1,1,0,0,1,1,2,2.5,11.5,9.0,19.0,14.0,9.0,9.0,19.0,1.0,3.0,72.0,19.0,10.0,3.0,85,7,12,1,14.0,21.0,2.0,3.0
2026-10-08,Thu,True,False,0,0,0,0,0,1,0,0,1,1,1,0,0,0,0,0,0,0,1,1,0,0,1,1,1,2.0,11.5,8.0,20.0,13.0,8.0,8.0,20.0,1.0,3.0,71.0,20.0,10.0,3.0,84,8,12,1,13.0,22.0,2.0,3.0
2026-10-09,Fri,True,False,0,0,1,0,0,1,1,0,0,1,1,0,0,0,0,0,0,0,1,1,0,0,1,1,2,3.0,11.5,7.0,21.0,12.0,7.0,7.0,21.0,1.0,3.0,70.0,21.0,10.0,3.0,83,9,12,1,12.0,23.0,2.0,3.0
2026-10-10,Sat,False,False,0,0,0,0,0,0,0,0,0,0,0,0,0,0,0,0,0,0,0,0,0,0,0,0,0,0.0,11.5,6.0,22.0,11.0,6.0,6.0,22.0,1.0,3.0,69.0,22.0,10.0,3.0,82,10,12,1,11.0,24.0,2.0,3.0
2026-10-11,Sun,False,False,0,0,0,0,0,0,0,0,0,0,0,0,0,0,0,0,0,0,0,0,0,0,0,0,0,0.0,11.5,5.0,23.0,10.0,5.0,5.0,23.0,1.0,3.0,68.0,23.0,10.0,3.0,81,11,12,1,10.0,25.0,2.0,3.0
2026-10-12,Mon,True,False,0,0,0,0,0,1,1,0,0,1,1,0,0,0,0,0,0,0,1,1,0,0,1,1,1,2.0,11.5,4.0,24.0,9.0,4.0,4.0,24.0,0.0,0.0,67.0,24.0,9.0,4.0,80,12,11,2,9.0,26.0,1.0,4.0
2026-10-13,Tue,True,False,0,0,0,0,0,1,0,1,0,1,1,0,0,0,0,0,0,0,1,1,0,0,1,1,1,2.0,11.5,3.0,25.0,8.0,3.0,3.0,25.0,0.0,0.0,66.0,25.0,9.0,4.0,79,13,11,2,8.0,27.0,1.0,4.0
2026-10-14,Wed,True,False,0,0,0,0,0,1,1,0,0,1,1,0,0,0,0,0,1,0,1,1,0,0,1,1,2,2.5,11.5,2.0,26.0,7.0,2.0,2.0,26.0,0.0,0.0,65.0,26.0,9.0,4.0,78,14,11,2,7.0,28.0,1.0,4.0
2026-10-15,Thu,True,False,0,0,0,0,0,1,0,0,1,1,1,0,0,0,0,0,0,0,1,1,0,0,1,1,1,2.0,11.5,1.0,27.0,6.0,1.0,1.0,27.0,0.0,0.0,64.0,27.0,9.0,4.0,77,15,11,2,6.0,29.0,1.0,4.0
2026-10-16,Fri,True,False,1,1,0,1,1,1,1,0,0,1,1,0,0,0,0,0,0,0,1,1,1,1,1,1,3,7.0,15.5,0.0,0.0,5.0,0.0,0.0,0.0,0.0,0.0,63.0,28.0,9.0,4.0,76,16,11,2,5.0,30.0,1.0,4.0
2026-10-17,Sat,False,False,0,0,0,0,0,0,0,0,0,0,0,0,0,0,0,0,0,0,0,0,0,0,0,0,0,0.0,15.5,34.0,1.0,4.0,34.0,34.0,1.0,0.0,0.0,62.0,29.0,9.0,4.0,75,17,11,2,4.0,31.0,1.0,4.0
2026-10-18,Sun,False,False,0,0,0,0,0,0,0,0,0,0,0,0,0,0,0,0,0,0,0,0,0,0,0,0,0,0.0,15.5,33.0,2.0,3.0,33.0,33.0,2.0,0.0,0.0,61.0,30.0,9.0,4.0,74,18,11,2,3.0,32.0,1.0,4.0
2026-10-19,Mon,True,False,0,0,0,0,0,1,1,0,0,1,1,0,0,0,0,0,0,0,1,1,0,0,1,1,1,2.0,15.5,32.0,3.0,2.0,32.0,32.0,3.0,4.0,1.0,60.0,31.0,8.0,5.0,73,19,10,3,2.0,33.0,0.0,0.0
2026-10-20,Tue,True,False,0,0,0,0,0,1,0,1,0,1,1,0,0,0,0,0,0,0,1,1,0,0,1,1,1,2.0,15.5,31.0,4.0,1.0,31.0,31.0,4.0,4.0,1.0,59.0,32.0,8.0,5.0,72,20,10,3,1.0,34.0,0.0,0.0
2026-10-21,Wed,True,False,0,0,0,0,0,1,1,0,0,1,1,0,0,0,0,1,0,0,1,1,0,0,1,1,2,3.5,16.5,30.0,5.0,0.0,30.0,30.0,5.0,4.0,1.0,58.0,33.0,8.0,5.0,71,21,10,3,0.0,0.0,0.0,0.0
2026-10-22,Thu,True,False,0,0,0,0,0,1,0,0,1,1,1,0,0,0,0,0,0,0,1,1,0,0,1,1,1,2.0,16.5,29.0,6.0,27.0,29.0,29.0,6.0,4.0,1.0,57.0,34.0,8.0,5.0,70,22,10,3,27.0,1.0,0.0,0.0
2026-10-23,Fri,True,False,0,0,1,0,0,1,1,0,0,1,1,0,0,0,0,0,0,0,1,1,0,0,1,1,2,3.0,12.5,28.0,7.0,26.0,28.0,28.0,7.0,4.0,1.0,56.0,35.0,8.0,5.0,69,23,10,3,26.0,2.0,0.0,0.0
2026-10-24,Sat,False,False,0,0,0,0,0,0,0,0,0,0,0,0,0,0,0,0,0,0,0,0,0,0,0,0,0,0.0,12.5,27.0,8.0,25.0,27.0,27.0,8.0,4.0,1.0,55.0,36.0,8.0,5.0,68,24,10,3,25.0,3.0,0.0,0.0
2026-10-25,Sun,False,False,0,0,0,0,0,0,0,0,0,0,0,0,0,0,0,0,0,0,0,0,0,0,0,0,0,0.0,12.5,26.0,9.0,24.0,26.0,26.0,9.0,4.0,1.0,54.0,37.0,8.0,5.0,67,25,10,3,24.0,4.0,0.0,0.0
2026-10-26,Mon,True,False,0,0,0,0,0,1,1,0,0,1,1,0,0,0,0,0,0,0,1,1,0,0,1,1,1,2.0,12.5,25.0,10.0,23.0,25.0,25.0,10.0,3.0,2.0,53.0,38.0,7.0,6.0,66,26,9,4,23.0,5.0,3.0,1.0
2026-10-27,Tue,True,False,0,0,0,0,0,1,0,1,0,1,1,0,0,0,0,0,0,0,1,1,0,0,1,1,1,2.0,12.5,24.0,11.0,22.0,24.0,24.0,11.0,3.0,2.0,52.0,39.0,7.0,6.0,65,27,9,4,22.0,6.0,3.0,1.0
2026-10-28,Wed,True,False,0,0,0,0,0,1,1,0,0,1,1,0,0,0,0,0,1,0,1,1,0,0,1,1,2,2.5,11.5,23.0,12.0,21.0,23.0,23.0,12.0,3.0,2.0,51.0,40.0,7.0,6.0,64,28,9,4,21.0,7.0,3.0,1.0
2026-10-29,Thu,True,False,0,0,0,0,0,1,0,0,1,1,1,0,0,0,0,0,0,0,1,1,0,0,1,1,1,2.0,11.5,22.0,13.0,20.0,22.0,22.0,13.0,3.0,2.0,50.0,41.0,7.0,6.0,63,29,9,4,20.0,8.0,3.0,1.0
2026-10-30,Fri,True,False,0,0,1,0,0,0,0,0,0,0,0,1,1,0,0,0,0,1,1,1,0,0,0,1,3,3.5,12.0,21.0,14.0,19.0,21.0,21.0,14.0,3.0,2.0,49.0,42.0,7.0,6.0,62,30,9,4,19.0,9.0,3.0,1.0
2026-10-31,Sat,False,False,0,0,0,0,0,0,0,0,0,0,0,0,0,0,0,0,0,0,0,0,0,0,0,0,0,0.0,12.0,20.0,15.0,18.0,20.0,20.0,15.0,3.0,2.0,48.0,43.0,7.0,6.0,61,31,9,4,18.0,10.0,3.0,1.0
2026-11-01,Sun,False,False,0,0,0,0,0,0,0,0,0,0,0,0,0,0,0,0,0,0,0,0,0,0,0,0,0,0.0,12.0,19.0,16.0,17.0,19.0,19.0,16.0,3.0,2.0,47.0,44.0,7.0,6.0,60,32,9,4,17.0,11.0,3.0,1.0
2026-11-02,Mon,True,False,0,0,0,0,0,1,1,0,0,1,1,0,0,0,0,0,0,0,1,1,0,0,1,1,1,2.0,12.0,18.0,17.0,16.0,18.0,18.0,17.0,2.0,3.0,46.0,45.0,6.0,7.0,59,33,8,5,16.0,12.0,2.0,2.0
2026-11-03,Tue,True,False,0,0,0,0,0,1,0,1,0,1,1,0,0,0,0,0,0,0,1,1,0,0,1,1,1,2.0,12.0,17.0,18.0,15.0,17.0,17.0,18.0,2.0,3.0,45.0,46.0,6.0,7.0,58,34,8,5,15.0,13.0,2.0,2.0
2026-11-04,Wed,True,False,0,0,0,0,0,1,1,0,0,1,1,0,0,0,0,0,1,0,1,1,0,0,1,1,2,2.5,12.0,16.0,19.0,14.0,16.0,16.0,19.0,2.0,3.0,44.0,47.0,6.0,7.0,57,35,8,5,14.0,14.0,2.0,2.0
2026-11-05,Thu,True,False,0,0,0,0,0,1,0,0,1,1,1,0,0,0,0,0,0,0,1,1,0,0,1,1,1,2.0,12.0,15.0,20.0,13.0,15.0,15.0,20.0,2.0,3.0,43.0,48.0,6.0,7.0,56,36,8,5,13.0,15.0,2.0,2.0
2026-11-06,Fri,True,False,0,0,1,0,0,1,1,0,0,1,1,0,0,0,0,0,0,0,1,1,0,0,1,1,2,3.0,11.5,14.0,21.0,12.0,14.0,14.0,21.0,2.0,3.0,42.0,49.0,6.0,7.0,55,37,8,5,12.0,16.0,2.0,2.0
2026-11-07,Sat,False,False,0,0,0,0,0,0,0,0,0,0,0,0,0,0,0,0,0,0,0,0,0,0,0,0,0,0.0,11.5,13.0,22.0,11.0,13.0,13.0,22.0,2.0,3.0,41.0,50.0,6.0,7.0,54,38,8,5,11.0,17.0,2.0,2.0
2026-11-08,Sun,False,False,0,0,0,0,0,0,0,0,0,0,0,0,0,0,0,0,0,0,0,0,0,0,0,0,0,0.0,11.5,12.0,23.0,10.0,12.0,12.0,23.0,2.0,3.0,40.0,51.0,6.0,7.0,53,39,8,5,10.0,18.0,2.0,2.0
2026-11-09,Mon,True,False,0,0,0,0,0,1,1,0,0,1,1,0,0,0,0,0,0,0,1,1,0,0,1,1,1,2.0,11.5,11.0,24.0,9.0,11.0,11.0,24.0,1.0,4.0,39.0,52.0,5.0,8.0,52,40,7,6,9.0,19.0,1.0,3.0
2026-11-10,Tue,True,False,0,0,0,0,0,1,0,1,0,1,1,0,0,0,0,0,0,0,1,1,0,0,1,1,1,2.0,11.5,10.0,25.0,8.0,10.0,10.0,25.0,1.0,4.0,38.0,53.0,5.0,8.0,51,41,7,6,8.0,20.0,1.0,3.0
2026-11-11,Wed,True,False,0,0,0,0,0,1,1,0,0,1,1,0,0,0,0,0,1,0,1,1,0,0,1,1,2,2.5,11.5,9.0,26.0,7.0,9.0,9.0,26.0,1.0,4.0,37.0,54.0,5.0,8.0,50,42,7,6,7.0,21.0,1.0,3.0
2026-11-12,Thu,True,False,0,0,0,0,0,1,0,0,1,1,1,0,0,0,0,0,0,0,1,1,0,0,1,1,1,2.0,11.5,8.0,27.0,6.0,8.0,8.0,27.0,1.0,4.0,36.0,55.0,5.0,8.0,49,43,7,6,6.0,22.0,1.0,3.0
2026-11-13,Fri,True,False,0,0,1,0,0,1,1,0,0,1,1,0,0,0,0,0,0,0,1,1,0,0,1,1,2,3.0,11.5,7.0,28.0,5.0,7.0,7.0,28.0,1.0,4.0,35.0,56.0,5.0,8.0,48,44,7,6,5.0,23.0,1.0,3.0
2026-11-14,Sat,False,False,0,0,0,0,0,0,0,0,0,0,0,0,0,0,0,0,0,0,0,0,0,0,0,0,0,0.0,11.5,6.0,29.0,4.0,6.0,6.0,29.0,1.0,4.0,34.0,57.0,5.0,8.0,47,45,7,6,4.0,24.0,1.0,3.0
2026-11-15,Sun,False,False,0,0,0,0,0,0,0,0,0,0,0,0,0,0,0,0,0,0,0,0,0,0,0,0,0,0.0,11.5,5.0,30.0,3.0,5.0,5.0,30.0,1.0,4.0,33.0,58.0,5.0,8.0,46,46,7,6,3.0,25.0,1.0,3.0
2026-11-16,Mon,True,False,0,0,0,0,0,1,1,0,0,1,1,0,0,0,0,0,0,0,1,1,0,0,1,1,1,2.0,11.5,4.0,31.0,2.0,4.0,4.0,31.0,0.0,0.0,32.0,59.0,4.0,9.0,45,47,6,7,2.0,26.0,0.0,0.0
2026-11-17,Tue,True,False,0,0,0,0,0,1,0,1,0,1,1,0,0,0,0,0,0,0,1,1,0,0,1,1,1,2.0,11.5,3.0,32.0,1.0,3.0,3.0,32.0,0.0,0.0,31.0,60.0,4.0,9.0,44,48,6,7,1.0,27.0,0.0,0.0
2026-11-18,Wed,True,False,0,0,0,0,0,1,1,0,0,1,1,0,0,0,0,1,0,0,1,1,0,0,1,1,2,3.5,12.5,2.0,33.0,0.0,2.0,2.0,33.0,0.0,0.0,30.0,61.0,4.0,9.0,43,49,6,7,0.0,0.0,0.0,0.0
2026-11-19,Thu,True,False,0,0,0,0,0,1,0,0,1,1,1,0,0,0,0,0,0,0,1,1,0,0,1,1,1,2.0,12.5,1.0,34.0,27.0,1.0,1.0,34.0,0.0,0.0,29.0,62.0,4.0,9.0,42,50,6,7,27.0,1.0,0.0,0.0
2026-11-20,Fri,True,False,1,1,0,1,1,1,1,0,0,1,1,0,0,0,0,0,0,0,1,1,1,1,1,1,3,7.0,16.5,0.0,0.0,26.0,0.0,0.0,0.0,0.0,0.0,28.0,63.0,4.0,9.0,41,51,6,7,26.0,2.0,0.0,0.0
2026-11-21,Sat,False,False,0,0,0,0,0,0,0,0,0,0,0,0,0,0,0,0,0,0,0,0,0,0,0,0,0,0.0,16.5,27.0,1.0,25.0,27.0,27.0,1.0,0.0,0.0,27.0,64.0,4.0,9.0,40,52,6,7,25.0,3.0,0.0,0.0
2026-11-22,Sun,False,False,0,0,0,0,0,0,0,0,0,0,0,0,0,0,0,0,0,0,0,0,0,0,0,0,0,0.0,16.5,26.0,2.0,24.0,26.0,26.0,2.0,0.0,0.0,26.0,65.0,4.0,9.0,39,53,6,7,24.0,4.0,0.0,0.0
2026-11-23,Mon,True,False,0,0,0,0,0,1,1,0,0,1,1,0,0,0,0,0,0,0,1,1,0,0,1,1,1,2.0,16.5,25.0,3.0,23.0,25.0,25.0,3.0,3.0,1.0,25.0,66.0,3.0,10.0,38,54,5,8,23.0,5.0,3.0,1.0
2026-11-24,Tue,True,False,0,0,0,0,0,1,0,1,0,1,1,0,0,0,0,0,0,0,1,1,0,0,1,1,1,2.0,16.5,24.0,4.0,22.0,24.0,24.0,4.0,3.0,1.0,24.0,67.0,3.0,10.0,37,55,5,8,22.0,6.0,3.0,1.0
2026-11-25,Wed,True,False,0,0,0,0,0,1,1,0,0,1,1,0,0,0,0,0,1,0,1,1,0,0,1,1,2,2.5,15.5,23.0,5.0,21.0,23.0,23.0,5.0,3.0,1.0,23.0,68.0,3.0,10.0,36,56,5,8,21.0,7.0,3.0,1.0
2026-11-26,Thu,False,True,0,0,0,0,0,0,0,0,0,0,0,0,0,0,0,0,0,0,0,0,0,0,0,0,0,0.0,15.5,22.0,6.0,20.0,22.0,22.0,6.0,3.0,1.0,22.0,69.0,3.0,10.0,35,57,5,8,20.0,8.0,3.0,1.0
2026-11-27,Fri,True,False,0,0,1,0,0,1,1,0,0,1,1,0,0,0,0,0,0,0,1,1,0,0,1,1,2,3.0,16.5,21.0,7.0,19.0,21.0,21.0,7.0,3.0,1.0,21.0,70.0,3.0,10.0,34,58,5,8,19.0,9.0,3.0,1.0
2026-11-28,Sat,False,False,0,0,0,0,0,0,0,0,0,0,0,0,0,0,0,0,0,0,0,0,0,0,0,0,0,0.0,16.5,20.0,8.0,18.0,20.0,20.0,8.0,3.0,1.0,20.0,71.0,3.0,10.0,33,59,5,8,18.0,10.0,3.0,1.0
2026-11-29,Sun,False,False,0,0,0,0,0,0,0,0,0,0,0,0,0,0,0,0,0,0,0,0,0,0,0,0,0,0.0,16.5,19.0,9.0,17.0,19.0,19.0,9.0,3.0,1.0,19.0,72.0,3.0,10.0,32,60,5,8,17.0,11.0,3.0,1.0
2026-11-30,Mon,True,False,0,0,0,0,0,0,0,0,0,0,0,1,1,0,0,0,0,0,1,1,0,0,0,1,1,2.0,11.5,18.0,10.0,16.0,18.0,18.0,10.0,2.0,2.0,18.0,73.0,2.0,11.0,31,61,4,9,16.0,12.0,2.0,2.0
2026-12-01,Tue,True,False,0,0,0,0,0,1,0,1,0,1,1,0,0,0,0,0,0,0,1,1,0,0,1,1,1,2.0,11.5,17.0,11.0,15.0,17.0,17.0,11.0,2.0,2.0,17.0,74.0,2.0,11.0,30,62,4,9,15.0,13.0,2.0,2.0
2026-12-02,Wed,True,False,0,0,0,0,0,1,1,0,0,1,1,0,0,0,0,0,1,0,1,1,0,0,1,1,2,2.5,12.0,16.0,12.0,14.0,16.0,16.0,12.0,2.0,2.0,16.0,75.0,2.0,11.0,29,63,4,9,14.0,14.0,2.0,2.0
2026-12-03,Thu,True,False,0,0,0,0,0,1,0,0,1,1,1,0,0,0,0,0,0,0,1,1,0,0,1,1,1,2.0,11.5,15.0,13.0,13.0,15.0,15.0,13.0,2.0,2.0,15.0,76.0,2.0,11.0,28,64,4,9,13.0,15.0,2.0,2.0
2026-12-04,Fri,True,False,0,0,1,0,0,1,1,0,0,1,1,0,0,0,0,0,0,0,1,1,0,0,1,1,2,3.0,11.5,14.0,14.0,12.0,14.0,14.0,14.0,2.0,2.0,14.0,77.0,2.0,11.0,27,65,4,9,12.0,16.0,2.0,2.0
2026-12-05,Sat,False,False,0,0,0,0,0,0,0,0,0,0,0,0,0,0,0,0,0,0,0,0,0,0,0,0,0,0.0,11.5,13.0,15.0,11.0,13.0,13.0,15.0,2.0,2.0,13.0,78.0,2.0,11.0,26,66,4,9,11.0,17.0,2.0,2.0
2026-12-06,Sun,False,False,0,0,0,0,0,0,0,0,0,0,0,0,0,0,0,0,0,0,0,0,0,0,0,0,0,0.0,11.5,12.0,16.0,10.0,12.0,12.0,16.0,2.0,2.0,12.0,79.0,2.0,11.0,25,67,4,9,10.0,18.0,2.0,2.0
2026-12-07,Mon,True,False,0,0,0,0,0,1,1,0,0,1,1,0,0,0,0,0,0,0,1,1,0,0,1,1,1,2.0,11.5,11.0,17.0,9.0,11.0,11.0,17.0,1.0,3.0,11.0,80.0,1.0,12.0,24,68,3,10,9.0,19.0,1.0,3.0
2026-12-08,Tue,True,False,0,0,0,0,0,1,0,1,0,1,1,0,0,0,0,0,0,0,1,1,0,0,1,1,1,2.0,11.5,10.0,18.0,8.0,10.0,10.0,18.0,1.0,3.0,10.0,81.0,1.0,12.0,23,69,3,10,8.0,20.0,1.0,3.0
2026-12-09,Wed,True,False,0,0,0,0,0,1,1,0,0,1,1,0,0,0,0,0,1,0,1,1,0,0,1,1,2,2.5,11.5,9.0,19.0,7.0,9.0,9.0,19.0,1.0,3.0,9.0,82.0,1.0,12.0,22,70,3,10,7.0,21.0,1.0,3.0
2026-12-10,Thu,True,False,0,0,0,0,0,1,0,0,1,1,1,0,0,0,0,0,0,0,1,1,0,0,1,1,1,2.0,11.5,8.0,20.0,6.0,8.0,8.0,20.0,1.0,3.0,8.0,83.0,1.0,12.0,21,71,3,10,6.0,22.0,1.0,3.0
2026-12-11,Fri,True,False,0,0,1,0,0,1,1,0,0,1,1,0,0,0,0,0,0,0,1,1,0,0,1,1,2,3.0,11.5,7.0,21.0,5.0,7.0,7.0,21.0,1.0,3.0,7.0,84.0,1.0,12.0,20,72,3,10,5.0,23.0,1.0,3.0
2026-12-12,Sat,False,False,0,0,0,0,0,0,0,0,0,0,0,0,0,0,0,0,0,0,0,0,0,0,0,0,0,0.0,11.5,6.0,22.0,4.0,6.0,6.0,22.0,1.0,3.0,6.0,85.0,1.0,12.0,19,73,3,10,4.0,24.0,1.0,3.0
2026-12-13,Sun,False,False,0,0,0,0,0,0,0,0,0,0,0,0,0,0,0,0,0,0,0,0,0,0,0,0,0,0.0,11.5,5.0,23.0,3.0,5.0,5.0,23.0,1.0,3.0,5.0,86.0,1.0,12.0,18,74,3,10,3.0,25.0,1.0,3.0
2026-12-14,Mon,True,False,0,0,0,0,0,1,1,0,0,1,1,0,0,0,0,0,0,0,1,1,0,0,1,1,1,2.0,11.5,4.0,24.0,2.0,4.0,4.0,24.0,0.0,0.0,4.0,87.0,0.0,0.0,17,75,2,11,2.0,26.0,0.0,0.0
2026-12-15,Tue,True,False,0,0,0,0,0,1,0,1,0,1,1,0,0,0,0,0,0,0,1,1,0,0,1,1,1,2.0,11.5,3.0,25.0,1.0,3.0,3.0,25.0,0.0,0.0,3.0,88.0,0.0,0.0,16,76,2,11,1.0,27.0,0.0,0.0
2026-12-16,Wed,True,False,0,0,0,0,0,1,1,0,0,1,1,0,0,0,0,1,0,0,1,1,0,0,1,1,2,3.5,12.5,2.0,26.0,0.0,2.0,2.0,26.0,0.0,0.0,2.0,89.0,0.0,0.0,15,77,2,11,0.0,0.0,0.0,0.0
2026-12-17,Thu,True,False,0,0,0,0,0,1,0,0,1,1,1,0,0,0,0,0,0,0,1,1,0,0,1,1,1,2.0,12.5,1.0,27.0,,1.0,1.0,27.0,0.0,0.0,1.0,90.0,0.0,0.0,14,78,2,11,,1.0,0.0,0.0
2026-12-18,Fri,True,False,1,1,0,1,1,1,1,0,0,1,1,0,0,0,0,0,0,0,1,1,1,1,1,1,3,7.0,16.5,0.0,0.0,,0.0,0.0,0.0,0.0,0.0,0.0,0.0,0.0,0.0,13,79,2,11,,2.0,0.0,0.0
2026-12-19,Sat,False,False,0,0,0,0,0,0,0,0,0,0,0,0,0,0,0,0,0,0,0,0,0,0,0,0,0,0.0,16.5,,1.0,,,,1.0,0.0,0.0,,1.0,0.0,0.0,12,80,2,11,,3.0,0.0,0.0
2026-12-20,Sun,False,False,0,0,0,0,0,0,0,0,0,0,0,0,0,0,0,0,0,0,0,0,0,0,0,0,0,0.0,16.5,,2.0,,,,2.0,0.0,0.0,,2.0,0.0,0.0,11,81,2,11,,4.0,0.0,0.0
2026-12-21,Mon,True,False,0,0,0,0,0,1,1,0,0,1,1,0,0,0,0,0,0,0,1,1,0,0,1,1,1,2.0,16.5,,3.0,,,,3.0,,1.0,,3.0,,1.0,10,82,1,12,,5.0,,1.0
2026-12-22,Tue,True,False,0,0,0,0,0,1,0,1,0,1,1,0,0,0,0,0,0,0,1,1,0,0,1,1,1,2.0,16.5,,4.0,,,,4.0,,1.0,,4.0,,1.0,9,83,1,12,,6.0,,1.0
2026-12-23,Wed,True,False,0,0,0,0,0,1,1,0,0,1,1,0,0,0,0,0,1,0,1,1,0,0,1,1,2,2.5,15.5,,5.0,,,,5.0,,1.0,,5.0,,1.0,8,84,1,12,,7.0,,1.0
2026-12-24,Thu,True,False,0,0,0,0,0,1,0,0,1,1,1,0,0,0,0,0,0,0,1,1,0,0,1,1,1,2.0,15.5,,6.0,,,,6.0,,1.0,,6.0,,1.0,7,85,1,12,,8.0,,1.0
2026-12-25,Fri,False,True,0,0,0,0,0,0,0,0,0,0,0,0,0,0,0,0,0,0,0,0,0,0,0,0,0,0.0,15.5,,7.0,,,,7.0,,1.0,,7.0,,1.0,6,86,1,12,,9.0,,1.0
2026-12-26,Sat,False,False,0,0,0,0,0,0,0,0,0,0,0,0,0,0,0,0,0,0,0,0,0,0,0,0,0,0.0,15.5,,8.0,,,,8.0,,1.0,,8.0,,1.0,5,87,1,12,,10.0,,1.0
2026-12-27,Sun,False,False,0,0,0,0,0,0,0,0,0,0,0,0,0,0,0,0,0,0,0,0,0,0,0,0,0,0.0,15.5,,9.0,,,,9.0,,1.0,,9.0,,1.0,4,88,1,12,,11.0,,1.0
2026-12-28,Mon,True,False,0,0,0,0,0,1,1,0,0,1,1,0,0,0,0,0,0,0,1,1,0,0,1,1,1,2.0,10.5,,10.0,,,,10.0,,2.0,,10.0,,2.0,3,89,0,0,,12.0,,2.0
2026-12-29,Tue,True,False,0,0,0,0,0,1,0,1,0,1,1,0,0,0,0,0,0,0,1,1,0,0,1,1,1,2.0,10.5,,11.0,,,,11.0,,2.0,,11.0,,2.0,2,90,0,0,,13.0,,2.0
2026-12-30,Wed,True,False,0,0,0,0,0,1,1,0,0,1,1,0,0,0,0,0,1,0,1,1,0,0,1,1,2,2.5,11.0,,12.0,,,,12.0,,2.0,,12.0,,2.0,1,91,0,0,,14.0,,2.0
2026-12-31,Thu,True,False,0,0,0,0,0,0,0,0,0,0,0,1,1,1,1,0,0,0,1,1,0,0,0,1,2,4.5,13.0,,13.0,,,,13.0,,2.0,,13.0,,2.0,0,0,0,0,,15.0,,2.0
